scope,model_name,outer_fold,prompt_threshold,n_decisions,n_positive,n_alert,n_human_review,n_abstain,n_no_action,n_action_routes,n_true_action_routes,n_false_action_routes,n_true_alerts,n_false_alerts,n_auto_capacity_blocks,n_review_capacity_overflow_abstentions,alert_rate,human_review_rate,abstain_rate,no_action_rate,action_route_rate,event_coverage_by_action,action_precision,false_actions_per_100,event_coverage_by_alert,alert_precision,false_alerts_per_100,auto_capacity_blocks_per_100,route_rate_sum
global_development_oof,hist_gradient_boosting,-1,0.3,66525,30358,4922,1170,13265,47168,6092,3532,2560,3193,1729,30227,2783,0.07398722284855318,0.01758737316798196,0.1993987222848553,0.7090266816986095,0.09157459601653514,0.11634495026022795,0.5797767564018385,3.8481773769259675,0.10517820673298636,0.648720032507111,2.59902292371289,45.43705373919579,1.0
global_development_oof,hist_gradient_boosting,-1,0.31,66525,30358,4921,1175,13243,47186,6096,3563,2533,3205,1716,29597,2761,0.07397219090567456,0.017662532882375046,0.19906801954152575,0.7092972566704246,0.0916347237880496,0.11736609789841228,0.5844816272965879,3.8075911311537016,0.10557348968970288,0.6512903881324934,2.579481397970688,44.49004133784292,1.0
global_development_oof,hist_gradient_boosting,-1,0.32,66525,30358,4919,1173,13271,47162,6092,3579,2513,3223,1696,28913,2789,0.07394212701991733,0.017632468996617814,0.19948891394212703,0.7089364900413379,0.09157459601653514,0.11789314184070097,0.5874917925147735,3.7775272453964677,0.10616641412477765,0.6552144744866842,2.5494175122134535,43.46185644494551,1.0
global_development_oof,hist_gradient_boosting,-1,0.33,66525,30358,4918,1178,13396,47033,6096,3618,2478,3262,1656,28111,2914,0.07392709507703871,0.0177076287110109,0.20136790680195416,0.7069973694099962,0.0916347237880496,0.11917781145002965,0.593503937007874,3.7249154453213076,0.10745108373410633,0.6632777551850345,2.4892897406989856,42.25629462608042,1.0
global_development_oof,hist_gradient_boosting,-1,0.34,66525,30358,4918,1174,13461,46972,6092,3625,2467,3278,1640,27407,2979,0.07392709507703871,0.01764750093949643,0.20234498308906426,0.7060804208944006,0.09157459601653514,0.11940839317478094,0.595042678923178,3.708380308154829,0.10797812767639502,0.6665311102074014,2.465238632093198,41.19804584742578,0.9999999999999999
global_development_oof,hist_gradient_boosting,-1,0.35,66525,30358,4916,1171,13538,46900,6087,3683,2404,3296,1620,26658,3056,0.07389703119128148,0.01760240511086058,0.20350244269071777,0.7049981210071402,0.09149943630214205,0.12131892746557744,0.605059963857401,3.6136790680195414,0.10857105211146979,0.6704637917005696,2.435174746335964,40.07215332581736,1.0
global_development_oof,hist_gradient_boosting,-1,0.36,66525,30358,4914,1172,13565,46874,6086,3720,2366,3311,1603,25980,3083,0.07386696730552424,0.017617437053739197,0.20390830514844044,0.7046072904922961,0.09148440435926343,0.12253771658212004,0.6112389089714098,3.5565576850807967,0.10906515580736544,0.6737891737891738,2.4096204434423147,39.05298759864713,1.0
global_development_oof,hist_gradient_boosting,-1,0.37,66525,30358,4911,1174,13815,46625,6085,3766,2319,3329,1582,25100,3333,0.07382187147688839,0.01764750093949643,0.2076662908680947,0.7008643367155205,0.09146937241638482,0.12405296791620002,0.618898931799507,3.4859075535512964,0.10965808024244021,0.6778660150682142,2.378053363397219,37.73017662532882,1.0
global_development_oof,hist_gradient_boosting,-1,0.38,66525,30358,4911,1166,13921,46527,6077,3780,2297,3357,1554,24316,3439,0.07382187147688839,0.017527245396467495,0.2092596768132281,0.699391206313416,0.09134911687335588,0.12451413136570262,0.6220174428171795,3.452837279218339,0.11058040714144542,0.6835675015271838,2.3359639233370912,36.55167230364525,1.0
global_development_oof,hist_gradient_boosting,-1,0.39,66525,30358,4910,1140,13934,46541,6050,3819,2231,3372,1538,23527,3452,0.07380683953400977,0.01713641488162345,0.20945509207065013,0.6996016535137166,0.09094325441563322,0.1257988009750313,0.6312396694214876,3.3536264562194664,0.11107451083734106,0.6867617107942974,2.311912814731304,35.36565201052236,1.0
global_development_oof,hist_gradient_boosting,-1,0.4,66525,30358,4909,1144,14110,46362,6053,3866,2187,3397,1512,22644,3628,0.07379180759113116,0.017196542653137917,0.21210071401728672,0.6969109357384442,0.09098835024426907,0.1273469925555043,0.638691557905171,3.287485907553551,0.11189801699716714,0.6919942961906702,2.2728297632468997,34.03833145434047,1.0
global_development_oof,hist_gradient_boosting,-1,0.41,66525,30358,4907,1143,14273,46202,6050,3885,2165,3414,1493,21733,3791,0.07376174370537392,0.0171815107102593,0.2145509207065013,0.6945058248778655,0.09094325441563322,0.12797285723697213,0.6421487603305785,3.2544156332205936,0.11245800118584887,0.6957407784797228,2.244269071777527,32.66892145809846,1.0
global_development_oof,hist_gradient_boosting,-1,0.42,66525,30358,4907,1144,14562,45912,6051,3916,2135,3440,1467,20763,4080,0.07376174370537392,0.017196542653137917,0.21889515219842165,0.6901465614430665,0.09095828635851184,0.12899400487515647,0.6471657577259957,3.2093198045847426,0.11331444759206799,0.7010393315671489,2.205186020293123,31.210822998872604,1.0
global_development_oof,hist_gradient_boosting,-1,0.43,66525,30358,4907,1109,13714,46795,6016,3903,2113,3440,1467,20763,3232,0.07376174370537392,0.01667042465238632,0.20614806463735438,0.7034197670048854,0.09043216835776025,0.1285657816720469,0.6487699468085106,3.176249530251785,0.11331444759206799,0.7010393315671489,2.205186020293123,31.210822998872604,1.0
global_development_oof,hist_gradient_boosting,-1,0.44,66525,30358,4907,1077,12962,47579,5984,3911,2073,3440,1467,20763,2480,0.07376174370537392,0.016189402480270575,0.19484404359263435,0.7152048102217211,0.0899511461856445,0.12882930364319126,0.6535762032085561,3.1161217587373167,0.11331444759206799,0.7010393315671489,2.205186020293123,31.210822998872604,0.9999999999999999
global_development_oof,hist_gradient_boosting,-1,0.45,66525,30358,4907,1004,12245,48369,5911,3884,2027,3440,1467,20763,1763,0.07376174370537392,0.01509207065013153,0.1840661405486659,0.7270800450958287,0.08885381435550545,0.12793991699057908,0.6570800203011334,3.046974821495678,0.11331444759206799,0.7010393315671489,2.205186020293123,31.210822998872604,1.0
global_development_oof,hist_gradient_boosting,-1,0.46,66525,30358,4907,896,11469,49253,5803,3833,1970,3440,1467,20763,987,0.07376174370537392,0.013468620819240888,0.17240135287485908,0.7403682826005261,0.0872303645246148,0.12625996442453388,0.6605204204721695,2.961292747087561,0.11331444759206799,0.7010393315671489,2.205186020293123,31.210822998872604,1.0
global_development_oof,hist_gradient_boosting,-1,0.47,66525,30358,4907,667,10785,50166,5574,3726,1848,3440,1467,20763,303,0.07376174370537392,0.01002630590003758,0.162119503945885,0.7540924464487035,0.0837880496054115,0.12273535806047829,0.6684607104413348,2.777903043968433,0.11331444759206799,0.7010393315671489,2.205186020293123,31.210822998872604,1.0
global_development_oof,hist_gradient_boosting,-1,0.48,66525,30358,4907,0,10482,51136,4907,3440,1467,3440,1467,20763,0,0.07376174370537392,0.0,0.15756482525366403,0.7686734310409621,0.07376174370537392,0.11331444759206799,0.7010393315671489,2.205186020293123,0.11331444759206799,0.7010393315671489,2.205186020293123,31.210822998872604,1.0
global_development_oof,hist_gradient_boosting,-1,0.49,66525,30358,4907,0,10482,51136,4907,3440,1467,3440,1467,20763,0,0.07376174370537392,0.0,0.15756482525366403,0.7686734310409621,0.07376174370537392,0.11331444759206799,0.7010393315671489,2.205186020293123,0.11331444759206799,0.7010393315671489,2.205186020293123,31.210822998872604,1.0
global_development_oof,hist_gradient_boosting,-1,0.5,66525,30358,4907,0,10482,51136,4907,3440,1467,3440,1467,20763,0,0.07376174370537392,0.0,0.15756482525366403,0.7686734310409621,0.07376174370537392,0.11331444759206799,0.7010393315671489,2.205186020293123,0.11331444759206799,0.7010393315671489,2.205186020293123,31.210822998872604,1.0
global_development_oof,hist_gradient_boosting,-1,0.51,66525,30358,4907,0,10482,51136,4907,3440,1467,3440,1467,20763,0,0.07376174370537392,0.0,0.15756482525366403,0.7686734310409621,0.07376174370537392,0.11331444759206799,0.7010393315671489,2.205186020293123,0.11331444759206799,0.7010393315671489,2.205186020293123,31.210822998872604,1.0
global_development_oof,hist_gradient_boosting,-1,0.52,66525,30358,4907,0,10482,51136,4907,3440,1467,3440,1467,20763,0,0.07376174370537392,0.0,0.15756482525366403,0.7686734310409621,0.07376174370537392,0.11331444759206799,0.7010393315671489,2.205186020293123,0.11331444759206799,0.7010393315671489,2.205186020293123,31.210822998872604,1.0
global_development_oof,hist_gradient_boosting,-1,0.53,66525,30358,4904,724,10855,50042,5628,3876,1752,3455,1449,19669,373,0.07371664787673807,0.010883126644118753,0.1631717399473882,0.752228485531755,0.08459977452085682,0.12767639501943476,0.6886993603411514,2.6335963923337093,0.11380855128796363,0.7045269168026101,2.1781285231116123,29.566328447951896,1.0
global_development_oof,hist_gradient_boosting,-1,0.54,66525,30358,4904,954,11726,48941,5858,4015,1843,3464,1440,18568,1244,0.07371664787673807,0.014340473506200676,0.17626456219466366,0.7356783164223976,0.08805712138293874,0.13225508926806773,0.6853875042676681,2.7703870725291244,0.11410501350550102,0.7063621533442088,2.1645997745208567,27.91131153701616,1.0
global_development_oof,hist_gradient_boosting,-1,0.55,66525,30358,4898,1060,12685,47882,5958,4112,1846,3478,1420,17509,2203,0.07362645621946637,0.015933859451334086,0.1906801954152574,0.7197594889139421,0.08956031567080044,0.1354502931681929,0.6901644847264182,2.7748966553927095,0.11456617695500362,0.7100857492854227,2.1345358887636228,26.31942878617061,1.0
global_development_oof,hist_gradient_boosting,-1,0.56,66525,30358,4890,1138,13666,46831,6028,4201,1827,3513,1377,16458,3184,0.07350620067643743,0.017106350995866215,0.20542653137918077,0.7039609169485156,0.09061255167230364,0.13838197509717373,0.696914399469144,2.746335963923337,0.11571908557876012,0.7184049079754601,2.0698985343855694,24.73957158962796,1.0
global_development_oof,hist_gradient_boosting,-1,0.57,66525,30358,4874,1190,14860,45601,6064,4287,1777,3563,1311,15228,4378,0.07326568959037956,0.017888012025554303,0.22337467117624954,0.6854716272078166,0.09115370161593386,0.14121483628697543,0.7069591029023746,2.6711762495302516,0.11736609789841228,0.7310217480508823,1.9706877113866967,22.89064261555806,1.0
global_development_oof,hist_gradient_boosting,-1,0.58,66525,30358,4851,1211,15812,44651,6062,4354,1708,3623,1228,14278,5330,0.07291995490417136,0.01820368282600526,0.23768508079669298,0.6711912814731305,0.09112363773017662,0.14342183279530932,0.7182448036951501,2.567455843667794,0.11934251268199486,0.7468563182848897,1.8459225854941752,21.46260804208944,1.0
global_development_oof,hist_gradient_boosting,-1,0.59,66525,30358,4826,1216,15711,44772,6042,4398,1644,3656,1170,13302,5229,0.07254415633220594,0.018278842540398348,0.23616685456595266,0.6730101465614431,0.09082299887260428,0.1448712036366032,0.7279046673286991,2.471251409244645,0.12042954081296528,0.757563199336925,1.7587373167981961,19.995490417136416,1.0
global_development_oof,hist_gradient_boosting,-1,0.6,66525,30358,4783,1220,15518,45004,6003,4403,1600,3673,1110,12433,5036,0.0718977827884254,0.018338970311912815,0.23326568959037955,0.6764975573092822,0.09023675310033821,0.1450359048685684,0.7334666000333167,2.4051108605787297,0.12098952500164702,0.7679280786117499,1.6685456595264938,18.689214580984594,0.9999999999999999
global_development_oof,hist_gradient_boosting,-1,0.61,66525,30358,4728,1221,15245,45331,5949,4395,1554,3659,1069,11695,4763,0.07107102593010146,0.018354002254791432,0.2291619691845171,0.68141300263059,0.0894250281848929,0.14477238289742408,0.7387796268280383,2.3359639233370912,0.12052836155214441,0.7739001692047377,1.6069146937241638,17.579857196542655,1.0
global_development_oof,hist_gradient_boosting,-1,0.62,66525,30358,4672,1223,14891,45739,5895,4350,1545,3624,1048,11044,4409,0.0702292371288989,0.018384066140548667,0.22384066140548667,0.6875460353250658,0.08861330326944758,0.14329007180973713,0.7379134860050891,2.322435174746336,0.1193754529283879,0.7756849315068494,1.575347613679068,16.601277715144683,1.0
global_development_oof,hist_gradient_boosting,-1,0.63,66525,30358,4592,1209,14390,46334,5801,4327,1474,3583,1009,10393,3908,0.06902668169860955,0.018173618940248028,0.21630965802329952,0.6964900413378429,0.08720030063885757,0.14253244614269714,0.7459058782968454,2.215708380308155,0.11802490282627313,0.7802700348432056,1.5167230364524615,15.622698233746712,1.0
global_development_oof,hist_gradient_boosting,-1,0.64,66525,30358,4500,1201,14141,46683,5701,4315,1386,3548,952,9769,3659,0.06764374295377677,0.01805336339721909,0.21256670424652385,0.7017361894024803,0.08569710635099587,0.14213716318598063,0.7568847570601649,2.0834272829763245,0.11687199420251664,0.7884444444444444,1.4310409620443443,14.684704998121006,1.0
global_development_oof,hist_gradient_boosting,-1,0.65,66525,30358,4377,1197,13903,47048,5574,4274,1300,3486,891,9133,3421,0.06579481397970688,0.017993235625704623,0.208989101841413,0.7072228485531755,0.0837880496054115,0.14078661308386586,0.7667743092931467,1.954152574220218,0.11482969892614797,0.796435915010281,1.3393461104847801,13.728673431040962,1.0
global_development_oof,hist_gradient_boosting,-1,0.66,66525,30358,4237,1194,13734,47360,5431,4244,1187,3431,806,8533,3252,0.06369034197670048,0.01794813979706877,0.20644870349492672,0.711912814731304,0.08163848177376926,0.13979840569207458,0.781439882157982,1.7842916196918452,0.1130179853745306,0.8097710644323814,1.2115745960165352,12.826756858323938,0.9999999999999999
global_development_oof,hist_gradient_boosting,-1,0.67,66525,30358,4085,1189,13664,47587,5274,4165,1109,3346,739,7967,3182,0.061405486659150695,0.017872980082675686,0.20539646749342352,0.7153250657647501,0.07927846674182638,0.13719612622702418,0.7897231702692453,1.6670424652386322,0.11021806443112195,0.819094247246022,1.110860578729801,11.975948891394212,1.0
global_development_oof,hist_gradient_boosting,-1,0.68,66525,30358,3939,1183,13600,47803,5122,4067,1055,3247,692,7476,3118,0.059210822998872606,0.017782788425403984,0.20443442314919202,0.7185719654265313,0.07699361142427659,0.13396798208050595,0.7940257711831316,1.5858699736941,0.10695698003821069,0.8243208936278243,1.0402104472003006,11.237880496054116,1.0
global_development_oof,hist_gradient_boosting,-1,0.69,66525,30358,3802,1178,13478,48067,4980,3988,992,3158,644,7009,2996,0.057151446824502065,0.0177076287110109,0.20260052611800075,0.7225403983464863,0.07485907553551296,0.13136570261545558,0.8008032128514057,1.4911687335588124,0.10402529810922986,0.8306154655444503,0.9680571213829388,10.535888763622697,1.0
global_development_oof,hist_gradient_boosting,-1,0.7,66525,30358,3684,1169,13407,48265,4853,3924,929,3076,608,6491,2925,0.055377677564825256,0.017572341225103344,0.20153325817361895,0.7255167230364524,0.0729500187899286,0.12925752684630082,0.8085720173088811,1.396467493423525,0.10132419790500033,0.8349619978284474,0.9139421270199173,9.757234122510335,0.9999999999999999
global_development_oof,hist_gradient_boosting,-1,0.71,66525,30358,3553,1153,13277,48542,4706,3860,846,2995,558,6009,2795,0.05340849304772642,0.017331830139045473,0.19957910559939873,0.7296805712138293,0.07074032318677188,0.12714935107714606,0.8202294942626435,1.2717023675310033,0.09865603794716385,0.8429496200394033,0.8387824126268321,9.032694475760993,1.0
global_development_oof,hist_gradient_boosting,-1,0.72,66525,30358,3437,1142,13129,48817,4579,3799,780,2928,509,5544,2647,0.05166478767380684,0.017166478767380686,0.1973543780533634,0.733814355505449,0.06883126644118752,0.12513999604717044,0.8296571303778117,1.1724915445321307,0.09644904143882996,0.8519057317427989,0.7651258925216085,8.333709131905298,1.0
global_development_oof,hist_gradient_boosting,-1,0.73,66525,30358,3331,1131,12920,49143,4462,3721,741,2852,479,5152,2438,0.05007140172867343,0.017001127395715895,0.19421270199173243,0.7387147688838782,0.06707252912438932,0.12257065682851308,0.8339309726580009,1.1138669673055241,0.09394558271295869,0.8561993395376764,0.7200300638857572,7.74445697106351,1.0
global_development_oof,hist_gradient_boosting,-1,0.74,66525,30358,3205,1091,12817,49412,4296,3600,696,2769,436,4784,2335,0.04817737692596768,0.016399849680571215,0.19266441187523486,0.7427583615182263,0.06457722660653889,0.11858488701495487,0.8379888268156425,1.0462232243517475,0.09121154226233612,0.86396255850234,0.6553927095077039,7.1912814731304024,1.0
global_development_oof,hist_gradient_boosting,-1,0.75,66525,30358,3083,1060,12766,49616,4143,3498,645,2684,399,4384,2284,0.0463434798947764,0.015933859451334086,0.1918977827884254,0.7458248778654641,0.06227733934611048,0.11522498188286448,0.8443157132512672,0.9695603156708005,0.08841162131892746,0.8705806033084658,0.5997745208568207,6.59000375798572,1.0
global_development_oof,hist_gradient_boosting,-1,0.76,66525,30358,2956,1027,12685,49857,3983,3387,596,2587,369,3989,2203,0.044434423149192034,0.015437805336339722,0.1906801954152574,0.7494475760992109,0.05987222848553175,0.11156861453323672,0.8503640472006025,0.8959037955655769,0.08521641741880229,0.875169147496617,0.5546786922209695,5.996242014280345,1.0
global_development_oof,hist_gradient_boosting,-1,0.77,66525,30358,2833,987,12592,50113,3820,3259,561,2494,339,3632,2110,0.042585494175122134,0.01483652762119504,0.18928222472754602,0.7532957534761368,0.057422021796317176,0.1073522629949272,0.8531413612565445,0.8432919954904171,0.0821529745042493,0.8803388633956936,0.5095828635851184,5.459601653513717,1.0
global_development_oof,hist_gradient_boosting,-1,0.78,66525,30358,2706,962,12556,50301,3668,3158,510,2386,320,3239,2074,0.04067643742953777,0.014460729049229614,0.18874107478391583,0.7561217587373168,0.05513716647876738,0.10402529810922986,0.8609596510359869,0.7666290868094702,0.07859542789380064,0.8817442719881744,0.48102217211574594,4.868846298384066,1.0
global_development_oof,hist_gradient_boosting,-1,0.79,66525,30358,2531,965,12589,50440,3496,3020,476,2242,289,2880,2107,0.03804584742577978,0.014505824877865465,0.18923712889891017,0.7582111987974446,0.05255167230364525,0.09947954410698992,0.8638443935926774,0.7155204810221721,0.07385203241320246,0.8858158830501778,0.43442314919203306,4.3291995490417134,1.0
global_development_oof,hist_gradient_boosting,-1,0.8,66525,30358,2358,940,12672,50555,3298,2873,425,2090,268,2501,2190,0.03544532130777903,0.014130026305900038,0.1904847801578354,0.7599398722284856,0.049575347613679065,0.0946373278872126,0.8711340206185567,0.6388575723412251,0.06884511496145991,0.8863443596268024,0.4028560691469372,3.759488913942127,1.0
global_development_oof,hist_gradient_boosting,-1,0.81,66525,30358,2167,931,12693,50734,3098,2713,385,1922,245,2158,2211,0.03257422021796317,0.013994738819992483,0.19080045095828635,0.762630590003758,0.04656895903795565,0.08936688846432571,0.8757262750161394,0.5787298008267568,0.06331115356742868,0.8869404706968159,0.368282600526118,3.2438932732055616,1.0
global_development_oof,hist_gradient_boosting,-1,0.82,66525,30358,1938,916,12770,50901,2854,2523,331,1730,208,1803,2288,0.029131905298759864,0.013769259676813228,0.19195791055993988,0.765140924464487,0.04290116497557309,0.08310824164964754,0.8840224246671339,0.49755730928222475,0.056986626259964424,0.8926728586171311,0.31266441187523486,2.710259301014656,0.9999999999999999
global_development_oof,hist_gradient_boosting,-1,0.83,66525,30358,1750,896,12843,51036,2646,2352,294,1574,176,1458,2361,0.026305900037579856,0.013468620819240888,0.19305524239007893,0.7671702367531004,0.03977452085682075,0.07747545951643718,0.8888888888888888,0.4419391206313416,0.05184794782264971,0.8994285714285715,0.26456219466366027,2.1916572717023675,1.0
global_development_oof,hist_gradient_boosting,-1,0.84,66525,30358,1519,878,12866,51262,2397,2142,255,1377,142,1164,2384,0.022833521232619315,0.013198045847425779,0.19340097707628712,0.7705674558436678,0.036031567080045096,0.07055800777389815,0.8936170212765957,0.3833145434047351,0.04535871928322024,0.9065174456879526,0.21345358887636226,1.749718151071026,1.0
global_development_oof,hist_gradient_boosting,-1,0.85,66525,30358,1279,822,12876,51548,2101,1889,212,1171,108,916,2394,0.019225854941751223,0.012356257046223224,0.19355129650507327,0.7748665915069523,0.03158211198797445,0.062224125436458264,0.8990956687291766,0.3186771890266817,0.038573028526253376,0.9155590304925724,0.16234498308906425,1.3769259676813228,1.0
global_development_oof,history_baseline,-1,0.3,66525,30358,4840,382,22597,38706,5222,3045,2177,2954,1886,33283,2312,0.07275460353250658,0.0057422021796317176,0.3396768132281097,0.5818263810597519,0.0784968057121383,0.10030305026681599,0.5831099195710456,3.272453964674934,0.09730548784504908,0.6103305785123967,2.835024426907178,50.03081548290117,1.0
global_development_oof,history_baseline,-1,0.31,66525,30358,4804,624,22861,38236,5428,3208,2220,2982,1822,32391,2576,0.07221345358887636,0.009379932356257047,0.34364524614806463,0.574761367906802,0.0815933859451334,0.105672310428882,0.5910095799557848,3.3370913190529876,0.09822781474405429,0.6207327227310575,2.7388199924840286,48.68996617812852,0.9999999999999999
global_development_oof,history_baseline,-1,0.32,66525,30358,4803,639,22987,38096,5442,3209,2233,2983,1820,31812,2702,0.07219842164599774,0.009605411499436303,0.34553927095077036,0.5726568959037955,0.08180383314543405,0.10570525067527504,0.589672914369717,3.3566328447951896,0.09826075499044733,0.621070164480533,2.735813603908305,47.819616685456594,0.9999999999999999
global_development_oof,history_baseline,-1,0.33,66525,30358,4799,657,23112,37957,5456,3200,2256,2980,1819,31204,2827,0.07213829387448328,0.00987598647125141,0.34741826381059754,0.5705674558436677,0.08201428034573469,0.10540878845773767,0.5865102639296188,3.391206313416009,0.09816193425126819,0.6209627005626173,2.7343104096204436,46.90567455843668,1.0
global_development_oof,history_baseline,-1,0.34,66525,30358,4790,682,23376,37677,5472,3210,2262,2977,1813,30539,3091,0.07200300638857572,0.010251785043216836,0.35138669673055245,0.5663585118376551,0.08225479143179255,0.1057381909216681,0.5866228070175439,3.400225479143179,0.09806311351208907,0.6215031315240084,2.725291243893273,45.906050357008645,1.0
global_development_oof,history_baseline,-1,0.35,66525,30358,4775,724,23663,37363,5499,3219,2280,2960,1815,29717,3378,0.07177752724539646,0.010883126644118753,0.3557008643367155,0.5616384817737693,0.08266065388951523,0.10603465313920549,0.585379159847245,3.42728297632469,0.09750312932340734,0.6198952879581152,2.7282976324689967,44.67042465238632,1.0
global_development_oof,history_baseline,-1,0.36,66525,30358,4766,747,24027,36985,5513,3217,2296,2951,1815,28853,3742,0.07164223975948891,0.011228861330326944,0.3611724915445321,0.555956407365652,0.08287110108981585,0.10596877264641939,0.5835298385633956,3.4513340849304774,0.09720666710586995,0.6191775073436845,2.7282976324689967,43.37166478767381,1.0
global_development_oof,history_baseline,-1,0.37,66525,30358,4714,608,24028,37175,5322,3096,2226,2913,1801,27524,3743,0.07086057872980082,0.009139421270199174,0.36118752348741073,0.5588124765125893,0.08,0.10198300283286119,0.5817361894024803,3.3461104847801577,0.09595493774293432,0.6179465422146797,2.707252912438933,41.373919579105596,1.0
global_development_oof,history_baseline,-1,0.38,66525,30358,4694,744,24727,36360,5438,3230,2208,2909,1785,26735,4442,0.07055993987222849,0.011183765501691093,0.37169485155956405,0.5465614430665163,0.08174370537391958,0.10639699584952896,0.5939683707245311,3.319052987598647,0.09582317675736214,0.6197273114614401,2.6832018038331453,40.187899285982716,1.0
global_development_oof,history_baseline,-1,0.39,66525,30358,4659,775,25156,35935,5434,3230,2204,2884,1775,25698,4871,0.07003382187147689,0.011649755730928222,0.37814355505449077,0.5401728673431041,0.0816835776024051,0.10639699584952896,0.5944055944055944,3.3130402104472,0.09499967059753607,0.6190169564284181,2.6681698609545283,38.629086809470124,0.9999999999999999
global_development_oof,history_baseline,-1,0.4,66525,30358,4571,841,25614,35499,5412,3207,2205,2829,1742,24588,5329,0.06871101089815859,0.012641863960916948,0.3850281848928974,0.533618940248027,0.08135287485907554,0.10563937018248896,0.5925720620842572,3.314543404735062,0.0931879570459187,0.6189017720411288,2.618564449455092,36.96054114994363,1.0
global_development_oof,history_baseline,-1,0.41,66525,30358,4488,842,25800,35395,5330,3176,2154,2798,1690,23676,5515,0.06746335963923338,0.012656895903795566,0.3878241262683202,0.5320556181886509,0.08012025554302894,0.10461822254430463,0.5958724202626642,3.237880496054115,0.09216680940773438,0.6234402852049911,2.5403983464862834,35.589627959413754,1.0
global_development_oof,history_baseline,-1,0.42,66525,30358,4163,893,26151,35318,5056,3068,1988,2642,1521,22712,5866,0.06257797820368283,0.013423524990605036,0.39310033821871476,0.5308981585869974,0.07600150319428786,0.10106067593385598,0.6068037974683544,2.9883502442690717,0.08702813097041966,0.6346384818640404,2.286358511837655,34.14054866591507,1.0
global_development_oof,history_baseline,-1,0.43,66525,30358,4163,893,25361,36108,5056,3070,1986,2642,1521,22712,5076,0.06257797820368283,0.013423524990605036,0.3812251033446073,0.5427733934611049,0.07600150319428786,0.10112655642664208,0.6071993670886076,2.9853438556933485,0.08702813097041966,0.6346384818640404,2.286358511837655,34.14054866591507,1.0
global_development_oof,history_baseline,-1,0.44,66525,30358,4163,815,24024,37523,4978,2970,2008,2642,1521,22712,3739,0.06257797820368283,0.012251033446072906,0.3611273957158963,0.564043592634348,0.07482901164975574,0.09783253178733776,0.5966251506629169,3.018414130026306,0.08702813097041966,0.6346384818640404,2.286358511837655,34.14054866591507,1.0
global_development_oof,history_baseline,-1,0.45,66525,30358,4163,790,22977,38595,4953,2957,1996,2642,1521,22712,2692,0.06257797820368283,0.01187523487410748,0.34538895152198423,0.5801578354002255,0.0744532130777903,0.09740430858422822,0.5970119119725419,3.0003757985719655,0.08702813097041966,0.6346384818640404,2.286358511837655,34.14054866591507,1.0
global_development_oof,history_baseline,-1,0.46,66525,30358,4163,682,21887,39793,4845,2896,1949,2642,1521,22712,1602,0.06257797820368283,0.010251785043216836,0.3290041337842916,0.5981661029688087,0.07282976324689966,0.09539495355425258,0.5977296181630547,2.929725667042465,0.08702813097041966,0.6346384818640404,2.286358511837655,34.14054866591507,1.0
global_development_oof,history_baseline,-1,0.47,66525,30358,4163,600,20974,40788,4763,2870,1893,2642,1521,22712,689,0.06257797820368283,0.009019165727170236,0.31527996993611423,0.6131228861330327,0.07159714393085306,0.09453850714803347,0.6025614108754986,2.8455467869222097,0.08702813097041966,0.6346384818640404,2.286358511837655,34.14054866591507,0.9999999999999999
global_development_oof,history_baseline,-1,0.48,66525,30358,4163,0,20285,42077,4163,2642,1521,2642,1521,22712,0,0.06257797820368283,0.0,0.3049229612927471,0.6324990605035701,0.06257797820368283,0.08702813097041966,0.6346384818640404,2.286358511837655,0.08702813097041966,0.6346384818640404,2.286358511837655,34.14054866591507,1.0
global_development_oof,history_baseline,-1,0.49,66525,30358,4163,0,20285,42077,4163,2642,1521,2642,1521,22712,0,0.06257797820368283,0.0,0.3049229612927471,0.6324990605035701,0.06257797820368283,0.08702813097041966,0.6346384818640404,2.286358511837655,0.08702813097041966,0.6346384818640404,2.286358511837655,34.14054866591507,1.0
global_development_oof,history_baseline,-1,0.5,66525,30358,4163,0,20285,42077,4163,2642,1521,2642,1521,22712,0,0.06257797820368283,0.0,0.3049229612927471,0.6324990605035701,0.06257797820368283,0.08702813097041966,0.6346384818640404,2.286358511837655,0.08702813097041966,0.6346384818640404,2.286358511837655,34.14054866591507,1.0
global_development_oof,history_baseline,-1,0.51,66525,30358,4163,0,20285,42077,4163,2642,1521,2642,1521,22712,0,0.06257797820368283,0.0,0.3049229612927471,0.6324990605035701,0.06257797820368283,0.08702813097041966,0.6346384818640404,2.286358511837655,0.08702813097041966,0.6346384818640404,2.286358511837655,34.14054866591507,1.0
global_development_oof,history_baseline,-1,0.52,66525,30358,4150,0,20285,42090,4150,2639,1511,2639,1511,22501,0,0.0623825629462608,0.0,0.3049229612927471,0.6326944757609921,0.0623825629462608,0.08692931023124054,0.6359036144578313,2.271326568959038,0.08692931023124054,0.6359036144578313,2.271326568959038,33.823374671176246,1.0
global_development_oof,history_baseline,-1,0.53,66525,30358,4033,744,21475,40273,4777,2952,1825,2590,1443,20775,1190,0.060623825629462606,0.011183765501691093,0.3228109733183014,0.6053814355505449,0.0718075911311537,0.09723960735226299,0.6179610634289303,2.7433295753476137,0.08531523815798142,0.6422018348623854,2.1691093573844418,31.228861330326946,1.0
global_development_oof,history_baseline,-1,0.54,66525,30358,3972,851,23055,38647,4823,2961,1862,2562,1410,19282,2770,0.05970687711386697,0.012792183389703119,0.3465614430665164,0.5809394964299136,0.07249906050357009,0.09753606956980038,0.613933236574746,2.798947763998497,0.08439291125897622,0.6450151057401813,2.119503945885006,28.984592258549416,1.0000000000000002
global_development_oof,history_baseline,-1,0.55,66525,30358,3828,971,24748,36978,4799,3017,1782,2477,1351,17613,4463,0.05754227733934611,0.014596016535137167,0.37201052236001503,0.5558511837655017,0.07213829387448328,0.09938072336781079,0.6286726401333611,2.6786922209695603,0.08159299031556756,0.6470741901776385,2.030815482901165,26.47576099210823,1.0
global_development_oof,history_baseline,-1,0.56,66525,30358,3732,1006,26231,35556,4738,2974,1764,2411,1321,16191,5946,0.056099210822998874,0.015122134535888763,0.3943028936490041,0.5344757609921083,0.07122134535888763,0.09796429277290994,0.6276910088644998,2.6516347237880495,0.07941893405362672,0.6460342979635584,1.9857196542653137,24.338218714768885,1.0
global_development_oof,history_baseline,-1,0.57,66525,30358,3501,1012,27215,34797,4513,2921,1592,2347,1154,14438,6930,0.05262683201803833,0.015212326193160467,0.4090943254415633,0.5230665163472379,0.06783915821119879,0.09621845971407866,0.6472413029027254,2.393085306275836,0.07731075828447197,0.670379891459583,1.7346862081924088,21.703119128147314,1.0
global_development_oof,history_baseline,-1,0.58,66525,30358,3462,1071,29048,32944,4533,2880,1653,2314,1148,13571,8763,0.05204058624577226,0.016099210822998873,0.4366478767380684,0.49521232619316047,0.06813979706877114,0.0948679096119639,0.6353408338848445,2.4847801578354,0.07622373015350155,0.6683997689196995,1.7256670424652387,20.399849680571215,1.0
global_development_oof,history_baseline,-1,0.59,66525,30358,3356,1032,28458,33679,4388,2799,1589,2251,1105,12339,8173,0.05044720030063886,0.015512965050732807,0.42777903043968435,0.506260804208944,0.06596016535137167,0.09219974965412742,0.6378760255241568,2.388575723412251,0.07414849463073984,0.6707389749702026,1.6610296880871853,18.547914317925592,1.0
global_development_oof,history_baseline,-1,0.6,66525,30358,3200,1038,28067,34220,4238,2746,1492,2167,1033,11227,7782,0.048102217211574594,0.01560315670800451,0.42190154077414505,0.5143930853062758,0.0637053739195791,0.09045391659529613,0.6479471448796602,2.2427658774896657,0.07138151393372423,0.6771875,1.5527996993611424,16.876362269823375,0.9999999999999999
global_development_oof,history_baseline,-1,0.61,66525,30358,3065,1002,27305,35153,4067,2617,1450,2091,974,10264,7020,0.046072904922961296,0.015062006764374296,0.41044720030063886,0.5284178880120256,0.06113491168733559,0.08620462481059359,0.6434718465699533,2.1796317173994737,0.06887805520785295,0.6822185970636215,1.4641112363773017,15.428786170612552,1.0
global_development_oof,history_baseline,-1,0.62,66525,30358,2953,980,26786,35806,3933,2539,1394,2027,926,9353,6501,0.044389327320556185,0.01473130402104472,0.4026456219466366,0.5382337467117625,0.0591206313416009,0.08363528559193623,0.6455631833206203,2.0954528372792183,0.06676987943869821,0.6864205892312902,1.3919579105599398,14.059376174370538,1.0
global_development_oof,history_baseline,-1,0.63,66525,30358,2886,860,25834,36945,3746,2490,1256,1984,902,8626,5549,0.043382187147688836,0.012927470875610672,0.38833521232619317,0.5553551296505074,0.056309658023299514,0.08202121351867712,0.6647090229578216,1.888012025554303,0.06535344884379735,0.6874566874566874,1.355881247651259,12.966553927095077,1.0
global_development_oof,history_baseline,-1,0.64,66525,30358,2432,981,26436,36676,3413,2333,1080,1740,692,7461,6151,0.036557685080796695,0.014746335963923336,0.39738444193912065,0.5513115370161593,0.05130402104472003,0.07684959483496936,0.6835628479343686,1.6234498308906427,0.05731602872389485,0.7154605263157895,1.0402104472003006,11.21533258173619,1.0
global_development_oof,history_baseline,-1,0.65,66525,30358,2371,974,25687,37493,3345,2289,1056,1709,662,6870,5402,0.03564073656520105,0.014641112363773018,0.38612551672303647,0.5635926343479895,0.05028184892897407,0.07540022399367548,0.684304932735426,1.5873731679819616,0.05629488108571052,0.7207929143821172,0.9951146185644495,10.32694475760992,0.9999999999999999
global_development_oof,history_baseline,-1,0.66,66525,30358,2292,932,25290,38011,3224,2214,1010,1655,637,6198,5005,0.034453213077790305,0.014009770762871101,0.38015783540022546,0.5713791807591131,0.0484629838406614,0.07292970551419725,0.6867245657568238,1.5182262307403231,0.0545161077804862,0.7220767888307156,0.9575347613679068,9.316798196166854,0.9999999999999999
global_development_oof,history_baseline,-1,0.67,66525,30358,2150,906,25095,38374,3056,2117,939,1558,592,5463,4810,0.03231867718902668,0.013618940248027057,0.37722660653889517,0.5768357760240511,0.04593761743705374,0.06973450161407208,0.6927356020942408,1.411499436302142,0.05132090388036103,0.7246511627906976,0.88989101841413,8.2119503945885,1.0
global_development_oof,history_baseline,-1,0.68,66525,30358,2066,886,24655,38918,2952,2050,902,1501,565,4984,4370,0.03105599398722285,0.013318301390454717,0.37061255167230367,0.5850131529500188,0.044374295377677564,0.0675275051057382,0.6944444444444444,1.355881247651259,0.04944330983595757,0.7265246853823815,0.849304772641864,7.491920330702744,1.0
global_development_oof,history_baseline,-1,0.69,66525,30358,1961,882,24468,39214,2843,1994,849,1455,506,4450,4183,0.02947763998496806,0.013258173618940248,0.36780157835400223,0.5894626080420894,0.0427358136039083,0.06568285130772779,0.7013717903622934,1.2762119503945886,0.04792805850187759,0.7419683834778175,0.7606163096580233,6.689214580984593,0.9999999999999999
global_development_oof,history_baseline,-1,0.7,66525,30358,1849,641,23720,40315,2490,1799,691,1367,482,3973,3435,0.027794062382562948,0.009635475385193536,0.3565576850807967,0.6060127771514469,0.03742953776775648,0.059259503261084395,0.7224899598393574,1.038707252912439,0.04502931681928981,0.7393185505678745,0.7245396467493423,5.972190905674559,1.0
global_development_oof,history_baseline,-1,0.71,66525,30358,1722,631,23653,40519,2353,1689,664,1269,453,3584,3368,0.02588500563697858,0.009485155956407365,0.35555054490792937,0.6090792934986847,0.03537016159338594,0.055636076157849663,0.7178070548236294,0.9981210071401728,0.04180117267277159,0.7369337979094077,0.6809470124013529,5.3874483276963545,1.0
global_development_oof,history_baseline,-1,0.72,66525,30358,1375,605,23087,41458,1980,1472,508,1065,310,3097,2802,0.02066892145809846,0.009094325441563323,0.3470424652386321,0.6231942878617062,0.029763246899661783,0.04848804269055933,0.7434343434343434,0.7636226982337467,0.03508136240859082,0.7745454545454545,0.4659902292371289,4.655392709507704,1.0000000000000002
global_development_oof,history_baseline,-1,0.73,66525,30358,1324,677,22915,41609,2001,1438,563,1022,302,2942,2630,0.019902292371288988,0.010176625328823751,0.34445697106351,0.6254641112363774,0.03007891770011274,0.04736807431319586,0.7186406796601699,0.8462983840661406,0.033664931813689965,0.7719033232628398,0.45396467493423526,4.42239759488914,1.0
global_development_oof,history_baseline,-1,0.74,66525,30358,1205,654,22811,41855,1859,1333,526,929,276,2664,2526,0.018113491168733557,0.009830890642615558,0.34289364900413377,0.6291619691845171,0.027944381811349117,0.043909348441926344,0.7170521785906401,0.7906801954152575,0.030601488899136966,0.7709543568464731,0.41488162344983087,4.0045095828635855,0.9999999999999999
global_development_oof,history_baseline,-1,0.75,66525,30358,1130,620,22544,42231,1750,1266,484,886,244,2394,2259,0.016986095452837278,0.009319804584742578,0.33888012025554304,0.6348139797068771,0.026305900037579856,0.041702351933592466,0.7234285714285714,0.7275460353250658,0.029185058304236115,0.784070796460177,0.3667794062382563,3.5986471251409244,1.0
global_development_oof,history_baseline,-1,0.76,66525,30358,1036,593,22373,42523,1629,1178,451,813,223,2103,2088,0.015573092822247276,0.008913942127019917,0.3363096580232995,0.6392033070274333,0.024487034949267194,0.03880361025100468,0.7231430325352978,0.6779406238256295,0.026780420317543976,0.7847490347490348,0.3352123261931605,3.161217587373168,1.0
global_development_oof,history_baseline,-1,0.77,66525,30358,855,572,22135,42963,1427,1022,405,669,186,1697,1850,0.012852311161217588,0.008598271326568959,0.33273205561818864,0.6458173618940248,0.021450582487786547,0.033664931813689965,0.716187806587246,0.608793686583991,0.02203702483694578,0.7824561403508772,0.27959413754227735,2.5509207065013153,1.0
global_development_oof,history_baseline,-1,0.78,66525,30358,824,435,21991,43275,1259,959,300,653,171,1505,1706,0.012386320931980459,0.006538895152198422,0.3305674558436678,0.6505073280721533,0.01892521608417888,0.031589696290928254,0.7617156473391581,0.4509582863585118,0.021509980894657093,0.7924757281553398,0.2570462232243517,2.2623074032318677,0.9999999999999999
global_development_oof,history_baseline,-1,0.79,66525,30358,769,424,22070,43262,1193,913,280,616,153,1288,1785,0.01155956407365652,0.006373543780533634,0.33175497933107856,0.6503119128147313,0.017933107854190153,0.030074444956848276,0.7652975691533948,0.4208944006012777,0.0202911917781145,0.8010403120936281,0.22998872604284104,1.9361142427658775,1.0
global_development_oof,history_baseline,-1,0.8,66525,30358,720,382,21927,43496,1102,856,246,583,137,1125,1642,0.010822998872604284,0.0057422021796317176,0.3296054114994363,0.6538293874483277,0.016565201052236002,0.028196850912444824,0.7767695099818511,0.3697857948139797,0.01920416364714408,0.8097222222222222,0.20593761743705374,1.6910935738444195,1.0
global_development_oof,history_baseline,-1,0.81,66525,30358,590,396,21864,43675,986,810,176,484,106,959,1579,0.008868846298384065,0.005952649379932356,0.3286583990980834,0.6565201052236002,0.014821495678316423,0.026681599578364846,0.821501014198783,0.26456219466366027,0.01594307925423282,0.8203389830508474,0.15933859451334084,1.4415633220593762,0.9999999999999999
global_development_oof,history_baseline,-1,0.82,66525,30358,546,382,21625,43972,928,753,175,452,94,847,1340,0.008207440811724915,0.0057422021796317176,0.32506576475009397,0.6609845922585494,0.013949642991356632,0.024804005533961393,0.8114224137931034,0.26305900037579855,0.014888991369655446,0.8278388278388278,0.14130026305900037,1.2732055618188651,1.0
global_development_oof,history_baseline,-1,0.83,66525,30358,455,372,21610,44088,827,683,144,387,68,730,1325,0.006839534009770763,0.005591882750845547,0.3248402856069147,0.662728297632469,0.01243141676061631,0.02249818828644838,0.8258766626360339,0.21645997745208567,0.012747875354107648,0.8505494505494505,0.10221721157459601,1.0973318301390456,1.0
global_development_oof,history_baseline,-1,0.84,66525,30358,426,295,21246,44558,721,589,132,368,58,648,961,0.006403607666290868,0.004434423149192033,0.31936865839909806,0.669793310785419,0.010838030815482902,0.01940180512550234,0.8169209431345353,0.1984216459977452,0.012122010672639832,0.863849765258216,0.08718526869597895,0.9740698985343855,1.0
global_development_oof,history_baseline,-1,0.85,66525,30358,358,269,21173,44725,627,516,111,303,55,528,888,0.005381435550544908,0.0040435926343479894,0.318271326568959,0.672303645246148,0.009425028184892898,0.0169971671388102,0.8229665071770335,0.1668545659526494,0.009980894657092036,0.8463687150837989,0.08267568583239383,0.7936865839909808,0.9999999999999999
global_development_oof,regularised_logistic,-1,0.3,66525,30358,4929,1150,11259,49187,6079,3378,2701,2981,1948,33491,4225,0.0740924464487035,0.01728673431040962,0.1692446448703495,0.7393761743705374,0.09137918075911311,0.11127215231569933,0.5556835005757526,4.060127771514468,0.09819487449766125,0.6047879894501927,2.9282224727546033,50.3434798947764,1.0
global_development_oof,regularised_logistic,-1,0.31,66525,30358,4928,1166,11403,49028,6094,3414,2680,2989,1939,32489,4369,0.07407741450582488,0.017527245396467495,0.17140924464487034,0.7369860954528373,0.09160465990229237,0.11245800118584887,0.5602231703314736,4.028560691469372,0.09845839646880558,0.6065340909090909,2.914693724163848,48.83727921833897,1.0
global_development_oof,regularised_logistic,-1,0.32,66525,30358,4927,1175,11548,48875,6102,3424,2678,3004,1923,31531,4514,0.07406238256294626,0.017662532882375046,0.17358887636226983,0.7346862081924088,0.09172491544532131,0.1127874036497793,0.5611274991805966,4.025554302893649,0.09895250016470124,0.6097016440024355,2.8906426155580607,47.397219090567454,1.0
global_development_oof,regularised_logistic,-1,0.33,66525,30358,4924,1184,11583,48834,6108,3462,2646,3025,1899,30574,4549,0.0740172867343104,0.0177978203682826,0.1741149943630214,0.7340698985343855,0.09181510710259301,0.11403913301271494,0.5667976424361493,3.9774520856820743,0.09964424533895513,0.6143379366368806,2.85456595264938,45.9586621570838,0.9999999999999999
global_development_oof,regularised_logistic,-1,0.34,66525,30358,4922,1191,11717,48695,6113,3489,2624,3041,1881,29527,4683,0.07398722284855318,0.01790304396843292,0.1761292747087561,0.7319804584742577,0.0918902668169861,0.11492851966532709,0.570750858825454,3.9443818113491167,0.10017128928124383,0.6178382771231207,2.827508455467869,44.3848177376926,1.0
global_development_oof,regularised_logistic,-1,0.35,66525,30358,4918,1199,11766,48642,6117,3504,2613,3058,1860,28516,4732,0.07392709507703871,0.018023299511461855,0.17686583990980834,0.7311837655016911,0.09195039458850056,0.11542262336122275,0.5728298185384992,3.927846674182638,0.10073127346992555,0.6217974786498577,2.7959413754227733,42.86508831266441,1.0
global_development_oof,regularised_logistic,-1,0.36,66525,30358,4914,1199,11884,48528,6113,3547,2566,3076,1838,27457,4850,0.07386696730552424,0.018023299511461855,0.17863960916948515,0.7294701240135287,0.0918902668169861,0.1168390539561236,0.5802388352690987,3.857196542653138,0.10132419790500033,0.625966625966626,2.7628711010898157,41.27320556181886,1.0
global_development_oof,regularised_logistic,-1,0.37,66525,30358,4906,1199,11892,48528,6105,3600,2505,3110,1796,26454,4858,0.0737467117624953,0.018023299511461855,0.1787598647125141,0.7294701240135287,0.09177001127395716,0.11858488701495487,0.5896805896805897,3.765501691093574,0.10244416628236379,0.6339176518548716,2.699736940999624,39.765501691093576,0.9999999999999999
global_development_oof,regularised_logistic,-1,0.38,66525,30358,4899,1204,11969,48453,6103,3626,2477,3124,1775,25420,4935,0.07364148816234499,0.018098459225854943,0.1799173243141676,0.7283427282976325,0.09173994738819992,0.119441333421174,0.5941340324430608,3.723412251033446,0.10290532973186639,0.6376811594202898,2.6681698609545283,38.21119879744457,1.0
global_development_oof,regularised_logistic,-1,0.39,66525,30358,4889,1208,12011,48417,6097,3697,2400,3158,1731,24424,4977,0.0734911687335588,0.01815858699736941,0.18054866591506952,0.7278015783540023,0.09164975573092822,0.12178009091508005,0.6063637854682631,3.6076662908680945,0.10402529810922986,0.6459398650030681,2.602029312288613,36.71401728673431,0.9999999999999999
global_development_oof,regularised_logistic,-1,0.4,66525,30358,4886,1216,11956,48467,6102,3744,2358,3201,1685,23425,4922,0.07344607290492296,0.018278842540398348,0.1797219090567456,0.7285531754979331,0.09172491544532131,0.12332828249555307,0.6135693215339233,3.544532130777903,0.10544172870413071,0.6551371264838314,2.5328823750469747,35.212326193160465,1.0
global_development_oof,regularised_logistic,-1,0.41,66525,30358,4879,1220,11906,48520,6099,3786,2313,3228,1651,22463,4872,0.07334084930477264,0.018338970311912815,0.17897031191281473,0.7293498684704998,0.09167981961668546,0.12471177284406088,0.6207575012297097,3.4768883878241263,0.10633111535674288,0.6616109858577577,2.481773769259677,33.76625328823751,1.0
global_development_oof,regularised_logistic,-1,0.42,66525,30358,4866,1221,11723,48715,6087,3791,2296,3237,1629,21595,4689,0.07314543404735062,0.018354002254791432,0.1762194663660278,0.7322810973318301,0.09149943630214205,0.12487647407602609,0.6228026942664695,3.4513340849304774,0.10662757757428025,0.6652281134401973,2.4487034949267192,32.461480646373545,1.0
global_development_oof,regularised_logistic,-1,0.43,66525,30358,4866,1212,10721,49726,6078,3792,2286,3237,1629,21595,3687,0.07314543404735062,0.018218714768883877,0.1611574596016535,0.7474783915821119,0.0913641488162345,0.12490941432241913,0.6238894373149062,3.43630214205186,0.10662757757428025,0.6652281134401973,2.4487034949267192,32.461480646373545,1.0
global_development_oof,regularised_logistic,-1,0.44,66525,30358,4866,1195,9697,50767,6061,3778,2283,3237,1629,21595,2663,0.07314543404735062,0.017963171739947388,0.14576475009394965,0.7631266441187523,0.09110860578729801,0.12444825087291653,0.6233294835835671,3.431792559188275,0.10662757757428025,0.6652281134401973,2.4487034949267192,32.461480646373545,1.0
global_development_oof,regularised_logistic,-1,0.45,66525,30358,4866,1149,8737,51773,6015,3747,2268,3237,1629,21595,1703,0.07314543404735062,0.017271702367531002,0.13133408493047727,0.7782487786546411,0.09041713641488162,0.1234271032347322,0.6229426433915212,3.4092446448703493,0.10662757757428025,0.6652281134401973,2.4487034949267192,32.461480646373545,1.0
global_development_oof,regularised_logistic,-1,0.46,66525,30358,4866,1018,7866,52775,5884,3703,2181,3237,1629,21595,832,0.07314543404735062,0.015302517850432169,0.1182412626832018,0.7933107854190155,0.08844795189778279,0.1219777323934383,0.6293337865397689,3.278466741826381,0.10662757757428025,0.6652281134401973,2.4487034949267192,32.461480646373545,1.0
global_development_oof,regularised_logistic,-1,0.47,66525,30358,4866,701,7214,53744,5567,3565,2002,3237,1629,21595,180,0.07314543404735062,0.01053739195791056,0.10844043592634348,0.8078767380683953,0.08368282600526118,0.11743197839119837,0.6403808155200288,3.0093949642991356,0.10662757757428025,0.6652281134401973,2.4487034949267192,32.461480646373545,1.0
global_development_oof,regularised_logistic,-1,0.48,66525,30358,4866,0,7034,54625,4866,3237,1629,3237,1629,21595,0,0.07314543404735062,0.0,0.1057346862081924,0.821119879744457,0.07314543404735062,0.10662757757428025,0.6652281134401973,2.4487034949267192,0.10662757757428025,0.6652281134401973,2.4487034949267192,32.461480646373545,1.0
global_development_oof,regularised_logistic,-1,0.49,66525,30358,4866,0,7034,54625,4866,3237,1629,3237,1629,21595,0,0.07314543404735062,0.0,0.1057346862081924,0.821119879744457,0.07314543404735062,0.10662757757428025,0.6652281134401973,2.4487034949267192,0.10662757757428025,0.6652281134401973,2.4487034949267192,32.461480646373545,1.0
global_development_oof,regularised_logistic,-1,0.5,66525,30358,4866,0,7034,54625,4866,3237,1629,3237,1629,21595,0,0.07314543404735062,0.0,0.1057346862081924,0.821119879744457,0.07314543404735062,0.10662757757428025,0.6652281134401973,2.4487034949267192,0.10662757757428025,0.6652281134401973,2.4487034949267192,32.461480646373545,1.0
global_development_oof,regularised_logistic,-1,0.51,66525,30358,4866,0,7034,54625,4866,3237,1629,3237,1629,21595,0,0.07314543404735062,0.0,0.1057346862081924,0.821119879744457,0.07314543404735062,0.10662757757428025,0.6652281134401973,2.4487034949267192,0.10662757757428025,0.6652281134401973,2.4487034949267192,32.461480646373545,1.0
global_development_oof,regularised_logistic,-1,0.52,66525,30358,4866,0,7034,54625,4866,3237,1629,3237,1629,21595,0,0.07314543404735062,0.0,0.1057346862081924,0.821119879744457,0.07314543404735062,0.10662757757428025,0.6652281134401973,2.4487034949267192,0.10662757757428025,0.6652281134401973,2.4487034949267192,32.461480646373545,1.0
global_development_oof,regularised_logistic,-1,0.53,66525,30358,4860,576,7132,53957,5436,3564,1872,3243,1617,20927,98,0.07305524239007892,0.008658399098083427,0.10720781661029688,0.8110785419015408,0.08171364148816235,0.11739903814480532,0.6556291390728477,2.813979706877114,0.10682521905263852,0.667283950617284,2.4306651634723786,31.457346862081923,1.0
global_development_oof,regularised_logistic,-1,0.54,66525,30358,4854,934,7551,53186,5788,3758,2030,3246,1608,20156,517,0.07296505073280722,0.014039834648628334,0.11350620067643744,0.7994889139421271,0.08700488538143555,0.12378944594505567,0.6492743607463718,3.0514844043592633,0.10692403979181764,0.6687268232385661,2.4171364148816235,30.29838406614055,1.0
global_development_oof,regularised_logistic,-1,0.55,66525,30358,4840,1098,8304,52283,5938,3842,2096,3239,1601,19253,1270,0.07275460353250658,0.016505073280721535,0.12482525366403607,0.7859150695227358,0.0892596768132281,0.12655642664207128,0.647019198383294,3.150695227358136,0.10669345806706634,0.6692148760330578,2.4066140548665915,28.940999624201428,1.0
global_development_oof,regularised_logistic,-1,0.56,66525,30358,4820,1181,9321,51203,6001,3930,2071,3254,1566,18173,2287,0.07245396467493423,0.01775272453964675,0.14011273957158962,0.7696805712138294,0.09020668921458098,0.12945516832465906,0.6548908515247459,3.1131153701615935,0.10718756176296199,0.6751037344398341,2.354002254791432,27.317549793310786,1.0
global_development_oof,regularised_logistic,-1,0.57,66525,30358,4811,1210,10247,50257,6021,3986,2035,3269,1542,17227,3213,0.07231867718902668,0.018188650883126645,0.15403231867718903,0.7554603532506576,0.09050732807215332,0.13129982212266947,0.6620162763660522,3.059000375798572,0.10768166545885763,0.6794845146539181,2.317925591882751,25.89552799699361,1.0
global_development_oof,regularised_logistic,-1,0.58,66525,30358,4798,1218,11165,49344,6016,4006,2010,3266,1532,16314,4131,0.07212326193160466,0.01830890642615558,0.1678316422397595,0.7417361894024803,0.09043216835776025,0.13195862705053032,0.6658909574468085,3.0214205186020293,0.10758284471967851,0.6807002917882451,2.3028936490041336,24.523111612175875,1.0000000000000002
global_development_oof,regularised_logistic,-1,0.59,66525,30358,4764,1225,11602,48934,5989,3994,1995,3258,1506,15230,4568,0.07161217587373168,0.0184141300263059,0.17440060127771514,0.7355730928222473,0.09002630590003757,0.13156334409381382,0.6668892970445818,2.9988726042841036,0.10731932274853416,0.6838790931989924,2.2638105975197296,22.893649004133785,1.0
global_development_oof,regularised_logistic,-1,0.6,66525,30358,4728,1221,11868,48708,5949,4003,1946,3241,1487,14227,4834,0.07107102593010146,0.018354002254791432,0.17839909808342727,0.7321758737316798,0.0894250281848929,0.13185980631135122,0.6728861993612372,2.92521608417888,0.10675933855985242,0.6854906937394247,2.235249906050357,21.385945133408494,1.0
global_development_oof,regularised_logistic,-1,0.61,66525,30358,4671,1213,12113,48528,5884,3967,1917,3208,1463,13130,5079,0.0702142051860203,0.018233746711762495,0.18208192408868845,0.7294701240135287,0.08844795189778279,0.13067395744120167,0.6742012236573759,2.8816234498308906,0.105672310428882,0.6867908370798544,2.199173243141676,19.736940999624203,0.9999999999999999
global_development_oof,regularised_logistic,-1,0.62,66525,30358,4597,1200,12181,48547,5797,3974,1823,3200,1397,12049,5147,0.06910184141300263,0.018038331454340473,0.18310409620443444,0.7297557309282224,0.0871401728673431,0.13090453916595296,0.6855269967224427,2.7403231867718905,0.10540878845773767,0.6961061561888188,2.0999624201428033,18.111987974445697,1.0
global_development_oof,regularised_logistic,-1,0.63,66525,30358,4510,1196,12408,48411,5706,3938,1768,3148,1362,10958,5374,0.06779406238256294,0.017978203682826006,0.1865163472378805,0.7277113866967305,0.08577226606538896,0.1297186902958034,0.6901507185418857,2.6576475009394964,0.10369589564529942,0.6980044345898004,2.0473506200676437,16.472003006388576,0.9999999999999999
global_development_oof,regularised_logistic,-1,0.64,66525,30358,4366,1205,12711,48243,5571,3874,1697,3076,1290,9864,5677,0.06562946260804209,0.018113491168733557,0.19107102593010147,0.7251860202931228,0.08374295377677565,0.12761051452664865,0.6953868246275354,2.5509207065013153,0.10132419790500033,0.7045350435180944,1.939120631341601,14.82750845546787,0.9999999999999999
global_development_oof,regularised_logistic,-1,0.65,66525,30358,4155,1213,12868,48289,5368,3809,1559,3019,1136,8792,5834,0.06245772266065389,0.018233746711762495,0.19343104096204433,0.7258774896655392,0.08069146937241639,0.12546939851110087,0.709575260804769,2.3434798947764,0.09944660386059688,0.7265944645006017,1.707628711010898,13.21608417888012,0.9999999999999999
global_development_oof,regularised_logistic,-1,0.66,66525,30358,3880,1213,13126,48306,5093,3692,1401,2898,982,7770,6092,0.0583239383690342,0.018233746711762495,0.19730928222472754,0.7261330326944757,0.07655768508079669,0.12161538968311483,0.724916552130375,2.10597519729425,0.09546083404703867,0.7469072164948454,1.4761367906801954,11.679819616685457,0.9999999999999999
global_development_oof,regularised_logistic,-1,0.67,66525,30358,3684,1213,12980,48648,4897,3557,1340,2759,925,6958,5946,0.055377677564825256,0.018233746711762495,0.19511461856444945,0.7312739571589628,0.07361142427658775,0.11716845642005402,0.7263630794363897,2.014280345734686,0.09088213979840569,0.748914223669924,1.3904547162720782,10.459225854941751,1.0
global_development_oof,regularised_logistic,-1,0.68,66525,30358,3473,1204,12856,48992,4677,3443,1234,2643,830,6147,5822,0.052205937617437054,0.018098459225854943,0.19325065764750093,0.736444945509207,0.070304396843292,0.11341326833124712,0.7361556553346162,1.8549417512213453,0.0870610712168127,0.7610135329686151,1.247651258925216,9.240135287485908,1.0
global_development_oof,regularised_logistic,-1,0.69,66525,30358,3224,1197,12683,49421,4421,3257,1164,2480,744,5398,5649,0.0484629838406614,0.017993235625704623,0.1906501315295002,0.7428936490041338,0.06645621946636603,0.10728638250214112,0.7367111513232301,1.749718151071026,0.0816918110547467,0.7692307692307693,1.1183765501691094,8.11424276587749,1.0
global_development_oof,regularised_logistic,-1,0.7,66525,30358,2923,1184,12473,49945,4107,3073,1034,2298,625,4684,5439,0.04393836903419767,0.0177978203682826,0.1874934235249906,0.7507703870725291,0.06173618940248027,0.1012253771658212,0.7482347212076942,1.5543028936490042,0.07569668621121287,0.786178583646938,0.9394964299135663,7.040962044344232,0.9999999999999999
global_development_oof,regularised_logistic,-1,0.71,66525,30358,2651,1173,12078,50623,3824,2919,905,2121,530,4079,5044,0.03984968057121383,0.017632468996617814,0.18155580608793687,0.7609620443442315,0.05748214956783164,0.09615257922129257,0.763336820083682,1.360390830514844,0.06986626259964425,0.8000754432289702,0.7966929725667042,6.1315295001878996,1.0
global_development_oof,regularised_logistic,-1,0.72,66525,30358,2362,1126,11691,51346,3488,2677,811,1906,456,3505,4657,0.0355054490792935,0.01692596768132281,0.17573844419391207,0.7718301390454716,0.05243141676061631,0.08818103959417617,0.7674885321100917,1.2190905674558437,0.06278410962514,0.8069432684165961,0.685456595264938,5.26869597895528,1.0
global_development_oof,regularised_logistic,-1,0.73,66525,30358,2053,1081,11601,51790,3134,2414,720,1665,388,2941,4567,0.030860578729800827,0.016249530251785042,0.17438556933483654,0.7785043216835776,0.04711010898158587,0.07951775479280584,0.7702616464582004,1.0822998872604284,0.054845510244416626,0.8110082805650268,0.583239383690342,4.420894400601278,1.0
global_development_oof,regularised_logistic,-1,0.74,66525,30358,1689,1038,11495,52303,2727,2120,607,1378,311,2432,4461,0.025388951521984216,0.01560315670800451,0.17279218338970312,0.7862157083803082,0.04099210822998873,0.0698333223532512,0.7774110744407774,0.9124389327320556,0.045391659529613285,0.8158673771462404,0.4674934235249906,3.655768508079669,1.0
global_development_oof,regularised_logistic,-1,0.75,66525,30358,1379,992,11270,52884,2371,1861,510,1131,248,2015,4236,0.02072904922961293,0.014911687335588125,0.16940999624201428,0.7949492671927847,0.03564073656520105,0.06130179853745306,0.7849008857022354,0.7666290868094702,0.037255418670531656,0.8201595358955766,0.3727921833897031,3.028936490041338,1.0
global_development_oof,regularised_logistic,-1,0.76,66525,30358,1173,902,10970,53480,2075,1669,406,971,202,1596,3936,0.017632468996617814,0.01355881247651259,0.16490041337842917,0.8039083051484405,0.0311912814731304,0.0549772712299888,0.8043373493975904,0.6102968808718526,0.03198497924764477,0.8277919863597613,0.30364524614806465,2.399098083427283,1.0000000000000002
global_development_oof,regularised_logistic,-1,0.77,66525,30358,955,836,10780,53954,1791,1488,303,809,146,1193,3746,0.014355505449079294,0.012566704246523864,0.16204434423149192,0.811033446072905,0.026922209695603157,0.049015086632848016,0.830820770519263,0.455467869222097,0.026648659331971802,0.8471204188481676,0.21946636602780908,1.7933107854190153,1.0
global_development_oof,regularised_logistic,-1,0.78,66525,30358,747,774,10513,54491,1521,1276,245,636,111,867,3479,0.011228861330326944,0.011634723788049606,0.15803081548290115,0.8191055993987223,0.02286358511837655,0.042031754397522894,0.8389217619986851,0.368282600526118,0.02094999670597536,0.8514056224899599,0.1668545659526494,1.3032694475760993,1.0
global_development_oof,regularised_logistic,-1,0.79,66525,30358,574,704,10193,55054,1278,1065,213,487,87,557,3159,0.008628335212326194,0.010582487786546411,0.1532205937617437,0.8275685832393836,0.019210822998872605,0.03508136240859082,0.8333333333333334,0.3201803833145434,0.016041899993411952,0.8484320557491289,0.13077790304396844,0.8372792183389703,0.9999999999999999
global_development_oof,regularised_logistic,-1,0.8,66525,30358,408,601,9816,55700,1009,831,178,353,55,330,2782,0.006133032694475761,0.009034197670048854,0.14755355129650508,0.8372792183389703,0.015167230364524616,0.02737334475261875,0.8235877106045589,0.2675685832393837,0.011627906976744186,0.8651960784313726,0.08267568583239383,0.496054114994363,1.0
global_development_oof,regularised_logistic,-1,0.81,66525,30358,287,481,9499,56258,768,639,129,252,35,161,2465,0.004314167606163097,0.007230364524614807,0.14278842540398345,0.8456670424652386,0.011544532130777904,0.02104881744515449,0.83203125,0.1939120631341601,0.00830094209104684,0.8780487804878049,0.05261180007515971,0.2420142803457347,1.0
global_development_oof,regularised_logistic,-1,0.82,66525,30358,179,402,9132,56812,581,484,97,158,21,90,2098,0.002690717775272454,0.006042841037204059,0.137271702367531,0.8539947388199924,0.008733558812476512,0.01594307925423282,0.8330464716006885,0.1458098459225855,0.005204558930100797,0.88268156424581,0.03156708004509583,0.13528748590755355,0.9999999999999999
global_development_oof,regularised_logistic,-1,0.83,66525,30358,107,324,8709,57385,431,368,63,101,6,42,1675,0.0016084178880120255,0.004870349492671928,0.130913190529876,0.8626080420894401,0.006478767380683953,0.012122010672639832,0.8538283062645011,0.09470124013528748,0.003326964885697345,0.9439252336448598,0.009019165727170236,0.06313416009019165,1.0
global_development_oof,regularised_logistic,-1,0.84,66525,30358,39,260,8342,57884,299,256,43,36,3,7,1308,0.0005862457722660654,0.003908305148440436,0.12539646749342354,0.87010898158587,0.004494550920706501,0.008432703076619013,0.8561872909698997,0.06463735437805336,0.0011858488701495487,0.9230769230769231,0.004509582863585118,0.010522360015031942,1.0000000000000002
global_development_oof,regularised_logistic,-1,0.85,66525,30358,13,206,7946,58360,219,188,31,13,0,0,912,0.0001954152574220218,0.0030965802329951148,0.11944381811349117,0.8772641863960917,0.0032919954904171364,0.006192766321892087,0.8584474885844748,0.04659902292371289,0.00042822320310955926,1.0,0.0,0.0,1.0
outer_training_history_exact,history_baseline,0,0.3,53190,24059,3862,303,18352,30673,4165,2433,1732,2360,1502,26044,1823,0.07260763301372439,0.005696559503666102,0.34502726076330137,0.5766685467193081,0.07830419251739049,0.10112639760588553,0.5841536614645858,3.256251175032901,0.09809219003283594,0.6110823407560849,2.82383906749389,48.964090994547846,1.0
outer_training_history_exact,history_baseline,0,0.31,53190,24059,3832,490,18532,30336,4322,2553,1769,2374,1458,25365,2003,0.07204361722128219,0.00921225794322241,0.3484113555179545,0.5703327693175408,0.08125587516450461,0.10611413608213142,0.5906987505784359,3.3258131227674377,0.09867409285506464,0.6195198329853863,2.7411167512690353,47.687535250987025,0.9999999999999999
outer_training_history_exact,history_baseline,0,0.32,53190,24059,3832,503,18619,30236,4335,2556,1779,2373,1459,24906,2090,0.07204361722128219,0.009456664786614026,0.35004700131603683,0.5684527166760669,0.08150028200789622,0.10623882954403757,0.5896193771626298,3.344613649182177,0.09863252836776258,0.619258872651357,2.7429968039105095,46.82459108855048,0.9999999999999999
outer_training_history_exact,history_baseline,0,0.33,53190,24059,3828,520,18714,30128,4348,2550,1798,2369,1459,24420,2185,0.07196841511562324,0.009776273735664599,0.35183305132543713,0.5664222598232751,0.08174468885128784,0.10598944262022528,0.5864765409383624,3.3803346493701825,0.09846627041855438,0.6188610240334378,2.7429968039105095,45.91088550479414,1.0
outer_training_history_exact,history_baseline,0,0.34,53190,24059,3820,543,18928,29899,4363,2553,1810,2363,1457,23889,2399,0.07181801090430533,0.01020868584320361,0.35585636397819137,0.5621169392742997,0.08202669674750893,0.10611413608213142,0.5851478340591336,3.40289528106787,0.09821688349474209,0.618586387434555,2.7392366986275616,44.91257755217146,1.0
outer_training_history_exact,history_baseline,0,0.35,53190,24059,3807,579,19151,29653,4386,2558,1828,2350,1457,23253,2622,0.0715736040609137,0.010885504794134237,0.3600488813686783,0.5574920097762738,0.08245910885504794,0.10632195851864168,0.583219334245326,3.4367362286144014,0.09767654515981546,0.6172839506172839,2.7392366986275616,43.71686407219402,1.0
outer_training_history_exact,history_baseline,0,0.36,53190,24059,3799,600,19455,29336,4399,2554,1845,2342,1457,22567,2926,0.07142319984959579,0.011280315848843767,0.3657642413987592,0.5515322429028012,0.08270351569843956,0.10615570056943348,0.5805864969311207,3.4686971235194584,0.09734402926139905,0.6164780205317189,2.7392366986275616,42.42714796014288,1.0
outer_training_history_exact,history_baseline,0,0.37,53190,24059,3753,494,19462,29481,4247,2470,1777,2324,1429,21527,2933,0.07055837563451776,0.009287460048881369,0.36589584508366235,0.5542583192329386,0.07984583568339913,0.10266428363606135,0.5815870025900636,3.3408535438992293,0.09659586848996217,0.6192379429789502,2.6865952246662905,40.47189321300996,1.0
outer_training_history_exact,history_baseline,0,0.38,53190,24059,3738,597,20044,28811,4335,2561,1774,2320,1418,20888,3515,0.07027636773829667,0.011223914269599549,0.3768377514570408,0.5416619665350629,0.08150028200789622,0.10644665198054783,0.5907727797001153,3.335213385974807,0.09642961054075398,0.6206527554842162,2.6659146456100773,39.2705395751081,1.0
outer_training_history_exact,history_baseline,0,0.39,53190,24059,3714,622,20417,28437,4336,2562,1774,2303,1411,20024,3888,0.06982515510434292,0.011693927429968038,0.38385034780973865,0.5346305696559503,0.08151908253431096,0.10648821646784987,0.5908671586715867,3.335213385974807,0.09572301425661914,0.6200861604738827,2.6527542771197594,37.6461740928746,0.9999999999999999
outer_training_history_exact,history_baseline,0,0.4,53190,24059,3644,674,20823,28049,4318,2547,1771,2253,1391,19097,4294,0.06850911825531115,0.0126715548035345,0.39148336153412294,0.5273359654070314,0.08118067305884565,0.10586474915831913,0.5898564150069476,3.3295732280503856,0.09364478989151669,0.6182766190998902,2.61515322429028,35.90336529422824,1.0
outer_training_history_exact,history_baseline,0,0.41,53190,24059,3579,677,21030,27904,4256,2519,1737,2229,1350,18325,4501,0.06728708403835307,0.012727956382778717,0.39537507050197407,0.5246098890768941,0.08001504042113179,0.10470094351386176,0.5918703007518797,3.265651438240271,0.0926472421962675,0.622799664710813,2.5380710659898478,34.45196465501034,0.9999999999999999
outer_training_history_exact,history_baseline,0,0.42,53190,24059,3317,719,21370,27784,4036,2427,1609,2100,1217,17503,4841,0.06236134611769129,0.013517578492197781,0.40176724948298553,0.5223538259071254,0.07587892460988907,0.10087701068207323,0.6013379583746283,3.025004700131604,0.08728542333430317,0.6331022007838408,2.288024064673811,32.906561383718746,1.0
outer_training_history_exact,history_baseline,0,0.43,53190,24059,3317,719,20760,28394,4036,2430,1606,2100,1217,17503,4231,0.06236134611769129,0.013517578492197781,0.39029892836999436,0.5338221470201165,0.07587892460988907,0.10100170414397938,0.6020812685827552,3.0193645422071818,0.08728542333430317,0.6331022007838408,2.288024064673811,32.906561383718746,1.0
outer_training_history_exact,history_baseline,0,0.44,53190,24059,3317,662,19673,29538,3979,2361,1618,2100,1217,17503,3144,0.06236134611769129,0.012445948486557624,0.3698627561571724,0.5553299492385787,0.07480729460424893,0.09813375452013799,0.5933651671274189,3.041925173904869,0.08728542333430317,0.6331022007838408,2.288024064673811,32.906561383718746,1.0
outer_training_history_exact,history_baseline,0,0.45,53190,24059,3317,646,18801,30426,3963,2352,1611,2100,1217,17503,2272,0.06236134611769129,0.01214514006392179,0.35346869712351947,0.5720248166948675,0.07450648618161308,0.09775967413441955,0.5934897804693414,3.0287648054145517,0.08728542333430317,0.6331022007838408,2.288024064673811,32.906561383718746,1.0
outer_training_history_exact,history_baseline,0,0.46,53190,24059,3317,559,17891,31423,3876,2303,1573,2100,1217,17503,1362,0.06236134611769129,0.010509494265839444,0.3363602180861064,0.5907689415303629,0.07287084038353074,0.09572301425661914,0.5941692466460269,2.957322805038541,0.08728542333430317,0.6331022007838408,2.288024064673811,32.906561383718746,1.0
outer_training_history_exact,history_baseline,0,0.47,53190,24059,3317,496,17117,32260,3813,2286,1527,2100,1217,17503,588,0.06236134611769129,0.009325061101710847,0.32180861064109795,0.6065049821394999,0.07168640721940214,0.09501641797248431,0.5995279307631786,2.870840383530739,0.08728542333430317,0.6331022007838408,2.288024064673811,32.906561383718746,1.0
outer_training_history_exact,history_baseline,0,0.48,53190,24059,3317,0,16529,33344,3317,2100,1217,2100,1217,17503,0,0.06236134611769129,0.0,0.31075390110923107,0.6268847527730776,0.06236134611769129,0.08728542333430317,0.6331022007838408,2.288024064673811,0.08728542333430317,0.6331022007838408,2.288024064673811,32.906561383718746,1.0
outer_training_history_exact,history_baseline,0,0.49,53190,24059,3317,0,16529,33344,3317,2100,1217,2100,1217,17503,0,0.06236134611769129,0.0,0.31075390110923107,0.6268847527730776,0.06236134611769129,0.08728542333430317,0.6331022007838408,2.288024064673811,0.08728542333430317,0.6331022007838408,2.288024064673811,32.906561383718746,1.0
outer_training_history_exact,history_baseline,0,0.5,53190,24059,3317,0,16529,33344,3317,2100,1217,2100,1217,17503,0,0.06236134611769129,0.0,0.31075390110923107,0.6268847527730776,0.06236134611769129,0.08728542333430317,0.6331022007838408,2.288024064673811,0.08728542333430317,0.6331022007838408,2.288024064673811,32.906561383718746,1.0
outer_training_history_exact,history_baseline,0,0.51,53190,24059,3317,0,16529,33344,3317,2100,1217,2100,1217,17503,0,0.06236134611769129,0.0,0.31075390110923107,0.6268847527730776,0.06236134611769129,0.08728542333430317,0.6331022007838408,2.288024064673811,0.08728542333430317,0.6331022007838408,2.288024064673811,32.906561383718746,1.0
outer_training_history_exact,history_baseline,0,0.52,53190,24059,3305,0,16529,33356,3305,2098,1207,2098,1207,17335,0,0.06213573980071442,0.0,0.31075390110923107,0.6271103590900545,0.06213573980071442,0.08720229435969908,0.6347957639939485,2.2692235382590713,0.08720229435969908,0.6347957639939485,2.2692235382590713,32.59071253995112,1.0
outer_training_history_exact,history_baseline,0,0.53,53190,24059,3216,579,17435,31960,3795,2335,1460,2060,1156,16021,906,0.0604624929498026,0.010885504794134237,0.32778717804098517,0.600864824215078,0.07134799774393683,0.09705307785028472,0.6152832674571805,2.7448768565519837,0.0856228438422212,0.6405472636815921,2.173340853543899,30.120323369054333,0.9999999999999999
outer_training_history_exact,history_baseline,0,0.54,53190,24059,3169,670,18635,30716,3839,2346,1493,2038,1131,14875,2106,0.059578868208309835,0.01259635269787554,0.3503478097386727,0.5774769693551419,0.07217522090618538,0.09751028721060725,0.6110966397499349,2.8069185937206242,0.08470842512157613,0.6431050804670243,2.12633953750705,27.965783041925175,0.9999999999999999
outer_training_history_exact,history_baseline,0,0.55,53190,24059,3048,769,19950,29423,3817,2393,1424,1969,1079,13582,3421,0.05730400451212634,0.014457604812934762,0.3750705019740553,0.5531678887008836,0.07176160932506111,0.09946381811380356,0.6269321456641341,2.677194961458921,0.08184047549773474,0.645997375328084,2.0285768001504043,25.534874976499342,1.0
outer_training_history_exact,history_baseline,0,0.56,53190,24059,2965,798,21140,28287,3763,2359,1404,1914,1051,12446,4611,0.05574356081970295,0.01500282007896221,0.39744312840759544,0.5318104906937394,0.07074638089866517,0.0980506255455339,0.6268934360882275,2.6395939086294415,0.07955442869612203,0.6455311973018549,1.9759353261891333,23.399135175784924,1.0
outer_training_history_exact,history_baseline,0,0.57,53190,24059,2782,802,21924,27682,3584,2315,1269,1866,916,11058,5395,0.0523030644858056,0.015078022184621169,0.4121827411167513,0.520436172212822,0.06738108667042678,0.09622178810424373,0.6459263392857143,2.3857868020304567,0.07755933330562367,0.6707404744787923,1.7221282195901486,20.789622109419064,1.0
outer_training_history_exact,history_baseline,0,0.58,53190,24059,2746,853,23342,26249,3599,2281,1318,1837,909,10402,6813,0.05162624553487498,0.01603684903177289,0.43884188757285203,0.4934950178605001,0.06766309456664786,0.09480859553597407,0.6337871631008614,2.477909381462681,0.07635396317386425,0.6689730517115805,1.7089678510998307,19.556307576612145,1.0
outer_training_history_exact,history_baseline,0,0.59,53190,24059,2660,821,22878,26831,3481,2209,1272,1785,875,9471,6349,0.05000940026320737,0.015435232186501223,0.43011844331641286,0.5044369242338785,0.06544463244970859,0.09181595245022653,0.6345877621373168,2.3914269599548788,0.0741926098341577,0.6710526315789473,1.6450460612897162,17.805978567399887,1.0
outer_training_history_exact,history_baseline,0,0.6,53190,24059,2534,828,22537,27291,3362,2157,1205,1706,828,8667,6008,0.04764053393495018,0.0155668358714044,0.42370746380898666,0.5130851663846587,0.06320736980635458,0.08965459911051997,0.6415823914336705,2.2654634329761234,0.07090901533729581,0.6732438831886346,1.5566835871404399,16.294416243654823,0.9999999999999999
outer_training_history_exact,history_baseline,0,0.61,53190,24059,2426,794,21886,28084,3220,2058,1162,1644,782,7983,5357,0.0456100770821583,0.014927617973303253,0.41146832111299114,0.5279939838315473,0.060537695055461554,0.0855397148676171,0.6391304347826087,2.184621169392743,0.06833201712456877,0.6776586974443528,1.4702011656326377,15.008460236886632,0.9999999999999999
outer_training_history_exact,history_baseline,0,0.62,53190,24059,2336,775,21373,28706,3111,1990,1121,1593,743,7347,4844,0.04391802970483173,0.0145704079714232,0.4018236510622297,0.5396879112615153,0.05848843767625494,0.08271332973107777,0.6396657023465123,2.1075390110923107,0.06621222827216426,0.6819349315068494,1.3968791126151532,13.812746756909194,0.9999999999999999
outer_training_history_exact,history_baseline,0,0.63,53190,24059,2280,677,20573,29660,2957,1966,991,1569,711,6829,4044,0.04286520022560632,0.012727956382778717,0.38678322993043807,0.557623613461177,0.055593156608385035,0.08171578203582859,0.6648630368616841,1.8631321677006956,0.06521468057691508,0.6881578947368421,1.3367174280879865,12.83887948862568,1.0
outer_training_history_exact,history_baseline,0,0.64,53190,24059,1929,784,21017,29460,2713,1862,851,1390,539,5941,4488,0.03626621545403271,0.014739612709155856,0.39513066365858246,0.5538635081782289,0.05100582816318857,0.07739307535641547,0.6863251013638039,1.599924797894341,0.05777463734984829,0.720580611715915,1.013348373754465,11.169392742996804,0.9999999999999999
outer_training_history_exact,history_baseline,0,0.65,53190,24059,1895,777,20437,30081,2672,1835,837,1375,520,5493,3908,0.035626997555931565,0.01460800902425268,0.3842263583380335,0.5655386350817823,0.05023500658018425,0.07627083419926015,0.686751497005988,1.5736040609137056,0.057151170040317556,0.7255936675461742,0.9776273735664599,10.327129159616469,1.0
outer_training_history_exact,history_baseline,0,0.66,53190,24059,1838,742,20173,30437,2580,1775,805,1339,499,4977,3644,0.034555367550291406,0.013949990599736792,0.3792630193645422,0.5722316224854296,0.048505358150028204,0.0737769649611372,0.687984496124031,1.5134423763865388,0.05565484849744379,0.7285092491838956,0.9381462680955067,9.357021996615906,1.0
outer_training_history_exact,history_baseline,0,0.67,53190,24059,1731,722,20049,30688,2453,1694,759,1263,468,4436,3520,0.03254371122391427,0.013573980071442001,0.3769317540891145,0.5769505546155292,0.04611769129535627,0.07041024148967122,0.6905829596412556,1.4269599548787366,0.05249594746248805,0.729636048526863,0.8798646362098139,8.339913517578493,1.0
outer_training_history_exact,history_baseline,0,0.68,53190,24059,1661,708,19737,31084,2369,1647,722,1221,440,4106,3208,0.031227674374882497,0.013310772701635646,0.3710659898477157,0.5843955630757661,0.04453844707651814,0.06845671058647491,0.6952300548754748,1.3573980071442,0.050750238995801986,0.7350993377483444,0.827223162248543,7.7194961458920845,0.9999999999999999
outer_training_history_exact,history_baseline,0,0.69,53190,24059,1575,704,19600,31311,2279,1599,680,1179,396,3732,3071,0.02961082910321489,0.013235570595976687,0.3684903177288964,0.588663282571912,0.04284639969919158,0.06646161519597656,0.701623519087319,1.2784357962022936,0.04900453052911592,0.7485714285714286,0.7445008460236887,7.016356457980823,1.0
outer_training_history_exact,history_baseline,0,0.7,53190,24059,1494,492,19026,32178,1986,1452,534,1115,379,3390,2497,0.02808798646362098,0.00924985899605189,0.35769881556683586,0.6049633389734913,0.03733784545967287,0.060351635562575334,0.7311178247734139,1.0039481105470953,0.04634440334178478,0.7463186077643909,0.7125399511186313,6.373378454596729,1.0
outer_training_history_exact,history_baseline,0,0.71,53190,24059,1404,493,18951,32342,1897,1377,520,1051,353,3116,2422,0.026395939086294416,0.00926865952246663,0.3562887760857304,0.6080466253055086,0.03566459860876105,0.05723429901492165,0.7258829731154455,0.9776273735664599,0.04368427615445363,0.7485754985754985,0.6636585824403083,5.858244030832863,1.0
outer_training_history_exact,history_baseline,0,0.72,53190,24059,1137,473,18505,33075,1610,1210,400,893,244,2739,1976,0.02137619853355894,0.008892648994171836,0.34790374130475654,0.6218274111675127,0.030268847527730777,0.05029302963547945,0.7515527950310559,0.7520210565895845,0.037117087160729874,0.7854001759014951,0.4587328445196466,5.14946418499718,1.0
outer_training_history_exact,history_baseline,0,0.73,53190,24059,1107,546,18394,33143,1653,1205,448,864,243,2622,1865,0.02081218274111675,0.01026508742244783,0.34581688287272044,0.623105846963715,0.03107727016356458,0.0500852071989692,0.7289776164549304,0.8422635833803347,0.03591171702897045,0.7804878048780488,0.45685279187817257,4.929498025944726,0.9999999999999999
outer_training_history_exact,history_baseline,0,0.74,53190,24059,1030,528,18342,33290,1558,1129,429,802,228,2395,1813,0.0193645422071818,0.009926677946982515,0.34483925549915395,0.6258695243466817,0.029291220154164316,0.046926306164013463,0.7246469833119383,0.8065425831923294,0.0333347188162434,0.7786407766990291,0.42865200225606315,4.502726076330137,1.0
outer_training_history_exact,history_baseline,0,0.75,53190,24059,977,499,18177,33537,1476,1077,399,771,206,2179,1648,0.018368114307200603,0.009381462680955067,0.34173716864072196,0.6305132543711224,0.02774957698815567,0.04476495282430691,0.7296747967479674,0.7501410039481106,0.03204621970987988,0.789150460593654,0.387290844143636,4.096634705771762,1.0
outer_training_history_exact,history_baseline,0,0.76,53190,24059,906,479,18089,33716,1385,1016,369,717,189,1937,1560,0.01703327693175409,0.009005452152660274,0.34008272231622483,0.6338785485993608,0.026038729084414364,0.04222951909888192,0.7335740072202166,0.6937394247038917,0.029801737395569225,0.7913907284768212,0.3553299492385787,3.641661966535063,0.9999999999999999
outer_training_history_exact,history_baseline,0,0.77,53190,24059,754,462,17963,34011,1216,884,332,594,160,1582,1434,0.014175596916713667,0.0086858432036097,0.33771385598796766,0.639424703891709,0.02286144012032337,0.03674300677501143,0.7269736842105263,0.6241774769693551,0.024689305457417182,0.7877984084880637,0.3008084226358338,2.974243278811807,1.0
outer_training_history_exact,history_baseline,0,0.78,53190,24059,732,355,17907,34196,1087,832,255,581,151,1410,1378,0.013761985335589396,0.006674186877232562,0.33666102650874224,0.6429028012784358,0.02043617221282196,0.03458165343530487,0.765409383624655,0.47941342357586014,0.024148967122490542,0.7937158469945356,0.28388794886256813,2.6508742244782852,0.9999999999999999
outer_training_history_exact,history_baseline,0,0.79,53190,24059,685,351,18012,34142,1036,795,241,549,136,1210,1483,0.012878360594096635,0.006598984771573604,0.3386350817822899,0.6418875728520399,0.019477345365670237,0.03304376740512906,0.7673745173745173,0.45309268659522467,0.02281890352882497,0.8014598540145985,0.2556871592404587,2.274863696183493,1.0
outer_training_history_exact,history_baseline,0,0.8,53190,24059,649,318,17933,34290,967,755,212,525,124,1054,1404,0.012201541643166008,0.005978567399887197,0.33714984019552546,0.6446700507614214,0.018180109043053207,0.031381187913047094,0.7807652533609101,0.3985711599924798,0.021821355833575792,0.8089368258859785,0.2331265275427712,1.981575484113555,1.0
outer_training_history_exact,history_baseline,0,0.81,53190,24059,530,337,17915,34408,867,712,155,434,96,903,1386,0.009964278999811995,0.00633577740176725,0.33681143072006015,0.6468885128783606,0.016300056401579246,0.02959391495905898,0.8212226066897347,0.291408159428464,0.01803898748908932,0.8188679245283019,0.18048505358150027,1.697687535250987,1.0
outer_training_history_exact,history_baseline,0,0.82,53190,24059,491,328,17734,34637,819,666,153,403,88,796,1205,0.00923105846963715,0.006166572664034593,0.3334085354389923,0.6511938334273359,0.015397631133671742,0.02768194854316472,0.8131868131868132,0.2876480541455161,0.0167504883827258,0.8207739307535642,0.16544463244970858,1.4965219026132732,1.0
outer_training_history_exact,history_baseline,0,0.83,53190,24059,407,322,17737,34724,729,605,124,345,62,685,1208,0.007651814250799022,0.006053769505546155,0.3334649370182365,0.6528294792254183,0.013705583756345178,0.025146514817739725,0.8299039780521262,0.2331265275427712,0.01433974811920695,0.8476658476658476,0.1165632637713856,1.2878360594096634,0.9999999999999999
outer_training_history_exact,history_baseline,0,0.84,53190,24059,380,261,17427,35122,641,523,118,327,53,603,898,0.007144200037601053,0.004906937394247039,0.3276367738296672,0.6603120887384847,0.012051137431848092,0.021738226858971695,0.8159126365054602,0.22184621169392743,0.013591587347770065,0.8605263157894737,0.09964278999811994,1.1336717428087986,1.0
outer_training_history_exact,history_baseline,0,0.85,53190,24059,316,241,17364,35269,557,459,98,268,48,489,835,0.005940966347057717,0.004530926865952247,0.32645234066553863,0.6630757661214514,0.010471893213009965,0.01907809967164055,0.8240574506283662,0.1842451588644482,0.011139282596949166,0.8481012658227848,0.09024252679075014,0.9193457416807671,1.0
outer_training_history_exact,history_baseline,1,0.3,53140,24278,3860,308,18179,30793,4168,2431,1737,2360,1500,26407,1887,0.07263831388784343,0.0057960105382009785,0.34209634926608956,0.579469326307866,0.07843432442604441,0.10013180657385287,0.583253358925144,3.2687241249529544,0.0972073482164923,0.6113989637305699,2.822732404968009,49.693263078660145,1.0
outer_training_history_exact,history_baseline,1,0.31,53140,24278,3831,502,18394,30413,4333,2569,1764,2392,1439,25689,2102,0.07209258562288295,0.00944674444862627,0.3461422657132104,0.5723184042152804,0.08153933007150922,0.10581596507125793,0.592891760904685,3.3195333082423786,0.09852541395502101,0.6243800574262595,2.7079412871659767,48.34211516748212,1.0
outer_training_history_exact,history_baseline,1,0.32,53140,24278,3830,514,18490,30306,4344,2566,1778,2392,1438,25231,2198,0.07207376740684983,0.00967256304102371,0.3479488144523899,0.5703048550997365,0.08174633044787354,0.10569239640827086,0.5906998158379374,3.3458788106887467,0.09852541395502101,0.6245430809399478,2.7060594655626646,47.48024087316522,0.9999999999999999
outer_training_history_exact,history_baseline,1,0.33,53140,24278,3827,526,18569,30218,4353,2565,1788,2394,1433,24761,2277,0.07201731275875047,0.009898381633421152,0.3494354535190064,0.568648852088822,0.08191569439217163,0.10565120685394185,0.5892487939352171,3.3646970267218665,0.09860779306367905,0.6255552652207996,2.6966503575461047,46.59578471960858,1.0
outer_training_history_exact,history_baseline,1,0.34,53140,24278,3823,543,18733,30041,4366,2573,1793,2393,1430,24270,2441,0.07194203989461799,0.010218291305984192,0.3525216409484381,0.5653180278509597,0.08216033120060218,0.10598072328857401,0.5893266147503435,3.374106134738427,0.09856660350935002,0.625948208213445,2.6910048927361685,45.671810312382384,1.0
outer_training_history_exact,history_baseline,1,0.35,53140,24278,3814,573,18913,29840,4387,2584,1803,2381,1433,23655,2621,0.07177267595031991,0.010782837786977794,0.3559089198343997,0.5615355664283026,0.0825555137372977,0.10643380838619326,0.5890129929336676,3.3929243507715467,0.09807232885740176,0.624278972207656,2.6966503575461047,44.514490026345506,0.9999999999999999
outer_training_history_exact,history_baseline,1,0.36,53140,24278,3810,590,19138,29602,4400,2586,1814,2373,1437,23012,2846,0.07169740308618743,0.011102747459540836,0.3601430184418517,0.55705683101242,0.08280015054572827,0.10651618749485131,0.5877272727272728,3.413624388407979,0.09774281242276958,0.6228346456692914,2.7041776439593526,43.304478735415884,1.0
outer_training_history_exact,history_baseline,1,0.37,53140,24278,3765,467,19122,29786,4232,2479,1753,2339,1426,21997,2830,0.07085058336469703,0.008788106887467069,0.3598419269853218,0.5605193827625141,0.0796386902521641,0.10210890518164593,0.5857750472589792,3.2988332706059467,0.09634236757558283,0.6212483399734395,2.6834776063229206,41.3944298080542,1.0
outer_training_history_exact,history_baseline,1,0.38,53140,24278,3747,582,19617,29194,4329,2596,1733,2336,1411,21407,3325,0.07051185547610087,0.010952201731275875,0.3691569439217162,0.549378998870907,0.08146405720737675,0.10692808303814152,0.5996765996765997,3.2611968385397065,0.09621879891259577,0.6234320789965305,2.6552502822732404,40.28415506210011,0.9999999999999999
outer_training_history_exact,history_baseline,1,0.39,53140,24278,3718,607,19933,28882,4325,2604,1721,2316,1402,20622,3641,0.06996612721114039,0.011422657132103876,0.37510350018818217,0.5435077154685736,0.08138878434324426,0.1072575994727737,0.6020809248554914,3.2386149792999626,0.09539500782601532,0.6229155459924691,2.6383138878434322,38.80692510350019,1.0
outer_training_history_exact,history_baseline,1,0.4,53140,24278,3654,663,20334,28489,4317,2591,1726,2274,1380,19734,4042,0.0687617613850207,0.0124764772299586,0.3826496048174633,0.5361121565675574,0.0812382386149793,0.10672213526649642,0.6001853138753764,3.2480240873165225,0.0936650465441964,0.6223316912972086,2.5969138125705684,37.135867519759124,1.0
outer_training_history_exact,history_baseline,1,0.41,53140,24278,3587,664,20498,28391,4251,2558,1693,2245,1342,19034,4206,0.06750094091080165,0.01249529544599172,0.38573579224689497,0.5342679713963117,0.07999623635679337,0.10536287997363869,0.6017407668783815,3.1859239744072263,0.09247054946865475,0.6258712015611932,2.525404591644712,35.818592397440725,0.9999999999999999
outer_training_history_exact,history_baseline,1,0.42,53140,24278,3333,703,20744,28360,4036,2466,1570,2119,1214,18343,4452,0.06272111403838916,0.013229205871283402,0.39036507339104254,0.5336846066992849,0.07595031990967256,0.10157344097536865,0.6110009910802775,2.9544599171998494,0.08728066562319796,0.6357635763576358,2.2845314264207754,34.518253669552124,1.0
outer_training_history_exact,history_baseline,1,0.43,53140,24278,3333,703,20136,28968,4036,2468,1568,2119,1214,18343,3844,0.06272111403838916,0.013229205871283402,0.37892359804290554,0.5451260820474219,0.07595031990967256,0.1016558200840267,0.6114965312190287,2.9506962739932256,0.08728066562319796,0.6357635763576358,2.2845314264207754,34.518253669552124,1.0
outer_training_history_exact,history_baseline,1,0.44,53140,24278,3333,638,19132,30037,3971,2380,1591,2119,1214,18343,2840,0.06272111403838916,0.012006021829130598,0.360030109145653,0.5652427549868273,0.07472713586751976,0.09803113930307274,0.5993452530848653,2.9939781708694015,0.08728066562319796,0.6357635763576358,2.2845314264207754,34.518253669552124,1.0000000000000002
outer_training_history_exact,history_baseline,1,0.45,53140,24278,3333,617,18339,30851,3950,2374,1576,2119,1214,18343,2047,0.06272111403838916,0.011610839292435077,0.3451072638313888,0.580560782837787,0.07433195333082424,0.0977840019770986,0.6010126582278481,2.9657508468197213,0.08728066562319796,0.6357635763576358,2.2845314264207754,34.518253669552124,1.0
outer_training_history_exact,history_baseline,1,0.46,53140,24278,3333,527,17477,31803,3860,2316,1544,2119,1214,18343,1185,0.06272111403838916,0.009917199849454272,0.3288859616108393,0.5984757245013173,0.07263831388784343,0.09539500782601532,0.6,2.9055325555137372,0.08728066562319796,0.6357635763576358,2.2845314264207754,34.518253669552124,1.0
outer_training_history_exact,history_baseline,1,0.47,53140,24278,3333,462,16775,32570,3795,2298,1497,2119,1214,18343,483,0.06272111403838916,0.008694015807301468,0.315675573955589,0.6129092961987204,0.07141512984569062,0.09465359584809292,0.6055335968379446,2.817086940158073,0.08728066562319796,0.6357635763576358,2.2845314264207754,34.518253669552124,1.0
outer_training_history_exact,history_baseline,1,0.48,53140,24278,3333,0,16292,33515,3333,2119,1214,2119,1214,18343,0,0.06272111403838916,0.0,0.306586375611592,0.6306925103500188,0.06272111403838916,0.08728066562319796,0.6357635763576358,2.2845314264207754,0.08728066562319796,0.6357635763576358,2.2845314264207754,34.518253669552124,1.0
outer_training_history_exact,history_baseline,1,0.49,53140,24278,3333,0,16292,33515,3333,2119,1214,2119,1214,18343,0,0.06272111403838916,0.0,0.306586375611592,0.6306925103500188,0.06272111403838916,0.08728066562319796,0.6357635763576358,2.2845314264207754,0.08728066562319796,0.6357635763576358,2.2845314264207754,34.518253669552124,1.0
outer_training_history_exact,history_baseline,1,0.5,53140,24278,3333,0,16292,33515,3333,2119,1214,2119,1214,18343,0,0.06272111403838916,0.0,0.306586375611592,0.6306925103500188,0.06272111403838916,0.08728066562319796,0.6357635763576358,2.2845314264207754,0.08728066562319796,0.6357635763576358,2.2845314264207754,34.518253669552124,1.0
outer_training_history_exact,history_baseline,1,0.51,53140,24278,3333,0,16292,33515,3333,2119,1214,2119,1214,18343,0,0.06272111403838916,0.0,0.306586375611592,0.6306925103500188,0.06272111403838916,0.08728066562319796,0.6357635763576358,2.2845314264207754,0.08728066562319796,0.6357635763576358,2.2845314264207754,34.518253669552124,1.0
outer_training_history_exact,history_baseline,1,0.52,53140,24278,3323,0,16292,33525,3323,2117,1206,2117,1206,18172,0,0.06253293187805796,0.0,0.306586375611592,0.6308806925103501,0.06253293187805796,0.08719828651453991,0.6370749322900993,2.2694768535942793,0.08719828651453991,0.6370749322900993,2.2694768535942793,34.196462175385776,1.0
outer_training_history_exact,history_baseline,1,0.53,53140,24278,3218,614,17280,32028,3832,2377,1455,2072,1146,16744,988,0.060557019194580355,0.011554384644335718,0.32517877305231463,0.6027098231087693,0.07211140383891607,0.09790757064008568,0.6203027139874739,2.738050432818969,0.08534475656973392,0.6438781852082038,2.156567557395559,31.50922092585623,0.9999999999999999
outer_training_history_exact,history_baseline,1,0.54,53140,24278,3166,695,18579,30700,3861,2372,1489,2050,1116,15528,2287,0.05957847196085811,0.013078660143018441,0.3496236356793376,0.5777192322167859,0.07265713210387656,0.09770162286844056,0.6143486143486143,2.802032367331577,0.08443858637449543,0.6475047378395452,2.1001129092961985,29.22092585622883,1.0
outer_training_history_exact,history_baseline,1,0.55,53140,24278,3063,788,19948,29341,3851,2429,1422,1996,1067,14169,3656,0.05764019570944674,0.014828754234098608,0.37538577342867896,0.5521452766277757,0.07246894994354536,0.10004942746519482,0.6307452609711763,2.6759503199096724,0.08221435044072824,0.6516487104146261,2.0079036507339105,26.663530297327814,1.0
outer_training_history_exact,history_baseline,1,0.56,53140,24278,2987,812,21153,28188,3799,2396,1403,1946,1041,13016,4861,0.05621001129092962,0.015280391418893488,0.3980617237485886,0.5304478735415883,0.07149040270982311,0.0986901721723371,0.6306922874440642,2.6401957094467443,0.08015487272427713,0.6514897890860395,1.9589762890477982,24.49378998870907,1.0
outer_training_history_exact,history_baseline,1,0.57,53140,24278,2797,818,21926,27599,3615,2354,1261,1893,904,11628,5634,0.052634550244636806,0.01539330071509221,0.41260820474219045,0.5193639442980805,0.06802785095972902,0.09696021089051816,0.6511756569847856,2.3729770417764398,0.07797182634483894,0.6767965677511619,1.7011667293940533,21.881821603312005,1.0
outer_training_history_exact,history_baseline,1,0.58,53140,24278,2773,863,23415,26089,3636,2329,1307,1869,904,10910,7123,0.05218291305984193,0.01624012043658261,0.4406285284155062,0.49094843808806926,0.06842303349642453,0.09593047203229262,0.6405390539053906,2.459540835528792,0.07698327704094242,0.6739992787594663,1.7011667293940533,20.530673692133984,1.0
outer_training_history_exact,history_baseline,1,0.59,53140,24278,2689,831,22915,26705,3520,2256,1264,1814,875,9899,6623,0.05060218291305984,0.01563793752352277,0.4312194203989462,0.5025404591644712,0.06624012043658262,0.09292363456627399,0.6409090909090909,2.3786225065863755,0.0747178515528462,0.6746002231312755,1.6465939028980052,18.62815205118555,1.0
outer_training_history_exact,history_baseline,1,0.6,53140,24278,2566,833,22594,27147,3399,2214,1185,1751,815,8987,6302,0.048287542340986075,0.01567557395558901,0.42517877305231466,0.5108581106511103,0.06396311629657508,0.09119367328445506,0.6513680494263019,2.229958599924727,0.0721229096301178,0.6823850350740452,1.5336846066992849,16.911930748965,1.0
outer_training_history_exact,history_baseline,1,0.61,53140,24278,2459,803,22002,27876,3262,2111,1151,1686,773,8186,5710,0.04627399322544223,0.015111027474595409,0.41403838916070757,0.5245765901392548,0.06138502070003764,0.08695114918856578,0.6471489883507051,2.165976665412119,0.06944558859873136,0.6856445709638064,1.4546480993601807,15.404591644712081,1.0
outer_training_history_exact,history_baseline,1,0.62,53140,24278,2367,790,21591,28392,3157,2056,1101,1638,729,7436,5299,0.04454271735039518,0.014866390666164847,0.4063041023710952,0.5342867896123448,0.05940910801656003,0.08468572370046956,0.6512511878365537,2.071885585246519,0.0674684899909383,0.6920152091254753,1.3718479488144524,13.993225442228077,1.0
outer_training_history_exact,history_baseline,1,0.63,53140,24278,2314,692,20848,29286,3006,2004,1002,1602,712,6848,4556,0.04354535190063982,0.013022205494919082,0.392322167858487,0.5511102747459541,0.0565675573955589,0.0825438668753604,0.6666666666666666,1.88558524651863,0.0659856660350935,0.6923076923076923,1.3398569815581483,12.886714339480617,0.9999999999999999
outer_training_history_exact,history_baseline,1,0.64,53140,24278,1951,783,21310,29096,2734,1875,859,1400,551,5926,5018,0.03671433948061724,0.014734663153933007,0.4010161836657885,0.5475348136996613,0.051449002634550246,0.07723041436691655,0.6858083394294074,1.6164847572450132,0.057665376060631025,0.7175807278318811,1.0368837034249154,11.151674821226948,1.0
outer_training_history_exact,history_baseline,1,0.65,53140,24278,1901,779,20674,29786,2680,1840,840,1375,526,5459,4382,0.03577342867896124,0.014659390289800527,0.3890477982687241,0.5605193827625141,0.05043281896876176,0.07578877996540077,0.6865671641791045,1.5807301467820851,0.05663563720240547,0.7233035244608101,0.9898381633421152,10.27286413248024,1.0
outer_training_history_exact,history_baseline,1,0.66,53140,24278,1836,747,20337,30220,2583,1788,795,1332,504,4925,4045,0.03455024463680843,0.014057207376740684,0.3827060594655627,0.5686864885208882,0.048607452013549116,0.07364692314029163,0.6922183507549361,1.4960481746330447,0.054864486366257514,0.7254901960784313,0.948438088069251,9.26797139631163,1.0
outer_training_history_exact,history_baseline,1,0.67,53140,24278,1724,727,20142,30547,2451,1704,747,1250,474,4344,3850,0.032442604441098984,0.013680843056078284,0.37903650733910427,0.5748400451637184,0.04612344749717727,0.07018700057665377,0.6952264381884945,1.4057207376740686,0.0514869429112777,0.7250580046403712,0.8919834399698908,8.174633044787354,1.0
outer_training_history_exact,history_baseline,1,0.68,53140,24278,1654,708,19783,30995,2362,1647,715,1204,450,3950,3491,0.03112532931878058,0.013323296951449003,0.3722807677832142,0.5832706059465562,0.04444862627022958,0.0678391959798995,0.6972904318374259,1.3455024463680842,0.04959222341214268,0.727932285368803,0.8468197214904027,7.433195333082423,0.9999999999999999
outer_training_history_exact,history_baseline,1,0.69,53140,24278,1570,708,19634,31228,2278,1602,676,1168,402,3514,3342,0.029544599171998493,0.013323296951449003,0.3694768535942793,0.5876552502822733,0.0428678961234475,0.0659856660350935,0.7032484635645303,1.272111403838916,0.048109399456297886,0.7439490445859872,0.7564922845314265,6.612721114038389,1.0
outer_training_history_exact,history_baseline,1,0.7,53140,24278,1479,519,19048,32094,1998,1445,553,1093,386,3126,2756,0.02783214151298457,0.009766654121189312,0.3584493789988709,0.6039518253669552,0.03759879563417388,0.05951890600543702,0.7232232232232232,1.0406473466315393,0.04502018288162122,0.7390128465179175,0.7263831388784343,5.882574331953331,0.9999999999999999
outer_training_history_exact,history_baseline,1,0.71,53140,24278,1366,508,19025,32241,1874,1344,530,1006,360,2810,2733,0.025705683101242,0.009559653744824991,0.3580165600301091,0.6067181031238239,0.035265336846066996,0.055358761018205783,0.7171824973319103,0.9973654497553632,0.04143669165499629,0.7364568081991215,0.6774557771923222,5.287918705306737,1.0
outer_training_history_exact,history_baseline,1,0.72,53140,24278,1088,484,18577,32991,1572,1172,400,845,243,2416,2285,0.020474219044034625,0.009108016560030109,0.34958599924727135,0.6208317651486639,0.029582235604064734,0.04827415767361397,0.7455470737913485,0.7527286413248024,0.03480517340802373,0.7766544117647058,0.45728264960481746,4.546480993601807,1.0
outer_training_history_exact,history_baseline,1,0.73,53140,24278,1051,537,18446,33106,1588,1147,441,816,235,2293,2154,0.019777945050809185,0.010105382009785472,0.34712081294693264,0.6229958599924728,0.029883327060594655,0.04724441881538842,0.7222921914357683,0.8298833270605946,0.03361067633248208,0.7764034253092293,0.44222807677832143,4.3150169363944295,1.0
outer_training_history_exact,history_baseline,1,0.74,53140,24278,948,517,18360,33315,1465,1058,407,736,212,2070,2068,0.01783966879939782,0.00972901768912307,0.3455024463680843,0.6269288671433948,0.02756868648852089,0.04357854848010544,0.7221843003412969,0.7659013925479865,0.03031551198616031,0.7763713080168776,0.39894617990214526,3.8953707188558524,0.9999999999999999
outer_training_history_exact,history_baseline,1,0.75,53140,24278,886,489,18136,33629,1375,1000,375,699,187,1858,1844,0.016672939405344374,0.00920210764019571,0.3412871659766654,0.6328377869777945,0.025875047045540084,0.04118955432902216,0.7272727272727273,0.7056831012420023,0.02879149847598649,0.7889390519187359,0.3519006398193451,3.496424538953707,1.0
outer_training_history_exact,history_baseline,1,0.76,53140,24278,811,468,17975,33886,1279,930,349,638,173,1642,1683,0.01526157320286037,0.008806925103500188,0.3382574331953331,0.6376740684983063,0.024068498306360556,0.03830628552599061,0.727130570758405,0.6567557395558901,0.02627893566191614,0.7866831072749692,0.32555513737297703,3.0899510726383137,1.0
outer_training_history_exact,history_baseline,1,0.77,53140,24278,670,453,17741,34276,1123,813,310,530,140,1350,1449,0.01260820474219044,0.008524651863003387,0.33385397064358296,0.6450131727512232,0.021132856605193828,0.03348710766949502,0.723953695458593,0.5833646970267219,0.021830463794381746,0.7910447761194029,0.26345502446368085,2.540459164471208,1.0
outer_training_history_exact,history_baseline,1,0.78,53140,24278,647,345,17594,34554,992,762,230,518,129,1209,1302,0.012175385773428679,0.006492284531426421,0.33108769288671436,0.6502446368084306,0.0186676703048551,0.03138644039871489,0.7681451612903226,0.4328189687617614,0.02133618914243348,0.8006182380216383,0.24275498682724878,2.275122318404215,1.0
outer_training_history_exact,history_baseline,1,0.79,53140,24278,605,335,17652,34548,940,730,210,491,114,1044,1360,0.011385020700037636,0.00630410237109522,0.3321791494166353,0.6501317275122318,0.017689123071132858,0.03006837466018618,0.776595744680851,0.3951825366955213,0.02022407117554988,0.8115702479338843,0.21452766277756868,1.9646217538577342,1.0
outer_training_history_exact,history_baseline,1,0.8,53140,24278,570,305,17528,34737,875,685,190,467,103,907,1236,0.010726383138878434,0.005739555890101619,0.3298456906285284,0.6536883703424915,0.016465939028980053,0.028214844715380178,0.7828571428571428,0.35754610462928116,0.01923552187165335,0.8192982456140351,0.19382762514113663,1.7068121942039896,1.0
outer_training_history_exact,history_baseline,1,0.81,53140,24278,468,315,17480,34877,783,649,134,390,78,773,1188,0.008806925103500188,0.005927738050432819,0.32894241625893866,0.6563229205871284,0.014734663153933007,0.02673202075953538,0.8288633461047255,0.2521640948438088,0.01606392618831864,0.8333333333333334,0.14678208505833648,1.4546480993601807,1.0
outer_training_history_exact,history_baseline,1,0.82,53140,24278,433,304,17310,35093,737,603,134,364,69,678,1018,0.008148287542340987,0.005720737674068498,0.32574331953330826,0.6603876552502823,0.013869025216409484,0.024837301260400364,0.8181818181818182,0.2521640948438088,0.014992997775764067,0.8406466512702079,0.1298456906285284,1.27587504704554,1.0
outer_training_history_exact,history_baseline,1,0.83,53140,24278,365,295,17324,35156,660,547,113,315,50,580,1032,0.006868648852088822,0.005551373729770418,0.32600677455777194,0.6615732028603688,0.012420022581859239,0.022530686217975122,0.8287878787878787,0.21264584117425667,0.01297470961364198,0.863013698630137,0.0940910801656003,1.0914565299209635,1.0
outer_training_history_exact,history_baseline,1,0.84,53140,24278,337,234,17067,35502,571,468,103,295,42,510,775,0.0063417388031614605,0.004403462551750094,0.3211704930372601,0.6680843056078284,0.010745201354911554,0.01927671142598237,0.819614711033275,0.19382762514113663,0.012150918527061537,0.8753709198813057,0.07903650733910425,0.9597290176891231,1.0
outer_training_history_exact,history_baseline,1,0.85,53140,24278,283,212,17018,35627,495,405,90,241,42,416,726,0.005325555137372977,0.003989461799021453,0.32024840045163716,0.6704365826119684,0.00931501693639443,0.016681769503253976,0.8181818181818182,0.16936394429808055,0.00992668259329434,0.8515901060070671,0.07903650733910425,0.7828377869777945,1.0
outer_training_history_exact,history_baseline,2,0.3,53240,24315,3880,309,17822,31229,4189,2472,1717,2398,1482,26953,1945,0.07287753568745305,0.005803906836964688,0.334748309541698,0.5865702479338843,0.07868144252441774,0.10166563849475632,0.5901169730245882,3.2250187828700225,0.09862224964013983,0.6180412371134021,2.7836213373403456,50.625469571750564,1.0
outer_training_history_exact,history_baseline,2,0.31,53240,24315,3851,505,18023,30861,4356,2597,1759,2415,1436,26231,2146,0.0723328324567994,0.00948534936138242,0.3385236664162284,0.5796581517655898,0.08181818181818182,0.10680649804647337,0.5961891643709826,3.3039068369646882,0.09932140653917335,0.6271098415995845,2.6972201352366643,49.269346356123215,1.0
outer_training_history_exact,history_baseline,2,0.32,53240,24315,3850,513,18123,30754,4363,2598,1765,2418,1432,25763,2246,0.07231404958677685,0.009635612321562735,0.34040195341848234,0.577648384673178,0.08194966190833959,0.1068476249228871,0.5954618381847353,3.315176558978212,0.09944478716841455,0.6280519480519481,2.6897069872276482,48.39030803906837,1.0
outer_training_history_exact,history_baseline,2,0.33,53240,24315,3846,528,18213,30653,4374,2589,1785,2415,1431,25277,2336,0.0722389181066867,0.009917355371900827,0.3420924117205109,0.5757513148009016,0.08215627347858753,0.10647748303516348,0.5919067215363512,3.3527422990232907,0.09932140653917335,0.6279251170046802,2.687828700225394,47.477460555972954,1.0
outer_training_history_exact,history_baseline,2,0.34,53240,24315,3838,545,18402,30455,4383,2598,1785,2414,1424,24751,2525,0.07208865514650639,0.010236664162283996,0.34564237415477084,0.5720323065364388,0.08232531930879039,0.1068476249228871,0.5927446954140999,3.3527422990232907,0.09928027966275961,0.6289734236581553,2.674680691209617,46.48948159278738,1.0
outer_training_history_exact,history_baseline,2,0.35,53240,24315,3824,581,18615,30220,4405,2601,1804,2394,1430,24089,2738,0.07182569496619083,0.010912847483095418,0.34964312546957177,0.567618332081142,0.08273854244928625,0.10697100555212831,0.5904653802497162,3.3884297520661155,0.09845774213448488,0.6260460251046025,2.6859504132231407,45.24605559729527,1.0
outer_training_history_exact,history_baseline,2,0.36,53240,24315,3816,596,18878,29950,4412,2597,1815,2388,1428,23405,3001,0.07167543200601052,0.011194590533433508,0.35458302028549965,0.5625469571750563,0.08287002253944403,0.10680649804647337,0.5886219401631912,3.409090909090909,0.09821098087600247,0.6257861635220126,2.6821938392186326,43.96130728775357,1.0
outer_training_history_exact,history_baseline,2,0.37,53240,24315,3780,488,18849,30123,4268,2492,1776,2351,1429,22371,2972,0.07099924868519909,0.009166040570999248,0.354038317054846,0.5657963936889556,0.08016528925619834,0.10248817602303105,0.5838800374882849,3.335837716003005,0.09668928644869422,0.6219576719576719,2.6840721262208866,42.01915852742299,1.0
outer_training_history_exact,history_baseline,2,0.38,53240,24315,3764,593,19387,29496,4357,2599,1758,2350,1414,21746,3510,0.07069872276483846,0.01113824192336589,0.3641435011269722,0.5540195341848234,0.08183696468820435,0.10688875179930084,0.5965113610282304,3.3020285499624342,0.09664815957228048,0.6243358129649309,2.6558978211870774,40.84522915101427,1.0
outer_training_history_exact,history_baseline,2,0.39,53240,24315,3735,617,19705,29183,4352,2592,1760,2329,1406,20943,3828,0.07015401953418482,0.011589030803906837,0.37011645379413977,0.5481404958677686,0.08174305033809166,0.10660086366440469,0.5955882352941176,3.3057851239669422,0.09578449516759202,0.6235609103078983,2.6408715251690458,39.33696468820436,1.0
outer_training_history_exact,history_baseline,2,0.4,53240,24315,3665,670,20021,28884,4335,2567,1768,2282,1383,20110,4144,0.06883921863260706,0.012584522915101428,0.3760518407212622,0.5425244177310293,0.08142374154770848,0.10557269175406128,0.592156862745098,3.320811419984974,0.09385153197614642,0.6226466575716235,2.597670924117205,37.77235161532682,1.0
outer_training_history_exact,history_baseline,2,0.41,53240,24315,3600,671,20124,28845,4271,2547,1724,2259,1341,19418,4247,0.067618332081142,0.012603305785123966,0.3779864763335838,0.5417918858001503,0.08022163786626596,0.10475015422578655,0.5963474596113323,3.2381667918858,0.09290561381863048,0.6275,2.5187828700225396,36.47257700976709,0.9999999999999999
outer_training_history_exact,history_baseline,2,0.42,53240,24315,3360,713,20404,28763,4073,2476,1597,2141,1219,18636,4527,0.06311044327573254,0.013392186326070624,0.38324567993989483,0.540251690458302,0.07650262960180315,0.10183014600041126,0.607905720599067,2.999624342599549,0.08805264240180959,0.6372023809523809,2.289631855747558,35.003756574004505,1.0
outer_training_history_exact,history_baseline,2,0.43,53240,24315,3360,713,19790,29377,4073,2476,1597,2141,1219,18636,3913,0.06311044327573254,0.013392186326070624,0.3717129977460556,0.5517843726521412,0.07650262960180315,0.10183014600041126,0.607905720599067,2.999624342599549,0.08805264240180959,0.6372023809523809,2.289631855747558,35.003756574004505,1.0
outer_training_history_exact,history_baseline,2,0.44,53240,24315,3360,653,18738,30489,4013,2400,1613,2141,1219,18636,2861,0.06311044327573254,0.012265214124718257,0.3519534184823441,0.5726709241172051,0.07537565740045078,0.09870450339296731,0.598056316969848,3.0296769346356123,0.08805264240180959,0.6372023809523809,2.289631855747558,35.003756574004505,1.0
outer_training_history_exact,history_baseline,2,0.45,53240,24315,3360,630,17929,31321,3990,2388,1602,2141,1219,18636,2052,0.06311044327573254,0.01183320811419985,0.33675807663410967,0.588298271975958,0.07494365138993238,0.09821098087600247,0.5984962406015037,3.009015777610819,0.08805264240180959,0.6372023809523809,2.289631855747558,35.003756574004505,1.0
outer_training_history_exact,history_baseline,2,0.46,53240,24315,3360,546,17110,32224,3906,2341,1565,2141,1219,18636,1233,0.06311044327573254,0.010255447032306537,0.3213749060856499,0.605259203606311,0.07336589030803907,0.09627801768455686,0.5993343573988735,2.939519158527423,0.08805264240180959,0.6372023809523809,2.289631855747558,35.003756574004505,1.0
outer_training_history_exact,history_baseline,2,0.47,53240,24315,3360,477,16422,32981,3837,2318,1519,2141,1219,18636,545,0.06311044327573254,0.008959429000751315,0.30845229151014275,0.6194778362133734,0.07206987227648384,0.09533209952704091,0.6041178003648684,2.8531179564237417,0.08805264240180959,0.6372023809523809,2.289631855747558,35.003756574004505,1.0
outer_training_history_exact,history_baseline,2,0.48,53240,24315,3360,0,15877,34003,3360,2141,1219,2141,1219,18636,0,0.06311044327573254,0.0,0.2982156273478588,0.6386739293764088,0.06311044327573254,0.08805264240180959,0.6372023809523809,2.289631855747558,0.08805264240180959,0.6372023809523809,2.289631855747558,35.003756574004505,1.0
outer_training_history_exact,history_baseline,2,0.49,53240,24315,3360,0,15877,34003,3360,2141,1219,2141,1219,18636,0,0.06311044327573254,0.0,0.2982156273478588,0.6386739293764088,0.06311044327573254,0.08805264240180959,0.6372023809523809,2.289631855747558,0.08805264240180959,0.6372023809523809,2.289631855747558,35.003756574004505,1.0
outer_training_history_exact,history_baseline,2,0.5,53240,24315,3360,0,15877,34003,3360,2141,1219,2141,1219,18636,0,0.06311044327573254,0.0,0.2982156273478588,0.6386739293764088,0.06311044327573254,0.08805264240180959,0.6372023809523809,2.289631855747558,0.08805264240180959,0.6372023809523809,2.289631855747558,35.003756574004505,1.0
outer_training_history_exact,history_baseline,2,0.51,53240,24315,3360,0,15877,34003,3360,2141,1219,2141,1219,18636,0,0.06311044327573254,0.0,0.2982156273478588,0.6386739293764088,0.06311044327573254,0.08805264240180959,0.6372023809523809,2.289631855747558,0.08805264240180959,0.6372023809523809,2.289631855747558,35.003756574004505,1.0
outer_training_history_exact,history_baseline,2,0.52,53240,24315,3348,0,15877,34015,3348,2137,1211,2137,1211,18466,0,0.06288504883546206,0.0,0.2982156273478588,0.6388993238166792,0.06288504883546206,0.08788813489615464,0.6382915173237754,2.2746055597295265,0.08788813489615464,0.6382915173237754,2.2746055597295265,34.68444778362134,1.0
outer_training_history_exact,history_baseline,2,0.53,53240,24315,3251,598,16838,32553,3849,2386,1463,2100,1151,17081,961,0.06106311044327573,0.011232156273478587,0.3162659654395192,0.6114387678437265,0.07229526671675432,0.098128727123175,0.6199012730579371,2.7479338842975207,0.0863664404688464,0.6459550907413104,2.16190833959429,32.08302028549962,1.0
outer_training_history_exact,history_baseline,2,0.54,53240,24315,3198,679,18091,31272,3877,2396,1481,2075,1123,15905,2214,0.060067618332081144,0.012753568745304282,0.3398009015777611,0.5873779113448535,0.07282118707738543,0.09853999588731235,0.6180036110394636,2.7817430503380915,0.08533826855850297,0.6488430268918074,2.1093163035311795,29.874154770848985,1.0
outer_training_history_exact,history_baseline,2,0.55,53240,24315,3085,773,19440,29942,3858,2436,1422,2008,1077,14575,3563,0.057945154019534185,0.01451915852742299,0.3651389932381668,0.562396694214876,0.07246431254695718,0.10018507094386181,0.6314152410575428,2.670924117205109,0.08258276783878264,0.6508914100486224,2.022915101427498,27.376033057851238,1.0
outer_training_history_exact,history_baseline,2,0.56,53240,24315,3015,806,20638,28781,3821,2404,1417,1960,1055,13414,4761,0.056630353117956424,0.015138993238166792,0.3876408715251691,0.5405897821187078,0.07176934635612321,0.09886901089862225,0.6291546715519497,2.6615326821938394,0.0806086777709233,0.6500829187396352,1.9815927873779113,25.19534184823441,1.0
outer_training_history_exact,history_baseline,2,0.57,53240,24315,2832,810,21475,28123,3642,2367,1275,1912,920,11955,5598,0.053193087903831704,0.01521412471825695,0.40336213373403457,0.5282306536438768,0.06840721262208865,0.097347316471314,0.6499176276771005,2.394815927873779,0.07863458770306395,0.6751412429378532,1.7280240420736288,22.454921111945904,1.0
outer_training_history_exact,history_baseline,2,0.58,53240,24315,2800,856,22994,26590,3656,2340,1316,1888,912,11216,7117,0.05259203606311044,0.016078136739293765,0.43189331329827196,0.4994365138993238,0.06867017280240421,0.09623689080814313,0.6400437636761488,2.4718256949661908,0.07764754266913428,0.6742857142857143,1.7129977460555974,21.06686701728024,1.0
outer_training_history_exact,history_baseline,2,0.59,53240,24315,2727,825,22540,27148,3552,2290,1262,1848,879,10187,6663,0.05122088655146506,0.015495867768595042,0.42336589030803906,0.5099173553719009,0.0667167543200601,0.0941805469874563,0.6447072072072072,2.370398196844478,0.07600246761258482,0.6776677667766776,1.6510142749812171,19.13410969196093,1.0
outer_training_history_exact,history_baseline,2,0.6,53240,24315,2620,830,22292,27498,3450,2253,1197,1788,832,9233,6415,0.04921111945905334,0.015589782118707738,0.4187077385424493,0.5164913598797897,0.06480090157776108,0.09265885256014805,0.6530434782608696,2.2483095416979713,0.07353485502776064,0.6824427480916031,1.5627347858752818,17.34222389181067,1.0
outer_training_history_exact,history_baseline,2,0.61,53240,24315,2510,805,21720,28205,3315,2156,1159,1733,777,8430,5843,0.047145003756574,0.015120210368144253,0.40796393688955673,0.529770848985725,0.062265214124718256,0.08866954554801562,0.6503770739064857,2.1769346356123216,0.07127287682500515,0.6904382470119522,1.4594290007513149,15.833959429000751,1.0
outer_training_history_exact,history_baseline,2,0.62,53240,24315,2418,784,21299,28739,3202,2096,1106,1683,735,7707,5422,0.04541697971450038,0.014725770097670924,0.4000563486100676,0.5398009015777611,0.0601427498121713,0.08620193296319145,0.6545908806995627,2.0773854244928627,0.06921653300431832,0.6960297766749379,1.3805409466566492,14.47595792637115,1.0
outer_training_history_exact,history_baseline,2,0.63,53240,24315,2364,695,20453,29728,3059,2043,1016,1643,721,7136,4576,0.04440270473328325,0.013054094665664914,0.38416604057099923,0.5583771600300526,0.05745679939894816,0.08402220851326342,0.6678653154625694,1.9083395942900074,0.06757145794776886,0.6950084602368867,1.354244928625094,13.403456048084147,0.9999999999999999
outer_training_history_exact,history_baseline,2,0.64,53240,24315,2007,789,20911,29533,2796,1932,864,1460,547,6180,5034,0.037697220135236666,0.01481968444778362,0.39276859504132233,0.5547145003756574,0.05251690458302029,0.07945712523133867,0.6909871244635193,1.6228399699474079,0.06004523956405511,0.7274539113104136,1.0274229902329075,11.607813673929376,1.0
outer_training_history_exact,history_baseline,2,0.65,53240,24315,1954,782,20275,30229,2736,1896,840,1432,522,5717,4398,0.03670172802404208,0.014688204357625845,0.38082268970698724,0.5677873779113448,0.05138993238166792,0.07797655768044418,0.6929824561403509,1.5777610818933132,0.05889368702447049,0.7328556806550666,0.980465815176559,10.738166791885801,0.9999999999999999
outer_training_history_exact,history_baseline,2,0.66,53240,24315,1897,753,19908,30682,2650,1835,815,1385,512,5172,4031,0.03563110443275733,0.014143501126972201,0.37392937640871526,0.5762960180315552,0.049774605559729526,0.07546781821920626,0.6924528301886792,1.5308039068369648,0.05696072383302488,0.7301001581444386,0.9616829451540195,9.714500375657401,0.9999999999999999
outer_training_history_exact,history_baseline,2,0.67,53240,24315,1794,732,19750,30964,2526,1764,762,1313,481,4541,3873,0.03369646882043576,0.013749060856498872,0.370961682945154,0.5815927873779113,0.047445529676934634,0.07254780999383097,0.6983372921615202,1.4312546957175056,0.053999588731235865,0.7318840579710145,0.9034560480841473,8.529301277235161,0.9999999999999999
outer_training_history_exact,history_baseline,2,0.68,53240,24315,1734,715,19431,31360,2449,1713,736,1266,468,4122,3554,0.0325694966190834,0.013429752066115703,0.36496994740796396,0.5890308039068369,0.0459992486851991,0.07045033929673042,0.6994691710902409,1.3824192336589032,0.05206662553979025,0.7301038062283737,0.879038317054846,7.742299023290759,1.0
outer_training_history_exact,history_baseline,2,0.69,53240,24315,1649,710,19332,31549,2359,1667,692,1233,416,3656,3455,0.03097295266716754,0.013335837716003005,0.36311044327573255,0.5925807663410969,0.04430879038317055,0.06855850298169854,0.7066553624417126,1.2997746055597295,0.050709438618136954,0.747725894481504,0.7813673929376409,6.867017280240421,1.0000000000000002
outer_training_history_exact,history_baseline,2,0.7,53240,24315,1556,533,18721,32430,2089,1518,571,1162,394,3257,2844,0.029226145755071375,0.010011269722013523,0.3516341096919609,0.6091284748309542,0.0392374154770849,0.06243059839605182,0.726663475347056,1.0725018782870022,0.04778943039276167,0.7467866323907455,0.740045078888054,6.117580766341097,0.9999999999999999
outer_training_history_exact,history_baseline,2,0.71,53240,24315,1452,525,18707,32556,1977,1425,552,1076,376,2914,2830,0.02727272727272727,0.009861006761833208,0.3513711495116454,0.6114951164537942,0.03713373403456048,0.05860579888957434,0.7207890743550834,1.0368144252441773,0.04425251902118034,0.7410468319559229,0.7062359128474831,5.473328324567994,1.0
outer_training_history_exact,history_baseline,2,0.72,53240,24315,1168,501,18275,33296,1669,1243,426,907,261,2489,2398,0.02193839218632607,0.009410217881292262,0.34325694966190834,0.6253944402704733,0.031348610067618334,0.05112070738227432,0.7447573397243858,0.8001502629601803,0.037302076907258896,0.776541095890411,0.4902329075882795,4.675056348610068,1.0
outer_training_history_exact,history_baseline,2,0.73,53240,24315,1120,555,18146,33419,1675,1212,463,868,252,2355,2269,0.021036814425244178,0.01042449286250939,0.34083395942900074,0.6277047332832457,0.03146130728775357,0.04984577421344849,0.7235820895522388,0.8696468820435762,0.03569812872712318,0.775,0.473328324567994,4.423365890308039,1.0
outer_training_history_exact,history_baseline,2,0.74,53240,24315,1020,540,18052,33628,1560,1132,428,794,226,2120,2175,0.01915852742299023,0.0101427498121713,0.33906836964688203,0.6316303531179565,0.029301277235161533,0.04655562410034958,0.7256410256410256,0.8039068369646882,0.03265473987250668,0.7784313725490196,0.42449286250939144,3.9819684447783623,1.0
outer_training_history_exact,history_baseline,2,0.75,53240,24315,956,516,17825,33943,1472,1076,396,758,198,1878,1948,0.017956423741547708,0.009691960931630354,0.3348046581517656,0.6375469571750564,0.02764838467317806,0.04425251902118034,0.7309782608695652,0.743801652892562,0.031174172321612174,0.7928870292887029,0.371900826446281,3.5274229902329077,1.0
outer_training_history_exact,history_baseline,2,0.76,53240,24315,879,492,17699,34170,1371,1000,371,697,182,1618,1822,0.016510142749812173,0.009241172051089406,0.33243801652892563,0.6418106686701728,0.02575131480090158,0.04112687641373638,0.7293946024799417,0.6968444778362134,0.028665432860374256,0.7929465301478953,0.3418482344102179,3.039068369646882,1.0
outer_training_history_exact,history_baseline,2,0.77,53240,24315,733,476,17494,34537,1209,871,338,579,154,1260,1617,0.013767843726521413,0.008940646130728775,0.32858752817430503,0.6487039819684448,0.02270848985725019,0.035821509356364384,0.7204301075268817,0.6348610067618332,0.02381246144355336,0.7899045020463847,0.2892561983471074,2.36664162283997,1.0
outer_training_history_exact,history_baseline,2,0.78,53240,24315,707,368,17353,34812,1075,819,256,565,142,1104,1476,0.013279489105935387,0.006912096168294515,0.32593914350112696,0.6538692712246431,0.0201915852742299,0.03368291178285009,0.761860465116279,0.48084147257700977,0.023236685173761054,0.7991513437057991,0.2667167543200601,2.0736288504883547,0.9999999999999999
outer_training_history_exact,history_baseline,2,0.79,53240,24315,664,356,17384,34836,1020,776,244,531,133,948,1507,0.012471825694966191,0.006686701728024042,0.3265214124718257,0.6543200601051841,0.01915852742299023,0.03191445609705943,0.7607843137254902,0.45830202854996244,0.021838371375694016,0.7996987951807228,0.2498121712997746,1.7806160781367393,0.9999999999999999
outer_training_history_exact,history_baseline,2,0.8,53240,24315,618,316,17246,35060,934,727,207,501,117,837,1369,0.011607813673929376,0.005935386927122465,0.3239293764087153,0.6585274229902329,0.017543200601051842,0.029899239152786347,0.778372591006424,0.3888054094665665,0.020604565083281925,0.8106796116504854,0.2197595792637115,1.5721262208865514,1.0
outer_training_history_exact,history_baseline,2,0.81,53240,24315,513,330,17174,35223,843,696,147,421,92,694,1297,0.009635612321562735,0.006198347107438017,0.3225770097670924,0.6615890308039069,0.01583395942900075,0.02862430598396052,0.8256227758007118,0.2761081893313298,0.017314414970183014,0.8206627680311891,0.1728024042073629,1.3035311795642375,1.0
outer_training_history_exact,history_baseline,2,0.82,53240,24315,474,319,16967,35480,793,645,148,391,83,591,1090,0.008903080390683696,0.005991735537190083,0.3186889556724267,0.6664162283996995,0.014894815927873778,0.02652683528685996,0.8133669609079445,0.27798647633358375,0.016080608677770922,0.8248945147679325,0.15589782118707737,1.1100676183320812,1.0
outer_training_history_exact,history_baseline,2,0.83,53240,24315,393,309,16955,35583,702,582,120,332,61,492,1078,0.007381667918858002,0.005803906836964688,0.3184635612321563,0.668350864012021,0.01318557475582269,0.02393584207279457,0.8290598290598291,0.22539444027047334,0.013654122969360477,0.8447837150127226,0.11457550713749061,0.9241172051089407,1.0
outer_training_history_exact,history_baseline,2,0.84,53240,24315,365,249,16645,35981,614,505,109,313,52,431,768,0.006855747558226897,0.004676934635612321,0.31264087152516906,0.6758264462809918,0.011532682193839218,0.02076907258893687,0.8224755700325733,0.20473328324567994,0.012872712317499486,0.8575342465753425,0.09767092411720511,0.80954169797145,1.0
outer_training_history_exact,history_baseline,2,0.85,53240,24315,302,230,16601,36107,532,439,93,254,48,344,724,0.005672426746806912,0.004320060105184072,0.3118144252441773,0.6781930879038317,0.009992486851990985,0.01805469874563027,0.825187969924812,0.17468069120961682,0.010446226609089039,0.8410596026490066,0.09015777610818933,0.6461307287753568,1.0
outer_training_history_exact,history_baseline,3,0.3,53490,24764,3892,292,18199,31107,4184,2436,1748,2365,1527,27037,1790,0.07276126378762386,0.005458964292391101,0.3402318190315947,0.5815479528883903,0.07822022808001496,0.09836859958003553,0.5822179732313576,3.2679005421574128,0.09550153448554353,0.6076567317574512,2.854739203589456,50.54589642923911,1.0
outer_training_history_exact,history_baseline,3,0.31,53490,24764,3862,492,18399,30737,4354,2565,1789,2384,1478,26338,1990,0.07220041129183025,0.009197980931015143,0.34397083567021874,0.5746307721069359,0.0813983922228454,0.10357777418833791,0.5891134588883785,3.3445503832492056,0.096268777257309,0.6172967374417401,2.763133295943167,49.23911011404001,0.9999999999999999
outer_training_history_exact,history_baseline,3,0.32,53490,24764,3861,501,18504,30624,4362,2563,1799,2384,1477,25894,2095,0.07218171620863713,0.009366236679753224,0.34593381940549633,0.5725182277061133,0.08154795288839035,0.10349701179130996,0.5875745071068317,3.3632454664423257,0.096268777257309,0.6174566174566175,2.761263787623855,48.40904842026547,0.9999999999999999
outer_training_history_exact,history_baseline,3,0.33,53490,24764,3858,517,18611,30504,4375,2554,1821,2380,1478,25418,2202,0.07212563095905777,0.009665358010843148,0.34793419330716024,0.5702748177229389,0.08179098896990092,0.10313358100468421,0.5837714285714286,3.40437464946719,0.0961072524632531,0.6168999481596682,2.763133295943167,47.519162460272945,1.0
outer_training_history_exact,history_baseline,3,0.34,53490,24764,3849,538,18848,30255,4387,2563,1824,2375,1474,24877,2439,0.07195737521031968,0.010057954757898672,0.3523649280239297,0.5656197420078519,0.08201532996821836,0.10349701179130996,0.5842261226350581,3.4099831744251263,0.09590534647068324,0.6170433878929592,2.7556552626659188,46.50775845952514,1.0
outer_training_history_exact,history_baseline,3,0.35,53490,24764,3835,571,19094,29990,4406,2571,1835,2363,1472,24208,2685,0.071695644045616,0.01067489250327164,0.35696391848943726,0.5606655449616751,0.08237053654888764,0.10382006137942174,0.5835224693599637,3.4305477659375585,0.09542077208851558,0.6161668839634942,2.751916246027295,45.257057393905406,1.0
outer_training_history_exact,history_baseline,3,0.36,53490,24764,3826,589,19396,29679,4415,2571,1844,2356,1470,23518,2987,0.07152738829687792,0.011011404000747804,0.3626098336137596,0.5548513740886147,0.08253879229762573,0.10382006137942174,0.5823329558323895,3.4473733408113665,0.09513810369891779,0.6157867224255097,2.748177229388671,43.96709665358011,1.0
outer_training_history_exact,history_baseline,3,0.37,53490,24764,3780,470,19417,29823,4250,2478,1772,2326,1454,22450,3008,0.07066741446999439,0.008786689100766498,0.3630024303608151,0.557543466068424,0.0794541035707609,0.10006460991762235,0.5830588235294117,3.3127687418209013,0.09392666774349863,0.6153439153439153,2.7182650962796786,41.97046176855487,0.9999999999999999
outer_training_history_exact,history_baseline,3,0.38,53490,24764,3765,581,19988,29156,4346,2584,1762,2321,1444,21830,3579,0.07038698822209759,0.010861843335202842,0.3736773228640867,0.5450738455786128,0.08124883155730044,0.10434501696010337,0.5945697192820985,3.294073658627781,0.09372476175092877,0.6164674634794157,2.699570013086558,40.811366610581416,0.9999999999999999
outer_training_history_exact,history_baseline,3,0.39,53490,24764,3738,609,20327,28816,4347,2586,1761,2302,1436,21011,3918,0.06988222097588334,0.011385305664610207,0.3800149560665545,0.5387175172929519,0.08126752664049355,0.10442577935713132,0.5948930296756384,3.2922041503084687,0.0929575189791633,0.6158373461744249,2.684613946532062,39.280239297064874,0.9999999999999999
outer_training_history_exact,history_baseline,3,0.4,53490,24764,3665,666,20666,28493,4331,2562,1769,2253,1412,20138,4257,0.06851747990278556,0.01245092540661806,0.3863525892690223,0.5326790054215741,0.08096840530940362,0.103456630592796,0.5915492957746479,3.307160216862965,0.09097884025197868,0.6147339699863574,2.6397457468685737,37.64815853430548,1.0
outer_training_history_exact,history_baseline,3,0.41,53490,24764,3600,666,20792,28432,4266,2543,1723,2228,1372,19416,4383,0.06730229949523275,0.01245092540661806,0.3887081697513554,0.5315386053467938,0.07975322490185081,0.10268938782103053,0.5961087669948429,3.221162834174612,0.08996931028912938,0.6188888888888889,2.564965414096093,36.2983735277622,1.0
outer_training_history_exact,history_baseline,3,0.42,53490,24764,3336,709,21070,28375,4045,2460,1585,2106,1230,18647,4661,0.06236679753224902,0.013254813983922229,0.3939054028790428,0.530472985604786,0.07562161151617125,0.09933774834437085,0.6081582200247219,2.963170686109553,0.0850428040704248,0.6312949640287769,2.299495232753786,34.86072163021125,1.0
outer_training_history_exact,history_baseline,3,0.43,53490,24764,3336,709,20439,29006,4045,2460,1585,2106,1230,18647,4030,0.06236679753224902,0.013254813983922229,0.38210880538418396,0.5422695830996448,0.07562161151617125,0.09933774834437085,0.6081582200247219,2.963170686109553,0.0850428040704248,0.6312949640287769,2.299495232753786,34.86072163021125,1.0
outer_training_history_exact,history_baseline,3,0.44,53490,24764,3336,642,19379,30133,3978,2379,1599,2106,1230,18647,2970,0.06236679753224902,0.012002243409983175,0.3622920171994765,0.5633389418582913,0.07436904094223219,0.09606687126473913,0.5980392156862745,2.9893438025799215,0.0850428040704248,0.6312949640287769,2.299495232753786,34.86072163021125,1.0
outer_training_history_exact,history_baseline,3,0.45,53490,24764,3336,623,18552,30979,3959,2366,1593,2106,1230,18647,2143,0.06236679753224902,0.01164703682931389,0.3468311833987661,0.579154982239671,0.0740138343615629,0.0955419156840575,0.5976256630462238,2.9781267526640494,0.0850428040704248,0.6312949640287769,2.299495232753786,34.86072163021125,1.0
outer_training_history_exact,history_baseline,3,0.46,53490,24764,3336,528,17701,31925,3864,2314,1550,2106,1230,18647,1292,0.06236679753224902,0.00987100392596747,0.33092166760142083,0.5968405309403627,0.07223780145821648,0.09344209336133097,0.5988612836438924,2.8977378949336323,0.0850428040704248,0.6312949640287769,2.299495232753786,34.86072163021125,1.0
outer_training_history_exact,history_baseline,3,0.47,53490,24764,3336,466,16976,32712,3802,2290,1512,2106,1230,18647,567,0.06236679753224902,0.008711908767994018,0.3173677322864087,0.6115535614133483,0.07107870630024303,0.09247294459699563,0.6023145712782746,2.8266965787997758,0.0850428040704248,0.6312949640287769,2.299495232753786,34.86072163021125,1.0
outer_training_history_exact,history_baseline,3,0.48,53490,24764,3336,0,16409,33745,3336,2106,1230,2106,1230,18647,0,0.06236679753224902,0.0,0.3067676201159095,0.6308655823518414,0.06236679753224902,0.0850428040704248,0.6312949640287769,2.299495232753786,0.0850428040704248,0.6312949640287769,2.299495232753786,34.86072163021125,1.0
outer_training_history_exact,history_baseline,3,0.49,53490,24764,3336,0,16409,33745,3336,2106,1230,2106,1230,18647,0,0.06236679753224902,0.0,0.3067676201159095,0.6308655823518414,0.06236679753224902,0.0850428040704248,0.6312949640287769,2.299495232753786,0.0850428040704248,0.6312949640287769,2.299495232753786,34.86072163021125,1.0
outer_training_history_exact,history_baseline,3,0.5,53490,24764,3336,0,16409,33745,3336,2106,1230,2106,1230,18647,0,0.06236679753224902,0.0,0.3067676201159095,0.6308655823518414,0.06236679753224902,0.0850428040704248,0.6312949640287769,2.299495232753786,0.0850428040704248,0.6312949640287769,2.299495232753786,34.86072163021125,1.0
outer_training_history_exact,history_baseline,3,0.51,53490,24764,3336,0,16409,33745,3336,2106,1230,2106,1230,18647,0,0.06236679753224902,0.0,0.3067676201159095,0.6308655823518414,0.06236679753224902,0.0850428040704248,0.6312949640287769,2.299495232753786,0.0850428040704248,0.6312949640287769,2.299495232753786,34.86072163021125,1.0
outer_training_history_exact,history_baseline,3,0.52,53490,24764,3325,0,16409,33756,3325,2104,1221,2104,1221,18477,0,0.062161151617124696,0.0,0.3067676201159095,0.6310712282669658,0.062161151617124696,0.08496204167339687,0.632781954887218,2.2826696578799774,0.08496204167339687,0.632781954887218,2.2826696578799774,34.54290521592821,1.0
outer_training_history_exact,history_baseline,3,0.53,53490,24764,3242,588,17359,32301,3830,2356,1474,2065,1177,17092,950,0.06060945971209572,0.010992708917554684,0.3245279491493737,0.6038698822209759,0.0716021686296504,0.09513810369891779,0.6151436031331593,2.7556552626659188,0.08338717493135196,0.6369524984577422,2.2004112918302488,31.953636193681064,1.0000000000000002
outer_training_history_exact,history_baseline,3,0.54,53490,24764,3194,679,18636,30981,3873,2375,1498,2047,1147,15883,2227,0.05971209571882595,0.012693961488128623,0.3484015703869882,0.5791923724060573,0.07240605720695457,0.09590534647068324,0.6132197263103537,2.8005234623294073,0.08266031335810047,0.6408891671884784,2.144326042250888,29.693400635632827,1.0
outer_training_history_exact,history_baseline,3,0.55,53490,24764,3073,780,20006,29631,3853,2409,1444,1972,1101,14533,3597,0.057449990652458406,0.014582164890633763,0.37401383436156294,0.553954010095345,0.07203215554309217,0.09727830722015829,0.6252270957695303,2.699570013086558,0.07963172346955258,0.6417181906931337,2.058328659562535,27.1695644045616,1.0
outer_training_history_exact,history_baseline,3,0.56,53490,24764,2997,804,21199,28490,3801,2364,1437,1914,1083,13392,4790,0.056029164329781264,0.015030846887268648,0.39631706861095534,0.5326229201719948,0.07106001121704991,0.09546115328702956,0.6219415943172849,2.6864834548513743,0.0772896139557422,0.6386386386386387,2.024677509814919,25.036455412226584,1.0
outer_training_history_exact,history_baseline,3,0.57,53490,24764,2807,808,21985,27890,3615,2318,1297,1859,948,11993,5576,0.05247709852308843,0.01510562722004113,0.4110114040007478,0.5214058702561226,0.06758272574312955,0.09360361815538686,0.6412171507607193,2.424752290147691,0.07506864803747375,0.6622728892055575,1.7722938867077958,22.421013273509068,1.0
outer_training_history_exact,history_baseline,3,0.58,53490,24764,2777,857,23437,26419,3634,2280,1354,1832,945,11316,7028,0.05191624602729482,0.01602168629650402,0.43815666479715837,0.49390540287904283,0.06793793232379884,0.09206913261185593,0.6274078150798019,2.5313142643484765,0.07397835567759652,0.6597047173208498,1.7666853617498597,21.155356141334828,1.0
outer_training_history_exact,history_baseline,3,0.59,53490,24764,2688,828,22996,26978,3516,2218,1298,1783,905,10311,6587,0.050252383623107126,0.015479528883903533,0.42991213310899234,0.504355954383997,0.06573191250701066,0.08956549830398966,0.6308304891922639,2.426621798467003,0.07199967695041189,0.6633184523809523,1.691905028977379,19.276500280426248,1.0
outer_training_history_exact,history_baseline,3,0.6,53490,24764,2557,831,22701,27401,3388,2179,1209,1717,840,9392,6292,0.04780332772480837,0.015535614133482895,0.4243970835670219,0.5122639745746869,0.06333894185829127,0.08799063156194475,0.6431523022432113,2.260235558048233,0.06933451784848975,0.6714900273758311,1.5703869882220975,17.5584221349785,1.0
outer_training_history_exact,history_baseline,3,0.61,53490,24764,2447,803,22122,28118,3250,2079,1171,1661,786,8568,5713,0.04574686857356515,0.015012151804075528,0.4135726303982053,0.5256683492241541,0.06075902037764068,0.08395251171054757,0.6396923076923077,2.1891942419143766,0.06707317073170732,0.6787903555373928,1.4694335389792486,16.017947279865396,1.0
outer_training_history_exact,history_baseline,3,0.62,53490,24764,2363,788,21768,28571,3151,2016,1135,1610,753,7760,5359,0.044176481585343055,0.014731725556178726,0.4069545709478407,0.5341372219106375,0.05890820714152178,0.08140849620416735,0.6397968898762297,2.121891942419144,0.06501372960749476,0.6813372831146848,1.4077397644419518,14.507384557861283,1.0
outer_training_history_exact,history_baseline,3,0.63,53490,24764,2312,691,21065,29422,3003,1979,1024,1571,741,7125,4656,0.043223032342493924,0.012918302486446065,0.3938119274630772,0.5500467377079828,0.05614133482893999,0.07991439185915038,0.659007659007659,1.9143765189755095,0.06343886286544985,0.6794982698961938,1.3853056646102075,13.320246775098148,1.0
outer_training_history_exact,history_baseline,3,0.64,53490,24764,1938,785,21614,29153,2723,1839,884,1370,568,6157,5205,0.036231071228266964,0.014675640306599364,0.4040755281361002,0.5450177603290335,0.05090671153486633,0.07426102406719431,0.6753580609621741,1.6526453542718265,0.0553222419641415,0.7069143446852425,1.061880725369228,11.510562722004114,1.0
outer_training_history_exact,history_baseline,3,0.65,53490,24764,1885,779,21035,29791,2664,1803,861,1343,542,5645,4626,0.035240231819031596,0.014563469807440643,0.3932510749672836,0.5569452234062442,0.04980370162647224,0.07280730092069132,0.6768018018018018,1.60964666292765,0.05423194960426425,0.7124668435013263,1.0132735090671154,10.553374462516357,1.0
outer_training_history_exact,history_baseline,3,0.66,53490,24764,1817,744,20712,30217,2561,1744,817,1299,518,5085,4303,0.03396896616189942,0.013909141895681435,0.3872125630959058,0.5649093288465133,0.04787810805758086,0.07042481020836698,0.6809839906286607,1.527388296877921,0.05245517686964949,0.7149146945514584,0.9684053094036269,9.506449803701626,1.0
outer_training_history_exact,history_baseline,3,0.67,53490,24764,1695,721,20536,30538,2416,1661,755,1215,480,4472,4127,0.03168816601233875,0.013479154982239672,0.3839222284539166,0.5709104505515049,0.045167320994578423,0.06707317073170732,0.6875,1.4114787810805758,0.04906315619447585,0.7168141592920354,0.89736399326977,8.360441203963358,1.0
outer_training_history_exact,history_baseline,3,0.68,53490,24764,1622,705,20141,31022,2327,1602,725,1165,457,4064,3732,0.030323424939240978,0.013180033651149748,0.37653767059263415,0.5799588708169752,0.043503458590390724,0.06469068001938298,0.6884400515685432,1.355393531501215,0.04704409626877726,0.718249075215783,0.8543653019255936,7.597681809684053,1.0000000000000002
outer_training_history_exact,history_baseline,3,0.69,53490,24764,1537,702,19969,31282,2239,1563,676,1129,408,3606,3560,0.028734342867825762,0.013123948401570386,0.37332211628341744,0.5848195924471864,0.04185829126939615,0.06311581327733808,0.698079499776686,1.2637876238549262,0.04559037312227427,0.7345478204294079,0.7627593942793045,6.741446999439147,1.0
outer_training_history_exact,history_baseline,3,0.7,53490,24764,1441,516,19365,32168,1957,1404,553,1062,379,3187,2956,0.02693961488128622,0.009646662927650028,0.36203028603477283,0.6013834361562909,0.03658627780893625,0.05669520271361654,0.7174246295350025,1.0338381005795476,0.04288483282183815,0.7369882026370576,0.7085436530192559,5.958123013647411,1.0
outer_training_history_exact,history_baseline,3,0.71,53490,24764,1331,504,19299,32356,1835,1308,527,975,356,2856,2890,0.024883155730043,0.009422321929332586,0.36079641054402695,0.6048981117965975,0.03430547765937558,0.05281860765627524,0.7128065395095368,0.985230884277435,0.0393716685511226,0.7325319308790383,0.6655449616750795,5.339315759955132,1.0
outer_training_history_exact,history_baseline,3,0.72,53490,24764,1052,485,18832,33121,1537,1133,404,809,243,2464,2423,0.019667227519162462,0.009067115348663302,0.35206580669283977,0.6191998504393345,0.028734342867825762,0.04575189791633016,0.7371502927781393,0.7552813610020565,0.032668389597803264,0.7690114068441065,0.4542905215928211,4.606468498784819,1.0
outer_training_history_exact,history_baseline,3,0.73,53490,24764,1006,540,18666,33278,1546,1096,450,770,236,2333,2257,0.01880725369227893,0.010095344924284913,0.34896242288278184,0.6221349785006544,0.028902598616563843,0.044257793571313195,0.7089262613195343,0.8412787436904094,0.03109352285575836,0.7654075546719682,0.44120396335763695,4.361562908954945,1.0
outer_training_history_exact,history_baseline,3,0.74,53490,24764,910,520,18556,33504,1430,1015,415,697,213,2109,2147,0.01701252570573939,0.00972144326042251,0.3469059637315386,0.6263600673022995,0.0267339689661619,0.04098691649168147,0.7097902097902098,0.7758459525144887,0.028145695364238412,0.765934065934066,0.39820527201346045,3.942793045429052,1.0
outer_training_history_exact,history_baseline,3,0.75,53490,24764,854,492,18310,33834,1346,968,378,668,186,1888,1901,0.015965601046924658,0.009197980931015143,0.34230697326603104,0.6325294447560291,0.025163581977939803,0.03908900016152479,0.7191679049034175,0.7066741446999439,0.026974640607333226,0.7822014051522248,0.3477285473920359,3.5296317068610956,0.9999999999999999
outer_training_history_exact,history_baseline,3,0.76,53490,24764,784,467,18125,34114,1251,899,352,613,171,1659,1716,0.014656945223406244,0.008730603851187138,0.3388483828753038,0.6377640680501028,0.02338754907459338,0.036302697464060736,0.718625099920064,0.6580669283978313,0.02475367468906477,0.7818877551020408,0.31968592260235557,3.101514301738643,1.0
outer_training_history_exact,history_baseline,3,0.77,53490,24764,643,449,17910,34488,1092,779,313,504,139,1339,1501,0.012020938493176295,0.008394092353710974,0.33482893998878294,0.6447560291643298,0.02041503084688727,0.03145695364238411,0.7133699633699634,0.5851561039446626,0.020352124051041837,0.7838258164852255,0.2598616563843709,2.503271639558796,1.0
outer_training_history_exact,history_baseline,3,0.78,53490,24764,620,336,17788,34746,956,730,226,493,127,1179,1379,0.01159095157973453,0.006281547952888391,0.33254813983922227,0.6495793606281548,0.01787249953262292,0.029478274915199484,0.7635983263598326,0.4225088801645167,0.019907930867388145,0.7951612903225806,0.23742755655262665,2.2041503084688725,1.0
outer_training_history_exact,history_baseline,3,0.79,53490,24764,579,327,17845,34739,906,693,213,465,114,997,1436,0.0108244531688166,0.006113292204150309,0.33361375958123013,0.6494484950458029,0.01693774537296691,0.027984170570182522,0.7649006622516556,0.39820527201346045,0.01877725730899693,0.8031088082901554,0.2131239484015704,1.863899794354085,1.0
outer_training_history_exact,history_baseline,3,0.8,53490,24764,542,294,17725,34929,836,648,188,441,101,867,1316,0.010132735090671153,0.005496354458777342,0.3313703495980557,0.6530005608524958,0.015629089549448496,0.02616701663705379,0.7751196172248804,0.35146756403065993,0.017808108544661607,0.8136531365313653,0.1888203402505141,1.6208637128435222,1.0
outer_training_history_exact,history_baseline,3,0.81,53490,24764,443,302,17659,35086,745,610,135,361,82,747,1250,0.008281921854552253,0.005645915124322303,0.3301364741073098,0.6559356889138157,0.013927836978874557,0.024632531093522855,0.8187919463087249,0.2523836231071228,0.014577612663543854,0.8148984198645598,0.15329968218358572,1.3965227145260797,1.0
outer_training_history_exact,history_baseline,3,0.82,53490,24764,409,290,17467,35324,699,566,133,336,73,671,1058,0.007646289025986166,0.00542157412600486,0.3265470181342307,0.6603851187137783,0.013067863151991026,0.02285575835890809,0.8097281831187411,0.24864460646849879,0.013568082700694557,0.8215158924205379,0.13647410730977752,1.2544400822583661,1.0
outer_training_history_exact,history_baseline,3,0.83,53490,24764,336,282,17436,35436,618,513,105,287,49,591,1027,0.006281547952888391,0.005272013460459899,0.32596747055524394,0.6624789680314077,0.01155356141334829,0.020715554837667582,0.8300970873786407,0.1962983735277622,0.011589403973509934,0.8541666666666666,0.09160590764628902,1.1048794167134044,0.9999999999999999
outer_training_history_exact,history_baseline,3,0.84,53490,24764,321,223,17133,35813,544,447,97,280,41,532,724,0.0060011217049915876,0.004169003552065806,0.32030286034772854,0.669527014395214,0.010170125257057393,0.018050395735745437,0.8216911764705882,0.18134230697326603,0.01130673558391213,0.8722741433021807,0.07664984109179286,0.9945784258739951,1.0
outer_training_history_exact,history_baseline,3,0.85,53490,24764,284,204,17066,35936,488,405,83,243,41,422,657,0.005309403626846139,0.0038137969713965226,0.3190502897737895,0.6718265096279679,0.009123200598242662,0.016354385398158616,0.8299180327868853,0.15516919050289774,0.00981263123889517,0.8556338028169014,0.07664984109179286,0.7889325107496729,1.0
outer_training_history_exact,history_baseline,4,0.3,53040,24016,3866,316,17836,31022,4182,2408,1774,2333,1533,26691,1803,0.07288838612368025,0.0059577677224736045,0.3362745098039216,0.5848793363499246,0.07884615384615384,0.10026648900732844,0.5758010521281683,3.3446455505279036,0.0971435709526982,0.6034661148473874,2.8902714932126696,50.32239819004525,1.0
outer_training_history_exact,history_baseline,4,0.31,53040,24016,3840,507,18096,30597,4347,2548,1799,2363,1477,25941,2063,0.07239819004524888,0.009558823529411765,0.3411764705882353,0.576866515837104,0.08195701357466063,0.10609593604263824,0.5861513687600645,3.3917797888386123,0.0983927381745503,0.6153645833333333,2.7846907993966816,48.908371040723985,0.9999999999999999
outer_training_history_exact,history_baseline,4,0.32,53040,24016,3839,525,18212,30464,4364,2553,1811,2365,1474,25454,2179,0.07237933634992459,0.009898190045248868,0.3433634992458522,0.5743589743589743,0.08227752639517345,0.10630413057961359,0.5850137488542622,3.4144042232277525,0.09847601598934044,0.6160458452722063,2.7790346907993966,47.990196078431374,0.9999999999999999
outer_training_history_exact,history_baseline,4,0.33,53040,24016,3837,537,18341,30325,4374,2542,1832,2362,1475,24940,2308,0.07234162895927602,0.010124434389140272,0.34579562594268476,0.5717383107088989,0.08246606334841629,0.10584610259826782,0.5811614083219021,3.4539969834087483,0.09835109926715523,0.6155850925201981,2.780920060331825,47.0211161387632,0.9999999999999999
outer_training_history_exact,history_baseline,4,0.34,53040,24016,3830,559,18593,30058,4389,2553,1836,2363,1467,24369,2560,0.07220965309200603,0.01053921568627451,0.3505467571644042,0.5667043740573152,0.08274886877828054,0.10630413057961359,0.5816814764183186,3.4615384615384617,0.0983927381745503,0.6169712793733682,2.765837104072398,45.94457013574661,0.9999999999999999
outer_training_history_exact,history_baseline,4,0.35,53040,24016,3820,592,18879,29749,4412,2562,1850,2352,1468,23663,2846,0.07202111613876319,0.011161387631975868,0.35593891402714933,0.5608785822021116,0.08318250377073906,0.10667888074616923,0.5806890299184043,3.4879336349924586,0.09793471019320453,0.6157068062827226,2.7677224736048265,44.61349924585219,1.0
outer_training_history_exact,history_baseline,4,0.36,53040,24016,3813,613,19241,29373,4426,2560,1866,2345,1468,22910,3208,0.07188914027149321,0.011557315233785823,0.36276395173453996,0.553789592760181,0.08344645550527903,0.10659560293137908,0.5784003615002259,3.518099547511312,0.09764323784143904,0.6150013113034356,2.7677224736048265,43.19381598793363,1.0
outer_training_history_exact,history_baseline,4,0.37,53040,24016,3778,513,19262,29487,4291,2465,1826,2312,1466,21751,3229,0.07122926093514328,0.009671945701357466,0.3631598793363499,0.5559389140271493,0.08090120663650076,0.10263990672884743,0.5744581682591471,3.442684766214178,0.09626915389740173,0.6119640021175226,2.76395173453997,41.00867269984917,1.0
outer_training_history_exact,history_baseline,4,0.38,53040,24016,3762,623,19872,28783,4385,2580,1805,2309,1453,21069,3839,0.07092760180995475,0.011745852187028658,0.3746606334841629,0.5426659125188537,0.0826734539969834,0.10742838107928047,0.5883694412770809,3.4030920060331824,0.09614423717521653,0.6137692716640085,2.7394419306184012,39.72285067873303,0.9999999999999999
outer_training_history_exact,history_baseline,4,0.39,53040,24016,3731,645,20242,28422,4376,2576,1800,2286,1445,20192,4209,0.07034313725490196,0.012160633484162896,0.3816365007541478,0.5358597285067873,0.08250377073906486,0.1072618254497002,0.5886654478976234,3.3936651583710407,0.09518654230512992,0.6127043688019298,2.7243589743589745,38.06938159879336,0.9999999999999999
outer_training_history_exact,history_baseline,4,0.4,53040,24016,3656,691,20612,28081,4347,2561,1786,2254,1402,19273,4579,0.0689291101055807,0.01302790346907994,0.38861236802413274,0.5294306184012066,0.08195701357466063,0.10663724183877415,0.589141936968024,3.3672699849170438,0.09385409726848767,0.6165207877461707,2.643288084464555,36.336726998491706,1.0
outer_training_history_exact,history_baseline,4,0.41,53040,24016,3586,690,20756,28008,4276,2537,1739,2231,1355,18511,4723,0.06760935143288084,0.013009049773755657,0.39132730015082956,0.528054298642534,0.0806184012066365,0.10563790806129247,0.593311506080449,3.278657616892911,0.09289640239840107,0.6221416620189626,2.554675716440422,34.9000754147813,1.0
outer_training_history_exact,history_baseline,4,0.42,53040,24016,3306,728,21016,27990,4034,2443,1591,2102,1204,17719,4983,0.06233031674208145,0.013725490196078431,0.39622926093514327,0.5277149321266968,0.07605580693815987,0.1017238507661559,0.6056023797719385,2.9996229260935143,0.08752498334443704,0.6358136721113128,2.2699849170437405,33.40686274509804,1.0
outer_training_history_exact,history_baseline,4,0.43,53040,24016,3306,728,20319,28687,4034,2446,1588,2102,1204,17719,4286,0.06233031674208145,0.013725490196078431,0.3830882352941177,0.5408559577677224,0.07605580693815987,0.10184876748834111,0.6063460585027268,2.9939668174962293,0.08752498334443704,0.6358136721113128,2.2699849170437405,33.40686274509804,1.0
outer_training_history_exact,history_baseline,4,0.44,53040,24016,3306,665,19174,29895,3971,2360,1611,2102,1204,17719,3141,0.06233031674208145,0.012537707390648568,0.36150075414781296,0.563631221719457,0.07486802413273001,0.0982678214523651,0.5943087383530596,3.0373303167420813,0.08752498334443704,0.6358136721113128,2.2699849170437405,33.40686274509804,1.0
outer_training_history_exact,history_baseline,4,0.45,53040,24016,3306,644,18287,30803,3950,2348,1602,2102,1204,17719,2254,0.06233031674208145,0.012141779788838613,0.34477752639517345,0.5807503770739065,0.07447209653092006,0.09776815456362425,0.5944303797468354,3.020361990950226,0.08752498334443704,0.6358136721113128,2.2699849170437405,33.40686274509804,1.0
outer_training_history_exact,history_baseline,4,0.46,53040,24016,3306,568,17369,31797,3874,2310,1564,2102,1204,17719,1336,0.06233031674208145,0.010708898944193062,0.32746983408748115,0.5994909502262443,0.07303921568627451,0.09618587608261159,0.5962829117191534,2.948717948717949,0.08752498334443704,0.6358136721113128,2.2699849170437405,33.40686274509804,1.0
outer_training_history_exact,history_baseline,4,0.47,53040,24016,3306,499,16606,32629,3805,2288,1517,2102,1204,17719,573,0.06233031674208145,0.009407993966817496,0.3130844645550528,0.6151772247360483,0.07173831070889894,0.09526982011992005,0.6013140604467806,2.860105580693816,0.08752498334443704,0.6358136721113128,2.2699849170437405,33.40686274509804,1.0
outer_training_history_exact,history_baseline,4,0.48,53040,24016,3306,0,16033,33701,3306,2102,1204,2102,1204,17719,0,0.06233031674208145,0.0,0.3022812971342383,0.6353883861236802,0.06233031674208145,0.08752498334443704,0.6358136721113128,2.2699849170437405,0.08752498334443704,0.6358136721113128,2.2699849170437405,33.40686274509804,1.0
outer_training_history_exact,history_baseline,4,0.49,53040,24016,3306,0,16033,33701,3306,2102,1204,2102,1204,17719,0,0.06233031674208145,0.0,0.3022812971342383,0.6353883861236802,0.06233031674208145,0.08752498334443704,0.6358136721113128,2.2699849170437405,0.08752498334443704,0.6358136721113128,2.2699849170437405,33.40686274509804,1.0
outer_training_history_exact,history_baseline,4,0.5,53040,24016,3306,0,16033,33701,3306,2102,1204,2102,1204,17719,0,0.06233031674208145,0.0,0.3022812971342383,0.6353883861236802,0.06233031674208145,0.08752498334443704,0.6358136721113128,2.2699849170437405,0.08752498334443704,0.6358136721113128,2.2699849170437405,33.40686274509804,1.0
outer_training_history_exact,history_baseline,4,0.51,53040,24016,3306,0,16033,33701,3306,2102,1204,2102,1204,17719,0,0.06233031674208145,0.0,0.3022812971342383,0.6353883861236802,0.06233031674208145,0.08752498334443704,0.6358136721113128,2.2699849170437405,0.08752498334443704,0.6358136721113128,2.2699849170437405,33.40686274509804,1.0
outer_training_history_exact,history_baseline,4,0.52,53040,24016,3299,0,16033,33708,3299,2100,1199,2100,1199,17554,0,0.062198340874811464,0.0,0.3022812971342383,0.6355203619909502,0.062198340874811464,0.0874417055296469,0.6365565322825099,2.2605580693815988,0.0874417055296469,0.6365565322825099,2.2605580693815988,33.09577677224736,1.0
outer_training_history_exact,history_baseline,4,0.53,53040,24016,3205,597,16988,32250,3802,2354,1448,2063,1142,16162,955,0.06042609351432881,0.011255656108597285,0.3202865761689291,0.6080316742081447,0.07168174962292609,0.09801798800799467,0.6191478169384534,2.7300150829562595,0.08590106595602931,0.6436817472698908,2.1530920060331824,30.47134238310709,0.9999999999999999
outer_training_history_exact,history_baseline,4,0.54,53040,24016,3161,681,18279,30919,3842,2355,1487,2038,1123,14937,2246,0.059596530920060335,0.012839366515837104,0.3446266968325792,0.5829374057315234,0.07243589743589744,0.09805962691538975,0.6129619989588756,2.803544494720965,0.08486009327115257,0.6447326795317937,2.1172699849170438,28.16176470588235,1.0
outer_training_history_exact,history_baseline,4,0.55,53040,24016,3043,774,19648,29575,3817,2401,1416,1963,1080,13593,3615,0.05737179487179487,0.014592760180995475,0.3704374057315234,0.5575980392156863,0.07196455505279034,0.09997501665556296,0.6290280324862457,2.669683257918552,0.08173717521652232,0.645087085113375,2.0361990950226243,25.627828054298643,1.0
outer_training_history_exact,history_baseline,4,0.56,53040,24016,2964,804,20794,28478,3768,2373,1395,1910,1054,12496,4761,0.05588235294117647,0.015158371040723982,0.39204374057315233,0.5369155354449472,0.07104072398190045,0.098809127248501,0.6297770700636943,2.6300904977375565,0.07953031312458361,0.6443994601889339,1.9871794871794872,23.559577677224738,1.0
outer_training_history_exact,history_baseline,4,0.57,53040,24016,2786,810,21550,27894,3596,2330,1266,1858,928,11118,5517,0.052526395173454,0.015271493212669683,0.4062971342383107,0.5259049773755656,0.06779788838612368,0.097018654230513,0.6479421579532815,2.3868778280542986,0.07736508994003997,0.6669059583632448,1.7496229260935143,20.96153846153846,1.0
outer_training_history_exact,history_baseline,4,0.58,53040,24016,2752,855,23004,26429,3607,2290,1317,1830,922,10440,6971,0.05188536953242836,0.016119909502262445,0.433710407239819,0.4982843137254902,0.0680052790346908,0.0953530979347102,0.6348766287773773,2.483031674208145,0.07619920053297802,0.6649709302325582,1.7383107088989442,19.683257918552037,1.0
outer_training_history_exact,history_baseline,4,0.59,53040,24016,2660,823,22503,27054,3483,2223,1260,1774,886,9488,6470,0.05015082956259427,0.01551659125188537,0.42426470588235293,0.5100678733031674,0.06566742081447964,0.0925632911392405,0.6382428940568475,2.3755656108597285,0.0738674217188541,0.6669172932330827,1.6704374057315234,17.88838612368024,1.0
outer_training_history_exact,history_baseline,4,0.6,53040,24016,2523,830,22144,27543,3353,2181,1172,1706,817,8629,6111,0.04756787330316742,0.015648567119155354,0.41749622926093516,0.5192873303167421,0.06321644042232277,0.09081445702864757,0.650462272591709,2.2096530920060333,0.07103597601598934,0.6761791518034086,1.540346907993967,16.268853695324285,1.0
outer_training_history_exact,history_baseline,4,0.61,53040,24016,2418,803,21490,28329,3221,2064,1157,1640,778,7889,5457,0.045588235294117645,0.015139517345399698,0.4051659125188537,0.534106334841629,0.060727752639517345,0.08594270486342438,0.6407947842285004,2.1813725490196076,0.06828780812791473,0.6782464846980976,1.4668174962292608,14.8736802413273,0.9999999999999999
outer_training_history_exact,history_baseline,4,0.62,53040,24016,2328,783,21113,28816,3111,1998,1113,1584,744,7162,5080,0.04389140271493212,0.014762443438914027,0.39805806938159877,0.543288084464555,0.058653846153846154,0.08319453697534977,0.6422372227579557,2.0984162895927603,0.06595602931379081,0.6804123711340206,1.4027149321266967,13.503016591251885,0.9999999999999998
outer_training_history_exact,history_baseline,4,0.63,53040,24016,2274,685,20397,29684,2959,1968,991,1551,723,6566,4364,0.042873303167420815,0.012914781297134238,0.3845588235294118,0.5596530920060332,0.055788084464555056,0.08194536975349767,0.6650895572828658,1.8684012066365008,0.0645819453697535,0.6820580474934037,1.3631221719457014,12.379336349924586,1.0
outer_training_history_exact,history_baseline,4,0.64,53040,24016,1903,783,20892,29462,2686,1824,862,1340,563,5640,4859,0.03587858220211161,0.014762443438914027,0.3938914027149321,0.5554675716440423,0.05064102564102564,0.0759493670886076,0.6790766939687267,1.6251885369532428,0.05579613590939374,0.7041513399894903,1.0614630467571644,10.633484162895927,1.0
outer_training_history_exact,history_baseline,4,0.65,53040,24016,1849,779,20327,30085,2628,1782,846,1311,538,5166,4294,0.0348604826546003,0.014687028657616893,0.38323906485671194,0.5672134238310709,0.04954751131221719,0.07420053297801465,0.678082191780822,1.5950226244343892,0.05458860759493671,0.7090319091400757,1.0143288084464555,9.739819004524886,1.0
outer_training_history_exact,history_baseline,4,0.66,53040,24016,1780,742,20030,30488,2522,1714,808,1265,515,4633,3997,0.033559577677224735,0.013989441930618402,0.3776395173453997,0.5748114630467571,0.047549019607843135,0.0713690872751499,0.6796193497224425,1.5233785822021115,0.05267321785476349,0.7106741573033708,0.9709653092006033,8.734917043740573,0.9999999999999999
outer_training_history_exact,history_baseline,4,0.67,53040,24016,1656,722,19903,30759,2378,1645,733,1191,465,4059,3870,0.031221719457013575,0.01361236802413273,0.3752450980392157,0.5799208144796381,0.044834087481146305,0.06849600266489007,0.691757779646762,1.381975867269985,0.049591938707528316,0.7192028985507246,0.8766968325791855,7.652714932126697,1.0
outer_training_history_exact,history_baseline,4,0.68,53040,24016,1593,708,19528,31211,2301,1591,710,1148,445,3694,3495,0.03003393665158371,0.01334841628959276,0.3681749622926094,0.5884426847662142,0.04338235294117647,0.06624750166555629,0.691438504997827,1.3386123680241326,0.04780146568954031,0.7206528562460766,0.8389894419306184,6.964555052790347,1.0
outer_training_history_exact,history_baseline,4,0.69,53040,24016,1513,704,19337,31486,2217,1545,672,1111,402,3292,3304,0.028525641025641025,0.013273001508295626,0.3645739064856712,0.5936274509803922,0.04179864253393665,0.06433211192538307,0.6968876860622463,1.2669683257918551,0.04626082611592272,0.7343027098479842,0.7579185520361991,6.206636500754148,1.0
outer_training_history_exact,history_baseline,4,0.7,53040,24016,1426,504,18720,32390,1930,1377,553,1036,390,2932,2687,0.026885369532428358,0.009502262443438913,0.35294117647058826,0.6106711915535445,0.03638763197586727,0.057336775483011325,0.7134715025906736,1.042609351432881,0.043137908061292474,0.726507713884993,0.7352941176470589,5.52790346907994,1.0
outer_training_history_exact,history_baseline,4,0.71,53040,24016,1335,494,18630,32581,1829,1302,527,968,367,2640,2597,0.025169683257918553,0.009313725490196078,0.3512443438914027,0.6142722473604827,0.03448340874811463,0.05421385742838108,0.711864406779661,0.9935897435897436,0.04030646235842771,0.7250936329588015,0.6919306184012066,4.97737556561086,1.0
outer_training_history_exact,history_baseline,4,0.72,53040,24016,1055,477,18159,33349,1532,1130,402,806,249,2280,2126,0.019890648567119154,0.008993212669683257,0.34236425339366516,0.6287518853695324,0.028883861236802415,0.04705196535642905,0.737597911227154,0.7579185520361991,0.033560959360426385,0.7639810426540284,0.46945701357466063,4.298642533936651,1.0
outer_training_history_exact,history_baseline,4,0.73,53040,24016,1012,530,18008,33490,1542,1092,450,770,242,2165,1975,0.019079939668174964,0.009992458521870286,0.33951734539969836,0.6314102564102564,0.02907239819004525,0.04546968687541639,0.708171206225681,0.8484162895927602,0.03206195869420386,0.7608695652173914,0.45625942684766213,4.08182503770739,1.0
outer_training_history_exact,history_baseline,4,0.74,53040,24016,912,511,17934,33683,1423,998,425,687,225,1962,1901,0.017194570135746608,0.0096342383107089,0.3381221719457014,0.6350490196078431,0.026828808446455504,0.041555629580279814,0.7013352073085032,0.8012820512820513,0.028605929380413057,0.7532894736842105,0.4242081447963801,3.6990950226244346,1.0
outer_training_history_exact,history_baseline,4,0.75,53040,24016,847,484,17728,33981,1331,943,388,648,199,1773,1695,0.015969079939668174,0.009125188536953243,0.3342383107088989,0.6406674208144797,0.02509426847662142,0.039265489673550966,0.7084898572501879,0.7315233785822021,0.02698201199200533,0.7650531286894924,0.37518853695324283,3.3427601809954752,1.0
outer_training_history_exact,history_baseline,4,0.76,53040,24016,764,466,17604,34206,1230,867,363,587,177,1556,1571,0.014404223227752639,0.008785822021116139,0.33190045248868777,0.6449095022624435,0.02319004524886878,0.036100932711525646,0.7048780487804878,0.6843891402714932,0.024442038640906064,0.768324607329843,0.333710407239819,2.9336349924585217,1.0
outer_training_history_exact,history_baseline,4,0.77,53040,24016,620,448,17432,34540,1068,741,327,469,151,1257,1399,0.011689291101055807,0.008446455505279034,0.328657616892911,0.6512066365007542,0.020135746606334843,0.030854430379746837,0.6938202247191011,0.6165158371040724,0.01952864756828781,0.7564516129032258,0.28469079939668174,2.3699095022624435,1.0
outer_training_history_exact,history_baseline,4,0.78,53040,24016,590,336,17322,34792,926,693,233,455,135,1118,1289,0.0111236802413273,0.006334841628959276,0.3265837104072398,0.6559577677224736,0.017458521870286577,0.028855762824783478,0.7483801295896328,0.43929110105580693,0.01894570286475683,0.7711864406779662,0.25452488687782804,2.107843137254902,1.0
outer_training_history_exact,history_baseline,4,0.79,53040,24016,543,327,17387,34783,870,658,212,428,115,953,1354,0.010237556561085973,0.006165158371040724,0.32780920060331825,0.655788084464555,0.016402714932126698,0.027398401065956028,0.7563218390804598,0.3996983408748115,0.01782145236508994,0.7882136279926335,0.21681749622926094,1.7967571644042233,1.0
outer_training_history_exact,history_baseline,4,0.8,53040,24016,501,295,17276,34968,796,609,187,398,103,835,1243,0.009445701357466063,0.00556184012066365,0.3257164404223228,0.6592760180995475,0.015007541478129714,0.0253580946035976,0.7650753768844221,0.3525641025641026,0.01657228514323784,0.7944111776447106,0.19419306184012067,1.5742835595776772,1.0
outer_training_history_exact,history_baseline,4,0.81,53040,24016,406,300,17228,35106,706,573,133,330,76,719,1195,0.007654600301659125,0.005656108597285068,0.3248114630467572,0.6618778280542986,0.013310708898944193,0.02385909393737508,0.8116147308781869,0.25075414781297134,0.013740839440373085,0.812807881773399,0.14328808446455504,1.355580693815988,1.0
outer_training_history_exact,history_baseline,4,0.82,53040,24016,377,287,17022,35354,664,532,132,314,63,652,989,0.007107843137254902,0.0054110105580693815,0.3209276018099548,0.6665535444947209,0.012518853695324284,0.022151898734177215,0.8012048192771084,0.248868778280543,0.013074616922051965,0.8328912466843501,0.11877828054298642,1.2292609351432882,1.0
outer_training_history_exact,history_baseline,4,0.83,53040,24016,319,280,16988,35453,599,485,114,269,50,572,955,0.006014328808446456,0.005279034690799397,0.3202865761689291,0.668420060331825,0.011293363499245852,0.02019487008660893,0.8096828046744574,0.2149321266968326,0.011200866089273818,0.8432601880877743,0.0942684766214178,1.0784313725490196,0.9999999999999999
outer_training_history_exact,history_baseline,4,0.84,53040,24016,301,213,16712,35814,514,413,101,257,44,516,679,0.005674962292609351,0.004015837104072398,0.31508295625942684,0.6752262443438914,0.00969079939668175,0.01719686875416389,0.8035019455252919,0.19042232277526394,0.010701199200532977,0.8538205980066446,0.08295625942684766,0.9728506787330317,1.0
outer_training_history_exact,history_baseline,4,0.85,53040,24016,247,189,16643,35961,436,356,80,206,41,441,610,0.004656862745098039,0.0035633484162895927,0.3137820512820513,0.6779977375565611,0.008220211161387632,0.014823451032644904,0.8165137614678899,0.15082956259426847,0.00857761492338441,0.8340080971659919,0.0773001508295626,0.831447963800905,1.0
