evidence_scenario,dataset_id,evaluation_scope,model_name,component_arm,reference_arm,metric,arm_value,reference_value,delta_arm_minus_full
clean,many_labs_igt,participant_grouped_outer_cv,hist_gradient_boosting,capacity_off,full_controls,alert_rate,0.2567305524239008,0.07176249530251785,0.18496805712138295
clean,many_labs_igt,participant_grouped_outer_cv,hist_gradient_boosting,capacity_off,full_controls,human_review_rate,0.09346862081924089,0.01836903419767005,0.07509958662157083
clean,many_labs_igt,participant_grouped_outer_cv,hist_gradient_boosting,capacity_off,full_controls,abstain_rate,0.15756482525366403,0.23266441187523487,-0.07509958662157085
clean,many_labs_igt,participant_grouped_outer_cv,hist_gradient_boosting,capacity_off,full_controls,no_action_rate,0.4922360015031943,0.6772040586245772,-0.18496805712138292
clean,many_labs_igt,participant_grouped_outer_cv,hist_gradient_boosting,capacity_off,full_controls,event_coverage_by_alert,0.44419922261018513,0.1208248237696818,0.32337439884050334
clean,many_labs_igt,participant_grouped_outer_cv,hist_gradient_boosting,capacity_off,full_controls,alert_precision,0.789566133848586,0.7683284457478006,0.021237688100785412
clean,many_labs_igt,participant_grouped_outer_cv,hist_gradient_boosting,capacity_off,full_controls,false_alerts_per_100,5.402480270574972,1.662532882375047,3.739947388199925
clean,many_labs_igt,participant_grouped_outer_cv,hist_gradient_boosting,capacity_off,full_controls,event_coverage_by_human_review,0.12434943013373741,0.023914618881349232,0.10043481125238818
clean,many_labs_igt,participant_grouped_outer_cv,hist_gradient_boosting,capacity_off,full_controls,non_event_human_reviews_per_100,3.672303645246148,0.7455843667794062,2.9267192784667415
clean,many_labs_igt,participant_grouped_outer_cv,hist_gradient_boosting,capacity_off,full_controls,auto_capacity_blocks_per_100,0.0,18.496805712138293,-18.496805712138293
clean,many_labs_igt,participant_grouped_outer_cv,hist_gradient_boosting,capacity_off,full_controls,review_capacity_overflow_abstentions_per_100,0.0,7.509958662157084,-7.509958662157084
clean,many_labs_igt,participant_grouped_outer_cv,hist_gradient_boosting,capacity_off,full_controls,invalid_evidence_action_acceptance_rate,0.0,0.0,0.0
clean,many_labs_igt,participant_grouped_outer_cv,hist_gradient_boosting,capacity_off,full_controls,direct_evidence_gate_blocks_per_100,0.0,0.0,0.0
clean,many_labs_igt,participant_grouped_outer_cv,hist_gradient_boosting,evidence_gate_off,full_controls,alert_rate,0.07176249530251785,0.07176249530251785,0.0
clean,many_labs_igt,participant_grouped_outer_cv,hist_gradient_boosting,evidence_gate_off,full_controls,human_review_rate,0.01836903419767005,0.01836903419767005,0.0
clean,many_labs_igt,participant_grouped_outer_cv,hist_gradient_boosting,evidence_gate_off,full_controls,abstain_rate,0.23266441187523487,0.23266441187523487,0.0
clean,many_labs_igt,participant_grouped_outer_cv,hist_gradient_boosting,evidence_gate_off,full_controls,no_action_rate,0.6772040586245772,0.6772040586245772,0.0
clean,many_labs_igt,participant_grouped_outer_cv,hist_gradient_boosting,evidence_gate_off,full_controls,event_coverage_by_alert,0.1208248237696818,0.1208248237696818,0.0
clean,many_labs_igt,participant_grouped_outer_cv,hist_gradient_boosting,evidence_gate_off,full_controls,alert_precision,0.7683284457478006,0.7683284457478006,0.0
clean,many_labs_igt,participant_grouped_outer_cv,hist_gradient_boosting,evidence_gate_off,full_controls,false_alerts_per_100,1.662532882375047,1.662532882375047,0.0
clean,many_labs_igt,participant_grouped_outer_cv,hist_gradient_boosting,evidence_gate_off,full_controls,event_coverage_by_human_review,0.023914618881349232,0.023914618881349232,0.0
clean,many_labs_igt,participant_grouped_outer_cv,hist_gradient_boosting,evidence_gate_off,full_controls,non_event_human_reviews_per_100,0.7455843667794062,0.7455843667794062,0.0
clean,many_labs_igt,participant_grouped_outer_cv,hist_gradient_boosting,evidence_gate_off,full_controls,auto_capacity_blocks_per_100,18.496805712138293,18.496805712138293,0.0
clean,many_labs_igt,participant_grouped_outer_cv,hist_gradient_boosting,evidence_gate_off,full_controls,review_capacity_overflow_abstentions_per_100,7.509958662157084,7.509958662157084,0.0
clean,many_labs_igt,participant_grouped_outer_cv,hist_gradient_boosting,evidence_gate_off,full_controls,invalid_evidence_action_acceptance_rate,0.0,0.0,0.0
clean,many_labs_igt,participant_grouped_outer_cv,hist_gradient_boosting,evidence_gate_off,full_controls,direct_evidence_gate_blocks_per_100,0.0,0.0,0.0
clean,many_labs_igt,participant_grouped_outer_cv,hist_gradient_boosting,shared_capacity,full_controls,alert_rate,0.05928598271326569,0.07176249530251785,-0.012476512589252163
clean,many_labs_igt,participant_grouped_outer_cv,hist_gradient_boosting,shared_capacity,full_controls,human_review_rate,0.03252912438932732,0.01836903419767005,0.01416009019165727
clean,many_labs_igt,participant_grouped_outer_cv,hist_gradient_boosting,shared_capacity,full_controls,abstain_rate,0.2185043216835776,0.23266441187523487,-0.01416009019165726
clean,many_labs_igt,participant_grouped_outer_cv,hist_gradient_boosting,shared_capacity,full_controls,no_action_rate,0.6896805712138294,0.6772040586245772,0.012476512589252198
clean,many_labs_igt,participant_grouped_outer_cv,hist_gradient_boosting,shared_capacity,full_controls,event_coverage_by_alert,0.10132419790500033,0.1208248237696818,-0.019500625864681473
clean,many_labs_igt,participant_grouped_outer_cv,hist_gradient_boosting,shared_capacity,full_controls,alert_precision,0.7799188640973631,0.7683284457478006,0.011590418349562537
clean,many_labs_igt,participant_grouped_outer_cv,hist_gradient_boosting,shared_capacity,full_controls,false_alerts_per_100,1.304772641863961,1.662532882375047,-0.357760240511086
clean,many_labs_igt,participant_grouped_outer_cv,hist_gradient_boosting,shared_capacity,full_controls,event_coverage_by_human_review,0.043019961789314186,0.023914618881349232,0.019105342907964954
clean,many_labs_igt,participant_grouped_outer_cv,hist_gradient_boosting,shared_capacity,full_controls,non_event_human_reviews_per_100,1.289740698985344,0.7455843667794062,0.5441563322059377
clean,many_labs_igt,participant_grouped_outer_cv,hist_gradient_boosting,shared_capacity,full_controls,auto_capacity_blocks_per_100,19.74445697106351,18.496805712138293,1.2476512589252167
clean,many_labs_igt,participant_grouped_outer_cv,hist_gradient_boosting,shared_capacity,full_controls,review_capacity_overflow_abstentions_per_100,6.093949642991356,7.509958662157084,-1.4160090191657275
clean,many_labs_igt,participant_grouped_outer_cv,hist_gradient_boosting,shared_capacity,full_controls,invalid_evidence_action_acceptance_rate,0.0,0.0,0.0
clean,many_labs_igt,participant_grouped_outer_cv,hist_gradient_boosting,shared_capacity,full_controls,direct_evidence_gate_blocks_per_100,0.0,0.0,0.0
clean,many_labs_igt,participant_grouped_outer_cv,hist_gradient_boosting,uncertainty_gate_off,full_controls,alert_rate,0.07176249530251785,0.07176249530251785,0.0
clean,many_labs_igt,participant_grouped_outer_cv,hist_gradient_boosting,uncertainty_gate_off,full_controls,human_review_rate,0.01836903419767005,0.01836903419767005,0.0
clean,many_labs_igt,participant_grouped_outer_cv,hist_gradient_boosting,uncertainty_gate_off,full_controls,abstain_rate,0.07509958662157083,0.23266441187523487,-0.15756482525366405
clean,many_labs_igt,participant_grouped_outer_cv,hist_gradient_boosting,uncertainty_gate_off,full_controls,no_action_rate,0.8347688838782412,0.6772040586245772,0.157564825253664
clean,many_labs_igt,participant_grouped_outer_cv,hist_gradient_boosting,uncertainty_gate_off,full_controls,event_coverage_by_alert,0.1208248237696818,0.1208248237696818,0.0
clean,many_labs_igt,participant_grouped_outer_cv,hist_gradient_boosting,uncertainty_gate_off,full_controls,alert_precision,0.7683284457478006,0.7683284457478006,0.0
clean,many_labs_igt,participant_grouped_outer_cv,hist_gradient_boosting,uncertainty_gate_off,full_controls,false_alerts_per_100,1.662532882375047,1.662532882375047,0.0
clean,many_labs_igt,participant_grouped_outer_cv,hist_gradient_boosting,uncertainty_gate_off,full_controls,event_coverage_by_human_review,0.023914618881349232,0.023914618881349232,0.0
clean,many_labs_igt,participant_grouped_outer_cv,hist_gradient_boosting,uncertainty_gate_off,full_controls,non_event_human_reviews_per_100,0.7455843667794062,0.7455843667794062,0.0
clean,many_labs_igt,participant_grouped_outer_cv,hist_gradient_boosting,uncertainty_gate_off,full_controls,auto_capacity_blocks_per_100,18.496805712138293,18.496805712138293,0.0
clean,many_labs_igt,participant_grouped_outer_cv,hist_gradient_boosting,uncertainty_gate_off,full_controls,review_capacity_overflow_abstentions_per_100,7.509958662157084,7.509958662157084,0.0
clean,many_labs_igt,participant_grouped_outer_cv,hist_gradient_boosting,uncertainty_gate_off,full_controls,invalid_evidence_action_acceptance_rate,0.0,0.0,0.0
clean,many_labs_igt,participant_grouped_outer_cv,hist_gradient_boosting,uncertainty_gate_off,full_controls,direct_evidence_gate_blocks_per_100,0.0,0.0,0.0
clean,many_labs_igt,participant_grouped_outer_cv,history_baseline,capacity_off,full_controls,alert_rate,0.4162795941375423,0.06424652386320932,0.35203307027433295
clean,many_labs_igt,participant_grouped_outer_cv,history_baseline,capacity_off,full_controls,human_review_rate,0.08936490041337843,0.013092822247275461,0.07627207816610296
clean,many_labs_igt,participant_grouped_outer_cv,history_baseline,capacity_off,full_controls,abstain_rate,0.3049229612927471,0.3811950394588501,-0.07627207816610299
clean,many_labs_igt,participant_grouped_outer_cv,history_baseline,capacity_off,full_controls,no_action_rate,0.1894325441563322,0.5414656144306652,-0.352033070274333
clean,many_labs_igt,participant_grouped_outer_cv,history_baseline,capacity_off,full_controls,event_coverage_by_alert,0.529086237565057,0.0885104420581066,0.4405757955069504
clean,many_labs_igt,participant_grouped_outer_cv,history_baseline,capacity_off,full_controls,alert_precision,0.5800021666125014,0.6286850725315863,-0.04868290591908497
clean,many_labs_igt,participant_grouped_outer_cv,history_baseline,capacity_off,full_controls,false_alerts_per_100,17.483652762119505,2.3855693348365277,15.098083427282976
clean,many_labs_igt,participant_grouped_outer_cv,history_baseline,capacity_off,full_controls,event_coverage_by_human_review,0.07092035048422163,0.01340668028196851,0.05751367020225312
clean,many_labs_igt,participant_grouped_outer_cv,history_baseline,capacity_off,full_controls,non_event_human_reviews_per_100,5.70011273957159,0.6974821495678316,5.002630590003758
clean,many_labs_igt,participant_grouped_outer_cv,history_baseline,capacity_off,full_controls,auto_capacity_blocks_per_100,0.0,35.2033070274333,-35.2033070274333
clean,many_labs_igt,participant_grouped_outer_cv,history_baseline,capacity_off,full_controls,review_capacity_overflow_abstentions_per_100,0.0,7.627207816610297,-7.627207816610297
clean,many_labs_igt,participant_grouped_outer_cv,history_baseline,capacity_off,full_controls,invalid_evidence_action_acceptance_rate,0.0,0.0,0.0
clean,many_labs_igt,participant_grouped_outer_cv,history_baseline,capacity_off,full_controls,direct_evidence_gate_blocks_per_100,0.0,0.0,0.0
clean,many_labs_igt,participant_grouped_outer_cv,history_baseline,evidence_gate_off,full_controls,alert_rate,0.06424652386320932,0.06424652386320932,0.0
clean,many_labs_igt,participant_grouped_outer_cv,history_baseline,evidence_gate_off,full_controls,human_review_rate,0.013092822247275461,0.013092822247275461,0.0
clean,many_labs_igt,participant_grouped_outer_cv,history_baseline,evidence_gate_off,full_controls,abstain_rate,0.3811950394588501,0.3811950394588501,0.0
clean,many_labs_igt,participant_grouped_outer_cv,history_baseline,evidence_gate_off,full_controls,no_action_rate,0.5414656144306652,0.5414656144306652,0.0
clean,many_labs_igt,participant_grouped_outer_cv,history_baseline,evidence_gate_off,full_controls,event_coverage_by_alert,0.0885104420581066,0.0885104420581066,0.0
clean,many_labs_igt,participant_grouped_outer_cv,history_baseline,evidence_gate_off,full_controls,alert_precision,0.6286850725315863,0.6286850725315863,0.0
clean,many_labs_igt,participant_grouped_outer_cv,history_baseline,evidence_gate_off,full_controls,false_alerts_per_100,2.3855693348365277,2.3855693348365277,0.0
clean,many_labs_igt,participant_grouped_outer_cv,history_baseline,evidence_gate_off,full_controls,event_coverage_by_human_review,0.01340668028196851,0.01340668028196851,0.0
clean,many_labs_igt,participant_grouped_outer_cv,history_baseline,evidence_gate_off,full_controls,non_event_human_reviews_per_100,0.6974821495678316,0.6974821495678316,0.0
clean,many_labs_igt,participant_grouped_outer_cv,history_baseline,evidence_gate_off,full_controls,auto_capacity_blocks_per_100,35.2033070274333,35.2033070274333,0.0
clean,many_labs_igt,participant_grouped_outer_cv,history_baseline,evidence_gate_off,full_controls,review_capacity_overflow_abstentions_per_100,7.627207816610297,7.627207816610297,0.0
clean,many_labs_igt,participant_grouped_outer_cv,history_baseline,evidence_gate_off,full_controls,invalid_evidence_action_acceptance_rate,0.0,0.0,0.0
clean,many_labs_igt,participant_grouped_outer_cv,history_baseline,evidence_gate_off,full_controls,direct_evidence_gate_blocks_per_100,0.0,0.0,0.0
clean,many_labs_igt,participant_grouped_outer_cv,history_baseline,shared_capacity,full_controls,alert_rate,0.07024426907177753,0.06424652386320932,0.005997745208568203
clean,many_labs_igt,participant_grouped_outer_cv,history_baseline,shared_capacity,full_controls,human_review_rate,0.01851935362645622,0.013092822247275461,0.005426531379180758
clean,many_labs_igt,participant_grouped_outer_cv,history_baseline,shared_capacity,full_controls,abstain_rate,0.3757685080796693,0.3811950394588501,-0.00542653137918081
clean,many_labs_igt,participant_grouped_outer_cv,history_baseline,shared_capacity,full_controls,no_action_rate,0.535467869222097,0.5414656144306652,-0.005997745208568217
clean,many_labs_igt,participant_grouped_outer_cv,history_baseline,shared_capacity,full_controls,event_coverage_by_alert,0.09740430858422822,0.0885104420581066,0.008893866526121619
clean,many_labs_igt,participant_grouped_outer_cv,history_baseline,shared_capacity,full_controls,alert_precision,0.6327840787502675,0.6286850725315863,0.0040990062186812
clean,many_labs_igt,participant_grouped_outer_cv,history_baseline,shared_capacity,full_controls,false_alerts_per_100,2.579481397970688,2.3855693348365277,0.1939120631341602
clean,many_labs_igt,participant_grouped_outer_cv,history_baseline,shared_capacity,full_controls,event_coverage_by_human_review,0.02279465050398577,0.01340668028196851,0.00938797022201726
clean,many_labs_igt,participant_grouped_outer_cv,history_baseline,shared_capacity,full_controls,non_event_human_reviews_per_100,0.8117249154453213,0.6974821495678316,0.11424276587748972
clean,many_labs_igt,participant_grouped_outer_cv,history_baseline,shared_capacity,full_controls,auto_capacity_blocks_per_100,34.60353250657648,35.2033070274333,-0.599774520856819
clean,many_labs_igt,participant_grouped_outer_cv,history_baseline,shared_capacity,full_controls,review_capacity_overflow_abstentions_per_100,7.084554678692221,7.627207816610297,-0.5426531379180757
clean,many_labs_igt,participant_grouped_outer_cv,history_baseline,shared_capacity,full_controls,invalid_evidence_action_acceptance_rate,0.0,0.0,0.0
clean,many_labs_igt,participant_grouped_outer_cv,history_baseline,shared_capacity,full_controls,direct_evidence_gate_blocks_per_100,0.0,0.0,0.0
clean,many_labs_igt,participant_grouped_outer_cv,history_baseline,uncertainty_gate_off,full_controls,alert_rate,0.07131153701615933,0.06424652386320932,0.007065013152950009
clean,many_labs_igt,participant_grouped_outer_cv,history_baseline,uncertainty_gate_off,full_controls,human_review_rate,0.013528748590755355,0.013092822247275461,0.0004359263434798935
clean,many_labs_igt,participant_grouped_outer_cv,history_baseline,uncertainty_gate_off,full_controls,abstain_rate,0.09166478767380684,0.3811950394588501,-0.2895302517850432
clean,many_labs_igt,participant_grouped_outer_cv,history_baseline,uncertainty_gate_off,full_controls,no_action_rate,0.8234949267192785,0.5414656144306652,0.2820293122886133
clean,many_labs_igt,participant_grouped_outer_cv,history_baseline,uncertainty_gate_off,full_controls,event_coverage_by_alert,0.09615257922129257,0.0885104420581066,0.007642137163185972
clean,many_labs_igt,participant_grouped_outer_cv,history_baseline,uncertainty_gate_off,full_controls,alert_precision,0.6153035413153457,0.6286850725315863,-0.013381531216240639
clean,many_labs_igt,participant_grouped_outer_cv,history_baseline,uncertainty_gate_off,full_controls,false_alerts_per_100,2.7433295753476137,2.3855693348365277,0.357760240511086
clean,many_labs_igt,participant_grouped_outer_cv,history_baseline,uncertainty_gate_off,full_controls,event_coverage_by_human_review,0.014361947427366756,0.01340668028196851,0.0009552671453982465
clean,many_labs_igt,participant_grouped_outer_cv,history_baseline,uncertainty_gate_off,full_controls,non_event_human_reviews_per_100,0.6974821495678316,0.6974821495678316,0.0
clean,many_labs_igt,participant_grouped_outer_cv,history_baseline,uncertainty_gate_off,full_controls,auto_capacity_blocks_per_100,63.40623825629463,35.2033070274333,28.20293122886133
clean,many_labs_igt,participant_grouped_outer_cv,history_baseline,uncertainty_gate_off,full_controls,review_capacity_overflow_abstentions_per_100,9.166478767380683,7.627207816610297,1.5392709507703861
clean,many_labs_igt,participant_grouped_outer_cv,history_baseline,uncertainty_gate_off,full_controls,invalid_evidence_action_acceptance_rate,0.0,0.0,0.0
clean,many_labs_igt,participant_grouped_outer_cv,history_baseline,uncertainty_gate_off,full_controls,direct_evidence_gate_blocks_per_100,0.0,0.0,0.0
clean,many_labs_igt,participant_grouped_outer_cv,regularised_logistic,capacity_off,full_controls,alert_rate,0.29082299887260427,0.07116121758737316,0.21966178128523112
clean,many_labs_igt,participant_grouped_outer_cv,regularised_logistic,capacity_off,full_controls,human_review_rate,0.08983089064261555,0.018384066140548667,0.07144682450206688
clean,many_labs_igt,participant_grouped_outer_cv,regularised_logistic,capacity_off,full_controls,abstain_rate,0.1057346862081924,0.1771815107102593,-0.07144682450206691
clean,many_labs_igt,participant_grouped_outer_cv,regularised_logistic,capacity_off,full_controls,no_action_rate,0.5136114242765878,0.7332732055618189,-0.21966178128523106
clean,many_labs_igt,participant_grouped_outer_cv,regularised_logistic,capacity_off,full_controls,event_coverage_by_alert,0.44383687989986165,0.1071216812701759,0.33671519862968574
clean,many_labs_igt,participant_grouped_outer_cv,regularised_logistic,capacity_off,full_controls,alert_precision,0.6964387243500284,0.6869455006337135,0.009493223716314891
clean,many_labs_igt,participant_grouped_outer_cv,regularised_logistic,capacity_off,full_controls,false_alerts_per_100,8.8282600526118,2.2277339346110483,6.600526118000751
clean,many_labs_igt,participant_grouped_outer_cv,regularised_logistic,capacity_off,full_controls,event_coverage_by_human_review,0.10936161802490282,0.024276961591672707,0.08508465643323011
clean,many_labs_igt,participant_grouped_outer_cv,regularised_logistic,capacity_off,full_controls,non_event_human_reviews_per_100,3.9924840285606913,0.7305524239007892,3.2619316046599023
clean,many_labs_igt,participant_grouped_outer_cv,regularised_logistic,capacity_off,full_controls,auto_capacity_blocks_per_100,0.0,21.96617812852311,-21.96617812852311
clean,many_labs_igt,participant_grouped_outer_cv,regularised_logistic,capacity_off,full_controls,review_capacity_overflow_abstentions_per_100,0.0,7.144682450206689,-7.144682450206689
clean,many_labs_igt,participant_grouped_outer_cv,regularised_logistic,capacity_off,full_controls,invalid_evidence_action_acceptance_rate,0.0,0.0,0.0
clean,many_labs_igt,participant_grouped_outer_cv,regularised_logistic,capacity_off,full_controls,direct_evidence_gate_blocks_per_100,0.0,0.0,0.0
clean,many_labs_igt,participant_grouped_outer_cv,regularised_logistic,evidence_gate_off,full_controls,alert_rate,0.07116121758737316,0.07116121758737316,0.0
clean,many_labs_igt,participant_grouped_outer_cv,regularised_logistic,evidence_gate_off,full_controls,human_review_rate,0.018384066140548667,0.018384066140548667,0.0
clean,many_labs_igt,participant_grouped_outer_cv,regularised_logistic,evidence_gate_off,full_controls,abstain_rate,0.1771815107102593,0.1771815107102593,0.0
clean,many_labs_igt,participant_grouped_outer_cv,regularised_logistic,evidence_gate_off,full_controls,no_action_rate,0.7332732055618189,0.7332732055618189,0.0
clean,many_labs_igt,participant_grouped_outer_cv,regularised_logistic,evidence_gate_off,full_controls,event_coverage_by_alert,0.1071216812701759,0.1071216812701759,0.0
clean,many_labs_igt,participant_grouped_outer_cv,regularised_logistic,evidence_gate_off,full_controls,alert_precision,0.6869455006337135,0.6869455006337135,0.0
clean,many_labs_igt,participant_grouped_outer_cv,regularised_logistic,evidence_gate_off,full_controls,false_alerts_per_100,2.2277339346110483,2.2277339346110483,0.0
clean,many_labs_igt,participant_grouped_outer_cv,regularised_logistic,evidence_gate_off,full_controls,event_coverage_by_human_review,0.024276961591672707,0.024276961591672707,0.0
clean,many_labs_igt,participant_grouped_outer_cv,regularised_logistic,evidence_gate_off,full_controls,non_event_human_reviews_per_100,0.7305524239007892,0.7305524239007892,0.0
clean,many_labs_igt,participant_grouped_outer_cv,regularised_logistic,evidence_gate_off,full_controls,auto_capacity_blocks_per_100,21.96617812852311,21.96617812852311,0.0
clean,many_labs_igt,participant_grouped_outer_cv,regularised_logistic,evidence_gate_off,full_controls,review_capacity_overflow_abstentions_per_100,7.144682450206689,7.144682450206689,0.0
clean,many_labs_igt,participant_grouped_outer_cv,regularised_logistic,evidence_gate_off,full_controls,invalid_evidence_action_acceptance_rate,0.0,0.0,0.0
clean,many_labs_igt,participant_grouped_outer_cv,regularised_logistic,evidence_gate_off,full_controls,direct_evidence_gate_blocks_per_100,0.0,0.0,0.0
clean,many_labs_igt,participant_grouped_outer_cv,regularised_logistic,shared_capacity,full_controls,alert_rate,0.06550920706501315,0.07116121758737316,-0.005652010522360015
clean,many_labs_igt,participant_grouped_outer_cv,regularised_logistic,shared_capacity,full_controls,human_review_rate,0.02522360015031943,0.018384066140548667,0.006839534009770762
clean,many_labs_igt,participant_grouped_outer_cv,regularised_logistic,shared_capacity,full_controls,abstain_rate,0.17034197670048853,0.1771815107102593,-0.006839534009770776
clean,many_labs_igt,participant_grouped_outer_cv,regularised_logistic,shared_capacity,full_controls,no_action_rate,0.7389252160841788,0.7332732055618189,0.005652010522359974
clean,many_labs_igt,participant_grouped_outer_cv,regularised_logistic,shared_capacity,full_controls,event_coverage_by_alert,0.09865603794716385,0.1071216812701759,-0.008465643323012056
clean,many_labs_igt,participant_grouped_outer_cv,regularised_logistic,shared_capacity,full_controls,alert_precision,0.6872418540614961,0.6869455006337135,0.0002963534277825586
clean,many_labs_igt,participant_grouped_outer_cv,regularised_logistic,shared_capacity,full_controls,false_alerts_per_100,2.0488538143555055,2.2277339346110483,-0.17888012025554278
clean,many_labs_igt,participant_grouped_outer_cv,regularised_logistic,shared_capacity,full_controls,event_coverage_by_human_review,0.035180183147769946,0.024276961591672707,0.010903221556097239
clean,many_labs_igt,participant_grouped_outer_cv,regularised_logistic,shared_capacity,full_controls,non_event_human_reviews_per_100,0.9169485155956407,0.7305524239007892,0.1863960916948515
clean,many_labs_igt,participant_grouped_outer_cv,regularised_logistic,shared_capacity,full_controls,auto_capacity_blocks_per_100,22.531379180759114,21.96617812852311,0.5652010522360023
clean,many_labs_igt,participant_grouped_outer_cv,regularised_logistic,shared_capacity,full_controls,review_capacity_overflow_abstentions_per_100,6.460729049229613,7.144682450206689,-0.6839534009770762
clean,many_labs_igt,participant_grouped_outer_cv,regularised_logistic,shared_capacity,full_controls,invalid_evidence_action_acceptance_rate,0.0,0.0,0.0
clean,many_labs_igt,participant_grouped_outer_cv,regularised_logistic,shared_capacity,full_controls,direct_evidence_gate_blocks_per_100,0.0,0.0,0.0
clean,many_labs_igt,participant_grouped_outer_cv,regularised_logistic,uncertainty_gate_off,full_controls,alert_rate,0.07116121758737316,0.07116121758737316,0.0
clean,many_labs_igt,participant_grouped_outer_cv,regularised_logistic,uncertainty_gate_off,full_controls,human_review_rate,0.018384066140548667,0.018384066140548667,0.0
clean,many_labs_igt,participant_grouped_outer_cv,regularised_logistic,uncertainty_gate_off,full_controls,abstain_rate,0.0714468245020669,0.1771815107102593,-0.10573468620819242
clean,many_labs_igt,participant_grouped_outer_cv,regularised_logistic,uncertainty_gate_off,full_controls,no_action_rate,0.8390078917700112,0.7332732055618189,0.10573468620819237
clean,many_labs_igt,participant_grouped_outer_cv,regularised_logistic,uncertainty_gate_off,full_controls,event_coverage_by_alert,0.1071216812701759,0.1071216812701759,0.0
clean,many_labs_igt,participant_grouped_outer_cv,regularised_logistic,uncertainty_gate_off,full_controls,alert_precision,0.6869455006337135,0.6869455006337135,0.0
clean,many_labs_igt,participant_grouped_outer_cv,regularised_logistic,uncertainty_gate_off,full_controls,false_alerts_per_100,2.2277339346110483,2.2277339346110483,0.0
clean,many_labs_igt,participant_grouped_outer_cv,regularised_logistic,uncertainty_gate_off,full_controls,event_coverage_by_human_review,0.024276961591672707,0.024276961591672707,0.0
clean,many_labs_igt,participant_grouped_outer_cv,regularised_logistic,uncertainty_gate_off,full_controls,non_event_human_reviews_per_100,0.7305524239007892,0.7305524239007892,0.0
clean,many_labs_igt,participant_grouped_outer_cv,regularised_logistic,uncertainty_gate_off,full_controls,auto_capacity_blocks_per_100,21.96617812852311,21.96617812852311,0.0
clean,many_labs_igt,participant_grouped_outer_cv,regularised_logistic,uncertainty_gate_off,full_controls,review_capacity_overflow_abstentions_per_100,7.144682450206689,7.144682450206689,0.0
clean,many_labs_igt,participant_grouped_outer_cv,regularised_logistic,uncertainty_gate_off,full_controls,invalid_evidence_action_acceptance_rate,0.0,0.0,0.0
clean,many_labs_igt,participant_grouped_outer_cv,regularised_logistic,uncertainty_gate_off,full_controls,direct_evidence_gate_blocks_per_100,0.0,0.0,0.0
clean,mendeley_igt_official_v2,frozen_external_official_v2_same_task,hist_gradient_boosting,capacity_off,full_controls,alert_rate,0.2364406779661017,0.039491525423728815,0.19694915254237289
clean,mendeley_igt_official_v2,frozen_external_official_v2_same_task,hist_gradient_boosting,capacity_off,full_controls,human_review_rate,0.10296610169491525,0.01,0.09296610169491526
clean,mendeley_igt_official_v2,frozen_external_official_v2_same_task,hist_gradient_boosting,capacity_off,full_controls,abstain_rate,0.19338983050847458,0.28635593220338984,-0.09296610169491526
clean,mendeley_igt_official_v2,frozen_external_official_v2_same_task,hist_gradient_boosting,capacity_off,full_controls,no_action_rate,0.46720338983050846,0.6641525423728813,-0.19694915254237289
clean,mendeley_igt_official_v2,frozen_external_official_v2_same_task,hist_gradient_boosting,capacity_off,full_controls,event_coverage_by_alert,0.3718280683583635,0.05385810460901087,0.31796996374935266
clean,mendeley_igt_official_v2,frozen_external_official_v2_same_task,hist_gradient_boosting,capacity_off,full_controls,alert_precision,0.7720430107526882,0.6695278969957081,0.10251511375698008
clean,mendeley_igt_official_v2,frozen_external_official_v2_same_task,hist_gradient_boosting,capacity_off,full_controls,false_alerts_per_100,5.389830508474576,1.305084745762712,4.084745762711864
clean,mendeley_igt_official_v2,frozen_external_official_v2_same_task,hist_gradient_boosting,capacity_off,full_controls,event_coverage_by_human_review,0.13274641809079923,0.010529949939582254,0.12221646815121698
clean,mendeley_igt_official_v2,frozen_external_official_v2_same_task,hist_gradient_boosting,capacity_off,full_controls,non_event_human_reviews_per_100,3.7796610169491527,0.4830508474576271,3.2966101694915255
clean,mendeley_igt_official_v2,frozen_external_official_v2_same_task,hist_gradient_boosting,capacity_off,full_controls,auto_capacity_blocks_per_100,0.0,19.694915254237287,-19.694915254237287
clean,mendeley_igt_official_v2,frozen_external_official_v2_same_task,hist_gradient_boosting,capacity_off,full_controls,review_capacity_overflow_abstentions_per_100,0.0,9.296610169491526,-9.296610169491526
clean,mendeley_igt_official_v2,frozen_external_official_v2_same_task,hist_gradient_boosting,capacity_off,full_controls,invalid_evidence_action_acceptance_rate,0.0,0.0,0.0
clean,mendeley_igt_official_v2,frozen_external_official_v2_same_task,hist_gradient_boosting,capacity_off,full_controls,direct_evidence_gate_blocks_per_100,0.0,0.0,0.0
clean,mendeley_igt_official_v2,frozen_external_official_v2_same_task,hist_gradient_boosting,evidence_gate_off,full_controls,alert_rate,0.039491525423728815,0.039491525423728815,0.0
clean,mendeley_igt_official_v2,frozen_external_official_v2_same_task,hist_gradient_boosting,evidence_gate_off,full_controls,human_review_rate,0.01,0.01,0.0
clean,mendeley_igt_official_v2,frozen_external_official_v2_same_task,hist_gradient_boosting,evidence_gate_off,full_controls,abstain_rate,0.28635593220338984,0.28635593220338984,0.0
clean,mendeley_igt_official_v2,frozen_external_official_v2_same_task,hist_gradient_boosting,evidence_gate_off,full_controls,no_action_rate,0.6641525423728813,0.6641525423728813,0.0
clean,mendeley_igt_official_v2,frozen_external_official_v2_same_task,hist_gradient_boosting,evidence_gate_off,full_controls,event_coverage_by_alert,0.05385810460901087,0.05385810460901087,0.0
clean,mendeley_igt_official_v2,frozen_external_official_v2_same_task,hist_gradient_boosting,evidence_gate_off,full_controls,alert_precision,0.6695278969957081,0.6695278969957081,0.0
clean,mendeley_igt_official_v2,frozen_external_official_v2_same_task,hist_gradient_boosting,evidence_gate_off,full_controls,false_alerts_per_100,1.305084745762712,1.305084745762712,0.0
clean,mendeley_igt_official_v2,frozen_external_official_v2_same_task,hist_gradient_boosting,evidence_gate_off,full_controls,event_coverage_by_human_review,0.010529949939582254,0.010529949939582254,0.0
clean,mendeley_igt_official_v2,frozen_external_official_v2_same_task,hist_gradient_boosting,evidence_gate_off,full_controls,non_event_human_reviews_per_100,0.4830508474576271,0.4830508474576271,0.0
clean,mendeley_igt_official_v2,frozen_external_official_v2_same_task,hist_gradient_boosting,evidence_gate_off,full_controls,auto_capacity_blocks_per_100,19.694915254237287,19.694915254237287,0.0
clean,mendeley_igt_official_v2,frozen_external_official_v2_same_task,hist_gradient_boosting,evidence_gate_off,full_controls,review_capacity_overflow_abstentions_per_100,9.296610169491526,9.296610169491526,0.0
clean,mendeley_igt_official_v2,frozen_external_official_v2_same_task,hist_gradient_boosting,evidence_gate_off,full_controls,invalid_evidence_action_acceptance_rate,0.0,0.0,0.0
clean,mendeley_igt_official_v2,frozen_external_official_v2_same_task,hist_gradient_boosting,evidence_gate_off,full_controls,direct_evidence_gate_blocks_per_100,0.0,0.0,0.0
clean,mendeley_igt_official_v2,frozen_external_official_v2_same_task,hist_gradient_boosting,shared_capacity,full_controls,alert_rate,0.025338983050847457,0.039491525423728815,-0.014152542372881358
clean,mendeley_igt_official_v2,frozen_external_official_v2_same_task,hist_gradient_boosting,shared_capacity,full_controls,human_review_rate,0.02440677966101695,0.01,0.01440677966101695
clean,mendeley_igt_official_v2,frozen_external_official_v2_same_task,hist_gradient_boosting,shared_capacity,full_controls,abstain_rate,0.2719491525423729,0.28635593220338984,-0.014406779661016944
clean,mendeley_igt_official_v2,frozen_external_official_v2_same_task,hist_gradient_boosting,shared_capacity,full_controls,no_action_rate,0.6783050847457627,0.6641525423728813,0.014152542372881327
clean,mendeley_igt_official_v2,frozen_external_official_v2_same_task,hist_gradient_boosting,shared_capacity,full_controls,event_coverage_by_alert,0.033833937510788885,0.05385810460901087,-0.02002416709822199
clean,mendeley_igt_official_v2,frozen_external_official_v2_same_task,hist_gradient_boosting,shared_capacity,full_controls,alert_precision,0.6555183946488294,0.6695278969957081,-0.0140095023468787
clean,mendeley_igt_official_v2,frozen_external_official_v2_same_task,hist_gradient_boosting,shared_capacity,full_controls,false_alerts_per_100,0.8728813559322034,1.305084745762712,-0.43220338983050854
clean,mendeley_igt_official_v2,frozen_external_official_v2_same_task,hist_gradient_boosting,shared_capacity,full_controls,event_coverage_by_human_review,0.026065941653720007,0.010529949939582254,0.015535991714137753
clean,mendeley_igt_official_v2,frozen_external_official_v2_same_task,hist_gradient_boosting,shared_capacity,full_controls,non_event_human_reviews_per_100,1.1610169491525424,0.4830508474576271,0.6779661016949152
clean,mendeley_igt_official_v2,frozen_external_official_v2_same_task,hist_gradient_boosting,shared_capacity,full_controls,auto_capacity_blocks_per_100,21.110169491525422,19.694915254237287,1.415254237288135
clean,mendeley_igt_official_v2,frozen_external_official_v2_same_task,hist_gradient_boosting,shared_capacity,full_controls,review_capacity_overflow_abstentions_per_100,7.8559322033898304,9.296610169491526,-1.4406779661016955
clean,mendeley_igt_official_v2,frozen_external_official_v2_same_task,hist_gradient_boosting,shared_capacity,full_controls,invalid_evidence_action_acceptance_rate,0.0,0.0,0.0
clean,mendeley_igt_official_v2,frozen_external_official_v2_same_task,hist_gradient_boosting,shared_capacity,full_controls,direct_evidence_gate_blocks_per_100,0.0,0.0,0.0
clean,mendeley_igt_official_v2,frozen_external_official_v2_same_task,hist_gradient_boosting,uncertainty_gate_off,full_controls,alert_rate,0.039491525423728815,0.039491525423728815,0.0
clean,mendeley_igt_official_v2,frozen_external_official_v2_same_task,hist_gradient_boosting,uncertainty_gate_off,full_controls,human_review_rate,0.01,0.01,0.0
clean,mendeley_igt_official_v2,frozen_external_official_v2_same_task,hist_gradient_boosting,uncertainty_gate_off,full_controls,abstain_rate,0.09296610169491526,0.28635593220338984,-0.19338983050847458
clean,mendeley_igt_official_v2,frozen_external_official_v2_same_task,hist_gradient_boosting,uncertainty_gate_off,full_controls,no_action_rate,0.8575423728813559,0.6641525423728813,0.19338983050847458
clean,mendeley_igt_official_v2,frozen_external_official_v2_same_task,hist_gradient_boosting,uncertainty_gate_off,full_controls,event_coverage_by_alert,0.05385810460901087,0.05385810460901087,0.0
clean,mendeley_igt_official_v2,frozen_external_official_v2_same_task,hist_gradient_boosting,uncertainty_gate_off,full_controls,alert_precision,0.6695278969957081,0.6695278969957081,0.0
clean,mendeley_igt_official_v2,frozen_external_official_v2_same_task,hist_gradient_boosting,uncertainty_gate_off,full_controls,false_alerts_per_100,1.305084745762712,1.305084745762712,0.0
clean,mendeley_igt_official_v2,frozen_external_official_v2_same_task,hist_gradient_boosting,uncertainty_gate_off,full_controls,event_coverage_by_human_review,0.010529949939582254,0.010529949939582254,0.0
clean,mendeley_igt_official_v2,frozen_external_official_v2_same_task,hist_gradient_boosting,uncertainty_gate_off,full_controls,non_event_human_reviews_per_100,0.4830508474576271,0.4830508474576271,0.0
clean,mendeley_igt_official_v2,frozen_external_official_v2_same_task,hist_gradient_boosting,uncertainty_gate_off,full_controls,auto_capacity_blocks_per_100,19.694915254237287,19.694915254237287,0.0
clean,mendeley_igt_official_v2,frozen_external_official_v2_same_task,hist_gradient_boosting,uncertainty_gate_off,full_controls,review_capacity_overflow_abstentions_per_100,9.296610169491526,9.296610169491526,0.0
clean,mendeley_igt_official_v2,frozen_external_official_v2_same_task,hist_gradient_boosting,uncertainty_gate_off,full_controls,invalid_evidence_action_acceptance_rate,0.0,0.0,0.0
clean,mendeley_igt_official_v2,frozen_external_official_v2_same_task,hist_gradient_boosting,uncertainty_gate_off,full_controls,direct_evidence_gate_blocks_per_100,0.0,0.0,0.0
clean,mendeley_igt_official_v2,frozen_external_official_v2_same_task,history_baseline,capacity_off,full_controls,alert_rate,0.38737288135593223,0.0335593220338983,0.35381355932203395
clean,mendeley_igt_official_v2,frozen_external_official_v2_same_task,history_baseline,capacity_off,full_controls,human_review_rate,0.12254237288135593,0.006779661016949152,0.11576271186440677
clean,mendeley_igt_official_v2,frozen_external_official_v2_same_task,history_baseline,capacity_off,full_controls,abstain_rate,0.35135593220338984,0.46711864406779663,-0.11576271186440679
clean,mendeley_igt_official_v2,frozen_external_official_v2_same_task,history_baseline,capacity_off,full_controls,no_action_rate,0.13872881355932204,0.49254237288135594,-0.3538135593220339
clean,mendeley_igt_official_v2,frozen_external_official_v2_same_task,history_baseline,capacity_off,full_controls,event_coverage_by_alert,0.4531330916623511,0.030726739167961332,0.4224063524943898
clean,mendeley_igt_official_v2,frozen_external_official_v2_same_task,history_baseline,capacity_off,full_controls,alert_precision,0.5742725880551302,0.4494949494949495,0.12477763856018065
clean,mendeley_igt_official_v2,frozen_external_official_v2_same_task,history_baseline,capacity_off,full_controls,false_alerts_per_100,16.491525423728813,1.847457627118644,14.64406779661017
clean,mendeley_igt_official_v2,frozen_external_official_v2_same_task,history_baseline,capacity_off,full_controls,event_coverage_by_human_review,0.10564474365613671,0.006387018815812187,0.09925772484032452
clean,mendeley_igt_official_v2,frozen_external_official_v2_same_task,history_baseline,capacity_off,full_controls,non_event_human_reviews_per_100,7.067796610169491,0.3644067796610169,6.703389830508474
clean,mendeley_igt_official_v2,frozen_external_official_v2_same_task,history_baseline,capacity_off,full_controls,auto_capacity_blocks_per_100,0.0,35.38135593220339,-35.38135593220339
clean,mendeley_igt_official_v2,frozen_external_official_v2_same_task,history_baseline,capacity_off,full_controls,review_capacity_overflow_abstentions_per_100,0.0,11.576271186440678,-11.576271186440678
clean,mendeley_igt_official_v2,frozen_external_official_v2_same_task,history_baseline,capacity_off,full_controls,invalid_evidence_action_acceptance_rate,0.0,0.0,0.0
clean,mendeley_igt_official_v2,frozen_external_official_v2_same_task,history_baseline,capacity_off,full_controls,direct_evidence_gate_blocks_per_100,0.0,0.0,0.0
clean,mendeley_igt_official_v2,frozen_external_official_v2_same_task,history_baseline,evidence_gate_off,full_controls,alert_rate,0.0335593220338983,0.0335593220338983,0.0
clean,mendeley_igt_official_v2,frozen_external_official_v2_same_task,history_baseline,evidence_gate_off,full_controls,human_review_rate,0.006779661016949152,0.006779661016949152,0.0
clean,mendeley_igt_official_v2,frozen_external_official_v2_same_task,history_baseline,evidence_gate_off,full_controls,abstain_rate,0.46711864406779663,0.46711864406779663,0.0
clean,mendeley_igt_official_v2,frozen_external_official_v2_same_task,history_baseline,evidence_gate_off,full_controls,no_action_rate,0.49254237288135594,0.49254237288135594,0.0
clean,mendeley_igt_official_v2,frozen_external_official_v2_same_task,history_baseline,evidence_gate_off,full_controls,event_coverage_by_alert,0.030726739167961332,0.030726739167961332,0.0
clean,mendeley_igt_official_v2,frozen_external_official_v2_same_task,history_baseline,evidence_gate_off,full_controls,alert_precision,0.4494949494949495,0.4494949494949495,0.0
clean,mendeley_igt_official_v2,frozen_external_official_v2_same_task,history_baseline,evidence_gate_off,full_controls,false_alerts_per_100,1.847457627118644,1.847457627118644,0.0
clean,mendeley_igt_official_v2,frozen_external_official_v2_same_task,history_baseline,evidence_gate_off,full_controls,event_coverage_by_human_review,0.006387018815812187,0.006387018815812187,0.0
clean,mendeley_igt_official_v2,frozen_external_official_v2_same_task,history_baseline,evidence_gate_off,full_controls,non_event_human_reviews_per_100,0.3644067796610169,0.3644067796610169,0.0
clean,mendeley_igt_official_v2,frozen_external_official_v2_same_task,history_baseline,evidence_gate_off,full_controls,auto_capacity_blocks_per_100,35.38135593220339,35.38135593220339,0.0
clean,mendeley_igt_official_v2,frozen_external_official_v2_same_task,history_baseline,evidence_gate_off,full_controls,review_capacity_overflow_abstentions_per_100,11.576271186440678,11.576271186440678,0.0
clean,mendeley_igt_official_v2,frozen_external_official_v2_same_task,history_baseline,evidence_gate_off,full_controls,invalid_evidence_action_acceptance_rate,0.0,0.0,0.0
clean,mendeley_igt_official_v2,frozen_external_official_v2_same_task,history_baseline,evidence_gate_off,full_controls,direct_evidence_gate_blocks_per_100,0.0,0.0,0.0
clean,mendeley_igt_official_v2,frozen_external_official_v2_same_task,history_baseline,shared_capacity,full_controls,alert_rate,0.03627118644067796,0.0335593220338983,0.00271186440677966
clean,mendeley_igt_official_v2,frozen_external_official_v2_same_task,history_baseline,shared_capacity,full_controls,human_review_rate,0.012457627118644067,0.006779661016949152,0.005677966101694915
clean,mendeley_igt_official_v2,frozen_external_official_v2_same_task,history_baseline,shared_capacity,full_controls,abstain_rate,0.4614406779661017,0.46711864406779663,-0.005677966101694909
clean,mendeley_igt_official_v2,frozen_external_official_v2_same_task,history_baseline,shared_capacity,full_controls,no_action_rate,0.48983050847457626,0.49254237288135594,-0.0027118644067796738
clean,mendeley_igt_official_v2,frozen_external_official_v2_same_task,history_baseline,shared_capacity,full_controls,event_coverage_by_alert,0.03400655964094597,0.030726739167961332,0.003279820472984637
clean,mendeley_igt_official_v2,frozen_external_official_v2_same_task,history_baseline,shared_capacity,full_controls,alert_precision,0.4602803738317757,0.4494949494949495,0.010785424336826221
clean,mendeley_igt_official_v2,frozen_external_official_v2_same_task,history_baseline,shared_capacity,full_controls,false_alerts_per_100,1.9576271186440677,1.847457627118644,0.11016949152542366
clean,mendeley_igt_official_v2,frozen_external_official_v2_same_task,history_baseline,shared_capacity,full_controls,event_coverage_by_human_review,0.012774037631624375,0.006387018815812187,0.006387018815812187
clean,mendeley_igt_official_v2,frozen_external_official_v2_same_task,history_baseline,shared_capacity,full_controls,non_event_human_reviews_per_100,0.6186440677966102,0.3644067796610169,0.25423728813559326
clean,mendeley_igt_official_v2,frozen_external_official_v2_same_task,history_baseline,shared_capacity,full_controls,auto_capacity_blocks_per_100,35.110169491525426,35.38135593220339,-0.2711864406779654
clean,mendeley_igt_official_v2,frozen_external_official_v2_same_task,history_baseline,shared_capacity,full_controls,review_capacity_overflow_abstentions_per_100,11.008474576271187,11.576271186440678,-0.5677966101694913
clean,mendeley_igt_official_v2,frozen_external_official_v2_same_task,history_baseline,shared_capacity,full_controls,invalid_evidence_action_acceptance_rate,0.0,0.0,0.0
clean,mendeley_igt_official_v2,frozen_external_official_v2_same_task,history_baseline,shared_capacity,full_controls,direct_evidence_gate_blocks_per_100,0.0,0.0,0.0
clean,mendeley_igt_official_v2,frozen_external_official_v2_same_task,history_baseline,uncertainty_gate_off,full_controls,alert_rate,0.0388135593220339,0.0335593220338983,0.005254237288135594
clean,mendeley_igt_official_v2,frozen_external_official_v2_same_task,history_baseline,uncertainty_gate_off,full_controls,human_review_rate,0.006949152542372881,0.006779661016949152,0.00016949152542372874
clean,mendeley_igt_official_v2,frozen_external_official_v2_same_task,history_baseline,uncertainty_gate_off,full_controls,abstain_rate,0.14771186440677966,0.46711864406779663,-0.31940677966101694
clean,mendeley_igt_official_v2,frozen_external_official_v2_same_task,history_baseline,uncertainty_gate_off,full_controls,no_action_rate,0.8065254237288135,0.49254237288135594,0.3139830508474576
clean,mendeley_igt_official_v2,frozen_external_official_v2_same_task,history_baseline,uncertainty_gate_off,full_controls,event_coverage_by_alert,0.04211979975832902,0.030726739167961332,0.011393060590367685
clean,mendeley_igt_official_v2,frozen_external_official_v2_same_task,history_baseline,uncertainty_gate_off,full_controls,alert_precision,0.5327510917030568,0.4494949494949495,0.08325614220810729
clean,mendeley_igt_official_v2,frozen_external_official_v2_same_task,history_baseline,uncertainty_gate_off,full_controls,false_alerts_per_100,1.8135593220338984,1.847457627118644,-0.03389830508474567
clean,mendeley_igt_official_v2,frozen_external_official_v2_same_task,history_baseline,uncertainty_gate_off,full_controls,event_coverage_by_human_review,0.0060417745554980145,0.006387018815812187,-0.00034524426031417275
clean,mendeley_igt_official_v2,frozen_external_official_v2_same_task,history_baseline,uncertainty_gate_off,full_controls,non_event_human_reviews_per_100,0.3983050847457627,0.3644067796610169,0.03389830508474578
clean,mendeley_igt_official_v2,frozen_external_official_v2_same_task,history_baseline,uncertainty_gate_off,full_controls,auto_capacity_blocks_per_100,66.77966101694915,35.38135593220339,31.398305084745758
clean,mendeley_igt_official_v2,frozen_external_official_v2_same_task,history_baseline,uncertainty_gate_off,full_controls,review_capacity_overflow_abstentions_per_100,14.771186440677965,11.576271186440678,3.194915254237287
clean,mendeley_igt_official_v2,frozen_external_official_v2_same_task,history_baseline,uncertainty_gate_off,full_controls,invalid_evidence_action_acceptance_rate,0.0,0.0,0.0
clean,mendeley_igt_official_v2,frozen_external_official_v2_same_task,history_baseline,uncertainty_gate_off,full_controls,direct_evidence_gate_blocks_per_100,0.0,0.0,0.0
clean,mendeley_igt_official_v2,frozen_external_official_v2_same_task,regularised_logistic,capacity_off,full_controls,alert_rate,0.28483050847457625,0.039152542372881356,0.2456779661016949
clean,mendeley_igt_official_v2,frozen_external_official_v2_same_task,regularised_logistic,capacity_off,full_controls,human_review_rate,0.09449152542372881,0.01,0.08449152542372881
clean,mendeley_igt_official_v2,frozen_external_official_v2_same_task,regularised_logistic,capacity_off,full_controls,abstain_rate,0.12720338983050847,0.21169491525423728,-0.08449152542372881
clean,mendeley_igt_official_v2,frozen_external_official_v2_same_task,regularised_logistic,capacity_off,full_controls,no_action_rate,0.49347457627118646,0.7391525423728813,-0.24567796610169484
clean,mendeley_igt_official_v2,frozen_external_official_v2_same_task,regularised_logistic,capacity_off,full_controls,event_coverage_by_alert,0.38218539616778874,0.04022095632660107,0.3419644398411877
clean,mendeley_igt_official_v2,frozen_external_official_v2_same_task,regularised_logistic,capacity_off,full_controls,alert_precision,0.6587325200833085,0.5043290043290043,0.15440351575430422
clean,mendeley_igt_official_v2,frozen_external_official_v2_same_task,regularised_logistic,capacity_off,full_controls,false_alerts_per_100,9.720338983050848,1.9406779661016949,7.779661016949153
clean,mendeley_igt_official_v2,frozen_external_official_v2_same_task,regularised_logistic,capacity_off,full_controls,event_coverage_by_human_review,0.11030554117037804,0.0112204384602106,0.09908510271016743
clean,mendeley_igt_official_v2,frozen_external_official_v2_same_task,regularised_logistic,capacity_off,full_controls,non_event_human_reviews_per_100,4.033898305084746,0.4491525423728814,3.584745762711864
clean,mendeley_igt_official_v2,frozen_external_official_v2_same_task,regularised_logistic,capacity_off,full_controls,auto_capacity_blocks_per_100,0.0,24.56779661016949,-24.56779661016949
clean,mendeley_igt_official_v2,frozen_external_official_v2_same_task,regularised_logistic,capacity_off,full_controls,review_capacity_overflow_abstentions_per_100,0.0,8.44915254237288,-8.44915254237288
clean,mendeley_igt_official_v2,frozen_external_official_v2_same_task,regularised_logistic,capacity_off,full_controls,invalid_evidence_action_acceptance_rate,0.0,0.0,0.0
clean,mendeley_igt_official_v2,frozen_external_official_v2_same_task,regularised_logistic,capacity_off,full_controls,direct_evidence_gate_blocks_per_100,0.0,0.0,0.0
clean,mendeley_igt_official_v2,frozen_external_official_v2_same_task,regularised_logistic,evidence_gate_off,full_controls,alert_rate,0.039152542372881356,0.039152542372881356,0.0
clean,mendeley_igt_official_v2,frozen_external_official_v2_same_task,regularised_logistic,evidence_gate_off,full_controls,human_review_rate,0.01,0.01,0.0
clean,mendeley_igt_official_v2,frozen_external_official_v2_same_task,regularised_logistic,evidence_gate_off,full_controls,abstain_rate,0.21169491525423728,0.21169491525423728,0.0
clean,mendeley_igt_official_v2,frozen_external_official_v2_same_task,regularised_logistic,evidence_gate_off,full_controls,no_action_rate,0.7391525423728813,0.7391525423728813,0.0
clean,mendeley_igt_official_v2,frozen_external_official_v2_same_task,regularised_logistic,evidence_gate_off,full_controls,event_coverage_by_alert,0.04022095632660107,0.04022095632660107,0.0
clean,mendeley_igt_official_v2,frozen_external_official_v2_same_task,regularised_logistic,evidence_gate_off,full_controls,alert_precision,0.5043290043290043,0.5043290043290043,0.0
clean,mendeley_igt_official_v2,frozen_external_official_v2_same_task,regularised_logistic,evidence_gate_off,full_controls,false_alerts_per_100,1.9406779661016949,1.9406779661016949,0.0
clean,mendeley_igt_official_v2,frozen_external_official_v2_same_task,regularised_logistic,evidence_gate_off,full_controls,event_coverage_by_human_review,0.0112204384602106,0.0112204384602106,0.0
clean,mendeley_igt_official_v2,frozen_external_official_v2_same_task,regularised_logistic,evidence_gate_off,full_controls,non_event_human_reviews_per_100,0.4491525423728814,0.4491525423728814,0.0
clean,mendeley_igt_official_v2,frozen_external_official_v2_same_task,regularised_logistic,evidence_gate_off,full_controls,auto_capacity_blocks_per_100,24.56779661016949,24.56779661016949,0.0
clean,mendeley_igt_official_v2,frozen_external_official_v2_same_task,regularised_logistic,evidence_gate_off,full_controls,review_capacity_overflow_abstentions_per_100,8.44915254237288,8.44915254237288,0.0
clean,mendeley_igt_official_v2,frozen_external_official_v2_same_task,regularised_logistic,evidence_gate_off,full_controls,invalid_evidence_action_acceptance_rate,0.0,0.0,0.0
clean,mendeley_igt_official_v2,frozen_external_official_v2_same_task,regularised_logistic,evidence_gate_off,full_controls,direct_evidence_gate_blocks_per_100,0.0,0.0,0.0
clean,mendeley_igt_official_v2,frozen_external_official_v2_same_task,regularised_logistic,shared_capacity,full_controls,alert_rate,0.038050847457627116,0.039152542372881356,-0.0011016949152542407
clean,mendeley_igt_official_v2,frozen_external_official_v2_same_task,regularised_logistic,shared_capacity,full_controls,human_review_rate,0.011949152542372882,0.01,0.0019491525423728819
clean,mendeley_igt_official_v2,frozen_external_official_v2_same_task,regularised_logistic,shared_capacity,full_controls,abstain_rate,0.2097457627118644,0.21169491525423728,-0.0019491525423728784
clean,mendeley_igt_official_v2,frozen_external_official_v2_same_task,regularised_logistic,shared_capacity,full_controls,no_action_rate,0.7402542372881356,0.7391525423728813,0.0011016949152542477
clean,mendeley_igt_official_v2,frozen_external_official_v2_same_task,regularised_logistic,shared_capacity,full_controls,event_coverage_by_alert,0.03901260141550147,0.04022095632660107,-0.0012083549110996003
clean,mendeley_igt_official_v2,frozen_external_official_v2_same_task,regularised_logistic,shared_capacity,full_controls,alert_precision,0.5033407572383074,0.5043290043290043,-0.000988247090696892
clean,mendeley_igt_official_v2,frozen_external_official_v2_same_task,regularised_logistic,shared_capacity,full_controls,false_alerts_per_100,1.8898305084745763,1.9406779661016949,-0.05084745762711851
clean,mendeley_igt_official_v2,frozen_external_official_v2_same_task,regularised_logistic,shared_capacity,full_controls,event_coverage_by_human_review,0.013464526152252718,0.0112204384602106,0.0022440876920421186
clean,mendeley_igt_official_v2,frozen_external_official_v2_same_task,regularised_logistic,shared_capacity,full_controls,non_event_human_reviews_per_100,0.5338983050847458,0.4491525423728814,0.0847457627118644
clean,mendeley_igt_official_v2,frozen_external_official_v2_same_task,regularised_logistic,shared_capacity,full_controls,auto_capacity_blocks_per_100,24.677966101694917,24.56779661016949,0.11016949152542566
clean,mendeley_igt_official_v2,frozen_external_official_v2_same_task,regularised_logistic,shared_capacity,full_controls,review_capacity_overflow_abstentions_per_100,8.254237288135593,8.44915254237288,-0.19491525423728717
clean,mendeley_igt_official_v2,frozen_external_official_v2_same_task,regularised_logistic,shared_capacity,full_controls,invalid_evidence_action_acceptance_rate,0.0,0.0,0.0
clean,mendeley_igt_official_v2,frozen_external_official_v2_same_task,regularised_logistic,shared_capacity,full_controls,direct_evidence_gate_blocks_per_100,0.0,0.0,0.0
clean,mendeley_igt_official_v2,frozen_external_official_v2_same_task,regularised_logistic,uncertainty_gate_off,full_controls,alert_rate,0.039152542372881356,0.039152542372881356,0.0
clean,mendeley_igt_official_v2,frozen_external_official_v2_same_task,regularised_logistic,uncertainty_gate_off,full_controls,human_review_rate,0.01,0.01,0.0
clean,mendeley_igt_official_v2,frozen_external_official_v2_same_task,regularised_logistic,uncertainty_gate_off,full_controls,abstain_rate,0.08449152542372881,0.21169491525423728,-0.12720338983050847
clean,mendeley_igt_official_v2,frozen_external_official_v2_same_task,regularised_logistic,uncertainty_gate_off,full_controls,no_action_rate,0.8663559322033898,0.7391525423728813,0.1272033898305085
clean,mendeley_igt_official_v2,frozen_external_official_v2_same_task,regularised_logistic,uncertainty_gate_off,full_controls,event_coverage_by_alert,0.04022095632660107,0.04022095632660107,0.0
clean,mendeley_igt_official_v2,frozen_external_official_v2_same_task,regularised_logistic,uncertainty_gate_off,full_controls,alert_precision,0.5043290043290043,0.5043290043290043,0.0
clean,mendeley_igt_official_v2,frozen_external_official_v2_same_task,regularised_logistic,uncertainty_gate_off,full_controls,false_alerts_per_100,1.9406779661016949,1.9406779661016949,0.0
clean,mendeley_igt_official_v2,frozen_external_official_v2_same_task,regularised_logistic,uncertainty_gate_off,full_controls,event_coverage_by_human_review,0.0112204384602106,0.0112204384602106,0.0
clean,mendeley_igt_official_v2,frozen_external_official_v2_same_task,regularised_logistic,uncertainty_gate_off,full_controls,non_event_human_reviews_per_100,0.4491525423728814,0.4491525423728814,0.0
clean,mendeley_igt_official_v2,frozen_external_official_v2_same_task,regularised_logistic,uncertainty_gate_off,full_controls,auto_capacity_blocks_per_100,24.56779661016949,24.56779661016949,0.0
clean,mendeley_igt_official_v2,frozen_external_official_v2_same_task,regularised_logistic,uncertainty_gate_off,full_controls,review_capacity_overflow_abstentions_per_100,8.44915254237288,8.44915254237288,0.0
clean,mendeley_igt_official_v2,frozen_external_official_v2_same_task,regularised_logistic,uncertainty_gate_off,full_controls,invalid_evidence_action_acceptance_rate,0.0,0.0,0.0
clean,mendeley_igt_official_v2,frozen_external_official_v2_same_task,regularised_logistic,uncertainty_gate_off,full_controls,direct_evidence_gate_blocks_per_100,0.0,0.0,0.0
missing_stale_stress,many_labs_igt,participant_grouped_outer_cv,hist_gradient_boosting,capacity_off,full_controls,alert_rate,0.2299436302142052,0.07114618564449456,0.15879744456971062
missing_stale_stress,many_labs_igt,participant_grouped_outer_cv,hist_gradient_boosting,capacity_off,full_controls,human_review_rate,0.08393836903419767,0.018248778654641112,0.06568959037955656
missing_stale_stress,many_labs_igt,participant_grouped_outer_cv,hist_gradient_boosting,capacity_off,full_controls,abstain_rate,0.2442239759488914,0.30991356632844796,-0.06568959037955657
missing_stale_stress,many_labs_igt,participant_grouped_outer_cv,hist_gradient_boosting,capacity_off,full_controls,no_action_rate,0.44189402480270573,0.6006914693724164,-0.15879744456971062
missing_stale_stress,many_labs_igt,participant_grouped_outer_cv,hist_gradient_boosting,capacity_off,full_controls,event_coverage_by_alert,0.3967652678042032,0.11963897489953225,0.27712629290467095
missing_stale_stress,many_labs_igt,participant_grouped_outer_cv,hist_gradient_boosting,capacity_off,full_controls,alert_precision,0.7874092959403804,0.7673779843650962,0.02003131157528426
missing_stale_stress,many_labs_igt,participant_grouped_outer_cv,hist_gradient_boosting,capacity_off,full_controls,false_alerts_per_100,4.888387824126268,1.6550169109357384,3.23337091319053
missing_stale_stress,many_labs_igt,participant_grouped_outer_cv,hist_gradient_boosting,capacity_off,full_controls,event_coverage_by_human_review,0.11120627182291323,0.023848738388563145,0.08735753343435008
missing_stale_stress,many_labs_igt,participant_grouped_outer_cv,hist_gradient_boosting,capacity_off,full_controls,non_event_human_reviews_per_100,3.319052987598647,0.736565201052236,2.582487786546411
missing_stale_stress,many_labs_igt,participant_grouped_outer_cv,hist_gradient_boosting,capacity_off,full_controls,auto_capacity_blocks_per_100,0.0,15.879744456971064,-15.879744456971064
missing_stale_stress,many_labs_igt,participant_grouped_outer_cv,hist_gradient_boosting,capacity_off,full_controls,review_capacity_overflow_abstentions_per_100,0.0,6.568959037955656,-6.568959037955656
missing_stale_stress,many_labs_igt,participant_grouped_outer_cv,hist_gradient_boosting,capacity_off,full_controls,invalid_evidence_action_acceptance_rate,0.0,0.0,0.0
missing_stale_stress,many_labs_igt,participant_grouped_outer_cv,hist_gradient_boosting,capacity_off,full_controls,direct_evidence_gate_blocks_per_100,10.218714768883878,10.218714768883878,0.0
missing_stale_stress,many_labs_igt,participant_grouped_outer_cv,hist_gradient_boosting,evidence_gate_off,full_controls,alert_rate,0.07176249530251785,0.07114618564449456,0.000616309658023298
missing_stale_stress,many_labs_igt,participant_grouped_outer_cv,hist_gradient_boosting,evidence_gate_off,full_controls,human_review_rate,0.01836903419767005,0.018248778654641112,0.00012025554302893746
missing_stale_stress,many_labs_igt,participant_grouped_outer_cv,hist_gradient_boosting,evidence_gate_off,full_controls,abstain_rate,0.23266441187523487,0.30991356632844796,-0.07724915445321309
missing_stale_stress,many_labs_igt,participant_grouped_outer_cv,hist_gradient_boosting,evidence_gate_off,full_controls,no_action_rate,0.6772040586245772,0.6006914693724164,0.07651258925216087
missing_stale_stress,many_labs_igt,participant_grouped_outer_cv,hist_gradient_boosting,evidence_gate_off,full_controls,event_coverage_by_alert,0.1208248237696818,0.11963897489953225,0.0011858488701495529
missing_stale_stress,many_labs_igt,participant_grouped_outer_cv,hist_gradient_boosting,evidence_gate_off,full_controls,alert_precision,0.7683284457478006,0.7673779843650962,0.0009504613827043817
missing_stale_stress,many_labs_igt,participant_grouped_outer_cv,hist_gradient_boosting,evidence_gate_off,full_controls,false_alerts_per_100,1.662532882375047,1.6550169109357384,0.007515971439308489
missing_stale_stress,many_labs_igt,participant_grouped_outer_cv,hist_gradient_boosting,evidence_gate_off,full_controls,event_coverage_by_human_review,0.023914618881349232,0.023848738388563145,6.588049278608704e-05
missing_stale_stress,many_labs_igt,participant_grouped_outer_cv,hist_gradient_boosting,evidence_gate_off,full_controls,non_event_human_reviews_per_100,0.7455843667794062,0.736565201052236,0.009019165727170209
missing_stale_stress,many_labs_igt,participant_grouped_outer_cv,hist_gradient_boosting,evidence_gate_off,full_controls,auto_capacity_blocks_per_100,18.496805712138293,15.879744456971064,2.617061255167229
missing_stale_stress,many_labs_igt,participant_grouped_outer_cv,hist_gradient_boosting,evidence_gate_off,full_controls,review_capacity_overflow_abstentions_per_100,7.509958662157084,6.568959037955656,0.940999624201428
missing_stale_stress,many_labs_igt,participant_grouped_outer_cv,hist_gradient_boosting,evidence_gate_off,full_controls,invalid_evidence_action_acceptance_rate,0.09267431597528684,0.0,0.09267431597528684
missing_stale_stress,many_labs_igt,participant_grouped_outer_cv,hist_gradient_boosting,evidence_gate_off,full_controls,direct_evidence_gate_blocks_per_100,0.0,10.218714768883878,-10.218714768883878
missing_stale_stress,many_labs_igt,participant_grouped_outer_cv,hist_gradient_boosting,shared_capacity,full_controls,alert_rate,0.06024802705749718,0.07114618564449456,-0.010898158586997372
missing_stale_stress,many_labs_igt,participant_grouped_outer_cv,hist_gradient_boosting,shared_capacity,full_controls,human_review_rate,0.03131153701615934,0.018248778654641112,0.013062758361518226
missing_stale_stress,many_labs_igt,participant_grouped_outer_cv,hist_gradient_boosting,shared_capacity,full_controls,abstain_rate,0.29685080796692975,0.30991356632844796,-0.013062758361518212
missing_stale_stress,many_labs_igt,participant_grouped_outer_cv,hist_gradient_boosting,shared_capacity,full_controls,no_action_rate,0.6115896279594137,0.6006914693724164,0.010898158586997386
missing_stale_stress,many_labs_igt,participant_grouped_outer_cv,hist_gradient_boosting,shared_capacity,full_controls,event_coverage_by_alert,0.1026747480071151,0.11963897489953225,-0.016964226892417153
missing_stale_stress,many_labs_igt,participant_grouped_outer_cv,hist_gradient_boosting,shared_capacity,full_controls,alert_precision,0.7776946107784432,0.7673779843650962,0.010316626413346963
missing_stale_stress,many_labs_igt,participant_grouped_outer_cv,hist_gradient_boosting,shared_capacity,full_controls,false_alerts_per_100,1.3393461104847801,1.6550169109357384,-0.3156708004509583
missing_stale_stress,many_labs_igt,participant_grouped_outer_cv,hist_gradient_boosting,shared_capacity,full_controls,event_coverage_by_human_review,0.041537650701627245,0.023848738388563145,0.0176889123130641
missing_stale_stress,many_labs_igt,participant_grouped_outer_cv,hist_gradient_boosting,shared_capacity,full_controls,non_event_human_reviews_per_100,1.2356257046223225,0.736565201052236,0.49906050357008647
missing_stale_stress,many_labs_igt,participant_grouped_outer_cv,hist_gradient_boosting,shared_capacity,full_controls,auto_capacity_blocks_per_100,16.9695603156708,15.879744456971064,1.0898158586997369
missing_stale_stress,many_labs_igt,participant_grouped_outer_cv,hist_gradient_boosting,shared_capacity,full_controls,review_capacity_overflow_abstentions_per_100,5.262683201803833,6.568959037955656,-1.3062758361518227
missing_stale_stress,many_labs_igt,participant_grouped_outer_cv,hist_gradient_boosting,shared_capacity,full_controls,invalid_evidence_action_acceptance_rate,0.0,0.0,0.0
missing_stale_stress,many_labs_igt,participant_grouped_outer_cv,hist_gradient_boosting,shared_capacity,full_controls,direct_evidence_gate_blocks_per_100,10.218714768883878,10.218714768883878,0.0
missing_stale_stress,many_labs_igt,participant_grouped_outer_cv,hist_gradient_boosting,uncertainty_gate_off,full_controls,alert_rate,0.07114618564449456,0.07114618564449456,0.0
missing_stale_stress,many_labs_igt,participant_grouped_outer_cv,hist_gradient_boosting,uncertainty_gate_off,full_controls,human_review_rate,0.018248778654641112,0.018248778654641112,0.0
missing_stale_stress,many_labs_igt,participant_grouped_outer_cv,hist_gradient_boosting,uncertainty_gate_off,full_controls,abstain_rate,0.16787673806839534,0.30991356632844796,-0.14203682826005262
missing_stale_stress,many_labs_igt,participant_grouped_outer_cv,hist_gradient_boosting,uncertainty_gate_off,full_controls,no_action_rate,0.742728297632469,0.6006914693724164,0.1420368282600526
missing_stale_stress,many_labs_igt,participant_grouped_outer_cv,hist_gradient_boosting,uncertainty_gate_off,full_controls,event_coverage_by_alert,0.11963897489953225,0.11963897489953225,0.0
missing_stale_stress,many_labs_igt,participant_grouped_outer_cv,hist_gradient_boosting,uncertainty_gate_off,full_controls,alert_precision,0.7673779843650962,0.7673779843650962,0.0
missing_stale_stress,many_labs_igt,participant_grouped_outer_cv,hist_gradient_boosting,uncertainty_gate_off,full_controls,false_alerts_per_100,1.6550169109357384,1.6550169109357384,0.0
missing_stale_stress,many_labs_igt,participant_grouped_outer_cv,hist_gradient_boosting,uncertainty_gate_off,full_controls,event_coverage_by_human_review,0.023848738388563145,0.023848738388563145,0.0
missing_stale_stress,many_labs_igt,participant_grouped_outer_cv,hist_gradient_boosting,uncertainty_gate_off,full_controls,non_event_human_reviews_per_100,0.736565201052236,0.736565201052236,0.0
missing_stale_stress,many_labs_igt,participant_grouped_outer_cv,hist_gradient_boosting,uncertainty_gate_off,full_controls,auto_capacity_blocks_per_100,15.879744456971064,15.879744456971064,0.0
missing_stale_stress,many_labs_igt,participant_grouped_outer_cv,hist_gradient_boosting,uncertainty_gate_off,full_controls,review_capacity_overflow_abstentions_per_100,6.568959037955656,6.568959037955656,0.0
missing_stale_stress,many_labs_igt,participant_grouped_outer_cv,hist_gradient_boosting,uncertainty_gate_off,full_controls,invalid_evidence_action_acceptance_rate,0.0,0.0,0.0
missing_stale_stress,many_labs_igt,participant_grouped_outer_cv,hist_gradient_boosting,uncertainty_gate_off,full_controls,direct_evidence_gate_blocks_per_100,10.218714768883878,10.218714768883878,0.0
missing_stale_stress,many_labs_igt,participant_grouped_outer_cv,history_baseline,capacity_off,full_controls,alert_rate,0.37357384441939123,0.06367531003382187,0.30989853438556936
missing_stale_stress,many_labs_igt,participant_grouped_outer_cv,history_baseline,capacity_off,full_controls,human_review_rate,0.08058624577226607,0.012882375046974821,0.06770387072529124
missing_stale_stress,many_labs_igt,participant_grouped_outer_cv,history_baseline,capacity_off,full_controls,abstain_rate,0.37602405110860576,0.44372792183389703,-0.06770387072529127
missing_stale_stress,many_labs_igt,participant_grouped_outer_cv,history_baseline,capacity_off,full_controls,no_action_rate,0.16981585869973695,0.4797143930853063,-0.30989853438556936
missing_stale_stress,many_labs_igt,participant_grouped_outer_cv,history_baseline,capacity_off,full_controls,event_coverage_by_alert,0.4728242967257395,0.08699519072402662,0.3858291060017129
missing_stale_stress,many_labs_igt,participant_grouped_outer_cv,history_baseline,capacity_off,full_controls,alert_precision,0.5775792692741026,0.6234655335221907,-0.04588626424808806
missing_stale_stress,many_labs_igt,participant_grouped_outer_cv,history_baseline,capacity_off,full_controls,false_alerts_per_100,15.78053363397219,2.3975948891394214,13.382938744832769
missing_stale_stress,many_labs_igt,participant_grouped_outer_cv,history_baseline,capacity_off,full_controls,event_coverage_by_human_review,0.06373937677053824,0.01264905461492852,0.05109032215560973
missing_stale_stress,many_labs_igt,participant_grouped_outer_cv,history_baseline,capacity_off,full_controls,non_event_human_reviews_per_100,5.149943630214205,0.711010898158587,4.438932732055617
missing_stale_stress,many_labs_igt,participant_grouped_outer_cv,history_baseline,capacity_off,full_controls,auto_capacity_blocks_per_100,0.0,30.989853438556935,-30.989853438556935
missing_stale_stress,many_labs_igt,participant_grouped_outer_cv,history_baseline,capacity_off,full_controls,review_capacity_overflow_abstentions_per_100,0.0,6.770387072529124,-6.770387072529124
missing_stale_stress,many_labs_igt,participant_grouped_outer_cv,history_baseline,capacity_off,full_controls,invalid_evidence_action_acceptance_rate,0.0,0.0,0.0
missing_stale_stress,many_labs_igt,participant_grouped_outer_cv,history_baseline,capacity_off,full_controls,direct_evidence_gate_blocks_per_100,10.218714768883878,10.218714768883878,0.0
missing_stale_stress,many_labs_igt,participant_grouped_outer_cv,history_baseline,evidence_gate_off,full_controls,alert_rate,0.06424652386320932,0.06367531003382187,0.0005712138293874486
missing_stale_stress,many_labs_igt,participant_grouped_outer_cv,history_baseline,evidence_gate_off,full_controls,human_review_rate,0.013092822247275461,0.012882375046974821,0.00021044720030063968
missing_stale_stress,many_labs_igt,participant_grouped_outer_cv,history_baseline,evidence_gate_off,full_controls,abstain_rate,0.3811950394588501,0.44372792183389703,-0.06253288237504695
missing_stale_stress,many_labs_igt,participant_grouped_outer_cv,history_baseline,evidence_gate_off,full_controls,no_action_rate,0.5414656144306652,0.4797143930853063,0.06175122134535893
missing_stale_stress,many_labs_igt,participant_grouped_outer_cv,history_baseline,evidence_gate_off,full_controls,event_coverage_by_alert,0.0885104420581066,0.08699519072402662,0.0015152513340799811
missing_stale_stress,many_labs_igt,participant_grouped_outer_cv,history_baseline,evidence_gate_off,full_controls,alert_precision,0.6286850725315863,0.6234655335221907,0.005219539009395646
missing_stale_stress,many_labs_igt,participant_grouped_outer_cv,history_baseline,evidence_gate_off,full_controls,false_alerts_per_100,2.3855693348365277,2.3975948891394214,-0.01202555430289376
missing_stale_stress,many_labs_igt,participant_grouped_outer_cv,history_baseline,evidence_gate_off,full_controls,event_coverage_by_human_review,0.01340668028196851,0.01264905461492852,0.0007576256670399906
missing_stale_stress,many_labs_igt,participant_grouped_outer_cv,history_baseline,evidence_gate_off,full_controls,non_event_human_reviews_per_100,0.6974821495678316,0.711010898158587,-0.013528748590755368
missing_stale_stress,many_labs_igt,participant_grouped_outer_cv,history_baseline,evidence_gate_off,full_controls,auto_capacity_blocks_per_100,35.2033070274333,30.989853438556935,4.213453588876362
missing_stale_stress,many_labs_igt,participant_grouped_outer_cv,history_baseline,evidence_gate_off,full_controls,review_capacity_overflow_abstentions_per_100,7.627207816610297,6.770387072529124,0.8568207440811726
missing_stale_stress,many_labs_igt,participant_grouped_outer_cv,history_baseline,evidence_gate_off,full_controls,invalid_evidence_action_acceptance_rate,0.07855251544571933,0.0,0.07855251544571933
missing_stale_stress,many_labs_igt,participant_grouped_outer_cv,history_baseline,evidence_gate_off,full_controls,direct_evidence_gate_blocks_per_100,0.0,10.218714768883878,-10.218714768883878
missing_stale_stress,many_labs_igt,participant_grouped_outer_cv,history_baseline,shared_capacity,full_controls,alert_rate,0.06998872604284104,0.06367531003382187,0.006313416009019163
missing_stale_stress,many_labs_igt,participant_grouped_outer_cv,history_baseline,shared_capacity,full_controls,human_review_rate,0.01820368282600526,0.012882375046974821,0.005321307779030438
missing_stale_stress,many_labs_igt,participant_grouped_outer_cv,history_baseline,shared_capacity,full_controls,abstain_rate,0.4384066140548666,0.44372792183389703,-0.005321307779030449
missing_stale_stress,many_labs_igt,participant_grouped_outer_cv,history_baseline,shared_capacity,full_controls,no_action_rate,0.4734009770762871,0.4797143930853063,-0.00631341600901919
missing_stale_stress,many_labs_igt,participant_grouped_outer_cv,history_baseline,shared_capacity,full_controls,event_coverage_by_alert,0.09605375848211345,0.08699519072402662,0.009058567758086833
missing_stale_stress,many_labs_igt,participant_grouped_outer_cv,history_baseline,shared_capacity,full_controls,alert_precision,0.6262886597938144,0.6234655335221907,0.0028231262716237326
missing_stale_stress,many_labs_igt,participant_grouped_outer_cv,history_baseline,shared_capacity,full_controls,false_alerts_per_100,2.6155580608793687,2.3975948891394214,0.21796317173994728
missing_stale_stress,many_labs_igt,participant_grouped_outer_cv,history_baseline,shared_capacity,full_controls,event_coverage_by_human_review,0.021938204097766652,0.01264905461492852,0.009289149482838132
missing_stale_stress,many_labs_igt,participant_grouped_outer_cv,history_baseline,shared_capacity,full_controls,non_event_human_reviews_per_100,0.8192408868846298,0.711010898158587,0.10822998872604284
missing_stale_stress,many_labs_igt,participant_grouped_outer_cv,history_baseline,shared_capacity,full_controls,auto_capacity_blocks_per_100,30.358511837655016,30.989853438556935,-0.6313416009019193
missing_stale_stress,many_labs_igt,participant_grouped_outer_cv,history_baseline,shared_capacity,full_controls,review_capacity_overflow_abstentions_per_100,6.238256294626081,6.770387072529124,-0.5321307779030438
missing_stale_stress,many_labs_igt,participant_grouped_outer_cv,history_baseline,shared_capacity,full_controls,invalid_evidence_action_acceptance_rate,0.0,0.0,0.0
missing_stale_stress,many_labs_igt,participant_grouped_outer_cv,history_baseline,shared_capacity,full_controls,direct_evidence_gate_blocks_per_100,10.218714768883878,10.218714768883878,0.0
missing_stale_stress,many_labs_igt,participant_grouped_outer_cv,history_baseline,uncertainty_gate_off,full_controls,alert_rate,0.07104096204434424,0.06367531003382187,0.007365652010522361
missing_stale_stress,many_labs_igt,participant_grouped_outer_cv,history_baseline,uncertainty_gate_off,full_controls,human_review_rate,0.01334836527621195,0.012882375046974821,0.00046599022923712874
missing_stale_stress,many_labs_igt,participant_grouped_outer_cv,history_baseline,uncertainty_gate_off,full_controls,abstain_rate,0.18355505449079293,0.44372792183389703,-0.2601728673431041
missing_stale_stress,many_labs_igt,participant_grouped_outer_cv,history_baseline,uncertainty_gate_off,full_controls,no_action_rate,0.7320556181886508,0.4797143930853063,0.25234122510334456
missing_stale_stress,many_labs_igt,participant_grouped_outer_cv,history_baseline,uncertainty_gate_off,full_controls,event_coverage_by_alert,0.09605375848211345,0.08699519072402662,0.009058567758086833
missing_stale_stress,many_labs_igt,participant_grouped_outer_cv,history_baseline,uncertainty_gate_off,full_controls,alert_precision,0.6170122725349132,0.6234655335221907,-0.006453260987277498
missing_stale_stress,many_labs_igt,participant_grouped_outer_cv,history_baseline,uncertainty_gate_off,full_controls,false_alerts_per_100,2.720781661029688,2.3975948891394214,0.32318677189026657
missing_stale_stress,many_labs_igt,participant_grouped_outer_cv,history_baseline,uncertainty_gate_off,full_controls,event_coverage_by_human_review,0.013604321760326768,0.01264905461492852,0.0009552671453982482
missing_stale_stress,many_labs_igt,participant_grouped_outer_cv,history_baseline,uncertainty_gate_off,full_controls,non_event_human_reviews_per_100,0.7140172867343104,0.711010898158587,0.00300638857572344
missing_stale_stress,many_labs_igt,participant_grouped_outer_cv,history_baseline,uncertainty_gate_off,full_controls,auto_capacity_blocks_per_100,56.22397594889139,30.989853438556935,25.23412251033446
missing_stale_stress,many_labs_igt,participant_grouped_outer_cv,history_baseline,uncertainty_gate_off,full_controls,review_capacity_overflow_abstentions_per_100,8.136790680195416,6.770387072529124,1.3664036076662915
missing_stale_stress,many_labs_igt,participant_grouped_outer_cv,history_baseline,uncertainty_gate_off,full_controls,invalid_evidence_action_acceptance_rate,0.0,0.0,0.0
missing_stale_stress,many_labs_igt,participant_grouped_outer_cv,history_baseline,uncertainty_gate_off,full_controls,direct_evidence_gate_blocks_per_100,10.218714768883878,10.218714768883878,0.0
missing_stale_stress,many_labs_igt,participant_grouped_outer_cv,regularised_logistic,capacity_off,full_controls,alert_rate,0.26081924088688463,0.07068019541525743,0.1901390454716272
missing_stale_stress,many_labs_igt,participant_grouped_outer_cv,regularised_logistic,capacity_off,full_controls,human_review_rate,0.08075159714393085,0.018293874483276965,0.062457722660653886
missing_stale_stress,many_labs_igt,participant_grouped_outer_cv,regularised_logistic,capacity_off,full_controls,abstain_rate,0.19717399473882,0.2596317173994739,-0.062457722660653886
missing_stale_stress,many_labs_igt,participant_grouped_outer_cv,regularised_logistic,capacity_off,full_controls,no_action_rate,0.4612551672303645,0.6513942127019917,-0.1901390454716272
missing_stale_stress,many_labs_igt,participant_grouped_outer_cv,regularised_logistic,capacity_off,full_controls,event_coverage_by_alert,0.3964029250938797,0.10596877264641939,0.2904341524474603
missing_stale_stress,many_labs_igt,participant_grouped_outer_cv,regularised_logistic,capacity_off,full_controls,alert_precision,0.6935623307014005,0.6841769459804339,0.009385384720966616
missing_stale_stress,many_labs_igt,participant_grouped_outer_cv,regularised_logistic,capacity_off,full_controls,false_alerts_per_100,7.992484028560692,2.232243517474634,5.760240511086058
missing_stale_stress,many_labs_igt,participant_grouped_outer_cv,regularised_logistic,capacity_off,full_controls,event_coverage_by_human_review,0.09822781474405429,0.024178140852493576,0.07404967389156071
missing_stale_stress,many_labs_igt,participant_grouped_outer_cv,regularised_logistic,capacity_off,full_controls,non_event_human_reviews_per_100,3.5926343479894776,0.7260428410372041,2.8665915069522736
missing_stale_stress,many_labs_igt,participant_grouped_outer_cv,regularised_logistic,capacity_off,full_controls,auto_capacity_blocks_per_100,0.0,19.01390454716272,-19.01390454716272
missing_stale_stress,many_labs_igt,participant_grouped_outer_cv,regularised_logistic,capacity_off,full_controls,review_capacity_overflow_abstentions_per_100,0.0,6.245772266065389,-6.245772266065389
missing_stale_stress,many_labs_igt,participant_grouped_outer_cv,regularised_logistic,capacity_off,full_controls,invalid_evidence_action_acceptance_rate,0.0,0.0,0.0
missing_stale_stress,many_labs_igt,participant_grouped_outer_cv,regularised_logistic,capacity_off,full_controls,direct_evidence_gate_blocks_per_100,10.218714768883878,10.218714768883878,0.0
missing_stale_stress,many_labs_igt,participant_grouped_outer_cv,regularised_logistic,evidence_gate_off,full_controls,alert_rate,0.07116121758737316,0.07068019541525743,0.00048102217211573595
missing_stale_stress,many_labs_igt,participant_grouped_outer_cv,regularised_logistic,evidence_gate_off,full_controls,human_review_rate,0.018384066140548667,0.018293874483276965,9.019165727170222e-05
missing_stale_stress,many_labs_igt,participant_grouped_outer_cv,regularised_logistic,evidence_gate_off,full_controls,abstain_rate,0.1771815107102593,0.2596317173994739,-0.08245020668921457
missing_stale_stress,many_labs_igt,participant_grouped_outer_cv,regularised_logistic,evidence_gate_off,full_controls,no_action_rate,0.7332732055618189,0.6513942127019917,0.08187899285982714
missing_stale_stress,many_labs_igt,participant_grouped_outer_cv,regularised_logistic,evidence_gate_off,full_controls,event_coverage_by_alert,0.1071216812701759,0.10596877264641939,0.0011529086237565128
missing_stale_stress,many_labs_igt,participant_grouped_outer_cv,regularised_logistic,evidence_gate_off,full_controls,alert_precision,0.6869455006337135,0.6841769459804339,0.0027685546532796312
missing_stale_stress,many_labs_igt,participant_grouped_outer_cv,regularised_logistic,evidence_gate_off,full_controls,false_alerts_per_100,2.2277339346110483,2.232243517474634,-0.004509582863585493
missing_stale_stress,many_labs_igt,participant_grouped_outer_cv,regularised_logistic,evidence_gate_off,full_controls,event_coverage_by_human_review,0.024276961591672707,0.024178140852493576,9.882073917913056e-05
missing_stale_stress,many_labs_igt,participant_grouped_outer_cv,regularised_logistic,evidence_gate_off,full_controls,non_event_human_reviews_per_100,0.7305524239007892,0.7260428410372041,0.00450958286358516
missing_stale_stress,many_labs_igt,participant_grouped_outer_cv,regularised_logistic,evidence_gate_off,full_controls,auto_capacity_blocks_per_100,21.96617812852311,19.01390454716272,2.952273581360391
missing_stale_stress,many_labs_igt,participant_grouped_outer_cv,regularised_logistic,evidence_gate_off,full_controls,review_capacity_overflow_abstentions_per_100,7.144682450206689,6.245772266065389,0.8989101841413003
missing_stale_stress,many_labs_igt,participant_grouped_outer_cv,regularised_logistic,evidence_gate_off,full_controls,invalid_evidence_action_acceptance_rate,0.09605766401882906,0.0,0.09605766401882906
missing_stale_stress,many_labs_igt,participant_grouped_outer_cv,regularised_logistic,evidence_gate_off,full_controls,direct_evidence_gate_blocks_per_100,0.0,10.218714768883878,-10.218714768883878
missing_stale_stress,many_labs_igt,participant_grouped_outer_cv,regularised_logistic,shared_capacity,full_controls,alert_rate,0.0659902292371289,0.07068019541525743,-0.0046899661781285296
missing_stale_stress,many_labs_igt,participant_grouped_outer_cv,regularised_logistic,shared_capacity,full_controls,human_review_rate,0.024411875234874106,0.018293874483276965,0.006118000751597141
missing_stale_stress,many_labs_igt,participant_grouped_outer_cv,regularised_logistic,shared_capacity,full_controls,abstain_rate,0.25351371664787675,0.2596317173994739,-0.00611800075159713
missing_stale_stress,many_labs_igt,participant_grouped_outer_cv,regularised_logistic,shared_capacity,full_controls,no_action_rate,0.6560841788801203,0.6513942127019917,0.004689966178128557
missing_stale_stress,many_labs_igt,participant_grouped_outer_cv,regularised_logistic,shared_capacity,full_controls,event_coverage_by_alert,0.09868897819355689,0.10596877264641939,-0.007279794452862504
missing_stale_stress,many_labs_igt,participant_grouped_outer_cv,regularised_logistic,shared_capacity,full_controls,alert_precision,0.6824601366742596,0.6841769459804339,-0.0017168093061742384
missing_stale_stress,many_labs_igt,participant_grouped_outer_cv,regularised_logistic,shared_capacity,full_controls,false_alerts_per_100,2.0954528372792183,2.232243517474634,-0.13679068019541551
missing_stale_stress,many_labs_igt,participant_grouped_outer_cv,regularised_logistic,shared_capacity,full_controls,event_coverage_by_human_review,0.034159035509585614,0.024178140852493576,0.009980894657092038
missing_stale_stress,many_labs_igt,participant_grouped_outer_cv,regularised_logistic,shared_capacity,full_controls,non_event_human_reviews_per_100,0.8823750469748215,0.7260428410372041,0.15633220593761743
missing_stale_stress,many_labs_igt,participant_grouped_outer_cv,regularised_logistic,shared_capacity,full_controls,auto_capacity_blocks_per_100,19.482901164975573,19.01390454716272,0.4689966178128522
missing_stale_stress,many_labs_igt,participant_grouped_outer_cv,regularised_logistic,shared_capacity,full_controls,review_capacity_overflow_abstentions_per_100,5.633972190905674,6.245772266065389,-0.6118000751597146
missing_stale_stress,many_labs_igt,participant_grouped_outer_cv,regularised_logistic,shared_capacity,full_controls,invalid_evidence_action_acceptance_rate,0.0,0.0,0.0
missing_stale_stress,many_labs_igt,participant_grouped_outer_cv,regularised_logistic,shared_capacity,full_controls,direct_evidence_gate_blocks_per_100,10.218714768883878,10.218714768883878,0.0
missing_stale_stress,many_labs_igt,participant_grouped_outer_cv,regularised_logistic,uncertainty_gate_off,full_controls,alert_rate,0.07068019541525743,0.07068019541525743,0.0
missing_stale_stress,many_labs_igt,participant_grouped_outer_cv,regularised_logistic,uncertainty_gate_off,full_controls,human_review_rate,0.018293874483276965,0.018293874483276965,0.0
missing_stale_stress,many_labs_igt,participant_grouped_outer_cv,regularised_logistic,uncertainty_gate_off,full_controls,abstain_rate,0.16464487034949268,0.2596317173994739,-0.0949868470499812
missing_stale_stress,many_labs_igt,participant_grouped_outer_cv,regularised_logistic,uncertainty_gate_off,full_controls,no_action_rate,0.746381059751973,0.6513942127019917,0.09498684704998128
missing_stale_stress,many_labs_igt,participant_grouped_outer_cv,regularised_logistic,uncertainty_gate_off,full_controls,event_coverage_by_alert,0.10596877264641939,0.10596877264641939,0.0
missing_stale_stress,many_labs_igt,participant_grouped_outer_cv,regularised_logistic,uncertainty_gate_off,full_controls,alert_precision,0.6841769459804339,0.6841769459804339,0.0
missing_stale_stress,many_labs_igt,participant_grouped_outer_cv,regularised_logistic,uncertainty_gate_off,full_controls,false_alerts_per_100,2.232243517474634,2.232243517474634,0.0
missing_stale_stress,many_labs_igt,participant_grouped_outer_cv,regularised_logistic,uncertainty_gate_off,full_controls,event_coverage_by_human_review,0.024178140852493576,0.024178140852493576,0.0
missing_stale_stress,many_labs_igt,participant_grouped_outer_cv,regularised_logistic,uncertainty_gate_off,full_controls,non_event_human_reviews_per_100,0.7260428410372041,0.7260428410372041,0.0
missing_stale_stress,many_labs_igt,participant_grouped_outer_cv,regularised_logistic,uncertainty_gate_off,full_controls,auto_capacity_blocks_per_100,19.01390454716272,19.01390454716272,0.0
missing_stale_stress,many_labs_igt,participant_grouped_outer_cv,regularised_logistic,uncertainty_gate_off,full_controls,review_capacity_overflow_abstentions_per_100,6.245772266065389,6.245772266065389,0.0
missing_stale_stress,many_labs_igt,participant_grouped_outer_cv,regularised_logistic,uncertainty_gate_off,full_controls,invalid_evidence_action_acceptance_rate,0.0,0.0,0.0
missing_stale_stress,many_labs_igt,participant_grouped_outer_cv,regularised_logistic,uncertainty_gate_off,full_controls,direct_evidence_gate_blocks_per_100,10.218714768883878,10.218714768883878,0.0
missing_stale_stress,mendeley_igt_official_v2,frozen_external_official_v2_same_task,hist_gradient_boosting,capacity_off,full_controls,alert_rate,0.21194915254237287,0.03923728813559322,0.17271186440677966
missing_stale_stress,mendeley_igt_official_v2,frozen_external_official_v2_same_task,hist_gradient_boosting,capacity_off,full_controls,human_review_rate,0.09322033898305085,0.01,0.08322033898305085
missing_stale_stress,mendeley_igt_official_v2,frozen_external_official_v2_same_task,hist_gradient_boosting,capacity_off,full_controls,abstain_rate,0.27635593220338983,0.3595762711864407,-0.08322033898305087
missing_stale_stress,mendeley_igt_official_v2,frozen_external_official_v2_same_task,hist_gradient_boosting,capacity_off,full_controls,no_action_rate,0.41847457627118645,0.5911864406779661,-0.17271186440677966
missing_stale_stress,mendeley_igt_official_v2,frozen_external_official_v2_same_task,hist_gradient_boosting,capacity_off,full_controls,event_coverage_by_alert,0.33436906611427586,0.05247712756775419,0.28189193854652167
missing_stale_stress,mendeley_igt_official_v2,frozen_external_official_v2_same_task,hist_gradient_boosting,capacity_off,full_controls,alert_precision,0.7744902039184326,0.6565874730021598,0.11790273091627279
missing_stale_stress,mendeley_igt_official_v2,frozen_external_official_v2_same_task,hist_gradient_boosting,capacity_off,full_controls,false_alerts_per_100,4.779661016949152,1.347457627118644,3.432203389830508
missing_stale_stress,mendeley_igt_official_v2,frozen_external_official_v2_same_task,hist_gradient_boosting,capacity_off,full_controls,event_coverage_by_human_review,0.12049024684964613,0.01070257206973934,0.10978767477990678
missing_stale_stress,mendeley_igt_official_v2,frozen_external_official_v2_same_task,hist_gradient_boosting,capacity_off,full_controls,non_event_human_reviews_per_100,3.406779661016949,0.4745762711864407,2.932203389830508
missing_stale_stress,mendeley_igt_official_v2,frozen_external_official_v2_same_task,hist_gradient_boosting,capacity_off,full_controls,auto_capacity_blocks_per_100,0.0,17.271186440677965,-17.271186440677965
missing_stale_stress,mendeley_igt_official_v2,frozen_external_official_v2_same_task,hist_gradient_boosting,capacity_off,full_controls,review_capacity_overflow_abstentions_per_100,0.0,8.322033898305085,-8.322033898305085
missing_stale_stress,mendeley_igt_official_v2,frozen_external_official_v2_same_task,hist_gradient_boosting,capacity_off,full_controls,invalid_evidence_action_acceptance_rate,0.0,0.0,0.0
missing_stale_stress,mendeley_igt_official_v2,frozen_external_official_v2_same_task,hist_gradient_boosting,capacity_off,full_controls,direct_evidence_gate_blocks_per_100,10.23728813559322,10.23728813559322,0.0
missing_stale_stress,mendeley_igt_official_v2,frozen_external_official_v2_same_task,hist_gradient_boosting,evidence_gate_off,full_controls,alert_rate,0.039491525423728815,0.03923728813559322,0.00025423728813559615
missing_stale_stress,mendeley_igt_official_v2,frozen_external_official_v2_same_task,hist_gradient_boosting,evidence_gate_off,full_controls,human_review_rate,0.01,0.01,0.0
missing_stale_stress,mendeley_igt_official_v2,frozen_external_official_v2_same_task,hist_gradient_boosting,evidence_gate_off,full_controls,abstain_rate,0.28635593220338984,0.3595762711864407,-0.07322033898305086
missing_stale_stress,mendeley_igt_official_v2,frozen_external_official_v2_same_task,hist_gradient_boosting,evidence_gate_off,full_controls,no_action_rate,0.6641525423728813,0.5911864406779661,0.07296610169491524
missing_stale_stress,mendeley_igt_official_v2,frozen_external_official_v2_same_task,hist_gradient_boosting,evidence_gate_off,full_controls,event_coverage_by_alert,0.05385810460901087,0.05247712756775419,0.001380977041256684
missing_stale_stress,mendeley_igt_official_v2,frozen_external_official_v2_same_task,hist_gradient_boosting,evidence_gate_off,full_controls,alert_precision,0.6695278969957081,0.6565874730021598,0.012940423993548333
missing_stale_stress,mendeley_igt_official_v2,frozen_external_official_v2_same_task,hist_gradient_boosting,evidence_gate_off,full_controls,false_alerts_per_100,1.305084745762712,1.347457627118644,-0.04237288135593209
missing_stale_stress,mendeley_igt_official_v2,frozen_external_official_v2_same_task,hist_gradient_boosting,evidence_gate_off,full_controls,event_coverage_by_human_review,0.010529949939582254,0.01070257206973934,-0.0001726221301570855
missing_stale_stress,mendeley_igt_official_v2,frozen_external_official_v2_same_task,hist_gradient_boosting,evidence_gate_off,full_controls,non_event_human_reviews_per_100,0.4830508474576271,0.4745762711864407,0.008474576271186418
missing_stale_stress,mendeley_igt_official_v2,frozen_external_official_v2_same_task,hist_gradient_boosting,evidence_gate_off,full_controls,auto_capacity_blocks_per_100,19.694915254237287,17.271186440677965,2.423728813559322
missing_stale_stress,mendeley_igt_official_v2,frozen_external_official_v2_same_task,hist_gradient_boosting,evidence_gate_off,full_controls,review_capacity_overflow_abstentions_per_100,9.296610169491526,8.322033898305085,0.9745762711864412
missing_stale_stress,mendeley_igt_official_v2,frozen_external_official_v2_same_task,hist_gradient_boosting,evidence_gate_off,full_controls,invalid_evidence_action_acceptance_rate,0.046357615894039736,0.0,0.046357615894039736
missing_stale_stress,mendeley_igt_official_v2,frozen_external_official_v2_same_task,hist_gradient_boosting,evidence_gate_off,full_controls,direct_evidence_gate_blocks_per_100,0.0,10.23728813559322,-10.23728813559322
missing_stale_stress,mendeley_igt_official_v2,frozen_external_official_v2_same_task,hist_gradient_boosting,shared_capacity,full_controls,alert_rate,0.02576271186440678,0.03923728813559322,-0.01347457627118644
missing_stale_stress,mendeley_igt_official_v2,frozen_external_official_v2_same_task,hist_gradient_boosting,shared_capacity,full_controls,human_review_rate,0.023898305084745764,0.01,0.013898305084745764
missing_stale_stress,mendeley_igt_official_v2,frozen_external_official_v2_same_task,hist_gradient_boosting,shared_capacity,full_controls,abstain_rate,0.34567796610169493,0.3595762711864407,-0.013898305084745766
missing_stale_stress,mendeley_igt_official_v2,frozen_external_official_v2_same_task,hist_gradient_boosting,shared_capacity,full_controls,no_action_rate,0.6046610169491525,0.5911864406779661,0.013474576271186423
missing_stale_stress,mendeley_igt_official_v2,frozen_external_official_v2_same_task,hist_gradient_boosting,shared_capacity,full_controls,event_coverage_by_alert,0.03469704816157431,0.05247712756775419,-0.01778007940617988
missing_stale_stress,mendeley_igt_official_v2,frozen_external_official_v2_same_task,hist_gradient_boosting,shared_capacity,full_controls,alert_precision,0.6611842105263158,0.6565874730021598,0.004596737524156014
missing_stale_stress,mendeley_igt_official_v2,frozen_external_official_v2_same_task,hist_gradient_boosting,shared_capacity,full_controls,false_alerts_per_100,0.8728813559322034,1.347457627118644,-0.47457627118644063
missing_stale_stress,mendeley_igt_official_v2,frozen_external_official_v2_same_task,hist_gradient_boosting,shared_capacity,full_controls,event_coverage_by_human_review,0.025375453133091662,0.01070257206973934,0.014672881063352322
missing_stale_stress,mendeley_igt_official_v2,frozen_external_official_v2_same_task,hist_gradient_boosting,shared_capacity,full_controls,non_event_human_reviews_per_100,1.1440677966101696,0.4745762711864407,0.6694915254237288
missing_stale_stress,mendeley_igt_official_v2,frozen_external_official_v2_same_task,hist_gradient_boosting,shared_capacity,full_controls,auto_capacity_blocks_per_100,18.61864406779661,17.271186440677965,1.3474576271186436
missing_stale_stress,mendeley_igt_official_v2,frozen_external_official_v2_same_task,hist_gradient_boosting,shared_capacity,full_controls,review_capacity_overflow_abstentions_per_100,6.932203389830509,8.322033898305085,-1.3898305084745761
missing_stale_stress,mendeley_igt_official_v2,frozen_external_official_v2_same_task,hist_gradient_boosting,shared_capacity,full_controls,invalid_evidence_action_acceptance_rate,0.0,0.0,0.0
missing_stale_stress,mendeley_igt_official_v2,frozen_external_official_v2_same_task,hist_gradient_boosting,shared_capacity,full_controls,direct_evidence_gate_blocks_per_100,10.23728813559322,10.23728813559322,0.0
missing_stale_stress,mendeley_igt_official_v2,frozen_external_official_v2_same_task,hist_gradient_boosting,uncertainty_gate_off,full_controls,alert_rate,0.03923728813559322,0.03923728813559322,0.0
missing_stale_stress,mendeley_igt_official_v2,frozen_external_official_v2_same_task,hist_gradient_boosting,uncertainty_gate_off,full_controls,human_review_rate,0.01,0.01,0.0
missing_stale_stress,mendeley_igt_official_v2,frozen_external_official_v2_same_task,hist_gradient_boosting,uncertainty_gate_off,full_controls,abstain_rate,0.18559322033898304,0.3595762711864407,-0.17398305084745766
missing_stale_stress,mendeley_igt_official_v2,frozen_external_official_v2_same_task,hist_gradient_boosting,uncertainty_gate_off,full_controls,no_action_rate,0.7651694915254237,0.5911864406779661,0.17398305084745758
missing_stale_stress,mendeley_igt_official_v2,frozen_external_official_v2_same_task,hist_gradient_boosting,uncertainty_gate_off,full_controls,event_coverage_by_alert,0.05247712756775419,0.05247712756775419,0.0
missing_stale_stress,mendeley_igt_official_v2,frozen_external_official_v2_same_task,hist_gradient_boosting,uncertainty_gate_off,full_controls,alert_precision,0.6565874730021598,0.6565874730021598,0.0
missing_stale_stress,mendeley_igt_official_v2,frozen_external_official_v2_same_task,hist_gradient_boosting,uncertainty_gate_off,full_controls,false_alerts_per_100,1.347457627118644,1.347457627118644,0.0
missing_stale_stress,mendeley_igt_official_v2,frozen_external_official_v2_same_task,hist_gradient_boosting,uncertainty_gate_off,full_controls,event_coverage_by_human_review,0.01070257206973934,0.01070257206973934,0.0
missing_stale_stress,mendeley_igt_official_v2,frozen_external_official_v2_same_task,hist_gradient_boosting,uncertainty_gate_off,full_controls,non_event_human_reviews_per_100,0.4745762711864407,0.4745762711864407,0.0
missing_stale_stress,mendeley_igt_official_v2,frozen_external_official_v2_same_task,hist_gradient_boosting,uncertainty_gate_off,full_controls,auto_capacity_blocks_per_100,17.271186440677965,17.271186440677965,0.0
missing_stale_stress,mendeley_igt_official_v2,frozen_external_official_v2_same_task,hist_gradient_boosting,uncertainty_gate_off,full_controls,review_capacity_overflow_abstentions_per_100,8.322033898305085,8.322033898305085,0.0
missing_stale_stress,mendeley_igt_official_v2,frozen_external_official_v2_same_task,hist_gradient_boosting,uncertainty_gate_off,full_controls,invalid_evidence_action_acceptance_rate,0.0,0.0,0.0
missing_stale_stress,mendeley_igt_official_v2,frozen_external_official_v2_same_task,hist_gradient_boosting,uncertainty_gate_off,full_controls,direct_evidence_gate_blocks_per_100,10.23728813559322,10.23728813559322,0.0
missing_stale_stress,mendeley_igt_official_v2,frozen_external_official_v2_same_task,history_baseline,capacity_off,full_controls,alert_rate,0.3474576271186441,0.03288135593220339,0.3145762711864407
missing_stale_stress,mendeley_igt_official_v2,frozen_external_official_v2_same_task,history_baseline,capacity_off,full_controls,human_review_rate,0.11161016949152543,0.00652542372881356,0.10508474576271187
missing_stale_stress,mendeley_igt_official_v2,frozen_external_official_v2_same_task,history_baseline,capacity_off,full_controls,abstain_rate,0.4166949152542373,0.5217796610169492,-0.10508474576271187
missing_stale_stress,mendeley_igt_official_v2,frozen_external_official_v2_same_task,history_baseline,capacity_off,full_controls,no_action_rate,0.12423728813559322,0.4388135593220339,-0.3145762711864407
missing_stale_stress,mendeley_igt_official_v2,frozen_external_official_v2_same_task,history_baseline,capacity_off,full_controls,event_coverage_by_alert,0.40704298291040913,0.030726739167961332,0.3763162437424478
missing_stale_stress,mendeley_igt_official_v2,frozen_external_official_v2_same_task,history_baseline,capacity_off,full_controls,alert_precision,0.5751219512195122,0.4587628865979381,0.11635906462157403
missing_stale_stress,mendeley_igt_official_v2,frozen_external_official_v2_same_task,history_baseline,capacity_off,full_controls,false_alerts_per_100,14.76271186440678,1.7796610169491525,12.983050847457628
missing_stale_stress,mendeley_igt_official_v2,frozen_external_official_v2_same_task,history_baseline,capacity_off,full_controls,event_coverage_by_human_review,0.09615052649749697,0.005178663904712584,0.09097186259278439
missing_stale_stress,mendeley_igt_official_v2,frozen_external_official_v2_same_task,history_baseline,capacity_off,full_controls,non_event_human_reviews_per_100,6.440677966101695,0.3983050847457627,6.042372881355932
missing_stale_stress,mendeley_igt_official_v2,frozen_external_official_v2_same_task,history_baseline,capacity_off,full_controls,auto_capacity_blocks_per_100,0.0,31.45762711864407,-31.45762711864407
missing_stale_stress,mendeley_igt_official_v2,frozen_external_official_v2_same_task,history_baseline,capacity_off,full_controls,review_capacity_overflow_abstentions_per_100,0.0,10.508474576271187,-10.508474576271187
missing_stale_stress,mendeley_igt_official_v2,frozen_external_official_v2_same_task,history_baseline,capacity_off,full_controls,invalid_evidence_action_acceptance_rate,0.0,0.0,0.0
missing_stale_stress,mendeley_igt_official_v2,frozen_external_official_v2_same_task,history_baseline,capacity_off,full_controls,direct_evidence_gate_blocks_per_100,10.23728813559322,10.23728813559322,0.0
missing_stale_stress,mendeley_igt_official_v2,frozen_external_official_v2_same_task,history_baseline,evidence_gate_off,full_controls,alert_rate,0.0335593220338983,0.03288135593220339,0.0006779661016949115
missing_stale_stress,mendeley_igt_official_v2,frozen_external_official_v2_same_task,history_baseline,evidence_gate_off,full_controls,human_review_rate,0.006779661016949152,0.00652542372881356,0.0002542372881355927
missing_stale_stress,mendeley_igt_official_v2,frozen_external_official_v2_same_task,history_baseline,evidence_gate_off,full_controls,abstain_rate,0.46711864406779663,0.5217796610169492,-0.05466101694915254
missing_stale_stress,mendeley_igt_official_v2,frozen_external_official_v2_same_task,history_baseline,evidence_gate_off,full_controls,no_action_rate,0.49254237288135594,0.4388135593220339,0.05372881355932202
missing_stale_stress,mendeley_igt_official_v2,frozen_external_official_v2_same_task,history_baseline,evidence_gate_off,full_controls,event_coverage_by_alert,0.030726739167961332,0.030726739167961332,0.0
missing_stale_stress,mendeley_igt_official_v2,frozen_external_official_v2_same_task,history_baseline,evidence_gate_off,full_controls,alert_precision,0.4494949494949495,0.4587628865979381,-0.009267937102988622
missing_stale_stress,mendeley_igt_official_v2,frozen_external_official_v2_same_task,history_baseline,evidence_gate_off,full_controls,false_alerts_per_100,1.847457627118644,1.7796610169491525,0.06779661016949157
missing_stale_stress,mendeley_igt_official_v2,frozen_external_official_v2_same_task,history_baseline,evidence_gate_off,full_controls,event_coverage_by_human_review,0.006387018815812187,0.005178663904712584,0.001208354911099603
missing_stale_stress,mendeley_igt_official_v2,frozen_external_official_v2_same_task,history_baseline,evidence_gate_off,full_controls,non_event_human_reviews_per_100,0.3644067796610169,0.3983050847457627,-0.03389830508474578
missing_stale_stress,mendeley_igt_official_v2,frozen_external_official_v2_same_task,history_baseline,evidence_gate_off,full_controls,auto_capacity_blocks_per_100,35.38135593220339,31.45762711864407,3.923728813559322
missing_stale_stress,mendeley_igt_official_v2,frozen_external_official_v2_same_task,history_baseline,evidence_gate_off,full_controls,review_capacity_overflow_abstentions_per_100,11.576271186440678,10.508474576271187,1.0677966101694913
missing_stale_stress,mendeley_igt_official_v2,frozen_external_official_v2_same_task,history_baseline,evidence_gate_off,full_controls,invalid_evidence_action_acceptance_rate,0.03145695364238411,0.0,0.03145695364238411
missing_stale_stress,mendeley_igt_official_v2,frozen_external_official_v2_same_task,history_baseline,evidence_gate_off,full_controls,direct_evidence_gate_blocks_per_100,0.0,10.23728813559322,-10.23728813559322
missing_stale_stress,mendeley_igt_official_v2,frozen_external_official_v2_same_task,history_baseline,shared_capacity,full_controls,alert_rate,0.035677966101694915,0.03288135593220339,0.002796610169491523
missing_stale_stress,mendeley_igt_official_v2,frozen_external_official_v2_same_task,history_baseline,shared_capacity,full_controls,human_review_rate,0.012627118644067797,0.00652542372881356,0.006101694915254237
missing_stale_stress,mendeley_igt_official_v2,frozen_external_official_v2_same_task,history_baseline,shared_capacity,full_controls,abstain_rate,0.5156779661016949,0.5217796610169492,-0.006101694915254252
missing_stale_stress,mendeley_igt_official_v2,frozen_external_official_v2_same_task,history_baseline,shared_capacity,full_controls,no_action_rate,0.43601694915254235,0.4388135593220339,-0.0027966101694915646
missing_stale_stress,mendeley_igt_official_v2,frozen_external_official_v2_same_task,history_baseline,shared_capacity,full_controls,event_coverage_by_alert,0.033661315380631794,0.030726739167961332,0.0029345762126704623
missing_stale_stress,mendeley_igt_official_v2,frozen_external_official_v2_same_task,history_baseline,shared_capacity,full_controls,alert_precision,0.46318289786223277,0.4587628865979381,0.004420011264294643
missing_stale_stress,mendeley_igt_official_v2,frozen_external_official_v2_same_task,history_baseline,shared_capacity,full_controls,false_alerts_per_100,1.9152542372881356,1.7796610169491525,0.13559322033898313
missing_stale_stress,mendeley_igt_official_v2,frozen_external_official_v2_same_task,history_baseline,shared_capacity,full_controls,event_coverage_by_human_review,0.012083549110996029,0.005178663904712584,0.006904885206283445
missing_stale_stress,mendeley_igt_official_v2,frozen_external_official_v2_same_task,history_baseline,shared_capacity,full_controls,non_event_human_reviews_per_100,0.6694915254237288,0.3983050847457627,0.2711864406779661
missing_stale_stress,mendeley_igt_official_v2,frozen_external_official_v2_same_task,history_baseline,shared_capacity,full_controls,auto_capacity_blocks_per_100,31.177966101694917,31.45762711864407,-0.27966101694915224
missing_stale_stress,mendeley_igt_official_v2,frozen_external_official_v2_same_task,history_baseline,shared_capacity,full_controls,review_capacity_overflow_abstentions_per_100,9.898305084745763,10.508474576271187,-0.6101694915254239
missing_stale_stress,mendeley_igt_official_v2,frozen_external_official_v2_same_task,history_baseline,shared_capacity,full_controls,invalid_evidence_action_acceptance_rate,0.0,0.0,0.0
missing_stale_stress,mendeley_igt_official_v2,frozen_external_official_v2_same_task,history_baseline,shared_capacity,full_controls,direct_evidence_gate_blocks_per_100,10.23728813559322,10.23728813559322,0.0
missing_stale_stress,mendeley_igt_official_v2,frozen_external_official_v2_same_task,history_baseline,uncertainty_gate_off,full_controls,alert_rate,0.03864406779661017,0.03288135593220339,0.005762711864406779
missing_stale_stress,mendeley_igt_official_v2,frozen_external_official_v2_same_task,history_baseline,uncertainty_gate_off,full_controls,human_review_rate,0.006779661016949152,0.00652542372881356,0.0002542372881355927
missing_stale_stress,mendeley_igt_official_v2,frozen_external_official_v2_same_task,history_baseline,uncertainty_gate_off,full_controls,abstain_rate,0.23652542372881355,0.5217796610169492,-0.2852542372881356
missing_stale_stress,mendeley_igt_official_v2,frozen_external_official_v2_same_task,history_baseline,uncertainty_gate_off,full_controls,no_action_rate,0.7180508474576272,0.4388135593220339,0.27923728813559323
missing_stale_stress,mendeley_igt_official_v2,frozen_external_official_v2_same_task,history_baseline,uncertainty_gate_off,full_controls,event_coverage_by_alert,0.041429311237700675,0.030726739167961332,0.010702572069739343
missing_stale_stress,mendeley_igt_official_v2,frozen_external_official_v2_same_task,history_baseline,uncertainty_gate_off,full_controls,alert_precision,0.5263157894736842,0.4587628865979381,0.06755290287574606
missing_stale_stress,mendeley_igt_official_v2,frozen_external_official_v2_same_task,history_baseline,uncertainty_gate_off,full_controls,false_alerts_per_100,1.8305084745762712,1.7796610169491525,0.05084745762711873
missing_stale_stress,mendeley_igt_official_v2,frozen_external_official_v2_same_task,history_baseline,uncertainty_gate_off,full_controls,event_coverage_by_human_review,0.005006041774555498,0.005178663904712584,-0.00017262213015708638
missing_stale_stress,mendeley_igt_official_v2,frozen_external_official_v2_same_task,history_baseline,uncertainty_gate_off,full_controls,non_event_human_reviews_per_100,0.4322033898305085,0.3983050847457627,0.03389830508474578
missing_stale_stress,mendeley_igt_official_v2,frozen_external_official_v2_same_task,history_baseline,uncertainty_gate_off,full_controls,auto_capacity_blocks_per_100,59.38135593220339,31.45762711864407,27.923728813559322
missing_stale_stress,mendeley_igt_official_v2,frozen_external_official_v2_same_task,history_baseline,uncertainty_gate_off,full_controls,review_capacity_overflow_abstentions_per_100,13.415254237288135,10.508474576271187,2.906779661016948
missing_stale_stress,mendeley_igt_official_v2,frozen_external_official_v2_same_task,history_baseline,uncertainty_gate_off,full_controls,invalid_evidence_action_acceptance_rate,0.0,0.0,0.0
missing_stale_stress,mendeley_igt_official_v2,frozen_external_official_v2_same_task,history_baseline,uncertainty_gate_off,full_controls,direct_evidence_gate_blocks_per_100,10.23728813559322,10.23728813559322,0.0
missing_stale_stress,mendeley_igt_official_v2,frozen_external_official_v2_same_task,regularised_logistic,capacity_off,full_controls,alert_rate,0.25652542372881354,0.039152542372881356,0.2173728813559322
missing_stale_stress,mendeley_igt_official_v2,frozen_external_official_v2_same_task,regularised_logistic,capacity_off,full_controls,human_review_rate,0.08508474576271187,0.01,0.07508474576271187
missing_stale_stress,mendeley_igt_official_v2,frozen_external_official_v2_same_task,regularised_logistic,capacity_off,full_controls,abstain_rate,0.2143220338983051,0.28940677966101697,-0.07508474576271187
missing_stale_stress,mendeley_igt_official_v2,frozen_external_official_v2_same_task,regularised_logistic,capacity_off,full_controls,no_action_rate,0.4440677966101695,0.6614406779661017,-0.21737288135593225
missing_stale_stress,mendeley_igt_official_v2,frozen_external_official_v2_same_task,regularised_logistic,capacity_off,full_controls,event_coverage_by_alert,0.3442085275332298,0.04039357845675816,0.3038149490764716
missing_stale_stress,mendeley_igt_official_v2,frozen_external_official_v2_same_task,regularised_logistic,capacity_off,full_controls,alert_precision,0.6587380244466469,0.5064935064935064,0.15224451795314042
missing_stale_stress,mendeley_igt_official_v2,frozen_external_official_v2_same_task,regularised_logistic,capacity_off,full_controls,false_alerts_per_100,8.754237288135593,1.9322033898305084,6.822033898305085
missing_stale_stress,mendeley_igt_official_v2,frozen_external_official_v2_same_task,regularised_logistic,capacity_off,full_controls,event_coverage_by_human_review,0.09908510271016745,0.0112204384602106,0.08786466424995684
missing_stale_stress,mendeley_igt_official_v2,frozen_external_official_v2_same_task,regularised_logistic,capacity_off,full_controls,non_event_human_reviews_per_100,3.6440677966101696,0.4491525423728814,3.194915254237288
missing_stale_stress,mendeley_igt_official_v2,frozen_external_official_v2_same_task,regularised_logistic,capacity_off,full_controls,auto_capacity_blocks_per_100,0.0,21.73728813559322,-21.73728813559322
missing_stale_stress,mendeley_igt_official_v2,frozen_external_official_v2_same_task,regularised_logistic,capacity_off,full_controls,review_capacity_overflow_abstentions_per_100,0.0,7.508474576271187,-7.508474576271187
missing_stale_stress,mendeley_igt_official_v2,frozen_external_official_v2_same_task,regularised_logistic,capacity_off,full_controls,invalid_evidence_action_acceptance_rate,0.0,0.0,0.0
missing_stale_stress,mendeley_igt_official_v2,frozen_external_official_v2_same_task,regularised_logistic,capacity_off,full_controls,direct_evidence_gate_blocks_per_100,10.23728813559322,10.23728813559322,0.0
missing_stale_stress,mendeley_igt_official_v2,frozen_external_official_v2_same_task,regularised_logistic,evidence_gate_off,full_controls,alert_rate,0.039152542372881356,0.039152542372881356,0.0
missing_stale_stress,mendeley_igt_official_v2,frozen_external_official_v2_same_task,regularised_logistic,evidence_gate_off,full_controls,human_review_rate,0.01,0.01,0.0
missing_stale_stress,mendeley_igt_official_v2,frozen_external_official_v2_same_task,regularised_logistic,evidence_gate_off,full_controls,abstain_rate,0.21169491525423728,0.28940677966101697,-0.07771186440677968
missing_stale_stress,mendeley_igt_official_v2,frozen_external_official_v2_same_task,regularised_logistic,evidence_gate_off,full_controls,no_action_rate,0.7391525423728813,0.6614406779661017,0.07771186440677957
missing_stale_stress,mendeley_igt_official_v2,frozen_external_official_v2_same_task,regularised_logistic,evidence_gate_off,full_controls,event_coverage_by_alert,0.04022095632660107,0.04039357845675816,-0.00017262213015709071
missing_stale_stress,mendeley_igt_official_v2,frozen_external_official_v2_same_task,regularised_logistic,evidence_gate_off,full_controls,alert_precision,0.5043290043290043,0.5064935064935064,-0.0021645021645021467
missing_stale_stress,mendeley_igt_official_v2,frozen_external_official_v2_same_task,regularised_logistic,evidence_gate_off,full_controls,false_alerts_per_100,1.9406779661016949,1.9322033898305084,0.008474576271186418
missing_stale_stress,mendeley_igt_official_v2,frozen_external_official_v2_same_task,regularised_logistic,evidence_gate_off,full_controls,event_coverage_by_human_review,0.0112204384602106,0.0112204384602106,0.0
missing_stale_stress,mendeley_igt_official_v2,frozen_external_official_v2_same_task,regularised_logistic,evidence_gate_off,full_controls,non_event_human_reviews_per_100,0.4491525423728814,0.4491525423728814,0.0
missing_stale_stress,mendeley_igt_official_v2,frozen_external_official_v2_same_task,regularised_logistic,evidence_gate_off,full_controls,auto_capacity_blocks_per_100,24.56779661016949,21.73728813559322,2.83050847457627
missing_stale_stress,mendeley_igt_official_v2,frozen_external_official_v2_same_task,regularised_logistic,evidence_gate_off,full_controls,review_capacity_overflow_abstentions_per_100,8.44915254237288,7.508474576271187,0.9406779661016937
missing_stale_stress,mendeley_igt_official_v2,frozen_external_official_v2_same_task,regularised_logistic,evidence_gate_off,full_controls,invalid_evidence_action_acceptance_rate,0.042218543046357616,0.0,0.042218543046357616
missing_stale_stress,mendeley_igt_official_v2,frozen_external_official_v2_same_task,regularised_logistic,evidence_gate_off,full_controls,direct_evidence_gate_blocks_per_100,0.0,10.23728813559322,-10.23728813559322
missing_stale_stress,mendeley_igt_official_v2,frozen_external_official_v2_same_task,regularised_logistic,shared_capacity,full_controls,alert_rate,0.03771186440677966,0.039152542372881356,-0.001440677966101693
missing_stale_stress,mendeley_igt_official_v2,frozen_external_official_v2_same_task,regularised_logistic,shared_capacity,full_controls,human_review_rate,0.01228813559322034,0.01,0.0022881355932203393
missing_stale_stress,mendeley_igt_official_v2,frozen_external_official_v2_same_task,regularised_logistic,shared_capacity,full_controls,abstain_rate,0.28711864406779664,0.28940677966101697,-0.0022881355932203307
missing_stale_stress,mendeley_igt_official_v2,frozen_external_official_v2_same_task,regularised_logistic,shared_capacity,full_controls,no_action_rate,0.6628813559322034,0.6614406779661017,0.0014406779661017
missing_stale_stress,mendeley_igt_official_v2,frozen_external_official_v2_same_task,regularised_logistic,shared_capacity,full_controls,event_coverage_by_alert,0.03918522354565855,0.04039357845675816,-0.0012083549110996072
missing_stale_stress,mendeley_igt_official_v2,frozen_external_official_v2_same_task,regularised_logistic,shared_capacity,full_controls,alert_precision,0.5101123595505618,0.5064935064935064,0.003618853057055338
missing_stale_stress,mendeley_igt_official_v2,frozen_external_official_v2_same_task,regularised_logistic,shared_capacity,full_controls,false_alerts_per_100,1.847457627118644,1.9322033898305084,-0.0847457627118644
missing_stale_stress,mendeley_igt_official_v2,frozen_external_official_v2_same_task,regularised_logistic,shared_capacity,full_controls,event_coverage_by_human_review,0.013291904022095633,0.0112204384602106,0.002071465561885033
missing_stale_stress,mendeley_igt_official_v2,frozen_external_official_v2_same_task,regularised_logistic,shared_capacity,full_controls,non_event_human_reviews_per_100,0.576271186440678,0.4491525423728814,0.1271186440677966
missing_stale_stress,mendeley_igt_official_v2,frozen_external_official_v2_same_task,regularised_logistic,shared_capacity,full_controls,auto_capacity_blocks_per_100,21.88135593220339,21.73728813559322,0.14406779661016955
missing_stale_stress,mendeley_igt_official_v2,frozen_external_official_v2_same_task,regularised_logistic,shared_capacity,full_controls,review_capacity_overflow_abstentions_per_100,7.279661016949152,7.508474576271187,-0.22881355932203462
missing_stale_stress,mendeley_igt_official_v2,frozen_external_official_v2_same_task,regularised_logistic,shared_capacity,full_controls,invalid_evidence_action_acceptance_rate,0.0,0.0,0.0
missing_stale_stress,mendeley_igt_official_v2,frozen_external_official_v2_same_task,regularised_logistic,shared_capacity,full_controls,direct_evidence_gate_blocks_per_100,10.23728813559322,10.23728813559322,0.0
missing_stale_stress,mendeley_igt_official_v2,frozen_external_official_v2_same_task,regularised_logistic,uncertainty_gate_off,full_controls,alert_rate,0.039152542372881356,0.039152542372881356,0.0
missing_stale_stress,mendeley_igt_official_v2,frozen_external_official_v2_same_task,regularised_logistic,uncertainty_gate_off,full_controls,human_review_rate,0.01,0.01,0.0
missing_stale_stress,mendeley_igt_official_v2,frozen_external_official_v2_same_task,regularised_logistic,uncertainty_gate_off,full_controls,abstain_rate,0.17745762711864407,0.28940677966101697,-0.11194915254237289
missing_stale_stress,mendeley_igt_official_v2,frozen_external_official_v2_same_task,regularised_logistic,uncertainty_gate_off,full_controls,no_action_rate,0.7733898305084745,0.6614406779661017,0.11194915254237281
missing_stale_stress,mendeley_igt_official_v2,frozen_external_official_v2_same_task,regularised_logistic,uncertainty_gate_off,full_controls,event_coverage_by_alert,0.04039357845675816,0.04039357845675816,0.0
missing_stale_stress,mendeley_igt_official_v2,frozen_external_official_v2_same_task,regularised_logistic,uncertainty_gate_off,full_controls,alert_precision,0.5064935064935064,0.5064935064935064,0.0
missing_stale_stress,mendeley_igt_official_v2,frozen_external_official_v2_same_task,regularised_logistic,uncertainty_gate_off,full_controls,false_alerts_per_100,1.9322033898305084,1.9322033898305084,0.0
missing_stale_stress,mendeley_igt_official_v2,frozen_external_official_v2_same_task,regularised_logistic,uncertainty_gate_off,full_controls,event_coverage_by_human_review,0.0112204384602106,0.0112204384602106,0.0
missing_stale_stress,mendeley_igt_official_v2,frozen_external_official_v2_same_task,regularised_logistic,uncertainty_gate_off,full_controls,non_event_human_reviews_per_100,0.4491525423728814,0.4491525423728814,0.0
missing_stale_stress,mendeley_igt_official_v2,frozen_external_official_v2_same_task,regularised_logistic,uncertainty_gate_off,full_controls,auto_capacity_blocks_per_100,21.73728813559322,21.73728813559322,0.0
missing_stale_stress,mendeley_igt_official_v2,frozen_external_official_v2_same_task,regularised_logistic,uncertainty_gate_off,full_controls,review_capacity_overflow_abstentions_per_100,7.508474576271187,7.508474576271187,0.0
missing_stale_stress,mendeley_igt_official_v2,frozen_external_official_v2_same_task,regularised_logistic,uncertainty_gate_off,full_controls,invalid_evidence_action_acceptance_rate,0.0,0.0,0.0
missing_stale_stress,mendeley_igt_official_v2,frozen_external_official_v2_same_task,regularised_logistic,uncertainty_gate_off,full_controls,direct_evidence_gate_blocks_per_100,10.23728813559322,10.23728813559322,0.0
