evidence_scenario,dataset_id,evaluation_scope,model_name,component_arm,reference_arm,metric,delta_arm_minus_full,ci_low,ci_high,bootstrap_unit,bootstrap_method,bootstrap_replicates,bootstrap_seed
clean,many_labs_igt,participant_grouped_outer_cv,hist_gradient_boosting,evidence_gate_off,full_controls,alert_rate,0.0,0.0,0.0,participant,paired cluster percentile,2000,20260813
clean,many_labs_igt,participant_grouped_outer_cv,hist_gradient_boosting,evidence_gate_off,full_controls,human_review_rate,0.0,0.0,0.0,participant,paired cluster percentile,2000,20260813
clean,many_labs_igt,participant_grouped_outer_cv,hist_gradient_boosting,evidence_gate_off,full_controls,abstain_rate,0.0,0.0,0.0,participant,paired cluster percentile,2000,20260813
clean,many_labs_igt,participant_grouped_outer_cv,hist_gradient_boosting,evidence_gate_off,full_controls,no_action_rate,0.0,0.0,0.0,participant,paired cluster percentile,2000,20260813
clean,many_labs_igt,participant_grouped_outer_cv,hist_gradient_boosting,evidence_gate_off,full_controls,event_coverage_by_alert,0.0,0.0,0.0,participant,paired cluster percentile,2000,20260813
clean,many_labs_igt,participant_grouped_outer_cv,hist_gradient_boosting,evidence_gate_off,full_controls,alert_precision,0.0,0.0,0.0,participant,paired cluster percentile,2000,20260813
clean,many_labs_igt,participant_grouped_outer_cv,hist_gradient_boosting,evidence_gate_off,full_controls,false_alerts_per_100,0.0,0.0,0.0,participant,paired cluster percentile,2000,20260813
clean,many_labs_igt,participant_grouped_outer_cv,hist_gradient_boosting,evidence_gate_off,full_controls,event_coverage_by_human_review,0.0,0.0,0.0,participant,paired cluster percentile,2000,20260813
clean,many_labs_igt,participant_grouped_outer_cv,hist_gradient_boosting,evidence_gate_off,full_controls,non_event_human_reviews_per_100,0.0,0.0,0.0,participant,paired cluster percentile,2000,20260813
clean,many_labs_igt,participant_grouped_outer_cv,hist_gradient_boosting,evidence_gate_off,full_controls,auto_capacity_blocks_per_100,0.0,0.0,0.0,participant,paired cluster percentile,2000,20260813
clean,many_labs_igt,participant_grouped_outer_cv,hist_gradient_boosting,evidence_gate_off,full_controls,review_capacity_overflow_abstentions_per_100,0.0,0.0,0.0,participant,paired cluster percentile,2000,20260813
clean,many_labs_igt,participant_grouped_outer_cv,hist_gradient_boosting,evidence_gate_off,full_controls,invalid_evidence_action_acceptance_rate,0.0,0.0,0.0,participant,paired cluster percentile,2000,20260813
clean,many_labs_igt,participant_grouped_outer_cv,hist_gradient_boosting,evidence_gate_off,full_controls,direct_evidence_gate_blocks_per_100,0.0,0.0,0.0,participant,paired cluster percentile,2000,20260813
clean,many_labs_igt,participant_grouped_outer_cv,hist_gradient_boosting,uncertainty_gate_off,full_controls,alert_rate,0.0,0.0,0.0,participant,paired cluster percentile,2000,20260813
clean,many_labs_igt,participant_grouped_outer_cv,hist_gradient_boosting,uncertainty_gate_off,full_controls,human_review_rate,0.0,0.0,0.0,participant,paired cluster percentile,2000,20260813
clean,many_labs_igt,participant_grouped_outer_cv,hist_gradient_boosting,uncertainty_gate_off,full_controls,abstain_rate,-0.15756482525366405,-0.16625428230973738,-0.14882110753002697,participant,paired cluster percentile,2000,20260813
clean,many_labs_igt,participant_grouped_outer_cv,hist_gradient_boosting,uncertainty_gate_off,full_controls,no_action_rate,0.157564825253664,0.148821107530027,0.16625428230973738,participant,paired cluster percentile,2000,20260813
clean,many_labs_igt,participant_grouped_outer_cv,hist_gradient_boosting,uncertainty_gate_off,full_controls,event_coverage_by_alert,0.0,0.0,0.0,participant,paired cluster percentile,2000,20260813
clean,many_labs_igt,participant_grouped_outer_cv,hist_gradient_boosting,uncertainty_gate_off,full_controls,alert_precision,0.0,0.0,0.0,participant,paired cluster percentile,2000,20260813
clean,many_labs_igt,participant_grouped_outer_cv,hist_gradient_boosting,uncertainty_gate_off,full_controls,false_alerts_per_100,0.0,0.0,0.0,participant,paired cluster percentile,2000,20260813
clean,many_labs_igt,participant_grouped_outer_cv,hist_gradient_boosting,uncertainty_gate_off,full_controls,event_coverage_by_human_review,0.0,0.0,0.0,participant,paired cluster percentile,2000,20260813
clean,many_labs_igt,participant_grouped_outer_cv,hist_gradient_boosting,uncertainty_gate_off,full_controls,non_event_human_reviews_per_100,0.0,0.0,0.0,participant,paired cluster percentile,2000,20260813
clean,many_labs_igt,participant_grouped_outer_cv,hist_gradient_boosting,uncertainty_gate_off,full_controls,auto_capacity_blocks_per_100,0.0,0.0,0.0,participant,paired cluster percentile,2000,20260813
clean,many_labs_igt,participant_grouped_outer_cv,hist_gradient_boosting,uncertainty_gate_off,full_controls,review_capacity_overflow_abstentions_per_100,0.0,0.0,0.0,participant,paired cluster percentile,2000,20260813
clean,many_labs_igt,participant_grouped_outer_cv,hist_gradient_boosting,uncertainty_gate_off,full_controls,invalid_evidence_action_acceptance_rate,0.0,0.0,0.0,participant,paired cluster percentile,2000,20260813
clean,many_labs_igt,participant_grouped_outer_cv,hist_gradient_boosting,uncertainty_gate_off,full_controls,direct_evidence_gate_blocks_per_100,0.0,0.0,0.0,participant,paired cluster percentile,2000,20260813
clean,many_labs_igt,participant_grouped_outer_cv,hist_gradient_boosting,shared_capacity,full_controls,alert_rate,-0.012476512589252163,-0.013797820515980247,-0.011302049586044036,participant,paired cluster percentile,2000,20260813
clean,many_labs_igt,participant_grouped_outer_cv,hist_gradient_boosting,shared_capacity,full_controls,human_review_rate,0.01416009019165727,0.01283796418397741,0.015597823859580863,participant,paired cluster percentile,2000,20260813
clean,many_labs_igt,participant_grouped_outer_cv,hist_gradient_boosting,shared_capacity,full_controls,abstain_rate,-0.01416009019165726,-0.015597823859580856,-0.012837964183977427,participant,paired cluster percentile,2000,20260813
clean,many_labs_igt,participant_grouped_outer_cv,hist_gradient_boosting,shared_capacity,full_controls,no_action_rate,0.012476512589252198,0.011302049586043954,0.01379782051598028,participant,paired cluster percentile,2000,20260813
clean,many_labs_igt,participant_grouped_outer_cv,hist_gradient_boosting,shared_capacity,full_controls,event_coverage_by_alert,-0.019500625864681473,-0.021905528195725374,-0.017351336779116013,participant,paired cluster percentile,2000,20260813
clean,many_labs_igt,participant_grouped_outer_cv,hist_gradient_boosting,shared_capacity,full_controls,alert_precision,0.011590418349562537,0.00511433713307434,0.01818030258311871,participant,paired cluster percentile,2000,20260813
clean,many_labs_igt,participant_grouped_outer_cv,hist_gradient_boosting,shared_capacity,full_controls,false_alerts_per_100,-0.357760240511086,-0.41432014103049647,-0.30690969378459615,participant,paired cluster percentile,2000,20260813
clean,many_labs_igt,participant_grouped_outer_cv,hist_gradient_boosting,shared_capacity,full_controls,event_coverage_by_human_review,0.019105342907964954,0.01716757764249454,0.021348548833458957,participant,paired cluster percentile,2000,20260813
clean,many_labs_igt,participant_grouped_outer_cv,hist_gradient_boosting,shared_capacity,full_controls,non_event_human_reviews_per_100,0.5441563322059377,0.47452348041640946,0.6160611959229298,participant,paired cluster percentile,2000,20260813
clean,many_labs_igt,participant_grouped_outer_cv,hist_gradient_boosting,shared_capacity,full_controls,auto_capacity_blocks_per_100,1.2476512589252167,1.1302049586044054,1.3797820515980224,participant,paired cluster percentile,2000,20260813
clean,many_labs_igt,participant_grouped_outer_cv,hist_gradient_boosting,shared_capacity,full_controls,review_capacity_overflow_abstentions_per_100,-1.4160090191657275,-1.5597823859580855,-1.283796418397741,participant,paired cluster percentile,2000,20260813
clean,many_labs_igt,participant_grouped_outer_cv,hist_gradient_boosting,shared_capacity,full_controls,invalid_evidence_action_acceptance_rate,0.0,0.0,0.0,participant,paired cluster percentile,2000,20260813
clean,many_labs_igt,participant_grouped_outer_cv,hist_gradient_boosting,shared_capacity,full_controls,direct_evidence_gate_blocks_per_100,0.0,0.0,0.0,participant,paired cluster percentile,2000,20260813
clean,many_labs_igt,participant_grouped_outer_cv,hist_gradient_boosting,capacity_off,full_controls,alert_rate,0.18496805712138295,0.17051568225443453,0.20012203847898144,participant,paired cluster percentile,2000,20260813
clean,many_labs_igt,participant_grouped_outer_cv,hist_gradient_boosting,capacity_off,full_controls,human_review_rate,0.07509958662157083,0.07067884350270896,0.07962350415499304,participant,paired cluster percentile,2000,20260813
clean,many_labs_igt,participant_grouped_outer_cv,hist_gradient_boosting,capacity_off,full_controls,abstain_rate,-0.07509958662157085,-0.07962350415499302,-0.07067884350270896,participant,paired cluster percentile,2000,20260813
clean,many_labs_igt,participant_grouped_outer_cv,hist_gradient_boosting,capacity_off,full_controls,no_action_rate,-0.18496805712138292,-0.20012203847898144,-0.1705156822544345,participant,paired cluster percentile,2000,20260813
clean,many_labs_igt,participant_grouped_outer_cv,hist_gradient_boosting,capacity_off,full_controls,event_coverage_by_alert,0.32337439884050334,0.3008624297837473,0.34697710898558043,participant,paired cluster percentile,2000,20260813
clean,many_labs_igt,participant_grouped_outer_cv,hist_gradient_boosting,capacity_off,full_controls,alert_precision,0.021237688100785412,0.007551028271588811,0.034965842411190266,participant,paired cluster percentile,2000,20260813
clean,many_labs_igt,participant_grouped_outer_cv,hist_gradient_boosting,capacity_off,full_controls,false_alerts_per_100,3.739947388199925,3.492466405771162,4.007539212786923,participant,paired cluster percentile,2000,20260813
clean,many_labs_igt,participant_grouped_outer_cv,hist_gradient_boosting,capacity_off,full_controls,event_coverage_by_human_review,0.10043481125238818,0.09463030028117271,0.10632239534332066,participant,paired cluster percentile,2000,20260813
clean,many_labs_igt,participant_grouped_outer_cv,hist_gradient_boosting,capacity_off,full_controls,non_event_human_reviews_per_100,2.9267192784667415,2.715571535165304,3.144038687178912,participant,paired cluster percentile,2000,20260813
clean,many_labs_igt,participant_grouped_outer_cv,hist_gradient_boosting,capacity_off,full_controls,auto_capacity_blocks_per_100,-18.496805712138293,-20.012203847898142,-17.051568225443457,participant,paired cluster percentile,2000,20260813
clean,many_labs_igt,participant_grouped_outer_cv,hist_gradient_boosting,capacity_off,full_controls,review_capacity_overflow_abstentions_per_100,-7.509958662157084,-7.962350415499304,-7.067884350270898,participant,paired cluster percentile,2000,20260813
clean,many_labs_igt,participant_grouped_outer_cv,hist_gradient_boosting,capacity_off,full_controls,invalid_evidence_action_acceptance_rate,0.0,0.0,0.0,participant,paired cluster percentile,2000,20260813
clean,many_labs_igt,participant_grouped_outer_cv,hist_gradient_boosting,capacity_off,full_controls,direct_evidence_gate_blocks_per_100,0.0,0.0,0.0,participant,paired cluster percentile,2000,20260813
clean,many_labs_igt,participant_grouped_outer_cv,history_baseline,evidence_gate_off,full_controls,alert_rate,0.0,0.0,0.0,participant,paired cluster percentile,2000,20270813
clean,many_labs_igt,participant_grouped_outer_cv,history_baseline,evidence_gate_off,full_controls,human_review_rate,0.0,0.0,0.0,participant,paired cluster percentile,2000,20270813
clean,many_labs_igt,participant_grouped_outer_cv,history_baseline,evidence_gate_off,full_controls,abstain_rate,0.0,0.0,0.0,participant,paired cluster percentile,2000,20270813
clean,many_labs_igt,participant_grouped_outer_cv,history_baseline,evidence_gate_off,full_controls,no_action_rate,0.0,0.0,0.0,participant,paired cluster percentile,2000,20270813
clean,many_labs_igt,participant_grouped_outer_cv,history_baseline,evidence_gate_off,full_controls,event_coverage_by_alert,0.0,0.0,0.0,participant,paired cluster percentile,2000,20270813
clean,many_labs_igt,participant_grouped_outer_cv,history_baseline,evidence_gate_off,full_controls,alert_precision,0.0,0.0,0.0,participant,paired cluster percentile,2000,20270813
clean,many_labs_igt,participant_grouped_outer_cv,history_baseline,evidence_gate_off,full_controls,false_alerts_per_100,0.0,0.0,0.0,participant,paired cluster percentile,2000,20270813
clean,many_labs_igt,participant_grouped_outer_cv,history_baseline,evidence_gate_off,full_controls,event_coverage_by_human_review,0.0,0.0,0.0,participant,paired cluster percentile,2000,20270813
clean,many_labs_igt,participant_grouped_outer_cv,history_baseline,evidence_gate_off,full_controls,non_event_human_reviews_per_100,0.0,0.0,0.0,participant,paired cluster percentile,2000,20270813
clean,many_labs_igt,participant_grouped_outer_cv,history_baseline,evidence_gate_off,full_controls,auto_capacity_blocks_per_100,0.0,0.0,0.0,participant,paired cluster percentile,2000,20270813
clean,many_labs_igt,participant_grouped_outer_cv,history_baseline,evidence_gate_off,full_controls,review_capacity_overflow_abstentions_per_100,0.0,0.0,0.0,participant,paired cluster percentile,2000,20270813
clean,many_labs_igt,participant_grouped_outer_cv,history_baseline,evidence_gate_off,full_controls,invalid_evidence_action_acceptance_rate,0.0,0.0,0.0,participant,paired cluster percentile,2000,20270813
clean,many_labs_igt,participant_grouped_outer_cv,history_baseline,evidence_gate_off,full_controls,direct_evidence_gate_blocks_per_100,0.0,0.0,0.0,participant,paired cluster percentile,2000,20270813
clean,many_labs_igt,participant_grouped_outer_cv,history_baseline,uncertainty_gate_off,full_controls,alert_rate,0.007065013152950009,0.005735235279801324,0.008389014682924715,participant,paired cluster percentile,2000,20270813
clean,many_labs_igt,participant_grouped_outer_cv,history_baseline,uncertainty_gate_off,full_controls,human_review_rate,0.0004359263434798935,0.0002674095996772782,0.0006349686295260403,participant,paired cluster percentile,2000,20270813
clean,many_labs_igt,participant_grouped_outer_cv,history_baseline,uncertainty_gate_off,full_controls,abstain_rate,-0.2895302517850432,-0.3113511905419939,-0.268084673163748,participant,paired cluster percentile,2000,20270813
clean,many_labs_igt,participant_grouped_outer_cv,history_baseline,uncertainty_gate_off,full_controls,no_action_rate,0.2820293122886133,0.2609868652135805,0.3035743870568251,participant,paired cluster percentile,2000,20270813
clean,many_labs_igt,participant_grouped_outer_cv,history_baseline,uncertainty_gate_off,full_controls,event_coverage_by_alert,0.007642137163185972,0.005183814932387816,0.010126537860284827,participant,paired cluster percentile,2000,20270813
clean,many_labs_igt,participant_grouped_outer_cv,history_baseline,uncertainty_gate_off,full_controls,alert_precision,-0.013381531216240639,-0.02772011766675154,0.0013627864417401934,participant,paired cluster percentile,2000,20270813
clean,many_labs_igt,participant_grouped_outer_cv,history_baseline,uncertainty_gate_off,full_controls,false_alerts_per_100,0.357760240511086,0.23433191713578472,0.4797458736844163,participant,paired cluster percentile,2000,20270813
clean,many_labs_igt,participant_grouped_outer_cv,history_baseline,uncertainty_gate_off,full_controls,event_coverage_by_human_review,0.0009552671453982465,0.0003971090793276831,0.0015482984182258364,participant,paired cluster percentile,2000,20270813
clean,many_labs_igt,participant_grouped_outer_cv,history_baseline,uncertainty_gate_off,full_controls,non_event_human_reviews_per_100,0.0,-0.02089154767757961,0.020907852349133237,participant,paired cluster percentile,2000,20270813
clean,many_labs_igt,participant_grouped_outer_cv,history_baseline,uncertainty_gate_off,full_controls,auto_capacity_blocks_per_100,28.20293122886133,26.09868652135806,30.357438705682494,participant,paired cluster percentile,2000,20270813
clean,many_labs_igt,participant_grouped_outer_cv,history_baseline,uncertainty_gate_off,full_controls,review_capacity_overflow_abstentions_per_100,1.5392709507703861,1.3191027373120308,1.7693976855752303,participant,paired cluster percentile,2000,20270813
clean,many_labs_igt,participant_grouped_outer_cv,history_baseline,uncertainty_gate_off,full_controls,invalid_evidence_action_acceptance_rate,0.0,0.0,0.0,participant,paired cluster percentile,2000,20270813
clean,many_labs_igt,participant_grouped_outer_cv,history_baseline,uncertainty_gate_off,full_controls,direct_evidence_gate_blocks_per_100,0.0,0.0,0.0,participant,paired cluster percentile,2000,20270813
clean,many_labs_igt,participant_grouped_outer_cv,history_baseline,shared_capacity,full_controls,alert_rate,0.005997745208568203,0.004683215760869619,0.007340227967871348,participant,paired cluster percentile,2000,20270813
clean,many_labs_igt,participant_grouped_outer_cv,history_baseline,shared_capacity,full_controls,human_review_rate,0.005426531379180758,0.003651041466794257,0.0072252853019653795,participant,paired cluster percentile,2000,20270813
clean,many_labs_igt,participant_grouped_outer_cv,history_baseline,shared_capacity,full_controls,abstain_rate,-0.00542653137918081,-0.007225285301965341,-0.003651041466794218,participant,paired cluster percentile,2000,20270813
clean,many_labs_igt,participant_grouped_outer_cv,history_baseline,shared_capacity,full_controls,no_action_rate,-0.005997745208568217,-0.0073402279678713486,-0.004683215760869647,participant,paired cluster percentile,2000,20270813
clean,many_labs_igt,participant_grouped_outer_cv,history_baseline,shared_capacity,full_controls,event_coverage_by_alert,0.008893866526121619,0.006724897100107068,0.011096830660211528,participant,paired cluster percentile,2000,20270813
clean,many_labs_igt,participant_grouped_outer_cv,history_baseline,shared_capacity,full_controls,alert_precision,0.0040990062186812,-0.0030074143763368618,0.011385498747351504,participant,paired cluster percentile,2000,20270813
clean,many_labs_igt,participant_grouped_outer_cv,history_baseline,shared_capacity,full_controls,false_alerts_per_100,0.1939120631341602,0.12592287912857406,0.260437447385613,participant,paired cluster percentile,2000,20270813
clean,many_labs_igt,participant_grouped_outer_cv,history_baseline,shared_capacity,full_controls,event_coverage_by_human_review,0.00938797022201726,0.0074746623697107195,0.011320124020241422,participant,paired cluster percentile,2000,20270813
clean,many_labs_igt,participant_grouped_outer_cv,history_baseline,shared_capacity,full_controls,non_event_human_reviews_per_100,0.11424276587748972,0.0,0.23825761018216005,participant,paired cluster percentile,2000,20270813
clean,many_labs_igt,participant_grouped_outer_cv,history_baseline,shared_capacity,full_controls,auto_capacity_blocks_per_100,-0.599774520856819,-0.7340227967871366,-0.4683215760869672,participant,paired cluster percentile,2000,20270813
clean,many_labs_igt,participant_grouped_outer_cv,history_baseline,shared_capacity,full_controls,review_capacity_overflow_abstentions_per_100,-0.5426531379180757,-0.7225285301965375,-0.365104146679426,participant,paired cluster percentile,2000,20270813
clean,many_labs_igt,participant_grouped_outer_cv,history_baseline,shared_capacity,full_controls,invalid_evidence_action_acceptance_rate,0.0,0.0,0.0,participant,paired cluster percentile,2000,20270813
clean,many_labs_igt,participant_grouped_outer_cv,history_baseline,shared_capacity,full_controls,direct_evidence_gate_blocks_per_100,0.0,0.0,0.0,participant,paired cluster percentile,2000,20270813
clean,many_labs_igt,participant_grouped_outer_cv,history_baseline,capacity_off,full_controls,alert_rate,0.35203307027433295,0.32625941778146134,0.3781672772309497,participant,paired cluster percentile,2000,20270813
clean,many_labs_igt,participant_grouped_outer_cv,history_baseline,capacity_off,full_controls,human_review_rate,0.07627207816610296,0.0665811192256862,0.08635034766375478,participant,paired cluster percentile,2000,20270813
clean,many_labs_igt,participant_grouped_outer_cv,history_baseline,capacity_off,full_controls,abstain_rate,-0.07627207816610299,-0.08635034766375475,-0.06658111922568621,participant,paired cluster percentile,2000,20270813
clean,many_labs_igt,participant_grouped_outer_cv,history_baseline,capacity_off,full_controls,no_action_rate,-0.352033070274333,-0.3781672772309498,-0.32625941778146134,participant,paired cluster percentile,2000,20270813
clean,many_labs_igt,participant_grouped_outer_cv,history_baseline,capacity_off,full_controls,event_coverage_by_alert,0.4405757955069504,0.4097315179193089,0.4706606515121123,participant,paired cluster percentile,2000,20270813
clean,many_labs_igt,participant_grouped_outer_cv,history_baseline,capacity_off,full_controls,alert_precision,-0.04868290591908497,-0.06762598721757113,-0.02931068578818718,participant,paired cluster percentile,2000,20270813
clean,many_labs_igt,participant_grouped_outer_cv,history_baseline,capacity_off,full_controls,false_alerts_per_100,15.098083427282976,14.132215339342213,16.136665027239655,participant,paired cluster percentile,2000,20270813
clean,many_labs_igt,participant_grouped_outer_cv,history_baseline,capacity_off,full_controls,event_coverage_by_human_review,0.05751367020225312,0.048262189856156316,0.06686367857535372,participant,paired cluster percentile,2000,20270813
clean,many_labs_igt,participant_grouped_outer_cv,history_baseline,capacity_off,full_controls,non_event_human_reviews_per_100,5.002630590003758,4.411779568668695,5.641170643769212,participant,paired cluster percentile,2000,20270813
clean,many_labs_igt,participant_grouped_outer_cv,history_baseline,capacity_off,full_controls,auto_capacity_blocks_per_100,-35.2033070274333,-37.81672772309498,-32.62594177814613,participant,paired cluster percentile,2000,20270813
clean,many_labs_igt,participant_grouped_outer_cv,history_baseline,capacity_off,full_controls,review_capacity_overflow_abstentions_per_100,-7.627207816610297,-8.63503476637548,-6.6581119225686205,participant,paired cluster percentile,2000,20270813
clean,many_labs_igt,participant_grouped_outer_cv,history_baseline,capacity_off,full_controls,invalid_evidence_action_acceptance_rate,0.0,0.0,0.0,participant,paired cluster percentile,2000,20270813
clean,many_labs_igt,participant_grouped_outer_cv,history_baseline,capacity_off,full_controls,direct_evidence_gate_blocks_per_100,0.0,0.0,0.0,participant,paired cluster percentile,2000,20270813
clean,many_labs_igt,participant_grouped_outer_cv,regularised_logistic,evidence_gate_off,full_controls,alert_rate,0.0,0.0,0.0,participant,paired cluster percentile,2000,20280813
clean,many_labs_igt,participant_grouped_outer_cv,regularised_logistic,evidence_gate_off,full_controls,human_review_rate,0.0,0.0,0.0,participant,paired cluster percentile,2000,20280813
clean,many_labs_igt,participant_grouped_outer_cv,regularised_logistic,evidence_gate_off,full_controls,abstain_rate,0.0,0.0,0.0,participant,paired cluster percentile,2000,20280813
clean,many_labs_igt,participant_grouped_outer_cv,regularised_logistic,evidence_gate_off,full_controls,no_action_rate,0.0,0.0,0.0,participant,paired cluster percentile,2000,20280813
clean,many_labs_igt,participant_grouped_outer_cv,regularised_logistic,evidence_gate_off,full_controls,event_coverage_by_alert,0.0,0.0,0.0,participant,paired cluster percentile,2000,20280813
clean,many_labs_igt,participant_grouped_outer_cv,regularised_logistic,evidence_gate_off,full_controls,alert_precision,0.0,0.0,0.0,participant,paired cluster percentile,2000,20280813
clean,many_labs_igt,participant_grouped_outer_cv,regularised_logistic,evidence_gate_off,full_controls,false_alerts_per_100,0.0,0.0,0.0,participant,paired cluster percentile,2000,20280813
clean,many_labs_igt,participant_grouped_outer_cv,regularised_logistic,evidence_gate_off,full_controls,event_coverage_by_human_review,0.0,0.0,0.0,participant,paired cluster percentile,2000,20280813
clean,many_labs_igt,participant_grouped_outer_cv,regularised_logistic,evidence_gate_off,full_controls,non_event_human_reviews_per_100,0.0,0.0,0.0,participant,paired cluster percentile,2000,20280813
clean,many_labs_igt,participant_grouped_outer_cv,regularised_logistic,evidence_gate_off,full_controls,auto_capacity_blocks_per_100,0.0,0.0,0.0,participant,paired cluster percentile,2000,20280813
clean,many_labs_igt,participant_grouped_outer_cv,regularised_logistic,evidence_gate_off,full_controls,review_capacity_overflow_abstentions_per_100,0.0,0.0,0.0,participant,paired cluster percentile,2000,20280813
clean,many_labs_igt,participant_grouped_outer_cv,regularised_logistic,evidence_gate_off,full_controls,invalid_evidence_action_acceptance_rate,0.0,0.0,0.0,participant,paired cluster percentile,2000,20280813
clean,many_labs_igt,participant_grouped_outer_cv,regularised_logistic,evidence_gate_off,full_controls,direct_evidence_gate_blocks_per_100,0.0,0.0,0.0,participant,paired cluster percentile,2000,20280813
clean,many_labs_igt,participant_grouped_outer_cv,regularised_logistic,uncertainty_gate_off,full_controls,alert_rate,0.0,0.0,0.0,participant,paired cluster percentile,2000,20280813
clean,many_labs_igt,participant_grouped_outer_cv,regularised_logistic,uncertainty_gate_off,full_controls,human_review_rate,0.0,0.0,0.0,participant,paired cluster percentile,2000,20280813
clean,many_labs_igt,participant_grouped_outer_cv,regularised_logistic,uncertainty_gate_off,full_controls,abstain_rate,-0.10573468620819242,-0.10931581164849319,-0.102265126981695,participant,paired cluster percentile,2000,20280813
clean,many_labs_igt,participant_grouped_outer_cv,regularised_logistic,uncertainty_gate_off,full_controls,no_action_rate,0.10573468620819237,0.10226512698169504,0.10931581164849319,participant,paired cluster percentile,2000,20280813
clean,many_labs_igt,participant_grouped_outer_cv,regularised_logistic,uncertainty_gate_off,full_controls,event_coverage_by_alert,0.0,0.0,0.0,participant,paired cluster percentile,2000,20280813
clean,many_labs_igt,participant_grouped_outer_cv,regularised_logistic,uncertainty_gate_off,full_controls,alert_precision,0.0,0.0,0.0,participant,paired cluster percentile,2000,20280813
clean,many_labs_igt,participant_grouped_outer_cv,regularised_logistic,uncertainty_gate_off,full_controls,false_alerts_per_100,0.0,0.0,0.0,participant,paired cluster percentile,2000,20280813
clean,many_labs_igt,participant_grouped_outer_cv,regularised_logistic,uncertainty_gate_off,full_controls,event_coverage_by_human_review,0.0,0.0,0.0,participant,paired cluster percentile,2000,20280813
clean,many_labs_igt,participant_grouped_outer_cv,regularised_logistic,uncertainty_gate_off,full_controls,non_event_human_reviews_per_100,0.0,0.0,0.0,participant,paired cluster percentile,2000,20280813
clean,many_labs_igt,participant_grouped_outer_cv,regularised_logistic,uncertainty_gate_off,full_controls,auto_capacity_blocks_per_100,0.0,0.0,0.0,participant,paired cluster percentile,2000,20280813
clean,many_labs_igt,participant_grouped_outer_cv,regularised_logistic,uncertainty_gate_off,full_controls,review_capacity_overflow_abstentions_per_100,0.0,0.0,0.0,participant,paired cluster percentile,2000,20280813
clean,many_labs_igt,participant_grouped_outer_cv,regularised_logistic,uncertainty_gate_off,full_controls,invalid_evidence_action_acceptance_rate,0.0,0.0,0.0,participant,paired cluster percentile,2000,20280813
clean,many_labs_igt,participant_grouped_outer_cv,regularised_logistic,uncertainty_gate_off,full_controls,direct_evidence_gate_blocks_per_100,0.0,0.0,0.0,participant,paired cluster percentile,2000,20280813
clean,many_labs_igt,participant_grouped_outer_cv,regularised_logistic,shared_capacity,full_controls,alert_rate,-0.005652010522360015,-0.006709150469987809,-0.004519466330507581,participant,paired cluster percentile,2000,20280813
clean,many_labs_igt,participant_grouped_outer_cv,regularised_logistic,shared_capacity,full_controls,human_review_rate,0.006839534009770762,0.0056014158673810465,0.00795917762131565,participant,paired cluster percentile,2000,20280813
clean,many_labs_igt,participant_grouped_outer_cv,regularised_logistic,shared_capacity,full_controls,abstain_rate,-0.006839534009770776,-0.007959177621315636,-0.0056014158673810465,participant,paired cluster percentile,2000,20280813
clean,many_labs_igt,participant_grouped_outer_cv,regularised_logistic,shared_capacity,full_controls,no_action_rate,0.005652010522359974,0.004519466330507632,0.006709150469987848,participant,paired cluster percentile,2000,20280813
clean,many_labs_igt,participant_grouped_outer_cv,regularised_logistic,shared_capacity,full_controls,event_coverage_by_alert,-0.008465643323012056,-0.01032502657752657,-0.006494115784605395,participant,paired cluster percentile,2000,20280813
clean,many_labs_igt,participant_grouped_outer_cv,regularised_logistic,shared_capacity,full_controls,alert_precision,0.0002963534277825586,-0.0055246927098515225,0.006057879324037998,participant,paired cluster percentile,2000,20280813
clean,many_labs_igt,participant_grouped_outer_cv,regularised_logistic,shared_capacity,full_controls,false_alerts_per_100,-0.17888012025554278,-0.23107549292174465,-0.12642700972781115,participant,paired cluster percentile,2000,20280813
clean,many_labs_igt,participant_grouped_outer_cv,regularised_logistic,shared_capacity,full_controls,event_coverage_by_human_review,0.010903221556097239,0.009071549566701998,0.012645863893236431,participant,paired cluster percentile,2000,20280813
clean,many_labs_igt,participant_grouped_outer_cv,regularised_logistic,shared_capacity,full_controls,non_event_human_reviews_per_100,0.1863960916948515,0.11993247363548361,0.25343800805824557,participant,paired cluster percentile,2000,20280813
clean,many_labs_igt,participant_grouped_outer_cv,regularised_logistic,shared_capacity,full_controls,auto_capacity_blocks_per_100,0.5652010522360023,0.4519466330507617,0.6709150469987806,participant,paired cluster percentile,2000,20280813
clean,many_labs_igt,participant_grouped_outer_cv,regularised_logistic,shared_capacity,full_controls,review_capacity_overflow_abstentions_per_100,-0.6839534009770762,-0.7959177621315651,-0.5601415867381051,participant,paired cluster percentile,2000,20280813
clean,many_labs_igt,participant_grouped_outer_cv,regularised_logistic,shared_capacity,full_controls,invalid_evidence_action_acceptance_rate,0.0,0.0,0.0,participant,paired cluster percentile,2000,20280813
clean,many_labs_igt,participant_grouped_outer_cv,regularised_logistic,shared_capacity,full_controls,direct_evidence_gate_blocks_per_100,0.0,0.0,0.0,participant,paired cluster percentile,2000,20280813
clean,many_labs_igt,participant_grouped_outer_cv,regularised_logistic,capacity_off,full_controls,alert_rate,0.21966178128523112,0.20531286121542186,0.23547923579565358,participant,paired cluster percentile,2000,20280813
clean,many_labs_igt,participant_grouped_outer_cv,regularised_logistic,capacity_off,full_controls,human_review_rate,0.07144682450206688,0.06773024481047098,0.07524658345328064,participant,paired cluster percentile,2000,20280813
clean,many_labs_igt,participant_grouped_outer_cv,regularised_logistic,capacity_off,full_controls,abstain_rate,-0.07144682450206691,-0.07524658345328065,-0.06773024481047099,participant,paired cluster percentile,2000,20280813
clean,many_labs_igt,participant_grouped_outer_cv,regularised_logistic,capacity_off,full_controls,no_action_rate,-0.21966178128523106,-0.23547923579565364,-0.2053128612154219,participant,paired cluster percentile,2000,20280813
clean,many_labs_igt,participant_grouped_outer_cv,regularised_logistic,capacity_off,full_controls,event_coverage_by_alert,0.33671519862968574,0.31613437941339556,0.3583539874095061,participant,paired cluster percentile,2000,20280813
clean,many_labs_igt,participant_grouped_outer_cv,regularised_logistic,capacity_off,full_controls,alert_precision,0.009493223716314891,-0.006468166612085954,0.02440505271051275,participant,paired cluster percentile,2000,20280813
clean,many_labs_igt,participant_grouped_outer_cv,regularised_logistic,capacity_off,full_controls,false_alerts_per_100,6.600526118000751,6.208122572822657,7.048514285104061,participant,paired cluster percentile,2000,20280813
clean,many_labs_igt,participant_grouped_outer_cv,regularised_logistic,capacity_off,full_controls,event_coverage_by_human_review,0.08508465643323011,0.08068954111065094,0.08928067749921655,participant,paired cluster percentile,2000,20280813
clean,many_labs_igt,participant_grouped_outer_cv,regularised_logistic,capacity_off,full_controls,non_event_human_reviews_per_100,3.2619316046599023,3.0061087476182364,3.519689633797056,participant,paired cluster percentile,2000,20280813
clean,many_labs_igt,participant_grouped_outer_cv,regularised_logistic,capacity_off,full_controls,auto_capacity_blocks_per_100,-21.96617812852311,-23.54792357956536,-20.531286121542184,participant,paired cluster percentile,2000,20280813
clean,many_labs_igt,participant_grouped_outer_cv,regularised_logistic,capacity_off,full_controls,review_capacity_overflow_abstentions_per_100,-7.144682450206689,-7.524658345328065,-6.773024481047098,participant,paired cluster percentile,2000,20280813
clean,many_labs_igt,participant_grouped_outer_cv,regularised_logistic,capacity_off,full_controls,invalid_evidence_action_acceptance_rate,0.0,0.0,0.0,participant,paired cluster percentile,2000,20280813
clean,many_labs_igt,participant_grouped_outer_cv,regularised_logistic,capacity_off,full_controls,direct_evidence_gate_blocks_per_100,0.0,0.0,0.0,participant,paired cluster percentile,2000,20280813
clean,mendeley_igt_official_v2,frozen_external_official_v2_same_task,hist_gradient_boosting,evidence_gate_off,full_controls,alert_rate,0.0,0.0,0.0,participant,paired cluster percentile,2000,20290813
clean,mendeley_igt_official_v2,frozen_external_official_v2_same_task,hist_gradient_boosting,evidence_gate_off,full_controls,human_review_rate,0.0,0.0,0.0,participant,paired cluster percentile,2000,20290813
clean,mendeley_igt_official_v2,frozen_external_official_v2_same_task,hist_gradient_boosting,evidence_gate_off,full_controls,abstain_rate,0.0,0.0,0.0,participant,paired cluster percentile,2000,20290813
clean,mendeley_igt_official_v2,frozen_external_official_v2_same_task,hist_gradient_boosting,evidence_gate_off,full_controls,no_action_rate,0.0,0.0,0.0,participant,paired cluster percentile,2000,20290813
clean,mendeley_igt_official_v2,frozen_external_official_v2_same_task,hist_gradient_boosting,evidence_gate_off,full_controls,event_coverage_by_alert,0.0,0.0,0.0,participant,paired cluster percentile,2000,20290813
clean,mendeley_igt_official_v2,frozen_external_official_v2_same_task,hist_gradient_boosting,evidence_gate_off,full_controls,alert_precision,0.0,0.0,0.0,participant,paired cluster percentile,2000,20290813
clean,mendeley_igt_official_v2,frozen_external_official_v2_same_task,hist_gradient_boosting,evidence_gate_off,full_controls,false_alerts_per_100,0.0,0.0,0.0,participant,paired cluster percentile,2000,20290813
clean,mendeley_igt_official_v2,frozen_external_official_v2_same_task,hist_gradient_boosting,evidence_gate_off,full_controls,event_coverage_by_human_review,0.0,0.0,0.0,participant,paired cluster percentile,2000,20290813
clean,mendeley_igt_official_v2,frozen_external_official_v2_same_task,hist_gradient_boosting,evidence_gate_off,full_controls,non_event_human_reviews_per_100,0.0,0.0,0.0,participant,paired cluster percentile,2000,20290813
clean,mendeley_igt_official_v2,frozen_external_official_v2_same_task,hist_gradient_boosting,evidence_gate_off,full_controls,auto_capacity_blocks_per_100,0.0,0.0,0.0,participant,paired cluster percentile,2000,20290813
clean,mendeley_igt_official_v2,frozen_external_official_v2_same_task,hist_gradient_boosting,evidence_gate_off,full_controls,review_capacity_overflow_abstentions_per_100,0.0,0.0,0.0,participant,paired cluster percentile,2000,20290813
clean,mendeley_igt_official_v2,frozen_external_official_v2_same_task,hist_gradient_boosting,evidence_gate_off,full_controls,invalid_evidence_action_acceptance_rate,0.0,0.0,0.0,participant,paired cluster percentile,2000,20290813
clean,mendeley_igt_official_v2,frozen_external_official_v2_same_task,hist_gradient_boosting,evidence_gate_off,full_controls,direct_evidence_gate_blocks_per_100,0.0,0.0,0.0,participant,paired cluster percentile,2000,20290813
clean,mendeley_igt_official_v2,frozen_external_official_v2_same_task,hist_gradient_boosting,uncertainty_gate_off,full_controls,alert_rate,0.0,0.0,0.0,participant,paired cluster percentile,2000,20290813
clean,mendeley_igt_official_v2,frozen_external_official_v2_same_task,hist_gradient_boosting,uncertainty_gate_off,full_controls,human_review_rate,0.0,0.0,0.0,participant,paired cluster percentile,2000,20290813
clean,mendeley_igt_official_v2,frozen_external_official_v2_same_task,hist_gradient_boosting,uncertainty_gate_off,full_controls,abstain_rate,-0.19338983050847458,-0.2197457627118644,-0.16847457627118645,participant,paired cluster percentile,2000,20290813
clean,mendeley_igt_official_v2,frozen_external_official_v2_same_task,hist_gradient_boosting,uncertainty_gate_off,full_controls,no_action_rate,0.19338983050847458,0.16847457627118645,0.2197457627118644,participant,paired cluster percentile,2000,20290813
clean,mendeley_igt_official_v2,frozen_external_official_v2_same_task,hist_gradient_boosting,uncertainty_gate_off,full_controls,event_coverage_by_alert,0.0,0.0,0.0,participant,paired cluster percentile,2000,20290813
clean,mendeley_igt_official_v2,frozen_external_official_v2_same_task,hist_gradient_boosting,uncertainty_gate_off,full_controls,alert_precision,0.0,0.0,0.0,participant,paired cluster percentile,2000,20290813
clean,mendeley_igt_official_v2,frozen_external_official_v2_same_task,hist_gradient_boosting,uncertainty_gate_off,full_controls,false_alerts_per_100,0.0,0.0,0.0,participant,paired cluster percentile,2000,20290813
clean,mendeley_igt_official_v2,frozen_external_official_v2_same_task,hist_gradient_boosting,uncertainty_gate_off,full_controls,event_coverage_by_human_review,0.0,0.0,0.0,participant,paired cluster percentile,2000,20290813
clean,mendeley_igt_official_v2,frozen_external_official_v2_same_task,hist_gradient_boosting,uncertainty_gate_off,full_controls,non_event_human_reviews_per_100,0.0,0.0,0.0,participant,paired cluster percentile,2000,20290813
clean,mendeley_igt_official_v2,frozen_external_official_v2_same_task,hist_gradient_boosting,uncertainty_gate_off,full_controls,auto_capacity_blocks_per_100,0.0,0.0,0.0,participant,paired cluster percentile,2000,20290813
clean,mendeley_igt_official_v2,frozen_external_official_v2_same_task,hist_gradient_boosting,uncertainty_gate_off,full_controls,review_capacity_overflow_abstentions_per_100,0.0,0.0,0.0,participant,paired cluster percentile,2000,20290813
clean,mendeley_igt_official_v2,frozen_external_official_v2_same_task,hist_gradient_boosting,uncertainty_gate_off,full_controls,invalid_evidence_action_acceptance_rate,0.0,0.0,0.0,participant,paired cluster percentile,2000,20290813
clean,mendeley_igt_official_v2,frozen_external_official_v2_same_task,hist_gradient_boosting,uncertainty_gate_off,full_controls,direct_evidence_gate_blocks_per_100,0.0,0.0,0.0,participant,paired cluster percentile,2000,20290813
clean,mendeley_igt_official_v2,frozen_external_official_v2_same_task,hist_gradient_boosting,shared_capacity,full_controls,alert_rate,-0.014152542372881358,-0.016186440677966103,-0.011949152542372884,participant,paired cluster percentile,2000,20290813
clean,mendeley_igt_official_v2,frozen_external_official_v2_same_task,hist_gradient_boosting,shared_capacity,full_controls,human_review_rate,0.01440677966101695,0.012288135593220338,0.01635593220338983,participant,paired cluster percentile,2000,20290813
clean,mendeley_igt_official_v2,frozen_external_official_v2_same_task,hist_gradient_boosting,shared_capacity,full_controls,abstain_rate,-0.014406779661016944,-0.016355932203389822,-0.01228813559322034,participant,paired cluster percentile,2000,20290813
clean,mendeley_igt_official_v2,frozen_external_official_v2_same_task,hist_gradient_boosting,shared_capacity,full_controls,no_action_rate,0.014152542372881327,0.011949152542372943,0.01618644067796604,participant,paired cluster percentile,2000,20290813
clean,mendeley_igt_official_v2,frozen_external_official_v2_same_task,hist_gradient_boosting,shared_capacity,full_controls,event_coverage_by_alert,-0.02002416709822199,-0.023049445761067218,-0.016739672127626976,participant,paired cluster percentile,2000,20290813
clean,mendeley_igt_official_v2,frozen_external_official_v2_same_task,hist_gradient_boosting,shared_capacity,full_controls,alert_precision,-0.0140095023468787,-0.045732752414211326,0.019390675471745156,participant,paired cluster percentile,2000,20290813
clean,mendeley_igt_official_v2,frozen_external_official_v2_same_task,hist_gradient_boosting,shared_capacity,full_controls,false_alerts_per_100,-0.43220338983050854,-0.5677966101694916,-0.30508474576271183,participant,paired cluster percentile,2000,20290813
clean,mendeley_igt_official_v2,frozen_external_official_v2_same_task,hist_gradient_boosting,shared_capacity,full_controls,event_coverage_by_human_review,0.015535991714137753,0.012481028211538943,0.01862101092310987,participant,paired cluster percentile,2000,20290813
clean,mendeley_igt_official_v2,frozen_external_official_v2_same_task,hist_gradient_boosting,shared_capacity,full_controls,non_event_human_reviews_per_100,0.6779661016949152,0.516949152542373,0.8305084745762712,participant,paired cluster percentile,2000,20290813
clean,mendeley_igt_official_v2,frozen_external_official_v2_same_task,hist_gradient_boosting,shared_capacity,full_controls,auto_capacity_blocks_per_100,1.415254237288135,1.1949152542372907,1.618644067796609,participant,paired cluster percentile,2000,20290813
clean,mendeley_igt_official_v2,frozen_external_official_v2_same_task,hist_gradient_boosting,shared_capacity,full_controls,review_capacity_overflow_abstentions_per_100,-1.4406779661016955,-1.6355932203389827,-1.2288135593220346,participant,paired cluster percentile,2000,20290813
clean,mendeley_igt_official_v2,frozen_external_official_v2_same_task,hist_gradient_boosting,shared_capacity,full_controls,invalid_evidence_action_acceptance_rate,0.0,0.0,0.0,participant,paired cluster percentile,2000,20290813
clean,mendeley_igt_official_v2,frozen_external_official_v2_same_task,hist_gradient_boosting,shared_capacity,full_controls,direct_evidence_gate_blocks_per_100,0.0,0.0,0.0,participant,paired cluster percentile,2000,20290813
clean,mendeley_igt_official_v2,frozen_external_official_v2_same_task,hist_gradient_boosting,capacity_off,full_controls,alert_rate,0.19694915254237289,0.1585550847457627,0.24229449152542368,participant,paired cluster percentile,2000,20290813
clean,mendeley_igt_official_v2,frozen_external_official_v2_same_task,hist_gradient_boosting,capacity_off,full_controls,human_review_rate,0.09296610169491526,0.08025211864406781,0.10619279661016946,participant,paired cluster percentile,2000,20290813
clean,mendeley_igt_official_v2,frozen_external_official_v2_same_task,hist_gradient_boosting,capacity_off,full_controls,abstain_rate,-0.09296610169491526,-0.1061927966101695,-0.0802521186440678,participant,paired cluster percentile,2000,20290813
clean,mendeley_igt_official_v2,frozen_external_official_v2_same_task,hist_gradient_boosting,capacity_off,full_controls,no_action_rate,-0.19694915254237289,-0.24229449152542376,-0.15855508474576271,participant,paired cluster percentile,2000,20290813
clean,mendeley_igt_official_v2,frozen_external_official_v2_same_task,hist_gradient_boosting,capacity_off,full_controls,event_coverage_by_alert,0.31796996374935266,0.2583186241829807,0.37972341789055053,participant,paired cluster percentile,2000,20290813
clean,mendeley_igt_official_v2,frozen_external_official_v2_same_task,hist_gradient_boosting,capacity_off,full_controls,alert_precision,0.10251511375698008,0.0646726497550511,0.14077419107695066,participant,paired cluster percentile,2000,20290813
clean,mendeley_igt_official_v2,frozen_external_official_v2_same_task,hist_gradient_boosting,capacity_off,full_controls,false_alerts_per_100,4.084745762711864,3.4322033898305087,4.864406779661016,participant,paired cluster percentile,2000,20290813
clean,mendeley_igt_official_v2,frozen_external_official_v2_same_task,hist_gradient_boosting,capacity_off,full_controls,event_coverage_by_human_review,0.12221646815121698,0.10682632665219405,0.13788002616285597,participant,paired cluster percentile,2000,20290813
clean,mendeley_igt_official_v2,frozen_external_official_v2_same_task,hist_gradient_boosting,capacity_off,full_controls,non_event_human_reviews_per_100,3.2966101694915255,2.6864406779661016,3.9576271186440675,participant,paired cluster percentile,2000,20290813
clean,mendeley_igt_official_v2,frozen_external_official_v2_same_task,hist_gradient_boosting,capacity_off,full_controls,auto_capacity_blocks_per_100,-19.694915254237287,-24.229449152542372,-15.855508474576274,participant,paired cluster percentile,2000,20290813
clean,mendeley_igt_official_v2,frozen_external_official_v2_same_task,hist_gradient_boosting,capacity_off,full_controls,review_capacity_overflow_abstentions_per_100,-9.296610169491526,-10.61927966101695,-8.02521186440678,participant,paired cluster percentile,2000,20290813
clean,mendeley_igt_official_v2,frozen_external_official_v2_same_task,hist_gradient_boosting,capacity_off,full_controls,invalid_evidence_action_acceptance_rate,0.0,0.0,0.0,participant,paired cluster percentile,2000,20290813
clean,mendeley_igt_official_v2,frozen_external_official_v2_same_task,hist_gradient_boosting,capacity_off,full_controls,direct_evidence_gate_blocks_per_100,0.0,0.0,0.0,participant,paired cluster percentile,2000,20290813
clean,mendeley_igt_official_v2,frozen_external_official_v2_same_task,history_baseline,evidence_gate_off,full_controls,alert_rate,0.0,0.0,0.0,participant,paired cluster percentile,2000,20300813
clean,mendeley_igt_official_v2,frozen_external_official_v2_same_task,history_baseline,evidence_gate_off,full_controls,human_review_rate,0.0,0.0,0.0,participant,paired cluster percentile,2000,20300813
clean,mendeley_igt_official_v2,frozen_external_official_v2_same_task,history_baseline,evidence_gate_off,full_controls,abstain_rate,0.0,0.0,0.0,participant,paired cluster percentile,2000,20300813
clean,mendeley_igt_official_v2,frozen_external_official_v2_same_task,history_baseline,evidence_gate_off,full_controls,no_action_rate,0.0,0.0,0.0,participant,paired cluster percentile,2000,20300813
clean,mendeley_igt_official_v2,frozen_external_official_v2_same_task,history_baseline,evidence_gate_off,full_controls,event_coverage_by_alert,0.0,0.0,0.0,participant,paired cluster percentile,2000,20300813
clean,mendeley_igt_official_v2,frozen_external_official_v2_same_task,history_baseline,evidence_gate_off,full_controls,alert_precision,0.0,0.0,0.0,participant,paired cluster percentile,2000,20300813
clean,mendeley_igt_official_v2,frozen_external_official_v2_same_task,history_baseline,evidence_gate_off,full_controls,false_alerts_per_100,0.0,0.0,0.0,participant,paired cluster percentile,2000,20300813
clean,mendeley_igt_official_v2,frozen_external_official_v2_same_task,history_baseline,evidence_gate_off,full_controls,event_coverage_by_human_review,0.0,0.0,0.0,participant,paired cluster percentile,2000,20300813
clean,mendeley_igt_official_v2,frozen_external_official_v2_same_task,history_baseline,evidence_gate_off,full_controls,non_event_human_reviews_per_100,0.0,0.0,0.0,participant,paired cluster percentile,2000,20300813
clean,mendeley_igt_official_v2,frozen_external_official_v2_same_task,history_baseline,evidence_gate_off,full_controls,auto_capacity_blocks_per_100,0.0,0.0,0.0,participant,paired cluster percentile,2000,20300813
clean,mendeley_igt_official_v2,frozen_external_official_v2_same_task,history_baseline,evidence_gate_off,full_controls,review_capacity_overflow_abstentions_per_100,0.0,0.0,0.0,participant,paired cluster percentile,2000,20300813
clean,mendeley_igt_official_v2,frozen_external_official_v2_same_task,history_baseline,evidence_gate_off,full_controls,invalid_evidence_action_acceptance_rate,0.0,0.0,0.0,participant,paired cluster percentile,2000,20300813
clean,mendeley_igt_official_v2,frozen_external_official_v2_same_task,history_baseline,evidence_gate_off,full_controls,direct_evidence_gate_blocks_per_100,0.0,0.0,0.0,participant,paired cluster percentile,2000,20300813
clean,mendeley_igt_official_v2,frozen_external_official_v2_same_task,history_baseline,uncertainty_gate_off,full_controls,alert_rate,0.005254237288135594,0.002796610169491523,0.00796610169491525,participant,paired cluster percentile,2000,20300813
clean,mendeley_igt_official_v2,frozen_external_official_v2_same_task,history_baseline,uncertainty_gate_off,full_controls,human_review_rate,0.00016949152542372874,0.0,0.0004237288135593223,participant,paired cluster percentile,2000,20300813
clean,mendeley_igt_official_v2,frozen_external_official_v2_same_task,history_baseline,uncertainty_gate_off,full_controls,abstain_rate,-0.31940677966101694,-0.38899999999999996,-0.2500783898305085,participant,paired cluster percentile,2000,20300813
clean,mendeley_igt_official_v2,frozen_external_official_v2_same_task,history_baseline,uncertainty_gate_off,full_controls,no_action_rate,0.3139830508474576,0.24565466101694913,0.3826313559322034,participant,paired cluster percentile,2000,20300813
clean,mendeley_igt_official_v2,frozen_external_official_v2_same_task,history_baseline,uncertainty_gate_off,full_controls,event_coverage_by_alert,0.011393060590367685,0.007269604422225982,0.015039199508513101,participant,paired cluster percentile,2000,20300813
clean,mendeley_igt_official_v2,frozen_external_official_v2_same_task,history_baseline,uncertainty_gate_off,full_controls,alert_precision,0.08325614220810729,0.0321792644731368,0.128835204903338,participant,paired cluster percentile,2000,20300813
clean,mendeley_igt_official_v2,frozen_external_official_v2_same_task,history_baseline,uncertainty_gate_off,full_controls,false_alerts_per_100,-0.03389830508474567,-0.27118644067796627,0.23728813559322037,participant,paired cluster percentile,2000,20300813
clean,mendeley_igt_official_v2,frozen_external_official_v2_same_task,history_baseline,uncertainty_gate_off,full_controls,event_coverage_by_human_review,-0.00034524426031417275,-0.0012042130331061038,0.0005111690493942985,participant,paired cluster percentile,2000,20300813
clean,mendeley_igt_official_v2,frozen_external_official_v2_same_task,history_baseline,uncertainty_gate_off,full_controls,non_event_human_reviews_per_100,0.03389830508474578,-0.008474576271186418,0.0847457627118644,participant,paired cluster percentile,2000,20300813
clean,mendeley_igt_official_v2,frozen_external_official_v2_same_task,history_baseline,uncertainty_gate_off,full_controls,auto_capacity_blocks_per_100,31.398305084745758,24.565466101694913,38.26313559322034,participant,paired cluster percentile,2000,20300813
clean,mendeley_igt_official_v2,frozen_external_official_v2_same_task,history_baseline,uncertainty_gate_off,full_controls,review_capacity_overflow_abstentions_per_100,3.194915254237287,1.7796610169491522,4.898516949152543,participant,paired cluster percentile,2000,20300813
clean,mendeley_igt_official_v2,frozen_external_official_v2_same_task,history_baseline,uncertainty_gate_off,full_controls,invalid_evidence_action_acceptance_rate,0.0,0.0,0.0,participant,paired cluster percentile,2000,20300813
clean,mendeley_igt_official_v2,frozen_external_official_v2_same_task,history_baseline,uncertainty_gate_off,full_controls,direct_evidence_gate_blocks_per_100,0.0,0.0,0.0,participant,paired cluster percentile,2000,20300813
clean,mendeley_igt_official_v2,frozen_external_official_v2_same_task,history_baseline,shared_capacity,full_controls,alert_rate,0.00271186440677966,0.0005932203389830484,0.004745762711864408,participant,paired cluster percentile,2000,20300813
clean,mendeley_igt_official_v2,frozen_external_official_v2_same_task,history_baseline,shared_capacity,full_controls,human_review_rate,0.005677966101694915,0.0023707627118644057,0.009324152542372873,participant,paired cluster percentile,2000,20300813
clean,mendeley_igt_official_v2,frozen_external_official_v2_same_task,history_baseline,shared_capacity,full_controls,abstain_rate,-0.005677966101694909,-0.009324152542372899,-0.0023707627118644357,participant,paired cluster percentile,2000,20300813
clean,mendeley_igt_official_v2,frozen_external_official_v2_same_task,history_baseline,shared_capacity,full_controls,no_action_rate,-0.0027118644067796738,-0.004745762711864389,-0.0005932203389830137,participant,paired cluster percentile,2000,20300813
clean,mendeley_igt_official_v2,frozen_external_official_v2_same_task,history_baseline,shared_capacity,full_controls,event_coverage_by_alert,0.003279820472984637,0.0008461561295800932,0.005664007398915859,participant,paired cluster percentile,2000,20300813
clean,mendeley_igt_official_v2,frozen_external_official_v2_same_task,history_baseline,shared_capacity,full_controls,alert_precision,0.010785424336826221,-0.011636436127057065,0.032355002293682975,participant,paired cluster percentile,2000,20300813
clean,mendeley_igt_official_v2,frozen_external_official_v2_same_task,history_baseline,shared_capacity,full_controls,false_alerts_per_100,0.11016949152542366,-0.03389830508474567,0.2457627118644068,participant,paired cluster percentile,2000,20300813
clean,mendeley_igt_official_v2,frozen_external_official_v2_same_task,history_baseline,shared_capacity,full_controls,event_coverage_by_human_review,0.006387018815812187,0.003217939738519007,0.009948731708719443,participant,paired cluster percentile,2000,20300813
clean,mendeley_igt_official_v2,frozen_external_official_v2_same_task,history_baseline,shared_capacity,full_controls,non_event_human_reviews_per_100,0.25423728813559326,0.050847457627118675,0.46610169491525427,participant,paired cluster percentile,2000,20300813
clean,mendeley_igt_official_v2,frozen_external_official_v2_same_task,history_baseline,shared_capacity,full_controls,auto_capacity_blocks_per_100,-0.2711864406779654,-0.47457627118644297,-0.05932203389830448,participant,paired cluster percentile,2000,20300813
clean,mendeley_igt_official_v2,frozen_external_official_v2_same_task,history_baseline,shared_capacity,full_controls,review_capacity_overflow_abstentions_per_100,-0.5677966101694913,-0.9324152542372882,-0.23707627118644123,participant,paired cluster percentile,2000,20300813
clean,mendeley_igt_official_v2,frozen_external_official_v2_same_task,history_baseline,shared_capacity,full_controls,invalid_evidence_action_acceptance_rate,0.0,0.0,0.0,participant,paired cluster percentile,2000,20300813
clean,mendeley_igt_official_v2,frozen_external_official_v2_same_task,history_baseline,shared_capacity,full_controls,direct_evidence_gate_blocks_per_100,0.0,0.0,0.0,participant,paired cluster percentile,2000,20300813
clean,mendeley_igt_official_v2,frozen_external_official_v2_same_task,history_baseline,capacity_off,full_controls,alert_rate,0.35381355932203395,0.2612627118644068,0.4492372881355932,participant,paired cluster percentile,2000,20300813
clean,mendeley_igt_official_v2,frozen_external_official_v2_same_task,history_baseline,capacity_off,full_controls,human_review_rate,0.11576271186440677,0.07059322033898306,0.16493220338983042,participant,paired cluster percentile,2000,20300813
clean,mendeley_igt_official_v2,frozen_external_official_v2_same_task,history_baseline,capacity_off,full_controls,abstain_rate,-0.11576271186440679,-0.16493220338983053,-0.07059322033898308,participant,paired cluster percentile,2000,20300813
clean,mendeley_igt_official_v2,frozen_external_official_v2_same_task,history_baseline,capacity_off,full_controls,no_action_rate,-0.3538135593220339,-0.44923728813559316,-0.2612627118644068,participant,paired cluster percentile,2000,20300813
clean,mendeley_igt_official_v2,frozen_external_official_v2_same_task,history_baseline,capacity_off,full_controls,event_coverage_by_alert,0.4224063524943898,0.3216505516852198,0.5203363058879293,participant,paired cluster percentile,2000,20300813
clean,mendeley_igt_official_v2,frozen_external_official_v2_same_task,history_baseline,capacity_off,full_controls,alert_precision,0.12477763856018065,0.0765631779167047,0.17307201514969375,participant,paired cluster percentile,2000,20300813
clean,mendeley_igt_official_v2,frozen_external_official_v2_same_task,history_baseline,capacity_off,full_controls,false_alerts_per_100,14.64406779661017,10.97457627118644,18.40699152542373,participant,paired cluster percentile,2000,20300813
clean,mendeley_igt_official_v2,frozen_external_official_v2_same_task,history_baseline,capacity_off,full_controls,event_coverage_by_human_review,0.09925772484032452,0.05719064142335615,0.14683612383006298,participant,paired cluster percentile,2000,20300813
clean,mendeley_igt_official_v2,frozen_external_official_v2_same_task,history_baseline,capacity_off,full_controls,non_event_human_reviews_per_100,6.703389830508474,4.109957627118645,9.491525423728813,participant,paired cluster percentile,2000,20300813
clean,mendeley_igt_official_v2,frozen_external_official_v2_same_task,history_baseline,capacity_off,full_controls,auto_capacity_blocks_per_100,-35.38135593220339,-44.92372881355932,-26.126271186440682,participant,paired cluster percentile,2000,20300813
clean,mendeley_igt_official_v2,frozen_external_official_v2_same_task,history_baseline,capacity_off,full_controls,review_capacity_overflow_abstentions_per_100,-11.576271186440678,-16.49322033898305,-7.059322033898305,participant,paired cluster percentile,2000,20300813
clean,mendeley_igt_official_v2,frozen_external_official_v2_same_task,history_baseline,capacity_off,full_controls,invalid_evidence_action_acceptance_rate,0.0,0.0,0.0,participant,paired cluster percentile,2000,20300813
clean,mendeley_igt_official_v2,frozen_external_official_v2_same_task,history_baseline,capacity_off,full_controls,direct_evidence_gate_blocks_per_100,0.0,0.0,0.0,participant,paired cluster percentile,2000,20300813
clean,mendeley_igt_official_v2,frozen_external_official_v2_same_task,regularised_logistic,evidence_gate_off,full_controls,alert_rate,0.0,0.0,0.0,participant,paired cluster percentile,2000,20310813
clean,mendeley_igt_official_v2,frozen_external_official_v2_same_task,regularised_logistic,evidence_gate_off,full_controls,human_review_rate,0.0,0.0,0.0,participant,paired cluster percentile,2000,20310813
clean,mendeley_igt_official_v2,frozen_external_official_v2_same_task,regularised_logistic,evidence_gate_off,full_controls,abstain_rate,0.0,0.0,0.0,participant,paired cluster percentile,2000,20310813
clean,mendeley_igt_official_v2,frozen_external_official_v2_same_task,regularised_logistic,evidence_gate_off,full_controls,no_action_rate,0.0,0.0,0.0,participant,paired cluster percentile,2000,20310813
clean,mendeley_igt_official_v2,frozen_external_official_v2_same_task,regularised_logistic,evidence_gate_off,full_controls,event_coverage_by_alert,0.0,0.0,0.0,participant,paired cluster percentile,2000,20310813
clean,mendeley_igt_official_v2,frozen_external_official_v2_same_task,regularised_logistic,evidence_gate_off,full_controls,alert_precision,0.0,0.0,0.0,participant,paired cluster percentile,2000,20310813
clean,mendeley_igt_official_v2,frozen_external_official_v2_same_task,regularised_logistic,evidence_gate_off,full_controls,false_alerts_per_100,0.0,0.0,0.0,participant,paired cluster percentile,2000,20310813
clean,mendeley_igt_official_v2,frozen_external_official_v2_same_task,regularised_logistic,evidence_gate_off,full_controls,event_coverage_by_human_review,0.0,0.0,0.0,participant,paired cluster percentile,2000,20310813
clean,mendeley_igt_official_v2,frozen_external_official_v2_same_task,regularised_logistic,evidence_gate_off,full_controls,non_event_human_reviews_per_100,0.0,0.0,0.0,participant,paired cluster percentile,2000,20310813
clean,mendeley_igt_official_v2,frozen_external_official_v2_same_task,regularised_logistic,evidence_gate_off,full_controls,auto_capacity_blocks_per_100,0.0,0.0,0.0,participant,paired cluster percentile,2000,20310813
clean,mendeley_igt_official_v2,frozen_external_official_v2_same_task,regularised_logistic,evidence_gate_off,full_controls,review_capacity_overflow_abstentions_per_100,0.0,0.0,0.0,participant,paired cluster percentile,2000,20310813
clean,mendeley_igt_official_v2,frozen_external_official_v2_same_task,regularised_logistic,evidence_gate_off,full_controls,invalid_evidence_action_acceptance_rate,0.0,0.0,0.0,participant,paired cluster percentile,2000,20310813
clean,mendeley_igt_official_v2,frozen_external_official_v2_same_task,regularised_logistic,evidence_gate_off,full_controls,direct_evidence_gate_blocks_per_100,0.0,0.0,0.0,participant,paired cluster percentile,2000,20310813
clean,mendeley_igt_official_v2,frozen_external_official_v2_same_task,regularised_logistic,uncertainty_gate_off,full_controls,alert_rate,0.0,0.0,0.0,participant,paired cluster percentile,2000,20310813
clean,mendeley_igt_official_v2,frozen_external_official_v2_same_task,regularised_logistic,uncertainty_gate_off,full_controls,human_review_rate,0.0,0.0,0.0,participant,paired cluster percentile,2000,20310813
clean,mendeley_igt_official_v2,frozen_external_official_v2_same_task,regularised_logistic,uncertainty_gate_off,full_controls,abstain_rate,-0.12720338983050847,-0.13839194915254238,-0.11507838983050851,participant,paired cluster percentile,2000,20310813
clean,mendeley_igt_official_v2,frozen_external_official_v2_same_task,regularised_logistic,uncertainty_gate_off,full_controls,no_action_rate,0.1272033898305085,0.1150783898305085,0.13839194915254233,participant,paired cluster percentile,2000,20310813
clean,mendeley_igt_official_v2,frozen_external_official_v2_same_task,regularised_logistic,uncertainty_gate_off,full_controls,event_coverage_by_alert,0.0,0.0,0.0,participant,paired cluster percentile,2000,20310813
clean,mendeley_igt_official_v2,frozen_external_official_v2_same_task,regularised_logistic,uncertainty_gate_off,full_controls,alert_precision,0.0,0.0,0.0,participant,paired cluster percentile,2000,20310813
clean,mendeley_igt_official_v2,frozen_external_official_v2_same_task,regularised_logistic,uncertainty_gate_off,full_controls,false_alerts_per_100,0.0,0.0,0.0,participant,paired cluster percentile,2000,20310813
clean,mendeley_igt_official_v2,frozen_external_official_v2_same_task,regularised_logistic,uncertainty_gate_off,full_controls,event_coverage_by_human_review,0.0,0.0,0.0,participant,paired cluster percentile,2000,20310813
clean,mendeley_igt_official_v2,frozen_external_official_v2_same_task,regularised_logistic,uncertainty_gate_off,full_controls,non_event_human_reviews_per_100,0.0,0.0,0.0,participant,paired cluster percentile,2000,20310813
clean,mendeley_igt_official_v2,frozen_external_official_v2_same_task,regularised_logistic,uncertainty_gate_off,full_controls,auto_capacity_blocks_per_100,0.0,0.0,0.0,participant,paired cluster percentile,2000,20310813
clean,mendeley_igt_official_v2,frozen_external_official_v2_same_task,regularised_logistic,uncertainty_gate_off,full_controls,review_capacity_overflow_abstentions_per_100,0.0,0.0,0.0,participant,paired cluster percentile,2000,20310813
clean,mendeley_igt_official_v2,frozen_external_official_v2_same_task,regularised_logistic,uncertainty_gate_off,full_controls,invalid_evidence_action_acceptance_rate,0.0,0.0,0.0,participant,paired cluster percentile,2000,20310813
clean,mendeley_igt_official_v2,frozen_external_official_v2_same_task,regularised_logistic,uncertainty_gate_off,full_controls,direct_evidence_gate_blocks_per_100,0.0,0.0,0.0,participant,paired cluster percentile,2000,20310813
clean,mendeley_igt_official_v2,frozen_external_official_v2_same_task,regularised_logistic,shared_capacity,full_controls,alert_rate,-0.0011016949152542407,-0.0022881355932203376,8.474576271187001e-05,participant,paired cluster percentile,2000,20310813
clean,mendeley_igt_official_v2,frozen_external_official_v2_same_task,regularised_logistic,shared_capacity,full_controls,human_review_rate,0.0019491525423728819,0.0003389830508474575,0.003813559322033899,participant,paired cluster percentile,2000,20310813
clean,mendeley_igt_official_v2,frozen_external_official_v2_same_task,regularised_logistic,shared_capacity,full_controls,abstain_rate,-0.0019491525423728784,-0.0038135593220338937,-0.0003389830508474523,participant,paired cluster percentile,2000,20310813
clean,mendeley_igt_official_v2,frozen_external_official_v2_same_task,regularised_logistic,shared_capacity,full_controls,no_action_rate,0.0011016949152542477,-8.474576271189083e-05,0.002288135593220386,participant,paired cluster percentile,2000,20310813
clean,mendeley_igt_official_v2,frozen_external_official_v2_same_task,regularised_logistic,shared_capacity,full_controls,event_coverage_by_alert,-0.0012083549110996003,-0.0028223826389731435,0.00033705928189309243,participant,paired cluster percentile,2000,20310813
clean,mendeley_igt_official_v2,frozen_external_official_v2_same_task,regularised_logistic,shared_capacity,full_controls,alert_precision,-0.000988247090696892,-0.01607036002796681,0.015186087642739097,participant,paired cluster percentile,2000,20310813
clean,mendeley_igt_official_v2,frozen_external_official_v2_same_task,regularised_logistic,shared_capacity,full_controls,false_alerts_per_100,-0.05084745762711851,-0.15254237288135575,0.04237288135593209,participant,paired cluster percentile,2000,20310813
clean,mendeley_igt_official_v2,frozen_external_official_v2_same_task,regularised_logistic,shared_capacity,full_controls,event_coverage_by_human_review,0.0022440876920421186,0.0003313864601514584,0.00440086526598546,participant,paired cluster percentile,2000,20310813
clean,mendeley_igt_official_v2,frozen_external_official_v2_same_task,regularised_logistic,shared_capacity,full_controls,non_event_human_reviews_per_100,0.0847457627118644,-0.02542372881355931,0.2033898305084746,participant,paired cluster percentile,2000,20310813
clean,mendeley_igt_official_v2,frozen_external_official_v2_same_task,regularised_logistic,shared_capacity,full_controls,auto_capacity_blocks_per_100,0.11016949152542566,-0.008474576271186862,0.22881355932203462,participant,paired cluster percentile,2000,20310813
clean,mendeley_igt_official_v2,frozen_external_official_v2_same_task,regularised_logistic,shared_capacity,full_controls,review_capacity_overflow_abstentions_per_100,-0.19491525423728717,-0.38135593220339015,-0.03389830508474567,participant,paired cluster percentile,2000,20310813
clean,mendeley_igt_official_v2,frozen_external_official_v2_same_task,regularised_logistic,shared_capacity,full_controls,invalid_evidence_action_acceptance_rate,0.0,0.0,0.0,participant,paired cluster percentile,2000,20310813
clean,mendeley_igt_official_v2,frozen_external_official_v2_same_task,regularised_logistic,shared_capacity,full_controls,direct_evidence_gate_blocks_per_100,0.0,0.0,0.0,participant,paired cluster percentile,2000,20310813
clean,mendeley_igt_official_v2,frozen_external_official_v2_same_task,regularised_logistic,capacity_off,full_controls,alert_rate,0.2456779661016949,0.20457203389830508,0.28796610169491527,participant,paired cluster percentile,2000,20310813
clean,mendeley_igt_official_v2,frozen_external_official_v2_same_task,regularised_logistic,capacity_off,full_controls,human_review_rate,0.08449152542372881,0.07415254237288137,0.09440889830508474,participant,paired cluster percentile,2000,20310813
clean,mendeley_igt_official_v2,frozen_external_official_v2_same_task,regularised_logistic,capacity_off,full_controls,abstain_rate,-0.08449152542372881,-0.09440889830508475,-0.07415254237288138,participant,paired cluster percentile,2000,20310813
clean,mendeley_igt_official_v2,frozen_external_official_v2_same_task,regularised_logistic,capacity_off,full_controls,no_action_rate,-0.24567796610169484,-0.2879661016949152,-0.20457203389830506,participant,paired cluster percentile,2000,20310813
clean,mendeley_igt_official_v2,frozen_external_official_v2_same_task,regularised_logistic,capacity_off,full_controls,event_coverage_by_alert,0.3419644398411877,0.2864023488260266,0.4000653168341085,participant,paired cluster percentile,2000,20310813
clean,mendeley_igt_official_v2,frozen_external_official_v2_same_task,regularised_logistic,capacity_off,full_controls,alert_precision,0.15440351575430422,0.10475101007957648,0.1973108046283066,participant,paired cluster percentile,2000,20310813
clean,mendeley_igt_official_v2,frozen_external_official_v2_same_task,regularised_logistic,capacity_off,full_controls,false_alerts_per_100,7.779661016949153,6.64385593220339,9.076271186440678,participant,paired cluster percentile,2000,20310813
clean,mendeley_igt_official_v2,frozen_external_official_v2_same_task,regularised_logistic,capacity_off,full_controls,event_coverage_by_human_review,0.09908510271016743,0.08744123373679764,0.11102093089722725,participant,paired cluster percentile,2000,20310813
clean,mendeley_igt_official_v2,frozen_external_official_v2_same_task,regularised_logistic,capacity_off,full_controls,non_event_human_reviews_per_100,3.584745762711864,2.9406779661016946,4.26271186440678,participant,paired cluster percentile,2000,20310813
clean,mendeley_igt_official_v2,frozen_external_official_v2_same_task,regularised_logistic,capacity_off,full_controls,auto_capacity_blocks_per_100,-24.56779661016949,-28.796610169491526,-20.45720338983051,participant,paired cluster percentile,2000,20310813
clean,mendeley_igt_official_v2,frozen_external_official_v2_same_task,regularised_logistic,capacity_off,full_controls,review_capacity_overflow_abstentions_per_100,-8.44915254237288,-9.440889830508475,-7.415254237288136,participant,paired cluster percentile,2000,20310813
clean,mendeley_igt_official_v2,frozen_external_official_v2_same_task,regularised_logistic,capacity_off,full_controls,invalid_evidence_action_acceptance_rate,0.0,0.0,0.0,participant,paired cluster percentile,2000,20310813
clean,mendeley_igt_official_v2,frozen_external_official_v2_same_task,regularised_logistic,capacity_off,full_controls,direct_evidence_gate_blocks_per_100,0.0,0.0,0.0,participant,paired cluster percentile,2000,20310813
missing_stale_stress,many_labs_igt,participant_grouped_outer_cv,hist_gradient_boosting,evidence_gate_off,full_controls,alert_rate,0.000616309658023298,0.0003932646246520736,0.0008338407171435059,participant,paired cluster percentile,2000,20320813
missing_stale_stress,many_labs_igt,participant_grouped_outer_cv,hist_gradient_boosting,evidence_gate_off,full_controls,human_review_rate,0.00012025554302893746,4.518718802591099e-05,0.0002104345491955331,participant,paired cluster percentile,2000,20320813
missing_stale_stress,many_labs_igt,participant_grouped_outer_cv,hist_gradient_boosting,evidence_gate_off,full_controls,abstain_rate,-0.07724915445321309,-0.07960244216879012,-0.07472025306317515,participant,paired cluster percentile,2000,20320813
missing_stale_stress,many_labs_igt,participant_grouped_outer_cv,hist_gradient_boosting,evidence_gate_off,full_controls,no_action_rate,0.07651258925216087,0.07396100267655309,0.07892033720232233,participant,paired cluster percentile,2000,20320813
missing_stale_stress,many_labs_igt,participant_grouped_outer_cv,hist_gradient_boosting,evidence_gate_off,full_controls,event_coverage_by_alert,0.0011858488701495529,0.0003256819090713684,0.0020396803721742392,participant,paired cluster percentile,2000,20320813
missing_stale_stress,many_labs_igt,participant_grouped_outer_cv,hist_gradient_boosting,evidence_gate_off,full_controls,alert_precision,0.0009504613827043817,-0.00411459789799907,0.005929739285866224,participant,paired cluster percentile,2000,20320813
missing_stale_stress,many_labs_igt,participant_grouped_outer_cv,hist_gradient_boosting,evidence_gate_off,full_controls,false_alerts_per_100,0.007515971439308489,-0.028627560988939614,0.04472313598867985,participant,paired cluster percentile,2000,20320813
missing_stale_stress,many_labs_igt,participant_grouped_outer_cv,hist_gradient_boosting,evidence_gate_off,full_controls,event_coverage_by_human_review,6.588049278608704e-05,-0.0004759281903350323,0.0005977554156476085,participant,paired cluster percentile,2000,20320813
missing_stale_stress,many_labs_igt,participant_grouped_outer_cv,hist_gradient_boosting,evidence_gate_off,full_controls,non_event_human_reviews_per_100,0.009019165727170209,-0.016445987968335785,0.03332235525871178,participant,paired cluster percentile,2000,20320813
missing_stale_stress,many_labs_igt,participant_grouped_outer_cv,hist_gradient_boosting,evidence_gate_off,full_controls,auto_capacity_blocks_per_100,2.617061255167229,2.4170840636736917,2.816732044053139,participant,paired cluster percentile,2000,20320813
missing_stale_stress,many_labs_igt,participant_grouped_outer_cv,hist_gradient_boosting,evidence_gate_off,full_controls,review_capacity_overflow_abstentions_per_100,0.940999624201428,0.856845818052715,1.0242882368609276,participant,paired cluster percentile,2000,20320813
missing_stale_stress,many_labs_igt,participant_grouped_outer_cv,hist_gradient_boosting,evidence_gate_off,full_controls,invalid_evidence_action_acceptance_rate,0.09267431597528684,0.08638573238597325,0.09875242779924297,participant,paired cluster percentile,2000,20320813
missing_stale_stress,many_labs_igt,participant_grouped_outer_cv,hist_gradient_boosting,evidence_gate_off,full_controls,direct_evidence_gate_blocks_per_100,-10.218714768883878,-10.463545465883664,-9.982078584394841,participant,paired cluster percentile,2000,20320813
missing_stale_stress,many_labs_igt,participant_grouped_outer_cv,hist_gradient_boosting,uncertainty_gate_off,full_controls,alert_rate,0.0,0.0,0.0,participant,paired cluster percentile,2000,20320813
missing_stale_stress,many_labs_igt,participant_grouped_outer_cv,hist_gradient_boosting,uncertainty_gate_off,full_controls,human_review_rate,0.0,0.0,0.0,participant,paired cluster percentile,2000,20320813
missing_stale_stress,many_labs_igt,participant_grouped_outer_cv,hist_gradient_boosting,uncertainty_gate_off,full_controls,abstain_rate,-0.14203682826005262,-0.15018153559186317,-0.13414131936535076,participant,paired cluster percentile,2000,20320813
missing_stale_stress,many_labs_igt,participant_grouped_outer_cv,hist_gradient_boosting,uncertainty_gate_off,full_controls,no_action_rate,0.1420368282600526,0.13414131936535076,0.15018153559186315,participant,paired cluster percentile,2000,20320813
missing_stale_stress,many_labs_igt,participant_grouped_outer_cv,hist_gradient_boosting,uncertainty_gate_off,full_controls,event_coverage_by_alert,0.0,0.0,0.0,participant,paired cluster percentile,2000,20320813
missing_stale_stress,many_labs_igt,participant_grouped_outer_cv,hist_gradient_boosting,uncertainty_gate_off,full_controls,alert_precision,0.0,0.0,0.0,participant,paired cluster percentile,2000,20320813
missing_stale_stress,many_labs_igt,participant_grouped_outer_cv,hist_gradient_boosting,uncertainty_gate_off,full_controls,false_alerts_per_100,0.0,0.0,0.0,participant,paired cluster percentile,2000,20320813
missing_stale_stress,many_labs_igt,participant_grouped_outer_cv,hist_gradient_boosting,uncertainty_gate_off,full_controls,event_coverage_by_human_review,0.0,0.0,0.0,participant,paired cluster percentile,2000,20320813
missing_stale_stress,many_labs_igt,participant_grouped_outer_cv,hist_gradient_boosting,uncertainty_gate_off,full_controls,non_event_human_reviews_per_100,0.0,0.0,0.0,participant,paired cluster percentile,2000,20320813
missing_stale_stress,many_labs_igt,participant_grouped_outer_cv,hist_gradient_boosting,uncertainty_gate_off,full_controls,auto_capacity_blocks_per_100,0.0,0.0,0.0,participant,paired cluster percentile,2000,20320813
missing_stale_stress,many_labs_igt,participant_grouped_outer_cv,hist_gradient_boosting,uncertainty_gate_off,full_controls,review_capacity_overflow_abstentions_per_100,0.0,0.0,0.0,participant,paired cluster percentile,2000,20320813
missing_stale_stress,many_labs_igt,participant_grouped_outer_cv,hist_gradient_boosting,uncertainty_gate_off,full_controls,invalid_evidence_action_acceptance_rate,0.0,0.0,0.0,participant,paired cluster percentile,2000,20320813
missing_stale_stress,many_labs_igt,participant_grouped_outer_cv,hist_gradient_boosting,uncertainty_gate_off,full_controls,direct_evidence_gate_blocks_per_100,0.0,0.0,0.0,participant,paired cluster percentile,2000,20320813
missing_stale_stress,many_labs_igt,participant_grouped_outer_cv,hist_gradient_boosting,shared_capacity,full_controls,alert_rate,-0.010898158586997372,-0.012186509569546936,-0.009679322279343991,participant,paired cluster percentile,2000,20320813
missing_stale_stress,many_labs_igt,participant_grouped_outer_cv,hist_gradient_boosting,shared_capacity,full_controls,human_review_rate,0.013062758361518226,0.0117282544962445,0.014441308773868183,participant,paired cluster percentile,2000,20320813
missing_stale_stress,many_labs_igt,participant_grouped_outer_cv,hist_gradient_boosting,shared_capacity,full_controls,abstain_rate,-0.013062758361518212,-0.014441308773868169,-0.011728254496244496,participant,paired cluster percentile,2000,20320813
missing_stale_stress,many_labs_igt,participant_grouped_outer_cv,hist_gradient_boosting,shared_capacity,full_controls,no_action_rate,0.010898158586997386,0.009679322279344024,0.01218650956954695,participant,paired cluster percentile,2000,20320813
missing_stale_stress,many_labs_igt,participant_grouped_outer_cv,hist_gradient_boosting,shared_capacity,full_controls,event_coverage_by_alert,-0.016964226892417153,-0.019306324545731918,-0.01476385985417514,participant,paired cluster percentile,2000,20320813
missing_stale_stress,many_labs_igt,participant_grouped_outer_cv,hist_gradient_boosting,shared_capacity,full_controls,alert_precision,0.010316626413346963,0.00398821782469132,0.016658630063321158,participant,paired cluster percentile,2000,20320813
missing_stale_stress,many_labs_igt,participant_grouped_outer_cv,hist_gradient_boosting,shared_capacity,full_controls,false_alerts_per_100,-0.3156708004509583,-0.37124445493799973,-0.26171586082059417,participant,paired cluster percentile,2000,20320813
missing_stale_stress,many_labs_igt,participant_grouped_outer_cv,hist_gradient_boosting,shared_capacity,full_controls,event_coverage_by_human_review,0.0176889123130641,0.015701216735078766,0.019839941711299446,participant,paired cluster percentile,2000,20320813
missing_stale_stress,many_labs_igt,participant_grouped_outer_cv,hist_gradient_boosting,shared_capacity,full_controls,non_event_human_reviews_per_100,0.49906050357008647,0.4281217608244631,0.5767579718618139,participant,paired cluster percentile,2000,20320813
missing_stale_stress,many_labs_igt,participant_grouped_outer_cv,hist_gradient_boosting,shared_capacity,full_controls,auto_capacity_blocks_per_100,1.0898158586997369,0.9679322279344003,1.2186509569546953,participant,paired cluster percentile,2000,20320813
missing_stale_stress,many_labs_igt,participant_grouped_outer_cv,hist_gradient_boosting,shared_capacity,full_controls,review_capacity_overflow_abstentions_per_100,-1.3062758361518227,-1.4441308773868184,-1.1728254496244508,participant,paired cluster percentile,2000,20320813
missing_stale_stress,many_labs_igt,participant_grouped_outer_cv,hist_gradient_boosting,shared_capacity,full_controls,invalid_evidence_action_acceptance_rate,0.0,0.0,0.0,participant,paired cluster percentile,2000,20320813
missing_stale_stress,many_labs_igt,participant_grouped_outer_cv,hist_gradient_boosting,shared_capacity,full_controls,direct_evidence_gate_blocks_per_100,0.0,0.0,0.0,participant,paired cluster percentile,2000,20320813
missing_stale_stress,many_labs_igt,participant_grouped_outer_cv,hist_gradient_boosting,capacity_off,full_controls,alert_rate,0.15879744456971062,0.14541757253798834,0.17226497659075796,participant,paired cluster percentile,2000,20320813
missing_stale_stress,many_labs_igt,participant_grouped_outer_cv,hist_gradient_boosting,capacity_off,full_controls,human_review_rate,0.06568959037955656,0.06182436633968667,0.0696712492053575,participant,paired cluster percentile,2000,20320813
missing_stale_stress,many_labs_igt,participant_grouped_outer_cv,hist_gradient_boosting,capacity_off,full_controls,abstain_rate,-0.06568959037955657,-0.06967124920535749,-0.061824366339686666,participant,paired cluster percentile,2000,20320813
missing_stale_stress,many_labs_igt,participant_grouped_outer_cv,hist_gradient_boosting,capacity_off,full_controls,no_action_rate,-0.15879744456971062,-0.17226497659075798,-0.14541757253798837,participant,paired cluster percentile,2000,20320813
missing_stale_stress,many_labs_igt,participant_grouped_outer_cv,hist_gradient_boosting,capacity_off,full_controls,event_coverage_by_alert,0.27712629290467095,0.2560633641655903,0.2978207415621507,participant,paired cluster percentile,2000,20320813
missing_stale_stress,many_labs_igt,participant_grouped_outer_cv,hist_gradient_boosting,capacity_off,full_controls,alert_precision,0.02003131157528426,0.0064640512019712385,0.03312079402493295,participant,paired cluster percentile,2000,20320813
missing_stale_stress,many_labs_igt,participant_grouped_outer_cv,hist_gradient_boosting,capacity_off,full_controls,false_alerts_per_100,3.23337091319053,2.9970917557338863,3.4800856659907327,participant,paired cluster percentile,2000,20320813
missing_stale_stress,many_labs_igt,participant_grouped_outer_cv,hist_gradient_boosting,capacity_off,full_controls,event_coverage_by_human_review,0.08735753343435008,0.08194774980199543,0.09247175765118526,participant,paired cluster percentile,2000,20320813
missing_stale_stress,many_labs_igt,participant_grouped_outer_cv,hist_gradient_boosting,capacity_off,full_controls,non_event_human_reviews_per_100,2.582487786546411,2.386334070937377,2.77902838119549,participant,paired cluster percentile,2000,20320813
missing_stale_stress,many_labs_igt,participant_grouped_outer_cv,hist_gradient_boosting,capacity_off,full_controls,auto_capacity_blocks_per_100,-15.879744456971064,-17.226497659075797,-14.541757253798838,participant,paired cluster percentile,2000,20320813
missing_stale_stress,many_labs_igt,participant_grouped_outer_cv,hist_gradient_boosting,capacity_off,full_controls,review_capacity_overflow_abstentions_per_100,-6.568959037955656,-6.967124920535749,-6.182436633968667,participant,paired cluster percentile,2000,20320813
missing_stale_stress,many_labs_igt,participant_grouped_outer_cv,hist_gradient_boosting,capacity_off,full_controls,invalid_evidence_action_acceptance_rate,0.0,0.0,0.0,participant,paired cluster percentile,2000,20320813
missing_stale_stress,many_labs_igt,participant_grouped_outer_cv,hist_gradient_boosting,capacity_off,full_controls,direct_evidence_gate_blocks_per_100,0.0,0.0,0.0,participant,paired cluster percentile,2000,20320813
missing_stale_stress,many_labs_igt,participant_grouped_outer_cv,history_baseline,evidence_gate_off,full_controls,alert_rate,0.0005712138293874486,0.0003740765037440509,0.0007989267319367175,participant,paired cluster percentile,2000,20330813
missing_stale_stress,many_labs_igt,participant_grouped_outer_cv,history_baseline,evidence_gate_off,full_controls,human_review_rate,0.00021044720030063968,0.00010555561891259805,0.00031757497991457336,participant,paired cluster percentile,2000,20330813
missing_stale_stress,many_labs_igt,participant_grouped_outer_cv,history_baseline,evidence_gate_off,full_controls,abstain_rate,-0.06253288237504695,-0.06531702883448211,-0.05956988246859979,participant,paired cluster percentile,2000,20330813
missing_stale_stress,many_labs_igt,participant_grouped_outer_cv,history_baseline,evidence_gate_off,full_controls,no_action_rate,0.06175122134535893,0.058762526477808504,0.06453644982073643,participant,paired cluster percentile,2000,20330813
missing_stale_stress,many_labs_igt,participant_grouped_outer_cv,history_baseline,evidence_gate_off,full_controls,event_coverage_by_alert,0.0015152513340799811,0.0005737127629609165,0.0024359553211369717,participant,paired cluster percentile,2000,20330813
missing_stale_stress,many_labs_igt,participant_grouped_outer_cv,history_baseline,evidence_gate_off,full_controls,alert_precision,0.005219539009395646,-0.0012776465219754868,0.01213611661477118,participant,paired cluster percentile,2000,20330813
missing_stale_stress,many_labs_igt,participant_grouped_outer_cv,history_baseline,evidence_gate_off,full_controls,false_alerts_per_100,-0.01202555430289376,-0.057670392438971284,0.032220792677061,participant,paired cluster percentile,2000,20330813
missing_stale_stress,many_labs_igt,participant_grouped_outer_cv,history_baseline,evidence_gate_off,full_controls,event_coverage_by_human_review,0.0007576256670399906,0.00034236046387707314,0.0011695782206013973,participant,paired cluster percentile,2000,20330813
missing_stale_stress,many_labs_igt,participant_grouped_outer_cv,history_baseline,evidence_gate_off,full_controls,non_event_human_reviews_per_100,-0.013528748590755368,-0.030200360621747496,0.003019870857061643,participant,paired cluster percentile,2000,20330813
missing_stale_stress,many_labs_igt,participant_grouped_outer_cv,history_baseline,evidence_gate_off,full_controls,auto_capacity_blocks_per_100,4.213453588876362,3.9026044067976304,4.5100240649979835,participant,paired cluster percentile,2000,20330813
missing_stale_stress,many_labs_igt,participant_grouped_outer_cv,history_baseline,evidence_gate_off,full_controls,review_capacity_overflow_abstentions_per_100,0.8568207440811726,0.7382904891477178,0.9787916664190758,participant,paired cluster percentile,2000,20330813
missing_stale_stress,many_labs_igt,participant_grouped_outer_cv,history_baseline,evidence_gate_off,full_controls,invalid_evidence_action_acceptance_rate,0.07855251544571933,0.07175121734746559,0.08526089244033393,participant,paired cluster percentile,2000,20330813
missing_stale_stress,many_labs_igt,participant_grouped_outer_cv,history_baseline,evidence_gate_off,full_controls,direct_evidence_gate_blocks_per_100,-10.218714768883878,-10.444710862711965,-9.975773620396819,participant,paired cluster percentile,2000,20330813
missing_stale_stress,many_labs_igt,participant_grouped_outer_cv,history_baseline,uncertainty_gate_off,full_controls,alert_rate,0.007365652010522361,0.006002672963744654,0.008725264496219826,participant,paired cluster percentile,2000,20330813
missing_stale_stress,many_labs_igt,participant_grouped_outer_cv,history_baseline,uncertainty_gate_off,full_controls,human_review_rate,0.00046599022923712874,0.00028957623460007303,0.0006693617305215524,participant,paired cluster percentile,2000,20330813
missing_stale_stress,many_labs_igt,participant_grouped_outer_cv,history_baseline,uncertainty_gate_off,full_controls,abstain_rate,-0.2601728673431041,-0.28006029034589786,-0.24204094608214288,participant,paired cluster percentile,2000,20330813
missing_stale_stress,many_labs_igt,participant_grouped_outer_cv,history_baseline,uncertainty_gate_off,full_controls,no_action_rate,0.25234122510334456,0.23433262391461226,0.2715776235973407,participant,paired cluster percentile,2000,20330813
missing_stale_stress,many_labs_igt,participant_grouped_outer_cv,history_baseline,uncertainty_gate_off,full_controls,event_coverage_by_alert,0.009058567758086833,0.0067284953409764954,0.011493618938270094,participant,paired cluster percentile,2000,20330813
missing_stale_stress,many_labs_igt,participant_grouped_outer_cv,history_baseline,uncertainty_gate_off,full_controls,alert_precision,-0.006453260987277498,-0.020266200829928464,0.007916883014877057,participant,paired cluster percentile,2000,20330813
missing_stale_stress,many_labs_igt,participant_grouped_outer_cv,history_baseline,uncertainty_gate_off,full_controls,false_alerts_per_100,0.32318677189026657,0.20332457048120398,0.44194531844465856,participant,paired cluster percentile,2000,20330813
missing_stale_stress,many_labs_igt,participant_grouped_outer_cv,history_baseline,uncertainty_gate_off,full_controls,event_coverage_by_human_review,0.0009552671453982482,0.00035954527388618425,0.0015960351981372093,participant,paired cluster percentile,2000,20330813
missing_stale_stress,many_labs_igt,participant_grouped_outer_cv,history_baseline,uncertainty_gate_off,full_controls,non_event_human_reviews_per_100,0.00300638857572344,-0.019557952790716822,0.024294794940315653,participant,paired cluster percentile,2000,20330813
missing_stale_stress,many_labs_igt,participant_grouped_outer_cv,history_baseline,uncertainty_gate_off,full_controls,auto_capacity_blocks_per_100,25.23412251033446,23.433262391461216,27.15776235973407,participant,paired cluster percentile,2000,20330813
missing_stale_stress,many_labs_igt,participant_grouped_outer_cv,history_baseline,uncertainty_gate_off,full_controls,review_capacity_overflow_abstentions_per_100,1.3664036076662915,1.1675810070504118,1.5799467050860736,participant,paired cluster percentile,2000,20330813
missing_stale_stress,many_labs_igt,participant_grouped_outer_cv,history_baseline,uncertainty_gate_off,full_controls,invalid_evidence_action_acceptance_rate,0.0,0.0,0.0,participant,paired cluster percentile,2000,20330813
missing_stale_stress,many_labs_igt,participant_grouped_outer_cv,history_baseline,uncertainty_gate_off,full_controls,direct_evidence_gate_blocks_per_100,0.0,0.0,0.0,participant,paired cluster percentile,2000,20330813
missing_stale_stress,many_labs_igt,participant_grouped_outer_cv,history_baseline,shared_capacity,full_controls,alert_rate,0.006313416009019163,0.00499160220318158,0.007592835554198917,participant,paired cluster percentile,2000,20330813
missing_stale_stress,many_labs_igt,participant_grouped_outer_cv,history_baseline,shared_capacity,full_controls,human_review_rate,0.005321307779030438,0.0035329502647002946,0.007206827548880939,participant,paired cluster percentile,2000,20330813
missing_stale_stress,many_labs_igt,participant_grouped_outer_cv,history_baseline,shared_capacity,full_controls,abstain_rate,-0.005321307779030449,-0.00720682754888094,-0.0035329502647002773,participant,paired cluster percentile,2000,20330813
missing_stale_stress,many_labs_igt,participant_grouped_outer_cv,history_baseline,shared_capacity,full_controls,no_action_rate,-0.00631341600901919,-0.007592835554198945,-0.0049916022031815405,participant,paired cluster percentile,2000,20330813
missing_stale_stress,many_labs_igt,participant_grouped_outer_cv,history_baseline,shared_capacity,full_controls,event_coverage_by_alert,0.009058567758086833,0.006785191874207803,0.011300328140558263,participant,paired cluster percentile,2000,20330813
missing_stale_stress,many_labs_igt,participant_grouped_outer_cv,history_baseline,shared_capacity,full_controls,alert_precision,0.0028231262716237326,-0.0044304997977911344,0.010267753502521263,participant,paired cluster percentile,2000,20330813
missing_stale_stress,many_labs_igt,participant_grouped_outer_cv,history_baseline,shared_capacity,full_controls,false_alerts_per_100,0.21796317173994728,0.151124502891944,0.28377462208487114,participant,paired cluster percentile,2000,20330813
missing_stale_stress,many_labs_igt,participant_grouped_outer_cv,history_baseline,shared_capacity,full_controls,event_coverage_by_human_review,0.009289149482838132,0.007349399631062601,0.011299006990511624,participant,paired cluster percentile,2000,20330813
missing_stale_stress,many_labs_igt,participant_grouped_outer_cv,history_baseline,shared_capacity,full_controls,non_event_human_reviews_per_100,0.10822998872604284,-0.0076938105961693384,0.23473516568291053,participant,paired cluster percentile,2000,20330813
missing_stale_stress,many_labs_igt,participant_grouped_outer_cv,history_baseline,shared_capacity,full_controls,auto_capacity_blocks_per_100,-0.6313416009019193,-0.7592835554198911,-0.4991602203181562,participant,paired cluster percentile,2000,20330813
missing_stale_stress,many_labs_igt,participant_grouped_outer_cv,history_baseline,shared_capacity,full_controls,review_capacity_overflow_abstentions_per_100,-0.5321307779030438,-0.7206827548880932,-0.3532950264700289,participant,paired cluster percentile,2000,20330813
missing_stale_stress,many_labs_igt,participant_grouped_outer_cv,history_baseline,shared_capacity,full_controls,invalid_evidence_action_acceptance_rate,0.0,0.0,0.0,participant,paired cluster percentile,2000,20330813
missing_stale_stress,many_labs_igt,participant_grouped_outer_cv,history_baseline,shared_capacity,full_controls,direct_evidence_gate_blocks_per_100,0.0,0.0,0.0,participant,paired cluster percentile,2000,20330813
missing_stale_stress,many_labs_igt,participant_grouped_outer_cv,history_baseline,capacity_off,full_controls,alert_rate,0.30989853438556936,0.2860141466925072,0.33329153415236656,participant,paired cluster percentile,2000,20330813
missing_stale_stress,many_labs_igt,participant_grouped_outer_cv,history_baseline,capacity_off,full_controls,human_review_rate,0.06770387072529124,0.05919884091968921,0.07710099540052334,participant,paired cluster percentile,2000,20330813
missing_stale_stress,many_labs_igt,participant_grouped_outer_cv,history_baseline,capacity_off,full_controls,abstain_rate,-0.06770387072529127,-0.07710099540052334,-0.059198840919689244,participant,paired cluster percentile,2000,20330813
missing_stale_stress,many_labs_igt,participant_grouped_outer_cv,history_baseline,capacity_off,full_controls,no_action_rate,-0.30989853438556936,-0.33329153415236656,-0.2860141466925072,participant,paired cluster percentile,2000,20330813
missing_stale_stress,many_labs_igt,participant_grouped_outer_cv,history_baseline,capacity_off,full_controls,event_coverage_by_alert,0.3858291060017129,0.35813032762936253,0.4120018729503148,participant,paired cluster percentile,2000,20330813
missing_stale_stress,many_labs_igt,participant_grouped_outer_cv,history_baseline,capacity_off,full_controls,alert_precision,-0.04588626424808806,-0.06469248427818602,-0.02720913393522881,participant,paired cluster percentile,2000,20330813
missing_stale_stress,many_labs_igt,participant_grouped_outer_cv,history_baseline,capacity_off,full_controls,false_alerts_per_100,13.382938744832769,12.458767689187317,14.291805616787633,participant,paired cluster percentile,2000,20330813
missing_stale_stress,many_labs_igt,participant_grouped_outer_cv,history_baseline,capacity_off,full_controls,event_coverage_by_human_review,0.05109032215560973,0.042942321238521104,0.059812347360180276,participant,paired cluster percentile,2000,20330813
missing_stale_stress,many_labs_igt,participant_grouped_outer_cv,history_baseline,capacity_off,full_controls,non_event_human_reviews_per_100,4.438932732055617,3.8947846757984017,5.024320566786887,participant,paired cluster percentile,2000,20330813
missing_stale_stress,many_labs_igt,participant_grouped_outer_cv,history_baseline,capacity_off,full_controls,auto_capacity_blocks_per_100,-30.989853438556935,-33.329153415236654,-28.60141466925072,participant,paired cluster percentile,2000,20330813
missing_stale_stress,many_labs_igt,participant_grouped_outer_cv,history_baseline,capacity_off,full_controls,review_capacity_overflow_abstentions_per_100,-6.770387072529124,-7.710099540052335,-5.919884091968923,participant,paired cluster percentile,2000,20330813
missing_stale_stress,many_labs_igt,participant_grouped_outer_cv,history_baseline,capacity_off,full_controls,invalid_evidence_action_acceptance_rate,0.0,0.0,0.0,participant,paired cluster percentile,2000,20330813
missing_stale_stress,many_labs_igt,participant_grouped_outer_cv,history_baseline,capacity_off,full_controls,direct_evidence_gate_blocks_per_100,0.0,0.0,0.0,participant,paired cluster percentile,2000,20330813
missing_stale_stress,many_labs_igt,participant_grouped_outer_cv,regularised_logistic,evidence_gate_off,full_controls,alert_rate,0.00048102217211573595,0.00028279859068219804,0.0007118873150424121,participant,paired cluster percentile,2000,20340813
missing_stale_stress,many_labs_igt,participant_grouped_outer_cv,regularised_logistic,evidence_gate_off,full_controls,human_review_rate,9.019165727170222e-05,2.9881910429305127e-05,0.00016649229235717503,participant,paired cluster percentile,2000,20340813
missing_stale_stress,many_labs_igt,participant_grouped_outer_cv,regularised_logistic,evidence_gate_off,full_controls,abstain_rate,-0.08245020668921457,-0.08459068425948285,-0.08033256684795283,participant,paired cluster percentile,2000,20340813
missing_stale_stress,many_labs_igt,participant_grouped_outer_cv,regularised_logistic,evidence_gate_off,full_controls,no_action_rate,0.08187899285982714,0.07967866504426561,0.08403784346874132,participant,paired cluster percentile,2000,20340813
missing_stale_stress,many_labs_igt,participant_grouped_outer_cv,regularised_logistic,evidence_gate_off,full_controls,event_coverage_by_alert,0.0011529086237565128,0.0002610346829985184,0.0021601474240684196,participant,paired cluster percentile,2000,20340813
missing_stale_stress,many_labs_igt,participant_grouped_outer_cv,regularised_logistic,evidence_gate_off,full_controls,alert_precision,0.0027685546532796312,-0.002376951133773261,0.0084258216070346,participant,paired cluster percentile,2000,20340813
missing_stale_stress,many_labs_igt,participant_grouped_outer_cv,regularised_logistic,evidence_gate_off,full_controls,false_alerts_per_100,-0.004509582863585493,-0.042143366470610656,0.03189268243753622,participant,paired cluster percentile,2000,20340813
missing_stale_stress,many_labs_igt,participant_grouped_outer_cv,regularised_logistic,evidence_gate_off,full_controls,event_coverage_by_human_review,9.882073917913056e-05,-0.0004234045022403564,0.0006178053359087336,participant,paired cluster percentile,2000,20340813
missing_stale_stress,many_labs_igt,participant_grouped_outer_cv,regularised_logistic,evidence_gate_off,full_controls,non_event_human_reviews_per_100,0.00450958286358516,-0.01938757680750878,0.02831684422810329,participant,paired cluster percentile,2000,20340813
missing_stale_stress,many_labs_igt,participant_grouped_outer_cv,regularised_logistic,evidence_gate_off,full_controls,auto_capacity_blocks_per_100,2.952273581360391,2.7541750034083936,3.1487579811153714,participant,paired cluster percentile,2000,20340813
missing_stale_stress,many_labs_igt,participant_grouped_outer_cv,regularised_logistic,evidence_gate_off,full_controls,review_capacity_overflow_abstentions_per_100,0.8989101841413003,0.8195470862429228,0.9831980754096651,participant,paired cluster percentile,2000,20340813
missing_stale_stress,many_labs_igt,participant_grouped_outer_cv,regularised_logistic,evidence_gate_off,full_controls,invalid_evidence_action_acceptance_rate,0.09605766401882906,0.08901188201070405,0.1027872059510407,participant,paired cluster percentile,2000,20340813
missing_stale_stress,many_labs_igt,participant_grouped_outer_cv,regularised_logistic,evidence_gate_off,full_controls,direct_evidence_gate_blocks_per_100,-10.218714768883878,-10.447880216725565,-9.990800088625525,participant,paired cluster percentile,2000,20340813
missing_stale_stress,many_labs_igt,participant_grouped_outer_cv,regularised_logistic,uncertainty_gate_off,full_controls,alert_rate,0.0,0.0,0.0,participant,paired cluster percentile,2000,20340813
missing_stale_stress,many_labs_igt,participant_grouped_outer_cv,regularised_logistic,uncertainty_gate_off,full_controls,human_review_rate,0.0,0.0,0.0,participant,paired cluster percentile,2000,20340813
missing_stale_stress,many_labs_igt,participant_grouped_outer_cv,regularised_logistic,uncertainty_gate_off,full_controls,abstain_rate,-0.0949868470499812,-0.09854381129448642,-0.09171298442334551,participant,paired cluster percentile,2000,20340813
missing_stale_stress,many_labs_igt,participant_grouped_outer_cv,regularised_logistic,uncertainty_gate_off,full_controls,no_action_rate,0.09498684704998128,0.0917129844233455,0.0985438112944863,participant,paired cluster percentile,2000,20340813
missing_stale_stress,many_labs_igt,participant_grouped_outer_cv,regularised_logistic,uncertainty_gate_off,full_controls,event_coverage_by_alert,0.0,0.0,0.0,participant,paired cluster percentile,2000,20340813
missing_stale_stress,many_labs_igt,participant_grouped_outer_cv,regularised_logistic,uncertainty_gate_off,full_controls,alert_precision,0.0,0.0,0.0,participant,paired cluster percentile,2000,20340813
missing_stale_stress,many_labs_igt,participant_grouped_outer_cv,regularised_logistic,uncertainty_gate_off,full_controls,false_alerts_per_100,0.0,0.0,0.0,participant,paired cluster percentile,2000,20340813
missing_stale_stress,many_labs_igt,participant_grouped_outer_cv,regularised_logistic,uncertainty_gate_off,full_controls,event_coverage_by_human_review,0.0,0.0,0.0,participant,paired cluster percentile,2000,20340813
missing_stale_stress,many_labs_igt,participant_grouped_outer_cv,regularised_logistic,uncertainty_gate_off,full_controls,non_event_human_reviews_per_100,0.0,0.0,0.0,participant,paired cluster percentile,2000,20340813
missing_stale_stress,many_labs_igt,participant_grouped_outer_cv,regularised_logistic,uncertainty_gate_off,full_controls,auto_capacity_blocks_per_100,0.0,0.0,0.0,participant,paired cluster percentile,2000,20340813
missing_stale_stress,many_labs_igt,participant_grouped_outer_cv,regularised_logistic,uncertainty_gate_off,full_controls,review_capacity_overflow_abstentions_per_100,0.0,0.0,0.0,participant,paired cluster percentile,2000,20340813
missing_stale_stress,many_labs_igt,participant_grouped_outer_cv,regularised_logistic,uncertainty_gate_off,full_controls,invalid_evidence_action_acceptance_rate,0.0,0.0,0.0,participant,paired cluster percentile,2000,20340813
missing_stale_stress,many_labs_igt,participant_grouped_outer_cv,regularised_logistic,uncertainty_gate_off,full_controls,direct_evidence_gate_blocks_per_100,0.0,0.0,0.0,participant,paired cluster percentile,2000,20340813
missing_stale_stress,many_labs_igt,participant_grouped_outer_cv,regularised_logistic,shared_capacity,full_controls,alert_rate,-0.0046899661781285296,-0.005789582163941734,-0.0036439692488773358,participant,paired cluster percentile,2000,20340813
missing_stale_stress,many_labs_igt,participant_grouped_outer_cv,regularised_logistic,shared_capacity,full_controls,human_review_rate,0.006118000751597141,0.004941326495412,0.007308338449999971,participant,paired cluster percentile,2000,20340813
missing_stale_stress,many_labs_igt,participant_grouped_outer_cv,regularised_logistic,shared_capacity,full_controls,abstain_rate,-0.00611800075159713,-0.007308338449999978,-0.004941326495412015,participant,paired cluster percentile,2000,20340813
missing_stale_stress,many_labs_igt,participant_grouped_outer_cv,regularised_logistic,shared_capacity,full_controls,no_action_rate,0.004689966178128557,0.003643969248877349,0.005789582163941775,participant,paired cluster percentile,2000,20340813
missing_stale_stress,many_labs_igt,participant_grouped_outer_cv,regularised_logistic,shared_capacity,full_controls,event_coverage_by_alert,-0.007279794452862504,-0.009159098889958731,-0.005446870114235021,participant,paired cluster percentile,2000,20340813
missing_stale_stress,many_labs_igt,participant_grouped_outer_cv,regularised_logistic,shared_capacity,full_controls,alert_precision,-0.0017168093061742384,-0.007159728073415289,0.004025504967506672,participant,paired cluster percentile,2000,20340813
missing_stale_stress,many_labs_igt,participant_grouped_outer_cv,regularised_logistic,shared_capacity,full_controls,false_alerts_per_100,-0.13679068019541551,-0.1887664844552161,-0.08919183882735916,participant,paired cluster percentile,2000,20340813
missing_stale_stress,many_labs_igt,participant_grouped_outer_cv,regularised_logistic,shared_capacity,full_controls,event_coverage_by_human_review,0.009980894657092038,0.008299406597734189,0.011855028635380174,participant,paired cluster percentile,2000,20340813
missing_stale_stress,many_labs_igt,participant_grouped_outer_cv,regularised_logistic,shared_capacity,full_controls,non_event_human_reviews_per_100,0.15633220593761743,0.09106890658485409,0.21895774328287956,participant,paired cluster percentile,2000,20340813
missing_stale_stress,many_labs_igt,participant_grouped_outer_cv,regularised_logistic,shared_capacity,full_controls,auto_capacity_blocks_per_100,0.4689966178128522,0.36439692488773573,0.5789582163941722,participant,paired cluster percentile,2000,20340813
missing_stale_stress,many_labs_igt,participant_grouped_outer_cv,regularised_logistic,shared_capacity,full_controls,review_capacity_overflow_abstentions_per_100,-0.6118000751597146,-0.7308338449999973,-0.4941326495412002,participant,paired cluster percentile,2000,20340813
missing_stale_stress,many_labs_igt,participant_grouped_outer_cv,regularised_logistic,shared_capacity,full_controls,invalid_evidence_action_acceptance_rate,0.0,0.0,0.0,participant,paired cluster percentile,2000,20340813
missing_stale_stress,many_labs_igt,participant_grouped_outer_cv,regularised_logistic,shared_capacity,full_controls,direct_evidence_gate_blocks_per_100,0.0,0.0,0.0,participant,paired cluster percentile,2000,20340813
missing_stale_stress,many_labs_igt,participant_grouped_outer_cv,regularised_logistic,capacity_off,full_controls,alert_rate,0.1901390454716272,0.1768918531179084,0.203500057654299,participant,paired cluster percentile,2000,20340813
missing_stale_stress,many_labs_igt,participant_grouped_outer_cv,regularised_logistic,capacity_off,full_controls,human_review_rate,0.062457722660653886,0.059133503058852704,0.06607355177028869,participant,paired cluster percentile,2000,20340813
missing_stale_stress,many_labs_igt,participant_grouped_outer_cv,regularised_logistic,capacity_off,full_controls,abstain_rate,-0.062457722660653886,-0.0660735517702887,-0.05913350305885273,participant,paired cluster percentile,2000,20340813
missing_stale_stress,many_labs_igt,participant_grouped_outer_cv,regularised_logistic,capacity_off,full_controls,no_action_rate,-0.1901390454716272,-0.20350005765429904,-0.1768918531179083,participant,paired cluster percentile,2000,20340813
missing_stale_stress,many_labs_igt,participant_grouped_outer_cv,regularised_logistic,capacity_off,full_controls,event_coverage_by_alert,0.2904341524474603,0.2716595026187499,0.30881955916613796,participant,paired cluster percentile,2000,20340813
missing_stale_stress,many_labs_igt,participant_grouped_outer_cv,regularised_logistic,capacity_off,full_controls,alert_precision,0.009385384720966616,-0.005899322554276887,0.024268797787336285,participant,paired cluster percentile,2000,20340813
missing_stale_stress,many_labs_igt,participant_grouped_outer_cv,regularised_logistic,capacity_off,full_controls,false_alerts_per_100,5.760240511086058,5.388733567054843,6.157050881031447,participant,paired cluster percentile,2000,20340813
missing_stale_stress,many_labs_igt,participant_grouped_outer_cv,regularised_logistic,capacity_off,full_controls,event_coverage_by_human_review,0.07404967389156071,0.07019144320313377,0.0781444049052697,participant,paired cluster percentile,2000,20340813
missing_stale_stress,many_labs_igt,participant_grouped_outer_cv,regularised_logistic,capacity_off,full_controls,non_event_human_reviews_per_100,2.8665915069522736,2.6458349353619615,3.0986376037525365,participant,paired cluster percentile,2000,20340813
missing_stale_stress,many_labs_igt,participant_grouped_outer_cv,regularised_logistic,capacity_off,full_controls,auto_capacity_blocks_per_100,-19.01390454716272,-20.3500057654299,-17.689185311790837,participant,paired cluster percentile,2000,20340813
missing_stale_stress,many_labs_igt,participant_grouped_outer_cv,regularised_logistic,capacity_off,full_controls,review_capacity_overflow_abstentions_per_100,-6.245772266065389,-6.607355177028869,-5.91335030588527,participant,paired cluster percentile,2000,20340813
missing_stale_stress,many_labs_igt,participant_grouped_outer_cv,regularised_logistic,capacity_off,full_controls,invalid_evidence_action_acceptance_rate,0.0,0.0,0.0,participant,paired cluster percentile,2000,20340813
missing_stale_stress,many_labs_igt,participant_grouped_outer_cv,regularised_logistic,capacity_off,full_controls,direct_evidence_gate_blocks_per_100,0.0,0.0,0.0,participant,paired cluster percentile,2000,20340813
missing_stale_stress,mendeley_igt_official_v2,frozen_external_official_v2_same_task,hist_gradient_boosting,evidence_gate_off,full_controls,alert_rate,0.00025423728813559615,0.0,0.0006779661016949115,participant,paired cluster percentile,2000,20350813
missing_stale_stress,mendeley_igt_official_v2,frozen_external_official_v2_same_task,hist_gradient_boosting,evidence_gate_off,full_controls,human_review_rate,0.0,0.0,0.0,participant,paired cluster percentile,2000,20350813
missing_stale_stress,mendeley_igt_official_v2,frozen_external_official_v2_same_task,hist_gradient_boosting,evidence_gate_off,full_controls,abstain_rate,-0.07322033898305086,-0.07796822033898304,-0.06855720338983053,participant,paired cluster percentile,2000,20350813
missing_stale_stress,mendeley_igt_official_v2,frozen_external_official_v2_same_task,hist_gradient_boosting,evidence_gate_off,full_controls,no_action_rate,0.07296610169491524,0.06830508474576269,0.07779661016949158,participant,paired cluster percentile,2000,20350813
missing_stale_stress,mendeley_igt_official_v2,frozen_external_official_v2_same_task,hist_gradient_boosting,evidence_gate_off,full_controls,event_coverage_by_alert,0.001380977041256684,-0.00035162827160191266,0.0033887861862806827,participant,paired cluster percentile,2000,20350813
missing_stale_stress,mendeley_igt_official_v2,frozen_external_official_v2_same_task,hist_gradient_boosting,evidence_gate_off,full_controls,alert_precision,0.012940423993548333,-0.009890401791948293,0.03780496207944787,participant,paired cluster percentile,2000,20350813
missing_stale_stress,mendeley_igt_official_v2,frozen_external_official_v2_same_task,hist_gradient_boosting,evidence_gate_off,full_controls,false_alerts_per_100,-0.04237288135593209,-0.14406779661016933,0.05084745762711851,participant,paired cluster percentile,2000,20350813
missing_stale_stress,mendeley_igt_official_v2,frozen_external_official_v2_same_task,hist_gradient_boosting,evidence_gate_off,full_controls,event_coverage_by_human_review,-0.0001726221301570855,-0.0008218480269319363,0.0003612765733502295,participant,paired cluster percentile,2000,20350813
missing_stale_stress,mendeley_igt_official_v2,frozen_external_official_v2_same_task,hist_gradient_boosting,evidence_gate_off,full_controls,non_event_human_reviews_per_100,0.008474576271186418,-0.01694915254237289,0.0423728813559322,participant,paired cluster percentile,2000,20350813
missing_stale_stress,mendeley_igt_official_v2,frozen_external_official_v2_same_task,hist_gradient_boosting,evidence_gate_off,full_controls,auto_capacity_blocks_per_100,2.423728813559322,1.940466101694914,2.923728813559322,participant,paired cluster percentile,2000,20350813
missing_stale_stress,mendeley_igt_official_v2,frozen_external_official_v2_same_task,hist_gradient_boosting,evidence_gate_off,full_controls,review_capacity_overflow_abstentions_per_100,0.9745762711864412,0.7796610169491522,1.1864406779661012,participant,paired cluster percentile,2000,20350813
missing_stale_stress,mendeley_igt_official_v2,frozen_external_official_v2_same_task,hist_gradient_boosting,evidence_gate_off,full_controls,invalid_evidence_action_acceptance_rate,0.046357615894039736,0.035116698927933294,0.05896612392977498,participant,paired cluster percentile,2000,20350813
missing_stale_stress,mendeley_igt_official_v2,frozen_external_official_v2_same_task,hist_gradient_boosting,evidence_gate_off,full_controls,direct_evidence_gate_blocks_per_100,-10.23728813559322,-10.754237288135593,-9.745762711864407,participant,paired cluster percentile,2000,20350813
missing_stale_stress,mendeley_igt_official_v2,frozen_external_official_v2_same_task,hist_gradient_boosting,uncertainty_gate_off,full_controls,alert_rate,0.0,0.0,0.0,participant,paired cluster percentile,2000,20350813
missing_stale_stress,mendeley_igt_official_v2,frozen_external_official_v2_same_task,hist_gradient_boosting,uncertainty_gate_off,full_controls,human_review_rate,0.0,0.0,0.0,participant,paired cluster percentile,2000,20350813
missing_stale_stress,mendeley_igt_official_v2,frozen_external_official_v2_same_task,hist_gradient_boosting,uncertainty_gate_off,full_controls,abstain_rate,-0.17398305084745766,-0.19703389830508475,-0.15118432203389828,participant,paired cluster percentile,2000,20350813
missing_stale_stress,mendeley_igt_official_v2,frozen_external_official_v2_same_task,hist_gradient_boosting,uncertainty_gate_off,full_controls,no_action_rate,0.17398305084745758,0.15118432203389826,0.19703389830508466,participant,paired cluster percentile,2000,20350813
missing_stale_stress,mendeley_igt_official_v2,frozen_external_official_v2_same_task,hist_gradient_boosting,uncertainty_gate_off,full_controls,event_coverage_by_alert,0.0,0.0,0.0,participant,paired cluster percentile,2000,20350813
missing_stale_stress,mendeley_igt_official_v2,frozen_external_official_v2_same_task,hist_gradient_boosting,uncertainty_gate_off,full_controls,alert_precision,0.0,0.0,0.0,participant,paired cluster percentile,2000,20350813
missing_stale_stress,mendeley_igt_official_v2,frozen_external_official_v2_same_task,hist_gradient_boosting,uncertainty_gate_off,full_controls,false_alerts_per_100,0.0,0.0,0.0,participant,paired cluster percentile,2000,20350813
missing_stale_stress,mendeley_igt_official_v2,frozen_external_official_v2_same_task,hist_gradient_boosting,uncertainty_gate_off,full_controls,event_coverage_by_human_review,0.0,0.0,0.0,participant,paired cluster percentile,2000,20350813
missing_stale_stress,mendeley_igt_official_v2,frozen_external_official_v2_same_task,hist_gradient_boosting,uncertainty_gate_off,full_controls,non_event_human_reviews_per_100,0.0,0.0,0.0,participant,paired cluster percentile,2000,20350813
missing_stale_stress,mendeley_igt_official_v2,frozen_external_official_v2_same_task,hist_gradient_boosting,uncertainty_gate_off,full_controls,auto_capacity_blocks_per_100,0.0,0.0,0.0,participant,paired cluster percentile,2000,20350813
missing_stale_stress,mendeley_igt_official_v2,frozen_external_official_v2_same_task,hist_gradient_boosting,uncertainty_gate_off,full_controls,review_capacity_overflow_abstentions_per_100,0.0,0.0,0.0,participant,paired cluster percentile,2000,20350813
missing_stale_stress,mendeley_igt_official_v2,frozen_external_official_v2_same_task,hist_gradient_boosting,uncertainty_gate_off,full_controls,invalid_evidence_action_acceptance_rate,0.0,0.0,0.0,participant,paired cluster percentile,2000,20350813
missing_stale_stress,mendeley_igt_official_v2,frozen_external_official_v2_same_task,hist_gradient_boosting,uncertainty_gate_off,full_controls,direct_evidence_gate_blocks_per_100,0.0,0.0,0.0,participant,paired cluster percentile,2000,20350813
missing_stale_stress,mendeley_igt_official_v2,frozen_external_official_v2_same_task,hist_gradient_boosting,shared_capacity,full_controls,alert_rate,-0.01347457627118644,-0.015593220338983048,-0.011355932203389832,participant,paired cluster percentile,2000,20350813
missing_stale_stress,mendeley_igt_official_v2,frozen_external_official_v2_same_task,hist_gradient_boosting,shared_capacity,full_controls,human_review_rate,0.013898305084745764,0.011779661016949152,0.01601694915254237,participant,paired cluster percentile,2000,20350813
missing_stale_stress,mendeley_igt_official_v2,frozen_external_official_v2_same_task,hist_gradient_boosting,shared_capacity,full_controls,abstain_rate,-0.013898305084745766,-0.01601694915254237,-0.01177966101694916,participant,paired cluster percentile,2000,20350813
missing_stale_stress,mendeley_igt_official_v2,frozen_external_official_v2_same_task,hist_gradient_boosting,shared_capacity,full_controls,no_action_rate,0.013474576271186423,0.011355932203389818,0.015593220338983027,participant,paired cluster percentile,2000,20350813
missing_stale_stress,mendeley_igt_official_v2,frozen_external_official_v2_same_task,hist_gradient_boosting,shared_capacity,full_controls,event_coverage_by_alert,-0.01778007940617988,-0.02149856079397124,-0.014050601759756056,participant,paired cluster percentile,2000,20350813
missing_stale_stress,mendeley_igt_official_v2,frozen_external_official_v2_same_task,hist_gradient_boosting,shared_capacity,full_controls,alert_precision,0.004596737524156014,-0.02984365009584711,0.040792568335138196,participant,paired cluster percentile,2000,20350813
missing_stale_stress,mendeley_igt_official_v2,frozen_external_official_v2_same_task,hist_gradient_boosting,shared_capacity,full_controls,false_alerts_per_100,-0.47457627118644063,-0.6016949152542374,-0.35593220338983056,participant,paired cluster percentile,2000,20350813
missing_stale_stress,mendeley_igt_official_v2,frozen_external_official_v2_same_task,hist_gradient_boosting,shared_capacity,full_controls,event_coverage_by_human_review,0.014672881063352322,0.011739721546164662,0.01779444468905726,participant,paired cluster percentile,2000,20350813
missing_stale_stress,mendeley_igt_official_v2,frozen_external_official_v2_same_task,hist_gradient_boosting,shared_capacity,full_controls,non_event_human_reviews_per_100,0.6694915254237288,0.5254237288135593,0.8135593220338984,participant,paired cluster percentile,2000,20350813
missing_stale_stress,mendeley_igt_official_v2,frozen_external_official_v2_same_task,hist_gradient_boosting,shared_capacity,full_controls,auto_capacity_blocks_per_100,1.3474576271186436,1.1355932203389827,1.5593220338983045,participant,paired cluster percentile,2000,20350813
missing_stale_stress,mendeley_igt_official_v2,frozen_external_official_v2_same_task,hist_gradient_boosting,shared_capacity,full_controls,review_capacity_overflow_abstentions_per_100,-1.3898305084745761,-1.601694915254238,-1.1779661016949152,participant,paired cluster percentile,2000,20350813
missing_stale_stress,mendeley_igt_official_v2,frozen_external_official_v2_same_task,hist_gradient_boosting,shared_capacity,full_controls,invalid_evidence_action_acceptance_rate,0.0,0.0,0.0,participant,paired cluster percentile,2000,20350813
missing_stale_stress,mendeley_igt_official_v2,frozen_external_official_v2_same_task,hist_gradient_boosting,shared_capacity,full_controls,direct_evidence_gate_blocks_per_100,0.0,0.0,0.0,participant,paired cluster percentile,2000,20350813
missing_stale_stress,mendeley_igt_official_v2,frozen_external_official_v2_same_task,hist_gradient_boosting,capacity_off,full_controls,alert_rate,0.17271186440677966,0.13737076271186444,0.21025423728813558,participant,paired cluster percentile,2000,20350813
missing_stale_stress,mendeley_igt_official_v2,frozen_external_official_v2_same_task,hist_gradient_boosting,capacity_off,full_controls,human_review_rate,0.08322033898305085,0.07161016949152543,0.09601694915254237,participant,paired cluster percentile,2000,20350813
missing_stale_stress,mendeley_igt_official_v2,frozen_external_official_v2_same_task,hist_gradient_boosting,capacity_off,full_controls,abstain_rate,-0.08322033898305087,-0.09601694915254233,-0.07161016949152543,participant,paired cluster percentile,2000,20350813
missing_stale_stress,mendeley_igt_official_v2,frozen_external_official_v2_same_task,hist_gradient_boosting,capacity_off,full_controls,no_action_rate,-0.17271186440677966,-0.21025423728813558,-0.13737076271186444,participant,paired cluster percentile,2000,20350813
missing_stale_stress,mendeley_igt_official_v2,frozen_external_official_v2_same_task,hist_gradient_boosting,capacity_off,full_controls,event_coverage_by_alert,0.28189193854652167,0.2259666997610745,0.3366943817316391,participant,paired cluster percentile,2000,20350813
missing_stale_stress,mendeley_igt_official_v2,frozen_external_official_v2_same_task,hist_gradient_boosting,capacity_off,full_controls,alert_precision,0.11790273091627279,0.07347390534914874,0.16095509407845082,participant,paired cluster percentile,2000,20350813
missing_stale_stress,mendeley_igt_official_v2,frozen_external_official_v2_same_task,hist_gradient_boosting,capacity_off,full_controls,false_alerts_per_100,3.432203389830508,2.813559322033899,4.084745762711864,participant,paired cluster percentile,2000,20350813
missing_stale_stress,mendeley_igt_official_v2,frozen_external_official_v2_same_task,hist_gradient_boosting,capacity_off,full_controls,event_coverage_by_human_review,0.10978767477990678,0.09549906820424353,0.12414900360390628,participant,paired cluster percentile,2000,20350813
missing_stale_stress,mendeley_igt_official_v2,frozen_external_official_v2_same_task,hist_gradient_boosting,capacity_off,full_controls,non_event_human_reviews_per_100,2.932203389830508,2.406779661016949,3.5,participant,paired cluster percentile,2000,20350813
missing_stale_stress,mendeley_igt_official_v2,frozen_external_official_v2_same_task,hist_gradient_boosting,capacity_off,full_controls,auto_capacity_blocks_per_100,-17.271186440677965,-21.02542372881356,-13.73707627118644,participant,paired cluster percentile,2000,20350813
missing_stale_stress,mendeley_igt_official_v2,frozen_external_official_v2_same_task,hist_gradient_boosting,capacity_off,full_controls,review_capacity_overflow_abstentions_per_100,-8.322033898305085,-9.601694915254237,-7.161016949152542,participant,paired cluster percentile,2000,20350813
missing_stale_stress,mendeley_igt_official_v2,frozen_external_official_v2_same_task,hist_gradient_boosting,capacity_off,full_controls,invalid_evidence_action_acceptance_rate,0.0,0.0,0.0,participant,paired cluster percentile,2000,20350813
missing_stale_stress,mendeley_igt_official_v2,frozen_external_official_v2_same_task,hist_gradient_boosting,capacity_off,full_controls,direct_evidence_gate_blocks_per_100,0.0,0.0,0.0,participant,paired cluster percentile,2000,20350813
missing_stale_stress,mendeley_igt_official_v2,frozen_external_official_v2_same_task,history_baseline,evidence_gate_off,full_controls,alert_rate,0.0006779661016949115,0.0002542372881355892,0.00127118644067796,participant,paired cluster percentile,2000,20360813
missing_stale_stress,mendeley_igt_official_v2,frozen_external_official_v2_same_task,history_baseline,evidence_gate_off,full_controls,human_review_rate,0.0002542372881355927,0.0,0.000593220338983051,participant,paired cluster percentile,2000,20360813
missing_stale_stress,mendeley_igt_official_v2,frozen_external_official_v2_same_task,history_baseline,evidence_gate_off,full_controls,abstain_rate,-0.05466101694915254,-0.06432415254237289,-0.04508474576271182,participant,paired cluster percentile,2000,20360813
missing_stale_stress,mendeley_igt_official_v2,frozen_external_official_v2_same_task,history_baseline,evidence_gate_off,full_controls,no_action_rate,0.05372881355932202,0.04398305084745763,0.0636440677966102,participant,paired cluster percentile,2000,20360813
missing_stale_stress,mendeley_igt_official_v2,frozen_external_official_v2_same_task,history_baseline,evidence_gate_off,full_controls,event_coverage_by_alert,0.0,-0.001220213842117322,0.0013774401385433295,participant,paired cluster percentile,2000,20360813
missing_stale_stress,mendeley_igt_official_v2,frozen_external_official_v2_same_task,history_baseline,evidence_gate_off,full_controls,alert_precision,-0.009267937102988622,-0.026714787955730134,0.010578543281330493,participant,paired cluster percentile,2000,20360813
missing_stale_stress,mendeley_igt_official_v2,frozen_external_official_v2_same_task,history_baseline,evidence_gate_off,full_controls,false_alerts_per_100,0.06779661016949157,-0.008474576271186418,0.13559322033898313,participant,paired cluster percentile,2000,20360813
missing_stale_stress,mendeley_igt_official_v2,frozen_external_official_v2_same_task,history_baseline,evidence_gate_off,full_controls,event_coverage_by_human_review,0.001208354911099603,0.0004938942485208331,0.002129784720212194,participant,paired cluster percentile,2000,20360813
missing_stale_stress,mendeley_igt_official_v2,frozen_external_official_v2_same_task,history_baseline,evidence_gate_off,full_controls,non_event_human_reviews_per_100,-0.03389830508474578,-0.06779661016949157,-0.008474576271186418,participant,paired cluster percentile,2000,20360813
missing_stale_stress,mendeley_igt_official_v2,frozen_external_official_v2_same_task,history_baseline,evidence_gate_off,full_controls,auto_capacity_blocks_per_100,3.923728813559322,2.8644067796610173,5.0764830508474565,participant,paired cluster percentile,2000,20360813
missing_stale_stress,mendeley_igt_official_v2,frozen_external_official_v2_same_task,history_baseline,evidence_gate_off,full_controls,review_capacity_overflow_abstentions_per_100,1.0677966101694913,0.6271186440677967,1.5934322033898303,participant,paired cluster percentile,2000,20360813
missing_stale_stress,mendeley_igt_official_v2,frozen_external_official_v2_same_task,history_baseline,evidence_gate_off,full_controls,invalid_evidence_action_acceptance_rate,0.03145695364238411,0.02101745739584294,0.04344050503450817,participant,paired cluster percentile,2000,20360813
missing_stale_stress,mendeley_igt_official_v2,frozen_external_official_v2_same_task,history_baseline,evidence_gate_off,full_controls,direct_evidence_gate_blocks_per_100,-10.23728813559322,-10.73728813559322,-9.728813559322035,participant,paired cluster percentile,2000,20360813
missing_stale_stress,mendeley_igt_official_v2,frozen_external_official_v2_same_task,history_baseline,uncertainty_gate_off,full_controls,alert_rate,0.005762711864406779,0.0032203389830508453,0.008644067796610169,participant,paired cluster percentile,2000,20360813
missing_stale_stress,mendeley_igt_official_v2,frozen_external_official_v2_same_task,history_baseline,uncertainty_gate_off,full_controls,human_review_rate,0.0002542372881355927,0.0,0.0006779661016949158,participant,paired cluster percentile,2000,20360813
missing_stale_stress,mendeley_igt_official_v2,frozen_external_official_v2_same_task,history_baseline,uncertainty_gate_off,full_controls,abstain_rate,-0.2852542372881356,-0.34941313559322035,-0.2236398305084746,participant,paired cluster percentile,2000,20360813
missing_stale_stress,mendeley_igt_official_v2,frozen_external_official_v2_same_task,history_baseline,uncertainty_gate_off,full_controls,no_action_rate,0.27923728813559323,0.219061440677966,0.34254449152542377,participant,paired cluster percentile,2000,20360813
missing_stale_stress,mendeley_igt_official_v2,frozen_external_official_v2_same_task,history_baseline,uncertainty_gate_off,full_controls,event_coverage_by_alert,0.010702572069739343,0.006519176388836994,0.014969217423203597,participant,paired cluster percentile,2000,20360813
missing_stale_stress,mendeley_igt_official_v2,frozen_external_official_v2_same_task,history_baseline,uncertainty_gate_off,full_controls,alert_precision,0.06755290287574606,0.011904571594507963,0.11767125631120849,participant,paired cluster percentile,2000,20360813
missing_stale_stress,mendeley_igt_official_v2,frozen_external_official_v2_same_task,history_baseline,uncertainty_gate_off,full_controls,false_alerts_per_100,0.05084745762711873,-0.20338983050847448,0.3220338983050848,participant,paired cluster percentile,2000,20360813
missing_stale_stress,mendeley_igt_official_v2,frozen_external_official_v2_same_task,history_baseline,uncertainty_gate_off,full_controls,event_coverage_by_human_review,-0.00017262213015708638,-0.0011370018993681395,0.00098132617750077,participant,paired cluster percentile,2000,20360813
missing_stale_stress,mendeley_igt_official_v2,frozen_external_official_v2_same_task,history_baseline,uncertainty_gate_off,full_controls,non_event_human_reviews_per_100,0.03389830508474578,-0.008474576271186418,0.0847457627118644,participant,paired cluster percentile,2000,20360813
missing_stale_stress,mendeley_igt_official_v2,frozen_external_official_v2_same_task,history_baseline,uncertainty_gate_off,full_controls,auto_capacity_blocks_per_100,27.923728813559322,21.90614406779661,34.25444915254238,participant,paired cluster percentile,2000,20360813
missing_stale_stress,mendeley_igt_official_v2,frozen_external_official_v2_same_task,history_baseline,uncertainty_gate_off,full_controls,review_capacity_overflow_abstentions_per_100,2.906779661016948,1.5932203389830502,4.483050847457626,participant,paired cluster percentile,2000,20360813
missing_stale_stress,mendeley_igt_official_v2,frozen_external_official_v2_same_task,history_baseline,uncertainty_gate_off,full_controls,invalid_evidence_action_acceptance_rate,0.0,0.0,0.0,participant,paired cluster percentile,2000,20360813
missing_stale_stress,mendeley_igt_official_v2,frozen_external_official_v2_same_task,history_baseline,uncertainty_gate_off,full_controls,direct_evidence_gate_blocks_per_100,0.0,0.0,0.0,participant,paired cluster percentile,2000,20360813
missing_stale_stress,mendeley_igt_official_v2,frozen_external_official_v2_same_task,history_baseline,shared_capacity,full_controls,alert_rate,0.002796610169491523,0.0006779661016949184,0.0049999999999999975,participant,paired cluster percentile,2000,20360813
missing_stale_stress,mendeley_igt_official_v2,frozen_external_official_v2_same_task,history_baseline,shared_capacity,full_controls,human_review_rate,0.006101694915254237,0.002627118644067796,0.009915254237288135,participant,paired cluster percentile,2000,20360813
missing_stale_stress,mendeley_igt_official_v2,frozen_external_official_v2_same_task,history_baseline,shared_capacity,full_controls,abstain_rate,-0.006101694915254252,-0.009915254237288118,-0.0026271186440677274,participant,paired cluster percentile,2000,20360813
missing_stale_stress,mendeley_igt_official_v2,frozen_external_official_v2_same_task,history_baseline,shared_capacity,full_controls,no_action_rate,-0.0027966101694915646,-0.0050000000000000044,-0.0006779661016949046,participant,paired cluster percentile,2000,20360813
missing_stale_stress,mendeley_igt_official_v2,frozen_external_official_v2_same_task,history_baseline,shared_capacity,full_controls,event_coverage_by_alert,0.0029345762126704623,0.000660335092595897,0.005083095505557211,participant,paired cluster percentile,2000,20360813
missing_stale_stress,mendeley_igt_official_v2,frozen_external_official_v2_same_task,history_baseline,shared_capacity,full_controls,alert_precision,0.004420011264294643,-0.016501146233141157,0.02677396687516733,participant,paired cluster percentile,2000,20360813
missing_stale_stress,mendeley_igt_official_v2,frozen_external_official_v2_same_task,history_baseline,shared_capacity,full_controls,false_alerts_per_100,0.13559322033898313,-0.008474576271186418,0.27966101694915246,participant,paired cluster percentile,2000,20360813
missing_stale_stress,mendeley_igt_official_v2,frozen_external_official_v2_same_task,history_baseline,shared_capacity,full_controls,event_coverage_by_human_review,0.006904885206283445,0.0035260615792398723,0.010714833479404029,participant,paired cluster percentile,2000,20360813
missing_stale_stress,mendeley_igt_official_v2,frozen_external_official_v2_same_task,history_baseline,shared_capacity,full_controls,non_event_human_reviews_per_100,0.2711864406779661,0.05084745762711862,0.5169491525423728,participant,paired cluster percentile,2000,20360813
missing_stale_stress,mendeley_igt_official_v2,frozen_external_official_v2_same_task,history_baseline,shared_capacity,full_controls,auto_capacity_blocks_per_100,-0.27966101694915224,-0.5,-0.06779661016949134,participant,paired cluster percentile,2000,20360813
missing_stale_stress,mendeley_igt_official_v2,frozen_external_official_v2_same_task,history_baseline,shared_capacity,full_controls,review_capacity_overflow_abstentions_per_100,-0.6101694915254239,-0.9915254237288131,-0.26271186440678024,participant,paired cluster percentile,2000,20360813
missing_stale_stress,mendeley_igt_official_v2,frozen_external_official_v2_same_task,history_baseline,shared_capacity,full_controls,invalid_evidence_action_acceptance_rate,0.0,0.0,0.0,participant,paired cluster percentile,2000,20360813
missing_stale_stress,mendeley_igt_official_v2,frozen_external_official_v2_same_task,history_baseline,shared_capacity,full_controls,direct_evidence_gate_blocks_per_100,0.0,0.0,0.0,participant,paired cluster percentile,2000,20360813
missing_stale_stress,mendeley_igt_official_v2,frozen_external_official_v2_same_task,history_baseline,capacity_off,full_controls,alert_rate,0.3145762711864407,0.23465889830508474,0.4024597457627119,participant,paired cluster percentile,2000,20360813
missing_stale_stress,mendeley_igt_official_v2,frozen_external_official_v2_same_task,history_baseline,capacity_off,full_controls,human_review_rate,0.10508474576271187,0.06652330508474576,0.14942796610169481,participant,paired cluster percentile,2000,20360813
missing_stale_stress,mendeley_igt_official_v2,frozen_external_official_v2_same_task,history_baseline,capacity_off,full_controls,abstain_rate,-0.10508474576271187,-0.14942796610169493,-0.06652330508474576,participant,paired cluster percentile,2000,20360813
missing_stale_stress,mendeley_igt_official_v2,frozen_external_official_v2_same_task,history_baseline,capacity_off,full_controls,no_action_rate,-0.3145762711864407,-0.4024597457627119,-0.23465889830508474,participant,paired cluster percentile,2000,20360813
missing_stale_stress,mendeley_igt_official_v2,frozen_external_official_v2_same_task,history_baseline,capacity_off,full_controls,event_coverage_by_alert,0.3763162437424478,0.28969827349548616,0.46389451981043706,participant,paired cluster percentile,2000,20360813
missing_stale_stress,mendeley_igt_official_v2,frozen_external_official_v2_same_task,history_baseline,capacity_off,full_controls,alert_precision,0.11635906462157403,0.06612358477360027,0.16633854800255293,participant,paired cluster percentile,2000,20360813
missing_stale_stress,mendeley_igt_official_v2,frozen_external_official_v2_same_task,history_baseline,capacity_off,full_controls,false_alerts_per_100,12.983050847457628,9.846822033898306,16.263135593220337,participant,paired cluster percentile,2000,20360813
missing_stale_stress,mendeley_igt_official_v2,frozen_external_official_v2_same_task,history_baseline,capacity_off,full_controls,event_coverage_by_human_review,0.09097186259278439,0.05412567152176252,0.13613173224579034,participant,paired cluster percentile,2000,20360813
missing_stale_stress,mendeley_igt_official_v2,frozen_external_official_v2_same_task,history_baseline,capacity_off,full_controls,non_event_human_reviews_per_100,6.042372881355932,3.830508474576271,8.62012711864406,participant,paired cluster percentile,2000,20360813
missing_stale_stress,mendeley_igt_official_v2,frozen_external_official_v2_same_task,history_baseline,capacity_off,full_controls,auto_capacity_blocks_per_100,-31.45762711864407,-40.24597457627119,-23.465889830508473,participant,paired cluster percentile,2000,20360813
missing_stale_stress,mendeley_igt_official_v2,frozen_external_official_v2_same_task,history_baseline,capacity_off,full_controls,review_capacity_overflow_abstentions_per_100,-10.508474576271187,-14.942796610169491,-6.652330508474577,participant,paired cluster percentile,2000,20360813
missing_stale_stress,mendeley_igt_official_v2,frozen_external_official_v2_same_task,history_baseline,capacity_off,full_controls,invalid_evidence_action_acceptance_rate,0.0,0.0,0.0,participant,paired cluster percentile,2000,20360813
missing_stale_stress,mendeley_igt_official_v2,frozen_external_official_v2_same_task,history_baseline,capacity_off,full_controls,direct_evidence_gate_blocks_per_100,0.0,0.0,0.0,participant,paired cluster percentile,2000,20360813
missing_stale_stress,mendeley_igt_official_v2,frozen_external_official_v2_same_task,regularised_logistic,evidence_gate_off,full_controls,alert_rate,0.0,0.0,0.0,participant,paired cluster percentile,2000,20370813
missing_stale_stress,mendeley_igt_official_v2,frozen_external_official_v2_same_task,regularised_logistic,evidence_gate_off,full_controls,human_review_rate,0.0,0.0,0.0,participant,paired cluster percentile,2000,20370813
missing_stale_stress,mendeley_igt_official_v2,frozen_external_official_v2_same_task,regularised_logistic,evidence_gate_off,full_controls,abstain_rate,-0.07771186440677968,-0.08237288135593221,-0.07279661016949154,participant,paired cluster percentile,2000,20370813
missing_stale_stress,mendeley_igt_official_v2,frozen_external_official_v2_same_task,regularised_logistic,evidence_gate_off,full_controls,no_action_rate,0.07771186440677957,0.07279661016949157,0.08237288135593224,participant,paired cluster percentile,2000,20370813
missing_stale_stress,mendeley_igt_official_v2,frozen_external_official_v2_same_task,regularised_logistic,evidence_gate_off,full_controls,event_coverage_by_alert,-0.00017262213015709071,-0.0018302485640595406,0.0015379488932120472,participant,paired cluster percentile,2000,20370813
missing_stale_stress,mendeley_igt_official_v2,frozen_external_official_v2_same_task,regularised_logistic,evidence_gate_off,full_controls,alert_precision,-0.0021645021645021467,-0.023406755773777082,0.0193965517241379,participant,paired cluster percentile,2000,20370813
missing_stale_stress,mendeley_igt_official_v2,frozen_external_official_v2_same_task,regularised_logistic,evidence_gate_off,full_controls,false_alerts_per_100,0.008474576271186418,-0.07627118644067798,0.09322033898305082,participant,paired cluster percentile,2000,20370813
missing_stale_stress,mendeley_igt_official_v2,frozen_external_official_v2_same_task,regularised_logistic,evidence_gate_off,full_controls,event_coverage_by_human_review,0.0,-0.0006760554655571904,0.0006840267532442572,participant,paired cluster percentile,2000,20370813
missing_stale_stress,mendeley_igt_official_v2,frozen_external_official_v2_same_task,regularised_logistic,evidence_gate_off,full_controls,non_event_human_reviews_per_100,0.0,-0.03389830508474578,0.03389830508474573,participant,paired cluster percentile,2000,20370813
missing_stale_stress,mendeley_igt_official_v2,frozen_external_official_v2_same_task,regularised_logistic,evidence_gate_off,full_controls,auto_capacity_blocks_per_100,2.83050847457627,2.2796610169491522,3.3559322033898304,participant,paired cluster percentile,2000,20370813
missing_stale_stress,mendeley_igt_official_v2,frozen_external_official_v2_same_task,regularised_logistic,evidence_gate_off,full_controls,review_capacity_overflow_abstentions_per_100,0.9406779661016937,0.7457627118644066,1.1442796610169488,participant,paired cluster percentile,2000,20370813
missing_stale_stress,mendeley_igt_official_v2,frozen_external_official_v2_same_task,regularised_logistic,evidence_gate_off,full_controls,invalid_evidence_action_acceptance_rate,0.042218543046357616,0.0313499548042288,0.05319306307440513,participant,paired cluster percentile,2000,20370813
missing_stale_stress,mendeley_igt_official_v2,frozen_external_official_v2_same_task,regularised_logistic,evidence_gate_off,full_controls,direct_evidence_gate_blocks_per_100,-10.23728813559322,-10.73728813559322,-9.745762711864407,participant,paired cluster percentile,2000,20370813
missing_stale_stress,mendeley_igt_official_v2,frozen_external_official_v2_same_task,regularised_logistic,uncertainty_gate_off,full_controls,alert_rate,0.0,0.0,0.0,participant,paired cluster percentile,2000,20370813
missing_stale_stress,mendeley_igt_official_v2,frozen_external_official_v2_same_task,regularised_logistic,uncertainty_gate_off,full_controls,human_review_rate,0.0,0.0,0.0,participant,paired cluster percentile,2000,20370813
missing_stale_stress,mendeley_igt_official_v2,frozen_external_official_v2_same_task,regularised_logistic,uncertainty_gate_off,full_controls,abstain_rate,-0.11194915254237289,-0.12228813559322035,-0.10203177966101694,participant,paired cluster percentile,2000,20370813
missing_stale_stress,mendeley_igt_official_v2,frozen_external_official_v2_same_task,regularised_logistic,uncertainty_gate_off,full_controls,no_action_rate,0.11194915254237281,0.1020317796610169,0.12228813559322027,participant,paired cluster percentile,2000,20370813
missing_stale_stress,mendeley_igt_official_v2,frozen_external_official_v2_same_task,regularised_logistic,uncertainty_gate_off,full_controls,event_coverage_by_alert,0.0,0.0,0.0,participant,paired cluster percentile,2000,20370813
missing_stale_stress,mendeley_igt_official_v2,frozen_external_official_v2_same_task,regularised_logistic,uncertainty_gate_off,full_controls,alert_precision,0.0,0.0,0.0,participant,paired cluster percentile,2000,20370813
missing_stale_stress,mendeley_igt_official_v2,frozen_external_official_v2_same_task,regularised_logistic,uncertainty_gate_off,full_controls,false_alerts_per_100,0.0,0.0,0.0,participant,paired cluster percentile,2000,20370813
missing_stale_stress,mendeley_igt_official_v2,frozen_external_official_v2_same_task,regularised_logistic,uncertainty_gate_off,full_controls,event_coverage_by_human_review,0.0,0.0,0.0,participant,paired cluster percentile,2000,20370813
missing_stale_stress,mendeley_igt_official_v2,frozen_external_official_v2_same_task,regularised_logistic,uncertainty_gate_off,full_controls,non_event_human_reviews_per_100,0.0,0.0,0.0,participant,paired cluster percentile,2000,20370813
missing_stale_stress,mendeley_igt_official_v2,frozen_external_official_v2_same_task,regularised_logistic,uncertainty_gate_off,full_controls,auto_capacity_blocks_per_100,0.0,0.0,0.0,participant,paired cluster percentile,2000,20370813
missing_stale_stress,mendeley_igt_official_v2,frozen_external_official_v2_same_task,regularised_logistic,uncertainty_gate_off,full_controls,review_capacity_overflow_abstentions_per_100,0.0,0.0,0.0,participant,paired cluster percentile,2000,20370813
missing_stale_stress,mendeley_igt_official_v2,frozen_external_official_v2_same_task,regularised_logistic,uncertainty_gate_off,full_controls,invalid_evidence_action_acceptance_rate,0.0,0.0,0.0,participant,paired cluster percentile,2000,20370813
missing_stale_stress,mendeley_igt_official_v2,frozen_external_official_v2_same_task,regularised_logistic,uncertainty_gate_off,full_controls,direct_evidence_gate_blocks_per_100,0.0,0.0,0.0,participant,paired cluster percentile,2000,20370813
missing_stale_stress,mendeley_igt_official_v2,frozen_external_official_v2_same_task,regularised_logistic,shared_capacity,full_controls,alert_rate,-0.001440677966101693,-0.003050847457627119,8.474576271187001e-05,participant,paired cluster percentile,2000,20370813
missing_stale_stress,mendeley_igt_official_v2,frozen_external_official_v2_same_task,regularised_logistic,shared_capacity,full_controls,human_review_rate,0.0022881355932203393,0.0005084745762711871,0.004491525423728814,participant,paired cluster percentile,2000,20370813
missing_stale_stress,mendeley_igt_official_v2,frozen_external_official_v2_same_task,regularised_logistic,shared_capacity,full_controls,abstain_rate,-0.0022881355932203307,-0.004491525423728826,-0.0005084745762711784,participant,paired cluster percentile,2000,20370813
missing_stale_stress,mendeley_igt_official_v2,frozen_external_official_v2_same_task,regularised_logistic,shared_capacity,full_controls,no_action_rate,0.0014406779661017,-8.474576271189083e-05,0.0030508474576270705,participant,paired cluster percentile,2000,20370813
missing_stale_stress,mendeley_igt_official_v2,frozen_external_official_v2_same_task,regularised_logistic,shared_capacity,full_controls,event_coverage_by_alert,-0.0012083549110996072,-0.0032319522451421945,0.0006960395679672034,participant,paired cluster percentile,2000,20370813
missing_stale_stress,mendeley_igt_official_v2,frozen_external_official_v2_same_task,regularised_logistic,shared_capacity,full_controls,alert_precision,0.003618853057055338,-0.013249563834154307,0.019877629947334285,participant,paired cluster percentile,2000,20370813
missing_stale_stress,mendeley_igt_official_v2,frozen_external_official_v2_same_task,regularised_logistic,shared_capacity,full_controls,false_alerts_per_100,-0.0847457627118644,-0.19491525423728828,0.016949152542372836,participant,paired cluster percentile,2000,20370813
missing_stale_stress,mendeley_igt_official_v2,frozen_external_official_v2_same_task,regularised_logistic,shared_capacity,full_controls,event_coverage_by_human_review,0.002071465561885033,0.0,0.004579890464671294,participant,paired cluster percentile,2000,20370813
missing_stale_stress,mendeley_igt_official_v2,frozen_external_official_v2_same_task,regularised_logistic,shared_capacity,full_controls,non_event_human_reviews_per_100,0.1271186440677966,0.008474576271186418,0.2627118644067796,participant,paired cluster percentile,2000,20370813
missing_stale_stress,mendeley_igt_official_v2,frozen_external_official_v2_same_task,regularised_logistic,shared_capacity,full_controls,auto_capacity_blocks_per_100,0.14406779661016955,-0.008474576271186862,0.30508474576271283,participant,paired cluster percentile,2000,20370813
missing_stale_stress,mendeley_igt_official_v2,frozen_external_official_v2_same_task,regularised_logistic,shared_capacity,full_controls,review_capacity_overflow_abstentions_per_100,-0.22881355932203462,-0.4491525423728815,-0.05084745762711851,participant,paired cluster percentile,2000,20370813
missing_stale_stress,mendeley_igt_official_v2,frozen_external_official_v2_same_task,regularised_logistic,shared_capacity,full_controls,invalid_evidence_action_acceptance_rate,0.0,0.0,0.0,participant,paired cluster percentile,2000,20370813
missing_stale_stress,mendeley_igt_official_v2,frozen_external_official_v2_same_task,regularised_logistic,shared_capacity,full_controls,direct_evidence_gate_blocks_per_100,0.0,0.0,0.0,participant,paired cluster percentile,2000,20370813
missing_stale_stress,mendeley_igt_official_v2,frozen_external_official_v2_same_task,regularised_logistic,capacity_off,full_controls,alert_rate,0.2173728813559322,0.17889618644067798,0.2550889830508475,participant,paired cluster percentile,2000,20370813
missing_stale_stress,mendeley_igt_official_v2,frozen_external_official_v2_same_task,regularised_logistic,capacity_off,full_controls,human_review_rate,0.07508474576271187,0.06559110169491526,0.08483050847457628,participant,paired cluster percentile,2000,20370813
missing_stale_stress,mendeley_igt_official_v2,frozen_external_official_v2_same_task,regularised_logistic,capacity_off,full_controls,abstain_rate,-0.07508474576271187,-0.08483050847457624,-0.06559110169491526,participant,paired cluster percentile,2000,20370813
missing_stale_stress,mendeley_igt_official_v2,frozen_external_official_v2_same_task,regularised_logistic,capacity_off,full_controls,no_action_rate,-0.21737288135593225,-0.25508898305084743,-0.17889618644067795,participant,paired cluster percentile,2000,20370813
missing_stale_stress,mendeley_igt_official_v2,frozen_external_official_v2_same_task,regularised_logistic,capacity_off,full_controls,event_coverage_by_alert,0.3038149490764716,0.2519280698491298,0.3532265454840445,participant,paired cluster percentile,2000,20370813
missing_stale_stress,mendeley_igt_official_v2,frozen_external_official_v2_same_task,regularised_logistic,capacity_off,full_controls,alert_precision,0.15224451795314042,0.10455662257448996,0.19890774569894423,participant,paired cluster percentile,2000,20370813
missing_stale_stress,mendeley_igt_official_v2,frozen_external_official_v2_same_task,regularised_logistic,capacity_off,full_controls,false_alerts_per_100,6.822033898305085,5.711864406779661,7.932415254237287,participant,paired cluster percentile,2000,20370813
missing_stale_stress,mendeley_igt_official_v2,frozen_external_official_v2_same_task,regularised_logistic,capacity_off,full_controls,event_coverage_by_human_review,0.08786466424995684,0.0771491821933892,0.09966979470343064,participant,paired cluster percentile,2000,20370813
missing_stale_stress,mendeley_igt_official_v2,frozen_external_official_v2_same_task,regularised_logistic,capacity_off,full_controls,non_event_human_reviews_per_100,3.194915254237288,2.6186440677966103,3.8307203389830495,participant,paired cluster percentile,2000,20370813
missing_stale_stress,mendeley_igt_official_v2,frozen_external_official_v2_same_task,regularised_logistic,capacity_off,full_controls,auto_capacity_blocks_per_100,-21.73728813559322,-25.508898305084745,-17.8896186440678,participant,paired cluster percentile,2000,20370813
missing_stale_stress,mendeley_igt_official_v2,frozen_external_official_v2_same_task,regularised_logistic,capacity_off,full_controls,review_capacity_overflow_abstentions_per_100,-7.508474576271187,-8.483050847457626,-6.559110169491527,participant,paired cluster percentile,2000,20370813
missing_stale_stress,mendeley_igt_official_v2,frozen_external_official_v2_same_task,regularised_logistic,capacity_off,full_controls,invalid_evidence_action_acceptance_rate,0.0,0.0,0.0,participant,paired cluster percentile,2000,20370813
missing_stale_stress,mendeley_igt_official_v2,frozen_external_official_v2_same_task,regularised_logistic,capacity_off,full_controls,direct_evidence_gate_blocks_per_100,0.0,0.0,0.0,participant,paired cluster percentile,2000,20370813
