metric_family,dataset_id,evaluation_scope,model_name,cap_label,automated_alert_cap,metric,estimate,ci_low,ci_high,confidence_level,bootstrap_unit,bootstrap_method,bootstrap_replicates,bootstrap_seed,finite_replicates
prediction,many_labs_igt,participant_grouped_outer_cv,hist_gradient_boosting,not_applicable,,auroc,0.8035643976935193,0.7914898649036194,0.8151134368162755,0.95,participant,cluster percentile; participants sampled with replacement,2000,20260813,2000
prediction,many_labs_igt,participant_grouped_outer_cv,hist_gradient_boosting,not_applicable,,average_precision,0.7612322353421188,0.7460222421079439,0.7756700023342961,0.95,participant,cluster percentile; participants sampled with replacement,2000,20260813,2000
prediction,many_labs_igt,participant_grouped_outer_cv,hist_gradient_boosting,not_applicable,,brier_score,0.17975258402830155,0.17454707922474266,0.1849406517059693,0.95,participant,cluster percentile; participants sampled with replacement,2000,20260813,2000
prediction,many_labs_igt,participant_grouped_outer_cv,hist_gradient_boosting,not_applicable,,balanced_accuracy_at_0_5,0.7181992131708423,0.7076430541556813,0.7286547072633113,0.95,participant,cluster percentile; participants sampled with replacement,2000,20260813,2000
prediction,many_labs_igt,participant_grouped_outer_cv,history_baseline,not_applicable,,auroc,0.668350835848984,0.6543709463845281,0.6824768337057924,0.95,participant,cluster percentile; participants sampled with replacement,2000,20270813,2000
prediction,many_labs_igt,participant_grouped_outer_cv,history_baseline,not_applicable,,average_precision,0.6147466886045403,0.5957484012965848,0.6337274745086037,0.95,participant,cluster percentile; participants sampled with replacement,2000,20270813,2000
prediction,many_labs_igt,participant_grouped_outer_cv,history_baseline,not_applicable,,brier_score,0.22823925370976345,0.22423610414506084,0.23188626237905302,0.95,participant,cluster percentile; participants sampled with replacement,2000,20270813,2000
prediction,many_labs_igt,participant_grouped_outer_cv,history_baseline,not_applicable,,balanced_accuracy_at_0_5,0.6175563561238775,0.6068477544446592,0.628518521678171,0.95,participant,cluster percentile; participants sampled with replacement,2000,20270813,2000
prediction,many_labs_igt,participant_grouped_outer_cv,regularised_logistic,not_applicable,,auroc,0.7476685697459046,0.7313225409936281,0.7619446485175486,0.95,participant,cluster percentile; participants sampled with replacement,2000,20280813,2000
prediction,many_labs_igt,participant_grouped_outer_cv,regularised_logistic,not_applicable,,average_precision,0.6947896120557608,0.6775115875932913,0.7105455459154869,0.95,participant,cluster percentile; participants sampled with replacement,2000,20280813,2000
prediction,many_labs_igt,participant_grouped_outer_cv,regularised_logistic,not_applicable,,brier_score,0.20220545685774874,0.1967009685375784,0.20818850786847723,0.95,participant,cluster percentile; participants sampled with replacement,2000,20280813,2000
prediction,many_labs_igt,participant_grouped_outer_cv,regularised_logistic,not_applicable,,balanced_accuracy_at_0_5,0.6668227379372125,0.6535702546916035,0.679301260772804,0.95,participant,cluster percentile; participants sampled with replacement,2000,20280813,2000
prediction,mendeley_igt_official_v2,frozen_external_official_v2_same_task,hist_gradient_boosting,not_applicable,,auroc,0.754361539364096,0.7223977772573136,0.7811821459171319,0.95,participant,cluster percentile; participants sampled with replacement,2000,20290813,2000
prediction,mendeley_igt_official_v2,frozen_external_official_v2_same_task,hist_gradient_boosting,not_applicable,,average_precision,0.7318021948422422,0.6984164076920762,0.7603758076995166,0.95,participant,cluster percentile; participants sampled with replacement,2000,20290813,2000
prediction,mendeley_igt_official_v2,frozen_external_official_v2_same_task,hist_gradient_boosting,not_applicable,,brier_score,0.20148031515547007,0.191079642801875,0.21233995241831852,0.95,participant,cluster percentile; participants sampled with replacement,2000,20290813,2000
prediction,mendeley_igt_official_v2,frozen_external_official_v2_same_task,hist_gradient_boosting,not_applicable,,balanced_accuracy_at_0_5,0.6843931949925156,0.659334968789292,0.7071202811314475,0.95,participant,cluster percentile; participants sampled with replacement,2000,20290813,2000
prediction,mendeley_igt_official_v2,frozen_external_official_v2_same_task,history_baseline,not_applicable,,auroc,0.6121017797551398,0.5803958993664258,0.6406813545797946,0.95,participant,cluster percentile; participants sampled with replacement,2000,20300813,2000
prediction,mendeley_igt_official_v2,frozen_external_official_v2_same_task,history_baseline,not_applicable,,average_precision,0.5721194215525633,0.5405667078927672,0.5956193648673861,0.95,participant,cluster percentile; participants sampled with replacement,2000,20300813,2000
prediction,mendeley_igt_official_v2,frozen_external_official_v2_same_task,history_baseline,not_applicable,,brier_score,0.23958647174662412,0.23330037086418945,0.244963862609493,0.95,participant,cluster percentile; participants sampled with replacement,2000,20300813,2000
prediction,mendeley_igt_official_v2,frozen_external_official_v2_same_task,history_baseline,not_applicable,,balanced_accuracy_at_0_5,0.5860497323581089,0.5619307788611314,0.6090170954361307,0.95,participant,cluster percentile; participants sampled with replacement,2000,20300813,2000
prediction,mendeley_igt_official_v2,frozen_external_official_v2_same_task,regularised_logistic,not_applicable,,auroc,0.6749244817693701,0.6329528478237055,0.7142015249887563,0.95,participant,cluster percentile; participants sampled with replacement,2000,20310813,2000
prediction,mendeley_igt_official_v2,frozen_external_official_v2_same_task,regularised_logistic,not_applicable,,average_precision,0.6490796583032852,0.6074068848617603,0.6854317603194039,0.95,participant,cluster percentile; participants sampled with replacement,2000,20310813,2000
prediction,mendeley_igt_official_v2,frozen_external_official_v2_same_task,regularised_logistic,not_applicable,,brier_score,0.22943721251720237,0.21579046911870414,0.24209245444657926,0.95,participant,cluster percentile; participants sampled with replacement,2000,20310813,2000
prediction,mendeley_igt_official_v2,frozen_external_official_v2_same_task,regularised_logistic,not_applicable,,balanced_accuracy_at_0_5,0.6159962091525018,0.5827582068619271,0.647783452529714,0.95,participant,cluster percentile; participants sampled with replacement,2000,20310813,2000
route_workload,many_labs_igt,participant_grouped_outer_cv,hist_gradient_boosting,2,2.0,alert_rate,0.018444193912063134,0.01816156733325408,0.01873105117860038,0.95,participant,cluster percentile; participants sampled with replacement,2000,21260813,2000
route_workload,many_labs_igt,participant_grouped_outer_cv,hist_gradient_boosting,2,2.0,human_review_rate,0.01836903419767005,0.018109114630576666,0.018633919457488886,0.95,participant,cluster percentile; participants sampled with replacement,2000,21260813,2000
route_workload,many_labs_igt,participant_grouped_outer_cv,hist_gradient_boosting,2,2.0,abstain_rate,0.23266441187523487,0.2209325728220232,0.24521969846184147,0.95,participant,cluster percentile; participants sampled with replacement,2000,21260813,2000
route_workload,many_labs_igt,participant_grouped_outer_cv,hist_gradient_boosting,2,2.0,no_action_rate,0.7305223600150319,0.7179243894648746,0.7422791657397705,0.95,participant,cluster percentile; participants sampled with replacement,2000,21260813,2000
route_workload,many_labs_igt,participant_grouped_outer_cv,hist_gradient_boosting,2,2.0,action_route_rate,0.036813228109733184,0.03628006927311024,0.03735961989968692,0.95,participant,cluster percentile; participants sampled with replacement,2000,21260813,2000
route_workload,many_labs_igt,participant_grouped_outer_cv,hist_gradient_boosting,2,2.0,event_coverage_by_action,0.053857302852625334,0.0516211323904947,0.05631495250176218,0.95,participant,cluster percentile; participants sampled with replacement,2000,21260813,2000
route_workload,many_labs_igt,participant_grouped_outer_cv,hist_gradient_boosting,2,2.0,action_precision,0.6676194365046958,0.6491645781119465,0.6860761068270956,0.95,participant,cluster percentile; participants sampled with replacement,2000,21260813,2000
route_workload,many_labs_igt,participant_grouped_outer_cv,hist_gradient_boosting,2,2.0,false_actions_per_100,1.2236001503194287,1.1548399328741874,1.2952023450812047,0.95,participant,cluster percentile; participants sampled with replacement,2000,21260813,2000
route_workload,many_labs_igt,participant_grouped_outer_cv,hist_gradient_boosting,2,2.0,event_coverage_by_alert,0.029942683971276106,0.02855659209292696,0.031391395154142035,0.95,participant,cluster percentile; participants sampled with replacement,2000,21260813,2000
route_workload,many_labs_igt,participant_grouped_outer_cv,hist_gradient_boosting,2,2.0,alert_precision,0.7408312958435208,0.7155565233351577,0.7638447792254796,0.95,participant,cluster percentile; participants sampled with replacement,2000,21260813,2000
route_workload,many_labs_igt,participant_grouped_outer_cv,hist_gradient_boosting,2,2.0,false_alerts_per_100,0.47801578354002255,0.4339609048467755,0.5254958184143115,0.95,participant,cluster percentile; participants sampled with replacement,2000,21260813,2000
route_workload,many_labs_igt,participant_grouped_outer_cv,hist_gradient_boosting,2,2.0,auto_capacity_blocks_per_100,23.828635851183765,22.331622221424787,25.24608282766066,0.95,participant,cluster percentile; participants sampled with replacement,2000,21260813,2000
route_workload,many_labs_igt,participant_grouped_outer_cv,hist_gradient_boosting,4,4.0,alert_rate,0.0367380683953401,0.036143836983190826,0.037344660536114946,0.95,participant,cluster percentile; participants sampled with replacement,2000,21270813,2000
route_workload,many_labs_igt,participant_grouped_outer_cv,hist_gradient_boosting,4,4.0,human_review_rate,0.01836903419767005,0.01810171509868141,0.018644723485258984,0.95,participant,cluster percentile; participants sampled with replacement,2000,21270813,2000
route_workload,many_labs_igt,participant_grouped_outer_cv,hist_gradient_boosting,4,4.0,abstain_rate,0.23266441187523487,0.22051240843175363,0.24458036274238285,0.95,participant,cluster percentile; participants sampled with replacement,2000,21270813,2000
route_workload,many_labs_igt,participant_grouped_outer_cv,hist_gradient_boosting,4,4.0,no_action_rate,0.712228485531755,0.7000371027196977,0.7247440164121267,0.95,participant,cluster percentile; participants sampled with replacement,2000,21270813,2000
route_workload,many_labs_igt,participant_grouped_outer_cv,hist_gradient_boosting,4,4.0,action_route_rate,0.055107102593010146,0.05429345452942927,0.05597146586122788,0.95,participant,cluster percentile; participants sampled with replacement,2000,21270813,2000
route_workload,many_labs_igt,participant_grouped_outer_cv,hist_gradient_boosting,4,4.0,event_coverage_by_action,0.08508465643323013,0.08203423888077065,0.08865964779247824,0.95,participant,cluster percentile; participants sampled with replacement,2000,21270813,2000
route_workload,many_labs_igt,participant_grouped_outer_cv,hist_gradient_boosting,4,4.0,action_precision,0.704582651391162,0.6892453536970343,0.7201361341507393,0.95,participant,cluster percentile; participants sampled with replacement,2000,21270813,2000
route_workload,many_labs_igt,participant_grouped_outer_cv,hist_gradient_boosting,4,4.0,false_actions_per_100,1.6279594137542277,1.5346894125863018,1.718222027892538,0.95,participant,cluster percentile; participants sampled with replacement,2000,21270813,2000
route_workload,many_labs_igt,participant_grouped_outer_cv,hist_gradient_boosting,4,4.0,event_coverage_by_alert,0.061170037551880885,0.0588780360168111,0.06361901267693951,0.95,participant,cluster percentile; participants sampled with replacement,2000,21270813,2000
route_workload,many_labs_igt,participant_grouped_outer_cv,hist_gradient_boosting,4,4.0,alert_precision,0.7598199672667758,0.7399664155826852,0.778050778050778,0.95,participant,cluster percentile; participants sampled with replacement,2000,21270813,2000
route_workload,many_labs_igt,participant_grouped_outer_cv,hist_gradient_boosting,4,4.0,false_alerts_per_100,0.8823750469748215,0.8120309330146499,0.9568610663259978,0.95,participant,cluster percentile; participants sampled with replacement,2000,21270813,2000
route_workload,many_labs_igt,participant_grouped_outer_cv,hist_gradient_boosting,4,4.0,auto_capacity_blocks_per_100,21.999248402856068,20.596653004789268,23.514740439353638,0.95,participant,cluster percentile; participants sampled with replacement,2000,21270813,2000
route_workload,many_labs_igt,participant_grouped_outer_cv,hist_gradient_boosting,6,6.0,alert_rate,0.05452085682074408,0.05362618298488261,0.05547381799979883,0.95,participant,cluster percentile; participants sampled with replacement,2000,21280813,2000
route_workload,many_labs_igt,participant_grouped_outer_cv,hist_gradient_boosting,6,6.0,human_review_rate,0.01836903419767005,0.018098405775083114,0.018644723485258984,0.95,participant,cluster percentile; participants sampled with replacement,2000,21280813,2000
route_workload,many_labs_igt,participant_grouped_outer_cv,hist_gradient_boosting,6,6.0,abstain_rate,0.23266441187523487,0.22073814988091134,0.2446381893910379,0.95,participant,cluster percentile; participants sampled with replacement,2000,21280813,2000
route_workload,many_labs_igt,participant_grouped_outer_cv,hist_gradient_boosting,6,6.0,no_action_rate,0.694445697106351,0.6824151734552907,0.7064369850808243,0.95,participant,cluster percentile; participants sampled with replacement,2000,21280813,2000
route_workload,many_labs_igt,participant_grouped_outer_cv,hist_gradient_boosting,6,6.0,action_route_rate,0.07288989101841413,0.07177391373515923,0.0740464853053987,0.95,participant,cluster percentile; participants sampled with replacement,2000,21280813,2000
route_workload,many_labs_igt,participant_grouped_outer_cv,hist_gradient_boosting,6,6.0,event_coverage_by_action,0.11591672705711839,0.11169392710099298,0.12031733195246153,0.95,participant,cluster percentile; participants sampled with replacement,2000,21280813,2000
route_workload,many_labs_igt,participant_grouped_outer_cv,hist_gradient_boosting,6,6.0,action_precision,0.7257166426067231,0.7117598442208781,0.7402732437604691,0.95,participant,cluster percentile; participants sampled with replacement,2000,21280813,2000
route_workload,many_labs_igt,participant_grouped_outer_cv,hist_gradient_boosting,6,6.0,false_actions_per_100,1.999248402856069,1.89176297010679,2.103299091022519,0.95,participant,cluster percentile; participants sampled with replacement,2000,21280813,2000
route_workload,many_labs_igt,participant_grouped_outer_cv,hist_gradient_boosting,6,6.0,event_coverage_by_alert,0.09200210817576915,0.08872246090422102,0.09551682864244394,0.95,participant,cluster percentile; participants sampled with replacement,2000,21280813,2000
route_workload,many_labs_igt,participant_grouped_outer_cv,hist_gradient_boosting,6,6.0,alert_precision,0.7700578990901572,0.7544422160234536,0.7863446140881737,0.95,participant,cluster percentile; participants sampled with replacement,2000,21280813,2000
route_workload,many_labs_igt,participant_grouped_outer_cv,hist_gradient_boosting,6,6.0,false_alerts_per_100,1.2536640360766629,1.1609995390330035,1.3442144762272863,0.95,participant,cluster percentile; participants sampled with replacement,2000,21280813,2000
route_workload,many_labs_igt,participant_grouped_outer_cv,hist_gradient_boosting,6,6.0,auto_capacity_blocks_per_100,20.22096956031567,18.788057385027606,21.70442299321037,0.95,participant,cluster percentile; participants sampled with replacement,2000,21280813,2000
route_workload,many_labs_igt,participant_grouped_outer_cv,hist_gradient_boosting,8,8.0,alert_rate,0.07176249530251785,0.07050491747977093,0.07300770243623352,0.95,participant,cluster percentile; participants sampled with replacement,2000,21290813,2000
route_workload,many_labs_igt,participant_grouped_outer_cv,hist_gradient_boosting,8,8.0,human_review_rate,0.01836903419767005,0.018093481518486495,0.018634424336321835,0.95,participant,cluster percentile; participants sampled with replacement,2000,21290813,2000
route_workload,many_labs_igt,participant_grouped_outer_cv,hist_gradient_boosting,8,8.0,abstain_rate,0.23266441187523487,0.22081954443684576,0.24517936284378758,0.95,participant,cluster percentile; participants sampled with replacement,2000,21290813,2000
route_workload,many_labs_igt,participant_grouped_outer_cv,hist_gradient_boosting,8,8.0,no_action_rate,0.6772040586245772,0.6643531418424352,0.6894828323757071,0.95,participant,cluster percentile; participants sampled with replacement,2000,21290813,2000
route_workload,many_labs_igt,participant_grouped_outer_cv,hist_gradient_boosting,8,8.0,action_route_rate,0.09013152950018789,0.08864878048956781,0.09157618699839706,0.95,participant,cluster percentile; participants sampled with replacement,2000,21290813,2000
route_workload,many_labs_igt,participant_grouped_outer_cv,hist_gradient_boosting,8,8.0,event_coverage_by_action,0.14473944265103103,0.13956791362711993,0.14997199135918562,0.95,participant,cluster percentile; participants sampled with replacement,2000,21290813,2000
route_workload,many_labs_igt,participant_grouped_outer_cv,hist_gradient_boosting,8,8.0,action_precision,0.7328218812541695,0.7190341187898065,0.7460264815860358,0.95,participant,cluster percentile; participants sampled with replacement,2000,21290813,2000
route_workload,many_labs_igt,participant_grouped_outer_cv,hist_gradient_boosting,8,8.0,false_actions_per_100,2.4081172491544534,2.280300946930387,2.5372600524935636,0.95,participant,cluster percentile; participants sampled with replacement,2000,21290813,2000
route_workload,many_labs_igt,participant_grouped_outer_cv,hist_gradient_boosting,8,8.0,event_coverage_by_alert,0.1208248237696818,0.11646879851350753,0.12534122222550154,0.95,participant,cluster percentile; participants sampled with replacement,2000,21290813,2000
route_workload,many_labs_igt,participant_grouped_outer_cv,hist_gradient_boosting,8,8.0,alert_precision,0.7683284457478006,0.7528777568422699,0.7833684151441161,0.95,participant,cluster percentile; participants sampled with replacement,2000,21290813,2000
route_workload,many_labs_igt,participant_grouped_outer_cv,hist_gradient_boosting,8,8.0,false_alerts_per_100,1.662532882375047,1.5540857343871135,1.7816276175549444,0.95,participant,cluster percentile; participants sampled with replacement,2000,21290813,2000
route_workload,many_labs_igt,participant_grouped_outer_cv,hist_gradient_boosting,8,8.0,auto_capacity_blocks_per_100,18.496805712138293,17.028579863099644,19.947076772583966,0.95,participant,cluster percentile; participants sampled with replacement,2000,21290813,2000
route_workload,many_labs_igt,participant_grouped_outer_cv,hist_gradient_boosting,effective_unbounded,151.0,alert_rate,0.2567305524239008,0.24245338517488402,0.2719578656577508,0.95,participant,cluster percentile; participants sampled with replacement,2000,21300813,2000
route_workload,many_labs_igt,participant_grouped_outer_cv,hist_gradient_boosting,effective_unbounded,151.0,human_review_rate,0.01836903419767005,0.018115928523735746,0.018635710865447824,0.95,participant,cluster percentile; participants sampled with replacement,2000,21300813,2000
route_workload,many_labs_igt,participant_grouped_outer_cv,hist_gradient_boosting,effective_unbounded,151.0,abstain_rate,0.23266441187523487,0.22042093282545572,0.24489609169038484,0.95,participant,cluster percentile; participants sampled with replacement,2000,21300813,2000
route_workload,many_labs_igt,participant_grouped_outer_cv,hist_gradient_boosting,effective_unbounded,151.0,no_action_rate,0.4922360015031943,0.47574729392493964,0.5079968400636119,0.95,participant,cluster percentile; participants sampled with replacement,2000,21300813,2000
route_workload,many_labs_igt,participant_grouped_outer_cv,hist_gradient_boosting,effective_unbounded,151.0,action_route_rate,0.27509958662157086,0.2609120833998433,0.29037408419046784,0.95,participant,cluster percentile; participants sampled with replacement,2000,21300813,2000
route_workload,many_labs_igt,participant_grouped_outer_cv,hist_gradient_boosting,effective_unbounded,151.0,event_coverage_by_action,0.46811384149153434,0.44615567796369615,0.49110796261831147,0.95,participant,cluster percentile; participants sampled with replacement,2000,21300813,2000
route_workload,many_labs_igt,participant_grouped_outer_cv,hist_gradient_boosting,effective_unbounded,151.0,action_precision,0.7765149445385499,0.7649559252546164,0.7878423534595815,0.95,participant,cluster percentile; participants sampled with replacement,2000,21300813,2000
route_workload,many_labs_igt,participant_grouped_outer_cv,hist_gradient_boosting,effective_unbounded,151.0,false_actions_per_100,6.148064637354378,5.868133059354665,6.421206033000205,0.95,participant,cluster percentile; participants sampled with replacement,2000,21300813,2000
route_workload,many_labs_igt,participant_grouped_outer_cv,hist_gradient_boosting,effective_unbounded,151.0,event_coverage_by_alert,0.44419922261018513,0.421906662044733,0.4667658023311533,0.95,participant,cluster percentile; participants sampled with replacement,2000,21300813,2000
route_workload,many_labs_igt,participant_grouped_outer_cv,hist_gradient_boosting,effective_unbounded,151.0,alert_precision,0.789566133848586,0.7781793347166654,0.8011323732701555,0.95,participant,cluster percentile; participants sampled with replacement,2000,21300813,2000
route_workload,many_labs_igt,participant_grouped_outer_cv,hist_gradient_boosting,effective_unbounded,151.0,false_alerts_per_100,5.402480270574972,5.1333237522383826,5.6729407593485135,0.95,participant,cluster percentile; participants sampled with replacement,2000,21300813,2000
route_workload,many_labs_igt,participant_grouped_outer_cv,hist_gradient_boosting,effective_unbounded,151.0,auto_capacity_blocks_per_100,0.0,0.0,0.0,0.95,participant,cluster percentile; participants sampled with replacement,2000,21300813,2000
route_workload,many_labs_igt,participant_grouped_outer_cv,history_baseline,2,2.0,alert_rate,0.017121382938744833,0.016655413839741867,0.0175556197887723,0.95,participant,cluster percentile; participants sampled with replacement,2000,21310813,2000
route_workload,many_labs_igt,participant_grouped_outer_cv,history_baseline,2,2.0,human_review_rate,0.013092822247275461,0.012466313734890128,0.013718328804852072,0.95,participant,cluster percentile; participants sampled with replacement,2000,21310813,2000
route_workload,many_labs_igt,participant_grouped_outer_cv,history_baseline,2,2.0,abstain_rate,0.3811950394588501,0.3575239642944199,0.4048355995698085,0.95,participant,cluster percentile; participants sampled with replacement,2000,21310813,2000
route_workload,many_labs_igt,participant_grouped_outer_cv,history_baseline,2,2.0,no_action_rate,0.5885907553551296,0.5646321244878668,0.6125157917588907,0.95,participant,cluster percentile; participants sampled with replacement,2000,21310813,2000
route_workload,many_labs_igt,participant_grouped_outer_cv,history_baseline,2,2.0,action_route_rate,0.030214205186020294,0.029423055404245106,0.031027510230720704,0.95,participant,cluster percentile; participants sampled with replacement,2000,21310813,2000
route_workload,many_labs_igt,participant_grouped_outer_cv,history_baseline,2,2.0,event_coverage_by_action,0.03580604782923776,0.03396115687180332,0.037692771269513335,0.95,participant,cluster percentile; participants sampled with replacement,2000,21310813,2000
route_workload,many_labs_igt,participant_grouped_outer_cv,history_baseline,2,2.0,action_precision,0.5407960199004975,0.5203964922411751,0.5620728242617501,0.95,participant,cluster percentile; participants sampled with replacement,2000,21310813,2000
route_workload,many_labs_igt,participant_grouped_outer_cv,history_baseline,2,2.0,false_actions_per_100,1.3874483276963547,1.309343629067836,1.463458104667938,0.95,participant,cluster percentile; participants sampled with replacement,2000,21310813,2000
route_workload,many_labs_igt,participant_grouped_outer_cv,history_baseline,2,2.0,event_coverage_by_alert,0.022399367547269254,0.02098385126361147,0.02387761273965239,0.95,participant,cluster percentile; participants sampled with replacement,2000,21310813,2000
route_workload,many_labs_igt,participant_grouped_outer_cv,history_baseline,2,2.0,alert_precision,0.5970149253731343,0.5664249011857708,0.6270605685447546,0.95,participant,cluster percentile; participants sampled with replacement,2000,21310813,2000
route_workload,many_labs_igt,participant_grouped_outer_cv,history_baseline,2,2.0,false_alerts_per_100,0.6899661781285231,0.6360687630245948,0.7444586449544552,0.95,participant,cluster percentile; participants sampled with replacement,2000,21310813,2000
route_workload,many_labs_igt,participant_grouped_outer_cv,history_baseline,2,2.0,auto_capacity_blocks_per_100,39.915821119879745,37.20487108539286,42.64688308985654,0.95,participant,cluster percentile; participants sampled with replacement,2000,21310813,2000
route_workload,many_labs_igt,participant_grouped_outer_cv,history_baseline,4,4.0,alert_rate,0.03352123261931605,0.03257721792543457,0.03446185840014567,0.95,participant,cluster percentile; participants sampled with replacement,2000,21320813,2000
route_workload,many_labs_igt,participant_grouped_outer_cv,history_baseline,4,4.0,human_review_rate,0.013092822247275461,0.012484921019170798,0.013714166933239909,0.95,participant,cluster percentile; participants sampled with replacement,2000,21320813,2000
route_workload,many_labs_igt,participant_grouped_outer_cv,history_baseline,4,4.0,abstain_rate,0.3811950394588501,0.35620598304720485,0.40501859390055256,0.95,participant,cluster percentile; participants sampled with replacement,2000,21320813,2000
route_workload,many_labs_igt,participant_grouped_outer_cv,history_baseline,4,4.0,no_action_rate,0.5721909056745584,0.5485173441245966,0.5968128230841294,0.95,participant,cluster percentile; participants sampled with replacement,2000,21320813,2000
route_workload,many_labs_igt,participant_grouped_outer_cv,history_baseline,4,4.0,action_route_rate,0.04661405486659151,0.04548710747295269,0.04779214235330554,0.95,participant,cluster percentile; participants sampled with replacement,2000,21320813,2000
route_workload,many_labs_igt,participant_grouped_outer_cv,history_baseline,4,4.0,event_coverage_by_action,0.058765399565188746,0.05619566042227357,0.06164600047208058,0.95,participant,cluster percentile; participants sampled with replacement,2000,21320813,2000
route_workload,many_labs_igt,participant_grouped_outer_cv,history_baseline,4,4.0,action_precision,0.5752982908739116,0.5565957688363702,0.5949417821722698,0.95,participant,cluster percentile; participants sampled with replacement,2000,21320813,2000
route_workload,many_labs_igt,participant_grouped_outer_cv,history_baseline,4,4.0,false_actions_per_100,1.979706877113867,1.8776767921324344,2.0800666369948484,0.95,participant,cluster percentile; participants sampled with replacement,2000,21320813,2000
route_workload,many_labs_igt,participant_grouped_outer_cv,history_baseline,4,4.0,event_coverage_by_alert,0.04535871928322024,0.042875565597112655,0.04787972625307616,0.95,participant,cluster percentile; participants sampled with replacement,2000,21320813,2000
route_workload,many_labs_igt,participant_grouped_outer_cv,history_baseline,4,4.0,alert_precision,0.6174887892376681,0.5937868801751214,0.6412758220064045,0.95,participant,cluster percentile; participants sampled with replacement,2000,21320813,2000
route_workload,many_labs_igt,participant_grouped_outer_cv,history_baseline,4,4.0,false_alerts_per_100,1.2822247275460352,1.1948349905357127,1.3704057613337612,0.95,participant,cluster percentile; participants sampled with replacement,2000,21320813,2000
route_workload,many_labs_igt,participant_grouped_outer_cv,history_baseline,4,4.0,auto_capacity_blocks_per_100,38.275836151822624,35.751952971694564,40.92978124533171,0.95,participant,cluster percentile; participants sampled with replacement,2000,21320813,2000
route_workload,many_labs_igt,participant_grouped_outer_cv,history_baseline,6,6.0,alert_rate,0.049169485155956406,0.04774603007512797,0.0506531712011937,0.95,participant,cluster percentile; participants sampled with replacement,2000,21330813,2000
route_workload,many_labs_igt,participant_grouped_outer_cv,history_baseline,6,6.0,human_review_rate,0.013092822247275461,0.012439739915500257,0.01369291827017828,0.95,participant,cluster percentile; participants sampled with replacement,2000,21330813,2000
route_workload,many_labs_igt,participant_grouped_outer_cv,history_baseline,6,6.0,abstain_rate,0.3811950394588501,0.3575658312045714,0.4043584430695097,0.95,participant,cluster percentile; participants sampled with replacement,2000,21330813,2000
route_workload,many_labs_igt,participant_grouped_outer_cv,history_baseline,6,6.0,no_action_rate,0.5565426531379181,0.5330158033710574,0.5805685405389063,0.95,participant,cluster percentile; participants sampled with replacement,2000,21330813,2000
route_workload,many_labs_igt,participant_grouped_outer_cv,history_baseline,6,6.0,action_route_rate,0.06226230740323187,0.0606464592915137,0.06383797500824508,0.95,participant,cluster percentile; participants sampled with replacement,2000,21330813,2000
route_workload,many_labs_igt,participant_grouped_outer_cv,history_baseline,6,6.0,event_coverage_by_action,0.08057184267738322,0.07718623149668943,0.08400448763166517,0.95,participant,cluster percentile; participants sampled with replacement,2000,21330813,2000
route_workload,many_labs_igt,participant_grouped_outer_cv,history_baseline,6,6.0,action_precision,0.5905359729599228,0.5730517162991589,0.6079275436687238,0.95,participant,cluster percentile; participants sampled with replacement,2000,21330813,2000
route_workload,many_labs_igt,participant_grouped_outer_cv,history_baseline,6,6.0,false_actions_per_100,2.5494175122134535,2.424824281760953,2.6747170879889515,0.95,participant,cluster percentile; participants sampled with replacement,2000,21330813,2000
route_workload,many_labs_igt,participant_grouped_outer_cv,history_baseline,6,6.0,event_coverage_by_alert,0.06716516239541472,0.06396480929062105,0.0704177592634047,0.95,participant,cluster percentile; participants sampled with replacement,2000,21330813,2000
route_workload,many_labs_igt,participant_grouped_outer_cv,history_baseline,6,6.0,alert_precision,0.6233567716294711,0.6033485092251026,0.6439334989728499,0.95,participant,cluster percentile; participants sampled with replacement,2000,21330813,2000
route_workload,many_labs_igt,participant_grouped_outer_cv,history_baseline,6,6.0,false_alerts_per_100,1.8519353626456219,1.7393895370931352,1.9663540374031643,0.95,participant,cluster percentile; participants sampled with replacement,2000,21330813,2000
route_workload,many_labs_igt,participant_grouped_outer_cv,history_baseline,6,6.0,auto_capacity_blocks_per_100,36.711010898158584,34.09322664211544,39.10937026125658,0.95,participant,cluster percentile; participants sampled with replacement,2000,21330813,2000
route_workload,many_labs_igt,participant_grouped_outer_cv,history_baseline,8,8.0,alert_rate,0.06424652386320932,0.062244427574862767,0.06626455360885125,0.95,participant,cluster percentile; participants sampled with replacement,2000,21340813,2000
route_workload,many_labs_igt,participant_grouped_outer_cv,history_baseline,8,8.0,human_review_rate,0.013092822247275461,0.012442926746699,0.013715966843758786,0.95,participant,cluster percentile; participants sampled with replacement,2000,21340813,2000
route_workload,many_labs_igt,participant_grouped_outer_cv,history_baseline,8,8.0,abstain_rate,0.3811950394588501,0.358276968766539,0.4050625491788937,0.95,participant,cluster percentile; participants sampled with replacement,2000,21340813,2000
route_workload,many_labs_igt,participant_grouped_outer_cv,history_baseline,8,8.0,no_action_rate,0.5414656144306652,0.5177183264036274,0.5644560222296372,0.95,participant,cluster percentile; participants sampled with replacement,2000,21340813,2000
route_workload,many_labs_igt,participant_grouped_outer_cv,history_baseline,8,8.0,action_route_rate,0.07733934611048478,0.07525588006663873,0.07951223408588161,0.95,participant,cluster percentile; participants sampled with replacement,2000,21340813,2000
route_workload,many_labs_igt,participant_grouped_outer_cv,history_baseline,8,8.0,event_coverage_by_action,0.1019171223400751,0.09779575938165531,0.1065518488384996,0.95,participant,cluster percentile; participants sampled with replacement,2000,21340813,2000
route_workload,many_labs_igt,participant_grouped_outer_cv,history_baseline,8,8.0,action_precision,0.601360544217687,0.5853502077658966,0.616946155670336,0.95,participant,cluster percentile; participants sampled with replacement,2000,21340813,2000
route_workload,many_labs_igt,participant_grouped_outer_cv,history_baseline,8,8.0,false_actions_per_100,3.083051484404359,2.941525441235478,3.229766425458877,0.95,participant,cluster percentile; participants sampled with replacement,2000,21340813,2000
route_workload,many_labs_igt,participant_grouped_outer_cv,history_baseline,8,8.0,event_coverage_by_alert,0.0885104420581066,0.08439932512002601,0.09289706340240841,0.95,participant,cluster percentile; participants sampled with replacement,2000,21340813,2000
route_workload,many_labs_igt,participant_grouped_outer_cv,history_baseline,8,8.0,alert_precision,0.6286850725315863,0.6099068897570141,0.6474710049601844,0.95,participant,cluster percentile; participants sampled with replacement,2000,21340813,2000
route_workload,many_labs_igt,participant_grouped_outer_cv,history_baseline,8,8.0,false_alerts_per_100,2.3855693348365277,2.2532983325108447,2.5177408706234066,0.95,participant,cluster percentile; participants sampled with replacement,2000,21340813,2000
route_workload,many_labs_igt,participant_grouped_outer_cv,history_baseline,8,8.0,auto_capacity_blocks_per_100,35.2033070274333,32.53374638119453,37.87709110197321,0.95,participant,cluster percentile; participants sampled with replacement,2000,21340813,2000
route_workload,many_labs_igt,participant_grouped_outer_cv,history_baseline,effective_unbounded,151.0,alert_rate,0.4162795941375423,0.38987822525995963,0.44431927216823736,0.95,participant,cluster percentile; participants sampled with replacement,2000,21350813,2000
route_workload,many_labs_igt,participant_grouped_outer_cv,history_baseline,effective_unbounded,151.0,human_review_rate,0.013092822247275461,0.012455296412363674,0.013721689902035305,0.95,participant,cluster percentile; participants sampled with replacement,2000,21350813,2000
route_workload,many_labs_igt,participant_grouped_outer_cv,history_baseline,effective_unbounded,151.0,abstain_rate,0.3811950394588501,0.3578541052926838,0.40686589607776263,0.95,participant,cluster percentile; participants sampled with replacement,2000,21350813,2000
route_workload,many_labs_igt,participant_grouped_outer_cv,history_baseline,effective_unbounded,151.0,no_action_rate,0.1894325441563322,0.16647406508951088,0.21265708868728359,0.95,participant,cluster percentile; participants sampled with replacement,2000,21350813,2000
route_workload,many_labs_igt,participant_grouped_outer_cv,history_baseline,effective_unbounded,151.0,action_route_rate,0.4293724163848177,0.4032875045957129,0.4570714317000105,0.95,participant,cluster percentile; participants sampled with replacement,2000,21350813,2000
route_workload,many_labs_igt,participant_grouped_outer_cv,history_baseline,effective_unbounded,151.0,event_coverage_by_action,0.5424929178470255,0.5110695064659537,0.5726414589502584,0.95,participant,cluster percentile; participants sampled with replacement,2000,21350813,2000
route_workload,many_labs_igt,participant_grouped_outer_cv,history_baseline,effective_unbounded,151.0,action_precision,0.5765649068757877,0.5632531942503263,0.5893429402849663,0.95,participant,cluster percentile; participants sampled with replacement,2000,21350813,2000
route_workload,many_labs_igt,participant_grouped_outer_cv,history_baseline,effective_unbounded,151.0,false_actions_per_100,18.181134911687337,17.184738855510396,19.201388639339143,0.95,participant,cluster percentile; participants sampled with replacement,2000,21350813,2000
route_workload,many_labs_igt,participant_grouped_outer_cv,history_baseline,effective_unbounded,151.0,event_coverage_by_alert,0.529086237565057,0.497323167650964,0.5597068749128434,0.95,participant,cluster percentile; participants sampled with replacement,2000,21350813,2000
route_workload,many_labs_igt,participant_grouped_outer_cv,history_baseline,effective_unbounded,151.0,alert_precision,0.5800021666125014,0.5667017039494153,0.5929658718585861,0.95,participant,cluster percentile; participants sampled with replacement,2000,21350813,2000
route_workload,many_labs_igt,participant_grouped_outer_cv,history_baseline,effective_unbounded,151.0,false_alerts_per_100,17.483652762119505,16.467553666950177,18.512559389881854,0.95,participant,cluster percentile; participants sampled with replacement,2000,21350813,2000
route_workload,many_labs_igt,participant_grouped_outer_cv,history_baseline,effective_unbounded,151.0,auto_capacity_blocks_per_100,0.0,0.0,0.0,0.95,participant,cluster percentile; participants sampled with replacement,2000,21350813,2000
route_workload,many_labs_igt,participant_grouped_outer_cv,regularised_logistic,2,2.0,alert_rate,0.018323938369034197,0.01803689758623302,0.018630519868801557,0.95,participant,cluster percentile; participants sampled with replacement,2000,21360813,2000
route_workload,many_labs_igt,participant_grouped_outer_cv,regularised_logistic,2,2.0,human_review_rate,0.018384066140548667,0.01811853784438602,0.018669380873272887,0.95,participant,cluster percentile; participants sampled with replacement,2000,21360813,2000
route_workload,many_labs_igt,participant_grouped_outer_cv,regularised_logistic,2,2.0,abstain_rate,0.1771815107102593,0.17103667398043568,0.18313542808132152,0.95,participant,cluster percentile; participants sampled with replacement,2000,21360813,2000
route_workload,many_labs_igt,participant_grouped_outer_cv,regularised_logistic,2,2.0,no_action_rate,0.7861104847801579,0.7798874423441874,0.7924418950595699,0.95,participant,cluster percentile; participants sampled with replacement,2000,21360813,2000
route_workload,many_labs_igt,participant_grouped_outer_cv,regularised_logistic,2,2.0,action_route_rate,0.036708004509582864,0.036167002761634884,0.03728125119082503,0.95,participant,cluster percentile; participants sampled with replacement,2000,21360813,2000
route_workload,many_labs_igt,participant_grouped_outer_cv,regularised_logistic,2,2.0,event_coverage_by_action,0.04997035377824626,0.04767765484669918,0.05244593998620314,0.95,participant,cluster percentile; participants sampled with replacement,2000,21360813,2000
route_workload,many_labs_igt,participant_grouped_outer_cv,regularised_logistic,2,2.0,action_precision,0.6212121212121212,0.601229445338429,0.6407552410856008,0.95,participant,cluster percentile; participants sampled with replacement,2000,21360813,2000
route_workload,many_labs_igt,participant_grouped_outer_cv,regularised_logistic,2,2.0,false_actions_per_100,1.3904547162720782,1.3179943071222342,1.4649463865601153,0.95,participant,cluster percentile; participants sampled with replacement,2000,21360813,2000
route_workload,many_labs_igt,participant_grouped_outer_cv,regularised_logistic,2,2.0,event_coverage_by_alert,0.025693392186573554,0.02426345183577064,0.02714182328825129,0.95,participant,cluster percentile; participants sampled with replacement,2000,21360813,2000
route_workload,many_labs_igt,participant_grouped_outer_cv,regularised_logistic,2,2.0,alert_precision,0.6398687448728466,0.6117547305618877,0.6672197787551646,0.95,participant,cluster percentile; participants sampled with replacement,2000,21360813,2000
route_workload,many_labs_igt,participant_grouped_outer_cv,regularised_logistic,2,2.0,false_alerts_per_100,0.659902292371289,0.6101520627638963,0.713754932863896,0.95,participant,cluster percentile; participants sampled with replacement,2000,21360813,2000
route_workload,many_labs_igt,participant_grouped_outer_cv,regularised_logistic,2,2.0,auto_capacity_blocks_per_100,27.24990605035701,25.675442427392895,28.925617793168403,0.95,participant,cluster percentile; participants sampled with replacement,2000,21360813,2000
route_workload,many_labs_igt,participant_grouped_outer_cv,regularised_logistic,4,4.0,alert_rate,0.036302142051860206,0.03560159201672007,0.03694049342851579,0.95,participant,cluster percentile; participants sampled with replacement,2000,21370813,2000
route_workload,many_labs_igt,participant_grouped_outer_cv,regularised_logistic,4,4.0,human_review_rate,0.018384066140548667,0.01809532132836288,0.018651454238947197,0.95,participant,cluster percentile; participants sampled with replacement,2000,21370813,2000
route_workload,many_labs_igt,participant_grouped_outer_cv,regularised_logistic,4,4.0,abstain_rate,0.1771815107102593,0.17114115896854507,0.18278149849553513,0.95,participant,cluster percentile; participants sampled with replacement,2000,21370813,2000
route_workload,many_labs_igt,participant_grouped_outer_cv,regularised_logistic,4,4.0,no_action_rate,0.7681322810973318,0.7622424743606921,0.7745075920152302,0.95,participant,cluster percentile; participants sampled with replacement,2000,21370813,2000
route_workload,many_labs_igt,participant_grouped_outer_cv,regularised_logistic,4,4.0,action_route_rate,0.05468620819240887,0.05372491728535824,0.055568423362018726,0.95,participant,cluster percentile; participants sampled with replacement,2000,21370813,2000
route_workload,many_labs_igt,participant_grouped_outer_cv,regularised_logistic,4,4.0,event_coverage_by_action,0.07773898148758153,0.07450806483669321,0.08088433762244795,0.95,participant,cluster percentile; participants sampled with replacement,2000,21370813,2000
route_workload,many_labs_igt,participant_grouped_outer_cv,regularised_logistic,4,4.0,action_precision,0.6487080813633864,0.6311849320571259,0.6648354274788308,0.95,participant,cluster percentile; participants sampled with replacement,2000,21370813,2000
route_workload,many_labs_igt,participant_grouped_outer_cv,regularised_logistic,4,4.0,false_actions_per_100,1.9210822998872605,1.8297937714104513,2.019295851281353,0.95,participant,cluster percentile; participants sampled with replacement,2000,21370813,2000
route_workload,many_labs_igt,participant_grouped_outer_cv,regularised_logistic,4,4.0,event_coverage_by_alert,0.05346201989590882,0.051107698141564926,0.05579689718516426,0.95,participant,cluster percentile; participants sampled with replacement,2000,21370813,2000
route_workload,many_labs_igt,participant_grouped_outer_cv,regularised_logistic,4,4.0,alert_precision,0.6720496894409937,0.6501447378832237,0.6926574928894624,0.95,participant,cluster percentile; participants sampled with replacement,2000,21370813,2000
route_workload,many_labs_igt,participant_grouped_outer_cv,regularised_logistic,4,4.0,false_alerts_per_100,1.1905298759864713,1.112160517695361,1.274892538330634,0.95,participant,cluster percentile; participants sampled with replacement,2000,21370813,2000
route_workload,many_labs_igt,participant_grouped_outer_cv,regularised_logistic,4,4.0,auto_capacity_blocks_per_100,25.452085682074408,23.953568448025795,26.936738692340498,0.95,participant,cluster percentile; participants sampled with replacement,2000,21370813,2000
route_workload,many_labs_igt,participant_grouped_outer_cv,regularised_logistic,6,6.0,alert_rate,0.05390454716272078,0.052861432744914644,0.05491185861813115,0.95,participant,cluster percentile; participants sampled with replacement,2000,21380813,2000
route_workload,many_labs_igt,participant_grouped_outer_cv,regularised_logistic,6,6.0,human_review_rate,0.018384066140548667,0.018101657715866575,0.01865432232267953,0.95,participant,cluster percentile; participants sampled with replacement,2000,21380813,2000
route_workload,many_labs_igt,participant_grouped_outer_cv,regularised_logistic,6,6.0,abstain_rate,0.1771815107102593,0.17094382612091605,0.182773056030457,0.95,participant,cluster percentile; participants sampled with replacement,2000,21380813,2000
route_workload,many_labs_igt,participant_grouped_outer_cv,regularised_logistic,6,6.0,no_action_rate,0.7505298759864713,0.744438279699058,0.7571424357176643,0.95,participant,cluster percentile; participants sampled with replacement,2000,21380813,2000
route_workload,many_labs_igt,participant_grouped_outer_cv,regularised_logistic,6,6.0,action_route_rate,0.07228861330326945,0.07102042907469007,0.07354023962426146,0.95,participant,cluster percentile; participants sampled with replacement,2000,21380813,2000
route_workload,many_labs_igt,participant_grouped_outer_cv,regularised_logistic,6,6.0,event_coverage_by_action,0.10438764081955333,0.10028352272406865,0.10856863925617848,0.95,participant,cluster percentile; participants sampled with replacement,2000,21380813,2000
route_workload,many_labs_igt,participant_grouped_outer_cv,regularised_logistic,6,6.0,action_precision,0.6589727594094407,0.6426466372862659,0.6749634043713707,0.95,participant,cluster percentile; participants sampled with replacement,2000,21380813,2000
route_workload,many_labs_igt,participant_grouped_outer_cv,regularised_logistic,6,6.0,false_actions_per_100,2.465238632093198,2.3414983580164743,2.588197620692914,0.95,participant,cluster percentile; participants sampled with replacement,2000,21380813,2000
route_workload,many_labs_igt,participant_grouped_outer_cv,regularised_logistic,6,6.0,event_coverage_by_alert,0.08011067922788062,0.07685953897972823,0.08355542634949405,0.95,participant,cluster percentile; participants sampled with replacement,2000,21380813,2000
route_workload,many_labs_igt,participant_grouped_outer_cv,regularised_logistic,6,6.0,alert_precision,0.6781929726715002,0.6588673493615388,0.6975898545107495,0.95,participant,cluster percentile; participants sampled with replacement,2000,21380813,2000
route_workload,many_labs_igt,participant_grouped_outer_cv,regularised_logistic,6,6.0,false_alerts_per_100,1.7346862081924088,1.6236343963826672,1.8496275205934272,0.95,participant,cluster percentile; participants sampled with replacement,2000,21380813,2000
route_workload,many_labs_igt,participant_grouped_outer_cv,regularised_logistic,6,6.0,auto_capacity_blocks_per_100,23.69184517098835,22.249906297439125,25.20731360344311,0.95,participant,cluster percentile; participants sampled with replacement,2000,21380813,2000
route_workload,many_labs_igt,participant_grouped_outer_cv,regularised_logistic,8,8.0,alert_rate,0.07116121758737316,0.06972723649633575,0.07257282017238538,0.95,participant,cluster percentile; participants sampled with replacement,2000,21390813,2000
route_workload,many_labs_igt,participant_grouped_outer_cv,regularised_logistic,8,8.0,human_review_rate,0.018384066140548667,0.01811965811965812,0.018645466553859295,0.95,participant,cluster percentile; participants sampled with replacement,2000,21390813,2000
route_workload,many_labs_igt,participant_grouped_outer_cv,regularised_logistic,8,8.0,abstain_rate,0.1771815107102593,0.17111772768205816,0.18278132766985905,0.95,participant,cluster percentile; participants sampled with replacement,2000,21390813,2000
route_workload,many_labs_igt,participant_grouped_outer_cv,regularised_logistic,8,8.0,no_action_rate,0.7332732055618189,0.7268567880259679,0.7400333029785293,0.95,participant,cluster percentile; participants sampled with replacement,2000,21390813,2000
route_workload,many_labs_igt,participant_grouped_outer_cv,regularised_logistic,8,8.0,action_route_rate,0.08954528372792184,0.08787739205537977,0.09120937047987523,0.95,participant,cluster percentile; participants sampled with replacement,2000,21390813,2000
route_workload,many_labs_igt,participant_grouped_outer_cv,regularised_logistic,8,8.0,event_coverage_by_action,0.1313986428618486,0.1260812281143055,0.136754950586893,0.95,participant,cluster percentile; participants sampled with replacement,2000,21390813,2000
route_workload,many_labs_igt,participant_grouped_outer_cv,regularised_logistic,8,8.0,action_precision,0.6696323652845392,0.6529204653090726,0.6849853612200137,0.95,participant,cluster percentile; participants sampled with replacement,2000,21390813,2000
route_workload,many_labs_igt,participant_grouped_outer_cv,regularised_logistic,8,8.0,false_actions_per_100,2.9582863585118377,2.8123564992812247,3.1099643682099707,0.95,participant,cluster percentile; participants sampled with replacement,2000,21390813,2000
route_workload,many_labs_igt,participant_grouped_outer_cv,regularised_logistic,8,8.0,event_coverage_by_alert,0.1071216812701759,0.10274335037123228,0.1115894017468251,0.95,participant,cluster percentile; participants sampled with replacement,2000,21390813,2000
route_workload,many_labs_igt,participant_grouped_outer_cv,regularised_logistic,8,8.0,alert_precision,0.6869455006337135,0.6673650797210325,0.7056095200868904,0.95,participant,cluster percentile; participants sampled with replacement,2000,21390813,2000
route_workload,many_labs_igt,participant_grouped_outer_cv,regularised_logistic,8,8.0,false_alerts_per_100,2.2277339346110483,2.086193736960975,2.371943595401661,0.95,participant,cluster percentile; participants sampled with replacement,2000,21390813,2000
route_workload,many_labs_igt,participant_grouped_outer_cv,regularised_logistic,8,8.0,auto_capacity_blocks_per_100,21.96617812852311,20.316222012269936,23.396820457869577,0.95,participant,cluster percentile; participants sampled with replacement,2000,21390813,2000
route_workload,many_labs_igt,participant_grouped_outer_cv,regularised_logistic,effective_unbounded,151.0,alert_rate,0.29082299887260427,0.2756321638789677,0.3057659018761662,0.95,participant,cluster percentile; participants sampled with replacement,2000,21400813,2000
route_workload,many_labs_igt,participant_grouped_outer_cv,regularised_logistic,effective_unbounded,151.0,human_review_rate,0.018384066140548667,0.01811575006559715,0.01866166270668165,0.95,participant,cluster percentile; participants sampled with replacement,2000,21400813,2000
route_workload,many_labs_igt,participant_grouped_outer_cv,regularised_logistic,effective_unbounded,151.0,abstain_rate,0.1771815107102593,0.17137496239043953,0.18325153895126298,0.95,participant,cluster percentile; participants sampled with replacement,2000,21400813,2000
route_workload,many_labs_igt,participant_grouped_outer_cv,regularised_logistic,effective_unbounded,151.0,no_action_rate,0.5136114242765878,0.4963909171117986,0.5301628902583625,0.95,participant,cluster percentile; participants sampled with replacement,2000,21400813,2000
route_workload,many_labs_igt,participant_grouped_outer_cv,regularised_logistic,effective_unbounded,151.0,action_route_rate,0.3092070650131529,0.2939910770344722,0.32421993135580607,0.95,participant,cluster percentile; participants sampled with replacement,2000,21400813,2000
route_workload,many_labs_igt,participant_grouped_outer_cv,regularised_logistic,effective_unbounded,151.0,event_coverage_by_action,0.46811384149153434,0.4470469172889015,0.4881175157441723,0.95,participant,cluster percentile; participants sampled with replacement,2000,21400813,2000
route_workload,many_labs_igt,participant_grouped_outer_cv,regularised_logistic,effective_unbounded,151.0,action_precision,0.6908604764219738,0.6749582449441607,0.7053606066644745,0.95,participant,cluster percentile; participants sampled with replacement,2000,21400813,2000
route_workload,many_labs_igt,participant_grouped_outer_cv,regularised_logistic,effective_unbounded,151.0,false_actions_per_100,9.558812476512589,9.104797970381215,10.052215174277304,0.95,participant,cluster percentile; participants sampled with replacement,2000,21400813,2000
route_workload,many_labs_igt,participant_grouped_outer_cv,regularised_logistic,effective_unbounded,151.0,event_coverage_by_alert,0.44383687989986165,0.4221816669411914,0.4641149781386282,0.95,participant,cluster percentile; participants sampled with replacement,2000,21400813,2000
route_workload,many_labs_igt,participant_grouped_outer_cv,regularised_logistic,effective_unbounded,151.0,alert_precision,0.6964387243500284,0.6797972037984842,0.7114790323445861,0.95,participant,cluster percentile; participants sampled with replacement,2000,21400813,2000
route_workload,many_labs_igt,participant_grouped_outer_cv,regularised_logistic,effective_unbounded,151.0,false_alerts_per_100,8.8282600526118,8.368432349653517,9.323445453356628,0.95,participant,cluster percentile; participants sampled with replacement,2000,21400813,2000
route_workload,many_labs_igt,participant_grouped_outer_cv,regularised_logistic,effective_unbounded,151.0,auto_capacity_blocks_per_100,0.0,0.0,0.0,0.95,participant,cluster percentile; participants sampled with replacement,2000,21400813,2000
route_workload,mendeley_igt_official_v2,frozen_external_official_v2_same_task,hist_gradient_boosting,2,2.0,alert_rate,0.01,0.01,0.01,0.95,participant,cluster percentile; participants sampled with replacement,2000,21410813,2000
route_workload,mendeley_igt_official_v2,frozen_external_official_v2_same_task,hist_gradient_boosting,2,2.0,human_review_rate,0.01,0.01,0.01,0.95,participant,cluster percentile; participants sampled with replacement,2000,21410813,2000
route_workload,mendeley_igt_official_v2,frozen_external_official_v2_same_task,hist_gradient_boosting,2,2.0,abstain_rate,0.28635593220338984,0.25059322033898307,0.32381991525423726,0.95,participant,cluster percentile; participants sampled with replacement,2000,21410813,2000
route_workload,mendeley_igt_official_v2,frozen_external_official_v2_same_task,hist_gradient_boosting,2,2.0,no_action_rate,0.6936440677966101,0.6561800847457627,0.729406779661017,0.95,participant,cluster percentile; participants sampled with replacement,2000,21410813,2000
route_workload,mendeley_igt_official_v2,frozen_external_official_v2_same_task,hist_gradient_boosting,2,2.0,action_route_rate,0.02,0.02,0.02,0.95,participant,cluster percentile; participants sampled with replacement,2000,21410813,2000
route_workload,mendeley_igt_official_v2,frozen_external_official_v2_same_task,hist_gradient_boosting,2,2.0,event_coverage_by_action,0.02313136544104954,0.02064751200620766,0.025853319022737225,0.95,participant,cluster percentile; participants sampled with replacement,2000,21410813,2000
route_workload,mendeley_igt_official_v2,frozen_external_official_v2_same_task,hist_gradient_boosting,2,2.0,action_precision,0.5677966101694916,0.5127118644067796,0.6228813559322034,0.95,participant,cluster percentile; participants sampled with replacement,2000,21410813,2000
route_workload,mendeley_igt_official_v2,frozen_external_official_v2_same_task,hist_gradient_boosting,2,2.0,false_actions_per_100,0.864406779661017,0.7542372881355932,0.9745762711864406,0.95,participant,cluster percentile; participants sampled with replacement,2000,21410813,2000
route_workload,mendeley_igt_official_v2,frozen_external_official_v2_same_task,hist_gradient_boosting,2,2.0,event_coverage_by_alert,0.012601415501467287,0.010791805317941548,0.014503580031219659,0.95,participant,cluster percentile; participants sampled with replacement,2000,21410813,2000
route_workload,mendeley_igt_official_v2,frozen_external_official_v2_same_task,hist_gradient_boosting,2,2.0,alert_precision,0.6186440677966102,0.5338983050847458,0.7033898305084746,0.95,participant,cluster percentile; participants sampled with replacement,2000,21410813,2000
route_workload,mendeley_igt_official_v2,frozen_external_official_v2_same_task,hist_gradient_boosting,2,2.0,false_alerts_per_100,0.3813559322033898,0.2966101694915254,0.4661016949152542,0.95,participant,cluster percentile; participants sampled with replacement,2000,21410813,2000
route_workload,mendeley_igt_official_v2,frozen_external_official_v2_same_task,hist_gradient_boosting,2,2.0,auto_capacity_blocks_per_100,22.64406779661017,18.43220338983051,26.89830508474576,0.95,participant,cluster percentile; participants sampled with replacement,2000,21410813,2000
route_workload,mendeley_igt_official_v2,frozen_external_official_v2_same_task,hist_gradient_boosting,4,4.0,alert_rate,0.019915254237288134,0.019745762711864408,0.02,0.95,participant,cluster percentile; participants sampled with replacement,2000,21420813,2000
route_workload,mendeley_igt_official_v2,frozen_external_official_v2_same_task,hist_gradient_boosting,4,4.0,human_review_rate,0.01,0.01,0.01,0.95,participant,cluster percentile; participants sampled with replacement,2000,21420813,2000
route_workload,mendeley_igt_official_v2,frozen_external_official_v2_same_task,hist_gradient_boosting,4,4.0,abstain_rate,0.28635593220338984,0.24974364406779662,0.32305084745762713,0.95,participant,cluster percentile; participants sampled with replacement,2000,21420813,2000
route_workload,mendeley_igt_official_v2,frozen_external_official_v2_same_task,hist_gradient_boosting,4,4.0,no_action_rate,0.683728813559322,0.647031779661017,0.7203389830508474,0.95,participant,cluster percentile; participants sampled with replacement,2000,21420813,2000
route_workload,mendeley_igt_official_v2,frozen_external_official_v2_same_task,hist_gradient_boosting,4,4.0,action_route_rate,0.029915254237288136,0.029745762711864406,0.03,0.95,participant,cluster percentile; participants sampled with replacement,2000,21420813,2000
route_workload,mendeley_igt_official_v2,frozen_external_official_v2_same_task,hist_gradient_boosting,4,4.0,event_coverage_by_action,0.03676851372345935,0.03356795462909495,0.04033286666388718,0.95,participant,cluster percentile; participants sampled with replacement,2000,21420813,2000
route_workload,mendeley_igt_official_v2,frozen_external_official_v2_same_task,hist_gradient_boosting,4,4.0,action_precision,0.603399433427762,0.5580736543909348,0.6497387808166408,0.95,participant,cluster percentile; participants sampled with replacement,2000,21420813,2000
route_workload,mendeley_igt_official_v2,frozen_external_official_v2_same_task,hist_gradient_boosting,4,4.0,false_actions_per_100,1.1864406779661016,1.0506355932203395,1.3220338983050848,0.95,participant,cluster percentile; participants sampled with replacement,2000,21420813,2000
route_workload,mendeley_igt_official_v2,frozen_external_official_v2_same_task,hist_gradient_boosting,4,4.0,event_coverage_by_alert,0.026238563783877095,0.023764025705132873,0.02888352644488724,0.95,participant,cluster percentile; participants sampled with replacement,2000,21420813,2000
route_workload,mendeley_igt_official_v2,frozen_external_official_v2_same_task,hist_gradient_boosting,4,4.0,alert_precision,0.6468085106382979,0.594017094017094,0.6991525423728814,0.95,participant,cluster percentile; participants sampled with replacement,2000,21420813,2000
route_workload,mendeley_igt_official_v2,frozen_external_official_v2_same_task,hist_gradient_boosting,4,4.0,false_alerts_per_100,0.7033898305084746,0.6016949152542372,0.8050847457627118,0.95,participant,cluster percentile; participants sampled with replacement,2000,21420813,2000
route_workload,mendeley_igt_official_v2,frozen_external_official_v2_same_task,hist_gradient_boosting,4,4.0,auto_capacity_blocks_per_100,21.652542372881356,17.448728813559324,26.263135593220337,0.95,participant,cluster percentile; participants sampled with replacement,2000,21420813,2000
route_workload,mendeley_igt_official_v2,frozen_external_official_v2_same_task,hist_gradient_boosting,6,6.0,alert_rate,0.029745762711864406,0.02923728813559322,0.03,0.95,participant,cluster percentile; participants sampled with replacement,2000,21430813,2000
route_workload,mendeley_igt_official_v2,frozen_external_official_v2_same_task,hist_gradient_boosting,6,6.0,human_review_rate,0.01,0.01,0.01,0.95,participant,cluster percentile; participants sampled with replacement,2000,21430813,2000
route_workload,mendeley_igt_official_v2,frozen_external_official_v2_same_task,hist_gradient_boosting,6,6.0,abstain_rate,0.28635593220338984,0.24889406779661016,0.3240762711864406,0.95,participant,cluster percentile; participants sampled with replacement,2000,21430813,2000
route_workload,mendeley_igt_official_v2,frozen_external_official_v2_same_task,hist_gradient_boosting,6,6.0,no_action_rate,0.6738983050847458,0.6361843220338984,0.7113580508474576,0.95,participant,cluster percentile; participants sampled with replacement,2000,21430813,2000
route_workload,mendeley_igt_official_v2,frozen_external_official_v2_same_task,hist_gradient_boosting,6,6.0,action_route_rate,0.039745762711864405,0.03923728813559322,0.04,0.95,participant,cluster percentile; participants sampled with replacement,2000,21430813,2000
route_workload,mendeley_igt_official_v2,frozen_external_official_v2_same_task,hist_gradient_boosting,6,6.0,event_coverage_by_action,0.05006041774555498,0.0461986523561804,0.054154768814957545,0.95,participant,cluster percentile; participants sampled with replacement,2000,21430813,2000
route_workload,mendeley_igt_official_v2,frozen_external_official_v2_same_task,hist_gradient_boosting,6,6.0,action_precision,0.6183368869936035,0.576271186440678,0.6588486140724946,0.95,participant,cluster percentile; participants sampled with replacement,2000,21430813,2000
route_workload,mendeley_igt_official_v2,frozen_external_official_v2_same_task,hist_gradient_boosting,6,6.0,false_actions_per_100,1.5169491525423728,1.3559322033898304,1.6779661016949152,0.95,participant,cluster percentile; participants sampled with replacement,2000,21430813,2000
route_workload,mendeley_igt_official_v2,frozen_external_official_v2_same_task,hist_gradient_boosting,6,6.0,event_coverage_by_alert,0.039530467805972726,0.03636287177918801,0.04291058761663944,0.95,participant,cluster percentile; participants sampled with replacement,2000,21430813,2000
route_workload,mendeley_igt_official_v2,frozen_external_official_v2_same_task,hist_gradient_boosting,6,6.0,alert_precision,0.6524216524216524,0.6045197740112994,0.698005698005698,0.95,participant,cluster percentile; participants sampled with replacement,2000,21430813,2000
route_workload,mendeley_igt_official_v2,frozen_external_official_v2_same_task,hist_gradient_boosting,6,6.0,false_alerts_per_100,1.0338983050847457,0.8983050847457628,1.1779661016949152,0.95,participant,cluster percentile; participants sampled with replacement,2000,21430813,2000
route_workload,mendeley_igt_official_v2,frozen_external_official_v2_same_task,hist_gradient_boosting,6,6.0,auto_capacity_blocks_per_100,20.66949152542373,16.47457627118644,25.195127118644066,0.95,participant,cluster percentile; participants sampled with replacement,2000,21430813,2000
route_workload,mendeley_igt_official_v2,frozen_external_official_v2_same_task,hist_gradient_boosting,8,8.0,alert_rate,0.039491525423728815,0.03855932203389831,0.04,0.95,participant,cluster percentile; participants sampled with replacement,2000,21440813,2000
route_workload,mendeley_igt_official_v2,frozen_external_official_v2_same_task,hist_gradient_boosting,8,8.0,human_review_rate,0.01,0.01,0.01,0.95,participant,cluster percentile; participants sampled with replacement,2000,21440813,2000
route_workload,mendeley_igt_official_v2,frozen_external_official_v2_same_task,hist_gradient_boosting,8,8.0,abstain_rate,0.28635593220338984,0.2490635593220339,0.3235614406779661,0.95,participant,cluster percentile; participants sampled with replacement,2000,21440813,2000
route_workload,mendeley_igt_official_v2,frozen_external_official_v2_same_task,hist_gradient_boosting,8,8.0,no_action_rate,0.6641525423728813,0.6267733050847458,0.701864406779661,0.95,participant,cluster percentile; participants sampled with replacement,2000,21440813,2000
route_workload,mendeley_igt_official_v2,frozen_external_official_v2_same_task,hist_gradient_boosting,8,8.0,action_route_rate,0.04949152542372881,0.0485593220338983,0.05,0.95,participant,cluster percentile; participants sampled with replacement,2000,21440813,2000
route_workload,mendeley_igt_official_v2,frozen_external_official_v2_same_task,hist_gradient_boosting,8,8.0,event_coverage_by_action,0.06438805454859313,0.059917498808445865,0.06948588204945969,0.95,participant,cluster percentile; participants sampled with replacement,2000,21440813,2000
route_workload,mendeley_igt_official_v2,frozen_external_official_v2_same_task,hist_gradient_boosting,8,8.0,action_precision,0.6386986301369864,0.5996592113197164,0.6775862068965517,0.95,participant,cluster percentile; participants sampled with replacement,2000,21440813,2000
route_workload,mendeley_igt_official_v2,frozen_external_official_v2_same_task,hist_gradient_boosting,8,8.0,false_actions_per_100,1.7881355932203389,1.5932203389830508,1.9830508474576272,0.95,participant,cluster percentile; participants sampled with replacement,2000,21440813,2000
route_workload,mendeley_igt_official_v2,frozen_external_official_v2_same_task,hist_gradient_boosting,8,8.0,event_coverage_by_alert,0.05385810460901087,0.0500075710514055,0.05837158673856769,0.95,participant,cluster percentile; participants sampled with replacement,2000,21440813,2000
route_workload,mendeley_igt_official_v2,frozen_external_official_v2_same_task,hist_gradient_boosting,8,8.0,alert_precision,0.6695278969957081,0.6263209637219607,0.7112526539278131,0.95,participant,cluster percentile; participants sampled with replacement,2000,21440813,2000
route_workload,mendeley_igt_official_v2,frozen_external_official_v2_same_task,hist_gradient_boosting,8,8.0,false_alerts_per_100,1.305084745762712,1.1440677966101696,1.4830508474576272,0.95,participant,cluster percentile; participants sampled with replacement,2000,21440813,2000
route_workload,mendeley_igt_official_v2,frozen_external_official_v2_same_task,hist_gradient_boosting,8,8.0,auto_capacity_blocks_per_100,19.694915254237287,15.574152542372886,23.88156779661017,0.95,participant,cluster percentile; participants sampled with replacement,2000,21440813,2000
route_workload,mendeley_igt_official_v2,frozen_external_official_v2_same_task,hist_gradient_boosting,effective_unbounded,201.0,alert_rate,0.2364406779661017,0.19516313559322035,0.27966949152542364,0.95,participant,cluster percentile; participants sampled with replacement,2000,21450813,2000
route_workload,mendeley_igt_official_v2,frozen_external_official_v2_same_task,hist_gradient_boosting,effective_unbounded,201.0,human_review_rate,0.01,0.01,0.01,0.95,participant,cluster percentile; participants sampled with replacement,2000,21450813,2000
route_workload,mendeley_igt_official_v2,frozen_external_official_v2_same_task,hist_gradient_boosting,effective_unbounded,201.0,abstain_rate,0.28635593220338984,0.24923093220338985,0.3233093220338983,0.95,participant,cluster percentile; participants sampled with replacement,2000,21450813,2000
route_workload,mendeley_igt_official_v2,frozen_external_official_v2_same_task,hist_gradient_boosting,effective_unbounded,201.0,no_action_rate,0.46720338983050846,0.4223728813559322,0.5122076271186441,0.95,participant,cluster percentile; participants sampled with replacement,2000,21450813,2000
route_workload,mendeley_igt_official_v2,frozen_external_official_v2_same_task,hist_gradient_boosting,effective_unbounded,201.0,action_route_rate,0.2464406779661017,0.20516313559322036,0.28966949152542365,0.95,participant,cluster percentile; participants sampled with replacement,2000,21450813,2000
route_workload,mendeley_igt_official_v2,frozen_external_official_v2_same_task,hist_gradient_boosting,effective_unbounded,201.0,event_coverage_by_action,0.3823580182979458,0.31841500039978443,0.44171972460444536,0.95,participant,cluster percentile; participants sampled with replacement,2000,21450813,2000
route_workload,mendeley_igt_official_v2,frozen_external_official_v2_same_task,hist_gradient_boosting,effective_unbounded,201.0,action_precision,0.7616918844566712,0.7294926447375434,0.7858097841487148,0.95,participant,cluster percentile; participants sampled with replacement,2000,21450813,2000
route_workload,mendeley_igt_official_v2,frozen_external_official_v2_same_task,hist_gradient_boosting,effective_unbounded,201.0,false_actions_per_100,5.872881355932203,5.220338983050848,6.584745762711864,0.95,participant,cluster percentile; participants sampled with replacement,2000,21450813,2000
route_workload,mendeley_igt_official_v2,frozen_external_official_v2_same_task,hist_gradient_boosting,effective_unbounded,201.0,event_coverage_by_alert,0.3718280683583635,0.3071849804058965,0.4306174536724816,0.95,participant,cluster percentile; participants sampled with replacement,2000,21450813,2000
route_workload,mendeley_igt_official_v2,frozen_external_official_v2_same_task,hist_gradient_boosting,effective_unbounded,201.0,alert_precision,0.7720430107526882,0.7398423457924836,0.7959134054982201,0.95,participant,cluster percentile; participants sampled with replacement,2000,21450813,2000
route_workload,mendeley_igt_official_v2,frozen_external_official_v2_same_task,hist_gradient_boosting,effective_unbounded,201.0,false_alerts_per_100,5.389830508474576,4.711864406779661,6.127542372881353,0.95,participant,cluster percentile; participants sampled with replacement,2000,21450813,2000
route_workload,mendeley_igt_official_v2,frozen_external_official_v2_same_task,hist_gradient_boosting,effective_unbounded,201.0,auto_capacity_blocks_per_100,0.0,0.0,0.0,0.95,participant,cluster percentile; participants sampled with replacement,2000,21450813,2000
route_workload,mendeley_igt_official_v2,frozen_external_official_v2_same_task,history_baseline,2,2.0,alert_rate,0.00906779661016949,0.008305084745762711,0.009745762711864408,0.95,participant,cluster percentile; participants sampled with replacement,2000,21460813,2000
route_workload,mendeley_igt_official_v2,frozen_external_official_v2_same_task,history_baseline,2,2.0,human_review_rate,0.006779661016949152,0.005593220338983051,0.007798728813559311,0.95,participant,cluster percentile; participants sampled with replacement,2000,21460813,2000
route_workload,mendeley_igt_official_v2,frozen_external_official_v2_same_task,history_baseline,2,2.0,abstain_rate,0.46711864406779663,0.3840635593220339,0.5527161016949153,0.95,participant,cluster percentile; participants sampled with replacement,2000,21460813,2000
route_workload,mendeley_igt_official_v2,frozen_external_official_v2_same_task,history_baseline,2,2.0,no_action_rate,0.5170338983050847,0.43110169491525424,0.6005932203389831,0.95,participant,cluster percentile; participants sampled with replacement,2000,21460813,2000
route_workload,mendeley_igt_official_v2,frozen_external_official_v2_same_task,history_baseline,2,2.0,action_route_rate,0.015847457627118644,0.014661016949152542,0.017033898305084744,0.95,participant,cluster percentile; participants sampled with replacement,2000,21460813,2000
route_workload,mendeley_igt_official_v2,frozen_external_official_v2_same_task,history_baseline,2,2.0,event_coverage_by_action,0.014500258933195235,0.012201315606978295,0.017140187674573124,0.95,participant,cluster percentile; participants sampled with replacement,2000,21460813,2000
route_workload,mendeley_igt_official_v2,frozen_external_official_v2_same_task,history_baseline,2,2.0,action_precision,0.44919786096256686,0.38973837209302326,0.508023558317676,0.95,participant,cluster percentile; participants sampled with replacement,2000,21460813,2000
route_workload,mendeley_igt_official_v2,frozen_external_official_v2_same_task,history_baseline,2,2.0,false_actions_per_100,0.8728813559322034,0.7627118644067796,0.9915254237288136,0.95,participant,cluster percentile; participants sampled with replacement,2000,21460813,2000
route_workload,mendeley_igt_official_v2,frozen_external_official_v2_same_task,history_baseline,2,2.0,event_coverage_by_alert,0.008113240117383048,0.006458616251898586,0.009849773555890154,0.95,participant,cluster percentile; participants sampled with replacement,2000,21460813,2000
route_workload,mendeley_igt_official_v2,frozen_external_official_v2_same_task,history_baseline,2,2.0,alert_precision,0.4392523364485981,0.3564189832444783,0.5229357798165137,0.95,participant,cluster percentile; participants sampled with replacement,2000,21460813,2000
route_workload,mendeley_igt_official_v2,frozen_external_official_v2_same_task,history_baseline,2,2.0,false_alerts_per_100,0.5084745762711864,0.423728813559322,0.5932203389830508,0.95,participant,cluster percentile; participants sampled with replacement,2000,21460813,2000
route_workload,mendeley_igt_official_v2,frozen_external_official_v2_same_task,history_baseline,2,2.0,auto_capacity_blocks_per_100,37.83050847457627,28.923728813559322,47.129449152542364,0.95,participant,cluster percentile; participants sampled with replacement,2000,21460813,2000
route_workload,mendeley_igt_official_v2,frozen_external_official_v2_same_task,history_baseline,4,4.0,alert_rate,0.017966101694915255,0.01635593220338983,0.019322033898305085,0.95,participant,cluster percentile; participants sampled with replacement,2000,21470813,2000
route_workload,mendeley_igt_official_v2,frozen_external_official_v2_same_task,history_baseline,4,4.0,human_review_rate,0.006779661016949152,0.005677966101694915,0.00788135593220339,0.95,participant,cluster percentile; participants sampled with replacement,2000,21470813,2000
route_workload,mendeley_igt_official_v2,frozen_external_official_v2_same_task,history_baseline,4,4.0,abstain_rate,0.46711864406779663,0.3910953389830509,0.5511016949152543,0.95,participant,cluster percentile; participants sampled with replacement,2000,21470813,2000
route_workload,mendeley_igt_official_v2,frozen_external_official_v2_same_task,history_baseline,4,4.0,no_action_rate,0.508135593220339,0.42397457627118645,0.5840699152542372,0.95,participant,cluster percentile; participants sampled with replacement,2000,21470813,2000
route_workload,mendeley_igt_official_v2,frozen_external_official_v2_same_task,history_baseline,4,4.0,action_route_rate,0.024745762711864405,0.02305084745762712,0.026271186440677965,0.95,participant,cluster percentile; participants sampled with replacement,2000,21470813,2000
route_workload,mendeley_igt_official_v2,frozen_external_official_v2_same_task,history_baseline,4,4.0,event_coverage_by_action,0.021750388399792854,0.018721638284011053,0.024728962393598914,0.95,participant,cluster percentile; participants sampled with replacement,2000,21470813,2000
route_workload,mendeley_igt_official_v2,frozen_external_official_v2_same_task,history_baseline,4,4.0,action_precision,0.4315068493150685,0.3870967741935484,0.47569528721682847,0.95,participant,cluster percentile; participants sampled with replacement,2000,21470813,2000
route_workload,mendeley_igt_official_v2,frozen_external_official_v2_same_task,history_baseline,4,4.0,false_actions_per_100,1.4067796610169492,1.2542372881355932,1.5508474576271187,0.95,participant,cluster percentile; participants sampled with replacement,2000,21470813,2000
route_workload,mendeley_igt_official_v2,frozen_external_official_v2_same_task,history_baseline,4,4.0,event_coverage_by_alert,0.015363369583980666,0.012784947824516026,0.01798668213152786,0.95,participant,cluster percentile; participants sampled with replacement,2000,21470813,2000
route_workload,mendeley_igt_official_v2,frozen_external_official_v2_same_task,history_baseline,4,4.0,alert_precision,0.419811320754717,0.3631624486264331,0.47804931536157463,0.95,participant,cluster percentile; participants sampled with replacement,2000,21470813,2000
route_workload,mendeley_igt_official_v2,frozen_external_official_v2_same_task,history_baseline,4,4.0,false_alerts_per_100,1.0423728813559323,0.9150423728813563,1.1694915254237288,0.95,participant,cluster percentile; participants sampled with replacement,2000,21470813,2000
route_workload,mendeley_igt_official_v2,frozen_external_official_v2_same_task,history_baseline,4,4.0,auto_capacity_blocks_per_100,36.940677966101696,27.55805084745763,46.11927966101695,0.95,participant,cluster percentile; participants sampled with replacement,2000,21470813,2000
route_workload,mendeley_igt_official_v2,frozen_external_official_v2_same_task,history_baseline,6,6.0,alert_rate,0.02610169491525424,0.023559322033898305,0.028220338983050847,0.95,participant,cluster percentile; participants sampled with replacement,2000,21480813,2000
route_workload,mendeley_igt_official_v2,frozen_external_official_v2_same_task,history_baseline,6,6.0,human_review_rate,0.006779661016949152,0.005593220338983051,0.00788135593220339,0.95,participant,cluster percentile; participants sampled with replacement,2000,21480813,2000
route_workload,mendeley_igt_official_v2,frozen_external_official_v2_same_task,history_baseline,6,6.0,abstain_rate,0.46711864406779663,0.38872669491525425,0.5487351694915253,0.95,participant,cluster percentile; participants sampled with replacement,2000,21480813,2000
route_workload,mendeley_igt_official_v2,frozen_external_official_v2_same_task,history_baseline,6,6.0,no_action_rate,0.5,0.41905720338983055,0.5775487288135592,0.95,participant,cluster percentile; participants sampled with replacement,2000,21480813,2000
route_workload,mendeley_igt_official_v2,frozen_external_official_v2_same_task,history_baseline,6,6.0,action_route_rate,0.03288135593220339,0.030508474576271188,0.035,0.95,participant,cluster percentile; participants sampled with replacement,2000,21480813,2000
route_workload,mendeley_igt_official_v2,frozen_external_official_v2_same_task,history_baseline,6,6.0,event_coverage_by_action,0.03124460555843259,0.026943600781765543,0.03519412066934658,0.95,participant,cluster percentile; participants sampled with replacement,2000,21480813,2000
route_workload,mendeley_igt_official_v2,frozen_external_official_v2_same_task,history_baseline,6,6.0,action_precision,0.46649484536082475,0.4226674917716182,0.5059740640383775,0.95,participant,cluster percentile; participants sampled with replacement,2000,21480813,2000
route_workload,mendeley_igt_official_v2,frozen_external_official_v2_same_task,history_baseline,6,6.0,false_actions_per_100,1.7542372881355932,1.5847457627118644,1.923728813559322,0.95,participant,cluster percentile; participants sampled with replacement,2000,21480813,2000
route_workload,mendeley_igt_official_v2,frozen_external_official_v2_same_task,history_baseline,6,6.0,event_coverage_by_alert,0.024857586742620404,0.020787657025214654,0.028650630236858245,0.95,participant,cluster percentile; participants sampled with replacement,2000,21480813,2000
route_workload,mendeley_igt_official_v2,frozen_external_official_v2_same_task,history_baseline,6,6.0,alert_precision,0.4675324675324675,0.41471175013758943,0.5147968310759008,0.95,participant,cluster percentile; participants sampled with replacement,2000,21480813,2000
route_workload,mendeley_igt_official_v2,frozen_external_official_v2_same_task,history_baseline,6,6.0,false_alerts_per_100,1.3898305084745763,1.228813559322034,1.5423728813559323,0.95,participant,cluster percentile; participants sampled with replacement,2000,21480813,2000
route_workload,mendeley_igt_official_v2,frozen_external_official_v2_same_task,history_baseline,6,6.0,auto_capacity_blocks_per_100,36.1271186440678,27.168220338983055,45.18707627118644,0.95,participant,cluster percentile; participants sampled with replacement,2000,21480813,2000
route_workload,mendeley_igt_official_v2,frozen_external_official_v2_same_task,history_baseline,8,8.0,alert_rate,0.0335593220338983,0.030084745762711865,0.03652542372881356,0.95,participant,cluster percentile; participants sampled with replacement,2000,21490813,2000
route_workload,mendeley_igt_official_v2,frozen_external_official_v2_same_task,history_baseline,8,8.0,human_review_rate,0.006779661016949152,0.005677966101694915,0.00788135593220339,0.95,participant,cluster percentile; participants sampled with replacement,2000,21490813,2000
route_workload,mendeley_igt_official_v2,frozen_external_official_v2_same_task,history_baseline,8,8.0,abstain_rate,0.46711864406779663,0.3842330508474576,0.5536525423728813,0.95,participant,cluster percentile; participants sampled with replacement,2000,21490813,2000
route_workload,mendeley_igt_official_v2,frozen_external_official_v2_same_task,history_baseline,8,8.0,no_action_rate,0.49254237288135594,0.40803389830508474,0.5739894067796609,0.95,participant,cluster percentile; participants sampled with replacement,2000,21490813,2000
route_workload,mendeley_igt_official_v2,frozen_external_official_v2_same_task,history_baseline,8,8.0,action_route_rate,0.04033898305084746,0.03711652542372881,0.04330508474576271,0.95,participant,cluster percentile; participants sampled with replacement,2000,21490813,2000
route_workload,mendeley_igt_official_v2,frozen_external_official_v2_same_task,history_baseline,8,8.0,event_coverage_by_action,0.03711375798377352,0.03220689004009439,0.04212855848000875,0.95,participant,cluster percentile; participants sampled with replacement,2000,21490813,2000
route_workload,mendeley_igt_official_v2,frozen_external_official_v2_same_task,history_baseline,8,8.0,action_precision,0.45168067226890757,0.41128944979751436,0.49210228719993676,0.95,participant,cluster percentile; participants sampled with replacement,2000,21490813,2000
route_workload,mendeley_igt_official_v2,frozen_external_official_v2_same_task,history_baseline,8,8.0,false_actions_per_100,2.211864406779661,1.9915254237288136,2.4237288135593222,0.95,participant,cluster percentile; participants sampled with replacement,2000,21490813,2000
route_workload,mendeley_igt_official_v2,frozen_external_official_v2_same_task,history_baseline,8,8.0,event_coverage_by_alert,0.030726739167961332,0.02572294492890318,0.03561388245789396,0.95,participant,cluster percentile; participants sampled with replacement,2000,21490813,2000
route_workload,mendeley_igt_official_v2,frozen_external_official_v2_same_task,history_baseline,8,8.0,alert_precision,0.4494949494949495,0.39950372208436724,0.5,0.95,participant,cluster percentile; participants sampled with replacement,2000,21490813,2000
route_workload,mendeley_igt_official_v2,frozen_external_official_v2_same_task,history_baseline,8,8.0,false_alerts_per_100,1.847457627118644,1.61864406779661,2.059322033898305,0.95,participant,cluster percentile; participants sampled with replacement,2000,21490813,2000
route_workload,mendeley_igt_official_v2,frozen_external_official_v2_same_task,history_baseline,8,8.0,auto_capacity_blocks_per_100,35.38135593220339,26.635169491525424,44.30529661016949,0.95,participant,cluster percentile; participants sampled with replacement,2000,21490813,2000
route_workload,mendeley_igt_official_v2,frozen_external_official_v2_same_task,history_baseline,effective_unbounded,201.0,alert_rate,0.38737288135593223,0.2936398305084746,0.48729661016949144,0.95,participant,cluster percentile; participants sampled with replacement,2000,21500813,2000
route_workload,mendeley_igt_official_v2,frozen_external_official_v2_same_task,history_baseline,effective_unbounded,201.0,human_review_rate,0.006779661016949152,0.005593220338983051,0.00788135593220339,0.95,participant,cluster percentile; participants sampled with replacement,2000,21500813,2000
route_workload,mendeley_igt_official_v2,frozen_external_official_v2_same_task,history_baseline,effective_unbounded,201.0,abstain_rate,0.46711864406779663,0.38084745762711864,0.5528834745762712,0.95,participant,cluster percentile; participants sampled with replacement,2000,21500813,2000
route_workload,mendeley_igt_official_v2,frozen_external_official_v2_same_task,history_baseline,effective_unbounded,201.0,no_action_rate,0.13872881355932204,0.07948728813559322,0.20467161016949145,0.95,participant,cluster percentile; participants sampled with replacement,2000,21500813,2000
route_workload,mendeley_igt_official_v2,frozen_external_official_v2_same_task,history_baseline,effective_unbounded,201.0,action_route_rate,0.39415254237288133,0.3014300847457627,0.49347457627118646,0.95,participant,cluster percentile; participants sampled with replacement,2000,21500813,2000
route_workload,mendeley_igt_official_v2,frozen_external_official_v2_same_task,history_baseline,effective_unbounded,201.0,event_coverage_by_action,0.4595201104781633,0.3635884744843914,0.5566438583709549,0.95,participant,cluster percentile; participants sampled with replacement,2000,21500813,2000
route_workload,mendeley_igt_official_v2,frozen_external_official_v2_same_task,history_baseline,effective_unbounded,201.0,action_precision,0.5723500322511288,0.5472378086020221,0.5960966868811994,0.95,participant,cluster percentile; participants sampled with replacement,2000,21500813,2000
route_workload,mendeley_igt_official_v2,frozen_external_official_v2_same_task,history_baseline,effective_unbounded,201.0,false_actions_per_100,16.85593220338983,13.202542372881357,20.628389830508468,0.95,participant,cluster percentile; participants sampled with replacement,2000,21500813,2000
route_workload,mendeley_igt_official_v2,frozen_external_official_v2_same_task,history_baseline,effective_unbounded,201.0,event_coverage_by_alert,0.4531330916623511,0.3559274349495066,0.551548407956944,0.95,participant,cluster percentile; participants sampled with replacement,2000,21500813,2000
route_workload,mendeley_igt_official_v2,frozen_external_official_v2_same_task,history_baseline,effective_unbounded,201.0,alert_precision,0.5742725880551302,0.5494518493214686,0.5979708852255622,0.95,participant,cluster percentile; participants sampled with replacement,2000,21500813,2000
route_workload,mendeley_igt_official_v2,frozen_external_official_v2_same_task,history_baseline,effective_unbounded,201.0,false_alerts_per_100,16.491525423728813,12.796398305084747,20.338983050847457,0.95,participant,cluster percentile; participants sampled with replacement,2000,21500813,2000
route_workload,mendeley_igt_official_v2,frozen_external_official_v2_same_task,history_baseline,effective_unbounded,201.0,auto_capacity_blocks_per_100,0.0,0.0,0.0,0.95,participant,cluster percentile; participants sampled with replacement,2000,21500813,2000
route_workload,mendeley_igt_official_v2,frozen_external_official_v2_same_task,regularised_logistic,2,2.0,alert_rate,0.00983050847457627,0.009491525423728813,0.01,0.95,participant,cluster percentile; participants sampled with replacement,2000,21510813,2000
route_workload,mendeley_igt_official_v2,frozen_external_official_v2_same_task,regularised_logistic,2,2.0,human_review_rate,0.01,0.01,0.01,0.95,participant,cluster percentile; participants sampled with replacement,2000,21510813,2000
route_workload,mendeley_igt_official_v2,frozen_external_official_v2_same_task,regularised_logistic,2,2.0,abstain_rate,0.21169491525423728,0.19304237288135595,0.22983050847457628,0.95,participant,cluster percentile; participants sampled with replacement,2000,21510813,2000
route_workload,mendeley_igt_official_v2,frozen_external_official_v2_same_task,regularised_logistic,2,2.0,no_action_rate,0.7684745762711864,0.7504216101694916,0.7872055084745763,0.95,participant,cluster percentile; participants sampled with replacement,2000,21510813,2000
route_workload,mendeley_igt_official_v2,frozen_external_official_v2_same_task,regularised_logistic,2,2.0,action_route_rate,0.01983050847457627,0.019491525423728815,0.02,0.95,participant,cluster percentile; participants sampled with replacement,2000,21510813,2000
route_workload,mendeley_igt_official_v2,frozen_external_official_v2_same_task,regularised_logistic,2,2.0,event_coverage_by_action,0.01967892283790782,0.017232564994190593,0.0221643986866141,0.95,participant,cluster percentile; participants sampled with replacement,2000,21510813,2000
route_workload,mendeley_igt_official_v2,frozen_external_official_v2_same_task,regularised_logistic,2,2.0,action_precision,0.48717948717948717,0.4279661016949153,0.5470085470085471,0.95,participant,cluster percentile; participants sampled with replacement,2000,21510813,2000
route_workload,mendeley_igt_official_v2,frozen_external_official_v2_same_task,regularised_logistic,2,2.0,false_actions_per_100,1.0169491525423728,0.8983050847457628,1.1355932203389831,0.95,participant,cluster percentile; participants sampled with replacement,2000,21510813,2000
route_workload,mendeley_igt_official_v2,frozen_external_official_v2_same_task,regularised_logistic,2,2.0,event_coverage_by_alert,0.008458484377697221,0.006910690096912761,0.010118694474538918,0.95,participant,cluster percentile; participants sampled with replacement,2000,21510813,2000
route_workload,mendeley_igt_official_v2,frozen_external_official_v2_same_task,regularised_logistic,2,2.0,alert_precision,0.4224137931034483,0.3448275862068966,0.5,0.95,participant,cluster percentile; participants sampled with replacement,2000,21510813,2000
route_workload,mendeley_igt_official_v2,frozen_external_official_v2_same_task,regularised_logistic,2,2.0,false_alerts_per_100,0.5677966101694916,0.4915254237288136,0.6440677966101694,0.95,participant,cluster percentile; participants sampled with replacement,2000,21510813,2000
route_workload,mendeley_igt_official_v2,frozen_external_official_v2_same_task,regularised_logistic,2,2.0,auto_capacity_blocks_per_100,27.5,23.33008474576271,31.813983050847458,0.95,participant,cluster percentile; participants sampled with replacement,2000,21510813,2000
route_workload,mendeley_igt_official_v2,frozen_external_official_v2_same_task,regularised_logistic,4,4.0,alert_rate,0.01966101694915254,0.018983050847457626,0.02,0.95,participant,cluster percentile; participants sampled with replacement,2000,21520813,2000
route_workload,mendeley_igt_official_v2,frozen_external_official_v2_same_task,regularised_logistic,4,4.0,human_review_rate,0.01,0.01,0.01,0.95,participant,cluster percentile; participants sampled with replacement,2000,21520813,2000
route_workload,mendeley_igt_official_v2,frozen_external_official_v2_same_task,regularised_logistic,4,4.0,abstain_rate,0.21169491525423728,0.19220127118644068,0.23008898305084743,0.95,participant,cluster percentile; participants sampled with replacement,2000,21520813,2000
route_workload,mendeley_igt_official_v2,frozen_external_official_v2_same_task,regularised_logistic,4,4.0,no_action_rate,0.7586440677966102,0.7402521186440678,0.7781377118644067,0.95,participant,cluster percentile; participants sampled with replacement,2000,21520813,2000
route_workload,mendeley_igt_official_v2,frozen_external_official_v2_same_task,regularised_logistic,4,4.0,action_route_rate,0.029661016949152543,0.028983050847457628,0.03,0.95,participant,cluster percentile; participants sampled with replacement,2000,21520813,2000
route_workload,mendeley_igt_official_v2,frozen_external_official_v2_same_task,regularised_logistic,4,4.0,event_coverage_by_action,0.03158984981874676,0.028111675455886352,0.03488034489547866,0.95,participant,cluster percentile; participants sampled with replacement,2000,21520813,2000
route_workload,mendeley_igt_official_v2,frozen_external_official_v2_same_task,regularised_logistic,4,4.0,action_precision,0.5228571428571429,0.47398843930635837,0.5672514619883041,0.95,participant,cluster percentile; participants sampled with replacement,2000,21520813,2000
route_workload,mendeley_igt_official_v2,frozen_external_official_v2_same_task,regularised_logistic,4,4.0,false_actions_per_100,1.4152542372881356,1.2796610169491525,1.5593220338983051,0.95,participant,cluster percentile; participants sampled with replacement,2000,21520813,2000
route_workload,mendeley_igt_official_v2,frozen_external_official_v2_same_task,regularised_logistic,4,4.0,event_coverage_by_alert,0.020369411358536163,0.01760897182061376,0.023029799052857406,0.95,participant,cluster percentile; participants sampled with replacement,2000,21520813,2000
route_workload,mendeley_igt_official_v2,frozen_external_official_v2_same_task,regularised_logistic,4,4.0,alert_precision,0.5086206896551724,0.44396551724137934,0.5646551724137931,0.95,participant,cluster percentile; participants sampled with replacement,2000,21520813,2000
route_workload,mendeley_igt_official_v2,frozen_external_official_v2_same_task,regularised_logistic,4,4.0,false_alerts_per_100,0.9661016949152542,0.847457627118644,1.0932203389830508,0.95,participant,cluster percentile; participants sampled with replacement,2000,21520813,2000
route_workload,mendeley_igt_official_v2,frozen_external_official_v2_same_task,regularised_logistic,4,4.0,auto_capacity_blocks_per_100,26.516949152542374,22.35572033898305,31.026059322033895,0.95,participant,cluster percentile; participants sampled with replacement,2000,21520813,2000
route_workload,mendeley_igt_official_v2,frozen_external_official_v2_same_task,regularised_logistic,6,6.0,alert_rate,0.029491525423728814,0.02847457627118644,0.03,0.95,participant,cluster percentile; participants sampled with replacement,2000,21530813,2000
route_workload,mendeley_igt_official_v2,frozen_external_official_v2_same_task,regularised_logistic,6,6.0,human_review_rate,0.01,0.01,0.01,0.95,participant,cluster percentile; participants sampled with replacement,2000,21530813,2000
route_workload,mendeley_igt_official_v2,frozen_external_official_v2_same_task,regularised_logistic,6,6.0,abstain_rate,0.21169491525423728,0.19271186440677965,0.2305974576271186,0.95,participant,cluster percentile; participants sampled with replacement,2000,21530813,2000
route_workload,mendeley_igt_official_v2,frozen_external_official_v2_same_task,regularised_logistic,6,6.0,no_action_rate,0.7488135593220339,0.7296567796610169,0.7677966101694915,0.95,participant,cluster percentile; participants sampled with replacement,2000,21530813,2000
route_workload,mendeley_igt_official_v2,frozen_external_official_v2_same_task,regularised_logistic,6,6.0,action_route_rate,0.039491525423728815,0.03847457627118644,0.04,0.95,participant,cluster percentile; participants sampled with replacement,2000,21530813,2000
route_workload,mendeley_igt_official_v2,frozen_external_official_v2_same_task,regularised_logistic,6,6.0,event_coverage_by_action,0.04177455549801484,0.0377043644712046,0.04624746136152604,0.95,participant,cluster percentile; participants sampled with replacement,2000,21530813,2000
route_workload,mendeley_igt_official_v2,frozen_external_official_v2_same_task,regularised_logistic,6,6.0,action_precision,0.51931330472103,0.4788135593220339,0.5622649487160833,0.95,participant,cluster percentile; participants sampled with replacement,2000,21530813,2000
route_workload,mendeley_igt_official_v2,frozen_external_official_v2_same_task,regularised_logistic,6,6.0,false_actions_per_100,1.8983050847457628,1.728813559322034,2.0677966101694913,0.95,participant,cluster percentile; participants sampled with replacement,2000,21530813,2000
route_workload,mendeley_igt_official_v2,frozen_external_official_v2_same_task,regularised_logistic,6,6.0,event_coverage_by_alert,0.030554117037804248,0.026856060060406133,0.03437286904663999,0.95,participant,cluster percentile; participants sampled with replacement,2000,21530813,2000
route_workload,mendeley_igt_official_v2,frozen_external_official_v2_same_task,regularised_logistic,6,6.0,alert_precision,0.5086206896551724,0.45689655172413796,0.5603448275862069,0.95,participant,cluster percentile; participants sampled with replacement,2000,21530813,2000
route_workload,mendeley_igt_official_v2,frozen_external_official_v2_same_task,regularised_logistic,6,6.0,false_alerts_per_100,1.4491525423728813,1.2966101694915255,1.6101694915254237,0.95,participant,cluster percentile; participants sampled with replacement,2000,21530813,2000
route_workload,mendeley_igt_official_v2,frozen_external_official_v2_same_task,regularised_logistic,6,6.0,auto_capacity_blocks_per_100,25.533898305084747,21.423728813559322,29.92415254237288,0.95,participant,cluster percentile; participants sampled with replacement,2000,21530813,2000
route_workload,mendeley_igt_official_v2,frozen_external_official_v2_same_task,regularised_logistic,8,8.0,alert_rate,0.039152542372881356,0.037796610169491526,0.04,0.95,participant,cluster percentile; participants sampled with replacement,2000,21540813,2000
route_workload,mendeley_igt_official_v2,frozen_external_official_v2_same_task,regularised_logistic,8,8.0,human_review_rate,0.01,0.01,0.01,0.95,participant,cluster percentile; participants sampled with replacement,2000,21540813,2000
route_workload,mendeley_igt_official_v2,frozen_external_official_v2_same_task,regularised_logistic,8,8.0,abstain_rate,0.21169491525423728,0.19372669491525424,0.2306800847457627,0.95,participant,cluster percentile; participants sampled with replacement,2000,21540813,2000
route_workload,mendeley_igt_official_v2,frozen_external_official_v2_same_task,regularised_logistic,8,8.0,no_action_rate,0.7391525423728813,0.7198283898305086,0.7577118644067796,0.95,participant,cluster percentile; participants sampled with replacement,2000,21540813,2000
route_workload,mendeley_igt_official_v2,frozen_external_official_v2_same_task,regularised_logistic,8,8.0,action_route_rate,0.04915254237288136,0.04779661016949153,0.05,0.95,participant,cluster percentile; participants sampled with replacement,2000,21540813,2000
route_workload,mendeley_igt_official_v2,frozen_external_official_v2_same_task,regularised_logistic,8,8.0,event_coverage_by_action,0.051441394786811666,0.046318854368010046,0.05661652861236805,0.95,participant,cluster percentile; participants sampled with replacement,2000,21540813,2000
route_workload,mendeley_igt_official_v2,frozen_external_official_v2_same_task,regularised_logistic,8,8.0,action_precision,0.5137931034482759,0.4721229989522673,0.5532691965872734,0.95,participant,cluster percentile; participants sampled with replacement,2000,21540813,2000
route_workload,mendeley_igt_official_v2,frozen_external_official_v2_same_task,regularised_logistic,8,8.0,false_actions_per_100,2.389830508474576,2.1864406779661016,2.6016949152542375,0.95,participant,cluster percentile; participants sampled with replacement,2000,21540813,2000
route_workload,mendeley_igt_official_v2,frozen_external_official_v2_same_task,regularised_logistic,8,8.0,event_coverage_by_alert,0.04022095632660107,0.03600962605004839,0.04491173418215251,0.95,participant,cluster percentile; participants sampled with replacement,2000,21540813,2000
route_workload,mendeley_igt_official_v2,frozen_external_official_v2_same_task,regularised_logistic,8,8.0,alert_precision,0.5043290043290043,0.4576271186440678,0.5491558908045977,0.95,participant,cluster percentile; participants sampled with replacement,2000,21540813,2000
route_workload,mendeley_igt_official_v2,frozen_external_official_v2_same_task,regularised_logistic,8,8.0,false_alerts_per_100,1.9406779661016949,1.754025423728814,2.1440677966101696,0.95,participant,cluster percentile; participants sampled with replacement,2000,21540813,2000
route_workload,mendeley_igt_official_v2,frozen_external_official_v2_same_task,regularised_logistic,8,8.0,auto_capacity_blocks_per_100,24.56779661016949,20.660381355932206,28.81377118644068,0.95,participant,cluster percentile; participants sampled with replacement,2000,21540813,2000
route_workload,mendeley_igt_official_v2,frozen_external_official_v2_same_task,regularised_logistic,effective_unbounded,201.0,alert_rate,0.28483050847457625,0.23957627118644068,0.32796822033898304,0.95,participant,cluster percentile; participants sampled with replacement,2000,21550813,2000
route_workload,mendeley_igt_official_v2,frozen_external_official_v2_same_task,regularised_logistic,effective_unbounded,201.0,human_review_rate,0.01,0.01,0.01,0.95,participant,cluster percentile; participants sampled with replacement,2000,21550813,2000
route_workload,mendeley_igt_official_v2,frozen_external_official_v2_same_task,regularised_logistic,effective_unbounded,201.0,abstain_rate,0.21169491525423728,0.1923707627118644,0.22950211864406772,0.95,participant,cluster percentile; participants sampled with replacement,2000,21550813,2000
route_workload,mendeley_igt_official_v2,frozen_external_official_v2_same_task,regularised_logistic,effective_unbounded,201.0,no_action_rate,0.49347457627118646,0.44304872881355933,0.5454322033898305,0.95,participant,cluster percentile; participants sampled with replacement,2000,21550813,2000
route_workload,mendeley_igt_official_v2,frozen_external_official_v2_same_task,regularised_logistic,effective_unbounded,201.0,action_route_rate,0.29483050847457626,0.24957627118644068,0.33796822033898305,0.95,participant,cluster percentile; participants sampled with replacement,2000,21550813,2000
route_workload,mendeley_igt_official_v2,frozen_external_official_v2_same_task,regularised_logistic,effective_unbounded,201.0,event_coverage_by_action,0.39340583462799933,0.3325659071546212,0.4490685093510561,0.95,participant,cluster percentile; participants sampled with replacement,2000,21550813,2000
route_workload,mendeley_igt_official_v2,frozen_external_official_v2_same_task,regularised_logistic,effective_unbounded,201.0,action_precision,0.6550732969244035,0.6095367825461916,0.6942332278186627,0.95,participant,cluster percentile; participants sampled with replacement,2000,21550813,2000
route_workload,mendeley_igt_official_v2,frozen_external_official_v2_same_task,regularised_logistic,effective_unbounded,201.0,false_actions_per_100,10.169491525423728,8.948940677966101,11.44936440677966,0.95,participant,cluster percentile; participants sampled with replacement,2000,21550813,2000
route_workload,mendeley_igt_official_v2,frozen_external_official_v2_same_task,regularised_logistic,effective_unbounded,201.0,event_coverage_by_alert,0.38218539616778874,0.32175565345717444,0.437397721550856,0.95,participant,cluster percentile; participants sampled with replacement,2000,21550813,2000
route_workload,mendeley_igt_official_v2,frozen_external_official_v2_same_task,regularised_logistic,effective_unbounded,201.0,alert_precision,0.6587325200833085,0.6136033209411412,0.698719394556026,0.95,participant,cluster percentile; participants sampled with replacement,2000,21550813,2000
route_workload,mendeley_igt_official_v2,frozen_external_official_v2_same_task,regularised_logistic,effective_unbounded,201.0,false_alerts_per_100,9.720338983050848,8.516313559322036,11.0,0.95,participant,cluster percentile; participants sampled with replacement,2000,21550813,2000
route_workload,mendeley_igt_official_v2,frozen_external_official_v2_same_task,regularised_logistic,effective_unbounded,201.0,auto_capacity_blocks_per_100,0.0,0.0,0.0,0.95,participant,cluster percentile; participants sampled with replacement,2000,21550813,2000
