run_id,batch_id,arm,policy,condition,task_id,candidate_id,operation_id,effect_id,status,result_hash,solution_sha256,test_sha256,runner_sha256,launch_ordinal,actual_starts,child_cpu_seconds,suite_wall_seconds,launcher_wall_seconds,launcher_start_elapsed_s,result_commit_elapsed_s,reconciled_elapsed_s,reconciled_phase,response_dropped
r001,evaluation_01,ecrc,depth_first,normal,HumanEval/23,HumanEval/23::13,permit_1958f927eeb2be050ac979aa313453be,1,pass,788f71c5a9516d907d85f3b3acb5473b27dd83df8c453053e3adb01235b3f5f9,dbbac09e3131be1e661b5c8e0da39bafb0f1e5e7064856246323ad485c8b2d16,f181949ea78344b5ea08fd2621c3a1c134e73d5a8c54b59946327d3ca59b89d9,e05cebc18c2dab444215fb826377edb0480db72e2bf33ed776afbbc2a1d7f150,1,1,0.001036,0.0023563689999999138,1.875,0.0303469,1.9049325,1.9097032,primary,False
r001,evaluation_01,ecrc,depth_first,normal,HumanEval/38,HumanEval/38::37,permit_9c8a5cd71348255e4e6ddedee0e78fb8,2,fail,074d44c691764d15fe8baa0b22e109527d579ad38af49d8c5be6c8dd93b6922a,ba45f8e4332acd8f88a1a81cf6ba068ed0f3186fe7b07e4264abb06dce08943b,7fc9b65c533cc59263351e27ef2f86b43f244c204f4c23832f6ea256759cd960,e05cebc18c2dab444215fb826377edb0480db72e2bf33ed776afbbc2a1d7f150,2,1,0.003114,0.0041153409999998836,0.23399999999674037,1.9381032,2.1680661,2.1733475,primary,False
r001,evaluation_01,ecrc,depth_first,normal,HumanEval/38,HumanEval/38::180,permit_e8427cd0bfb32b4d95c49758cc7ea695,3,fail,d89e8ad7f65c8c55379f4745b848c41acfe0f4b0e2f2084600218b8e063ffb20,0dc93486622332d2f438fbb49dc52a57d14e8ba87f898c46cc6878a33b8b4007,7fc9b65c533cc59263351e27ef2f86b43f244c204f4c23832f6ea256759cd960,e05cebc18c2dab444215fb826377edb0480db72e2bf33ed776afbbc2a1d7f150,3,1,0.0,0.0038417160000001616,0.21900000001187436,2.2022318,2.4311221,2.4358272,primary,False
r001,evaluation_01,ecrc,depth_first,normal,HumanEval/38,HumanEval/38::131,permit_64bc5d898732a9119912bc6e0d529ad1,4,fail,c8806459a3dda14c5a84a547697f97b0dbea0734455a7ffe4ee5b7b60e022748,50088dfeedc42ac7617b7458b25595d46467465a28aca304b689032ec32e8436,7fc9b65c533cc59263351e27ef2f86b43f244c204f4c23832f6ea256759cd960,e05cebc18c2dab444215fb826377edb0480db72e2bf33ed776afbbc2a1d7f150,4,1,0.000309,0.0036572779999999305,0.21900000001187436,2.4509896,2.6738622,2.678204,primary,False
r001,evaluation_01,ecrc,depth_first,normal,HumanEval/38,HumanEval/38::495,permit_87c0bc1b95b210d793c9d9bef45b5ceb,5,fail,835669936e28f3c5228459559889b80119d006a117eaec83b8f06a617954fa81,19abdcae9a540e115c4f051acda1e752ba101122038eb4f6238a07e1f633f108,7fc9b65c533cc59263351e27ef2f86b43f244c204f4c23832f6ea256759cd960,e05cebc18c2dab444215fb826377edb0480db72e2bf33ed776afbbc2a1d7f150,5,1,0.001593,0.0030522870000000424,0.20300000000861473,2.7157165,2.9284059,2.9333625,primary,False
r001,evaluation_01,ecrc,depth_first,normal,HumanEval/91,HumanEval/91::341,permit_8a3666a4141e0829da4d1049ff7dbdbb,6,fail,a7f0f4599e083f33ea00f472d02fdd94343e059035f2385963daaf786f0b3bc6,979a27f2f672cdcd6f7247614449068a94059e82f682e229987d0d3ccb1431c7,0c77297b0dd12fef32bdc290bf84e28cab142cab493b27d4d176d93e7bddeae3,e05cebc18c2dab444215fb826377edb0480db72e2bf33ed776afbbc2a1d7f150,6,1,0.0,0.0022473960000000126,0.20300000000861473,2.9646647,3.1748173,3.1790153,primary,False
r001,evaluation_01,ecrc,depth_first,normal,HumanEval/91,HumanEval/91::476,permit_f45f882ea8dd623c132286ff618a75fc,7,fail,d93504473e7ce89d9a773be72863a76f50238d66eda2bd6c9a567d72a582f75c,8907c1a6564113ff2b5996be2db445f26bcd5528189bddf9276e7fdc796440c1,0c77297b0dd12fef32bdc290bf84e28cab142cab493b27d4d176d93e7bddeae3,e05cebc18c2dab444215fb826377edb0480db72e2bf33ed776afbbc2a1d7f150,7,1,0.0005729999999999999,0.002432814000000061,0.21799999999348074,3.1955627,3.4094193,3.4138284,primary,False
r001,evaluation_01,ecrc,depth_first,normal,HumanEval/91,HumanEval/91::492,permit_e314194d5136ee8422625351787b3035,8,fail,d3eaaaf807204474785c9e4fd05b8793f56718ea96e3fd86f200a7d876b07b8a,3363a9df5e31c30818f650a9620664acc3cf04cfa92ad17328c85044995d0d36,0c77297b0dd12fef32bdc290bf84e28cab142cab493b27d4d176d93e7bddeae3,e05cebc18c2dab444215fb826377edb0480db72e2bf33ed776afbbc2a1d7f150,8,1,0.000261,0.0018996740000001289,0.20300000000861473,3.4530309,3.6647906,3.6699452,primary,False
r001,evaluation_01,ecrc,depth_first,normal,HumanEval/91,HumanEval/91::174,permit_f47cbdf6b465530495aa90962f4c2bd9,9,pass,20eabb912e10ddf5583aa092faeeb6718f63516cff8d40070589f3bd9ffa7488,14a1a94a14c035b92d551f43e57eff8b931af193f8044e16a295433a9e8ef5e3,0c77297b0dd12fef32bdc290bf84e28cab142cab493b27d4d176d93e7bddeae3,e05cebc18c2dab444215fb826377edb0480db72e2bf33ed776afbbc2a1d7f150,9,1,0.0,0.001956836000000184,0.20300000000861473,3.7022651,3.9149622,3.9200003,primary,False
r001,evaluation_01,ecrc,depth_first,normal,HumanEval/41,HumanEval/41::57,permit_680abec1ace3bbd934b299f4cff41784,10,fail,421a047ad57a13cf2b16be5c35129ed9d67652848d66239df0cc3f17b2acd564,4f4b92d1d2ad5e784eaa02de25d24430737d1037269d2c90a923a54aff8961d7,efd30b4973f1afead4dabda893cbf189465d7df8d117d5dac1b78d6d06c084ec,e05cebc18c2dab444215fb826377edb0480db72e2bf33ed776afbbc2a1d7f150,10,1,0.0,0.002204701000000142,0.20300000000861473,3.9478575,4.16384,4.1690881,primary,False
r001,evaluation_01,ecrc,depth_first,normal,HumanEval/41,HumanEval/41::237,permit_9bc97d9de52c9488e311da6a8682edce,11,fail,3759c6548765e049dc5e33b7ec0d3d5eb31f48fb0dcb39ad48f8c830c85f8b0f,455da4dcc076d1bf4f96467fe6d389440aa9c84a40e01d1a20c792a82ac54e9b,efd30b4973f1afead4dabda893cbf189465d7df8d117d5dac1b78d6d06c084ec,e05cebc18c2dab444215fb826377edb0480db72e2bf33ed776afbbc2a1d7f150,11,1,0.001794,0.002223652000000076,0.21799999999348074,4.1857888,4.4042606,4.4093506,primary,False
r001,evaluation_01,ecrc,depth_first,normal,HumanEval/41,HumanEval/41::350,permit_18a072126e17398432d7fd6cd16ecd27,12,fail,d5b1a516bfe06a183b0483ba820076d385920efa5128ed3cca1873ca82d45ef4,03be42e2fd7a391f9991fbd1fe43034ba84c496b2697916d38e02960d91a19e3,efd30b4973f1afead4dabda893cbf189465d7df8d117d5dac1b78d6d06c084ec,e05cebc18c2dab444215fb826377edb0480db72e2bf33ed776afbbc2a1d7f150,12,1,0.000158,0.002048926000000506,0.20300000000861473,4.4498212,4.6664099,4.6718683,primary,False
r001,evaluation_01,ecrc,depth_first,normal,HumanEval/41,HumanEval/41::395,permit_458a42ae4aa5cf33ea48bbdd46a125ea,13,fail,e3dcf517c8c4586f6c59a105e1aac826b009870bd19d4039b3cfd83fcd0c89b1,762b237f658f7d5ee7b3e1a102f268e4ede56e0de90a9264f8c41272df1f99bf,efd30b4973f1afead4dabda893cbf189465d7df8d117d5dac1b78d6d06c084ec,e05cebc18c2dab444215fb826377edb0480db72e2bf33ed776afbbc2a1d7f150,13,1,0.0,0.0019726559999995175,0.21799999999348074,4.688267,4.9040802,4.9085383,primary,False
r001,evaluation_01,ecrc,depth_first,normal,HumanEval/49,HumanEval/49::329,permit_9ec7de7a9360f3736883b9759c036e9f,14,fail,6ebaa28fee951692e82cede66ed7e904e7bcfc44f08ba7319c23421cbb83722a,f97e3693f3e77ac29564824e12caef322f52a35bd17d72a08ad7d51c0cdfd472,27355fa891557a9021767b11ce44faa534af8acb8e09bb2c7a82d34129a451a3,e05cebc18c2dab444215fb826377edb0480db72e2bf33ed776afbbc2a1d7f150,14,1,0.001266,0.0023791620000004343,0.21799999999348074,4.9394058,5.1532504,5.1576589,primary,False
r002,evaluation_01,ordinary,depth_first,normal,HumanEval/23,HumanEval/23::13,ordinary-permit-cefbc2cb6ead28b1eafdc83bc6d7a782,1,pass,fe89ab0e55df93176b66b15e327a588fb0d998902fee2e98b981699d4c937275,dbbac09e3131be1e661b5c8e0da39bafb0f1e5e7064856246323ad485c8b2d16,f181949ea78344b5ea08fd2621c3a1c134e73d5a8c54b59946327d3ca59b89d9,e05cebc18c2dab444215fb826377edb0480db72e2bf33ed776afbbc2a1d7f150,1,1,0.000983,0.0016936620000000957,0.20300000000861473,0.0259854,0.2347109,0.2388648,primary,False
r002,evaluation_01,ordinary,depth_first,normal,HumanEval/38,HumanEval/38::37,ordinary-permit-2d6c380f08ba989f0418010bcf1691a2,2,fail,22458c7ef1da636dbab9f0997fdf1eecefc4d2572f1e1ce1fe24e476d9af6963,ba45f8e4332acd8f88a1a81cf6ba068ed0f3186fe7b07e4264abb06dce08943b,7fc9b65c533cc59263351e27ef2f86b43f244c204f4c23832f6ea256759cd960,e05cebc18c2dab444215fb826377edb0480db72e2bf33ed776afbbc2a1d7f150,2,1,0.0,0.002808693999999612,0.21900000001187436,0.2770554,0.4908627,0.4957513,primary,False
r002,evaluation_01,ordinary,depth_first,normal,HumanEval/38,HumanEval/38::180,ordinary-permit-96207c517813d84d5d1be3c0d5354890,3,fail,0d1dcf90e1e7e782e2ea956944380faad80cbb7c3757826ca035cfd76a58a762,0dc93486622332d2f438fbb49dc52a57d14e8ba87f898c46cc6878a33b8b4007,7fc9b65c533cc59263351e27ef2f86b43f244c204f4c23832f6ea256759cd960,e05cebc18c2dab444215fb826377edb0480db72e2bf33ed776afbbc2a1d7f150,3,1,0.0018369999999999999,0.003112975999999712,0.21900000001187436,0.5093843,0.7229378,0.727656,primary,False
r002,evaluation_01,ordinary,depth_first,normal,HumanEval/38,HumanEval/38::131,ordinary-permit-8d916f2affd38af4f6c36284bdc54d9b,4,fail,ffe276d6ddb0a228e077f88754b31277bc50a691f40b2dd7c28ae9792d909147,50088dfeedc42ac7617b7458b25595d46467465a28aca304b689032ec32e8436,7fc9b65c533cc59263351e27ef2f86b43f244c204f4c23832f6ea256759cd960,e05cebc18c2dab444215fb826377edb0480db72e2bf33ed776afbbc2a1d7f150,4,1,0.000137,0.002943891000000143,0.20300000000861473,0.7594901,0.9680258,0.9723253,primary,False
r002,evaluation_01,ordinary,depth_first,normal,HumanEval/38,HumanEval/38::495,ordinary-permit-d07d9cfe0af2a23140ecd4e6411d994f,5,fail,b38232fb4c8922c188d862c70975472a9cfa531b1bf740952c5d40e2173c3c94,19abdcae9a540e115c4f051acda1e752ba101122038eb4f6238a07e1f633f108,7fc9b65c533cc59263351e27ef2f86b43f244c204f4c23832f6ea256759cd960,e05cebc18c2dab444215fb826377edb0480db72e2bf33ed776afbbc2a1d7f150,5,1,0.0,0.0028556389999998544,0.2029999999795109,0.9957178,1.2043435,1.2084552,primary,False
r002,evaluation_01,ordinary,depth_first,normal,HumanEval/91,HumanEval/91::341,ordinary-permit-52569f1bd23d0e18b84703cdd2469077,6,fail,c77be251b38c972e5fc5f07d4a0b13b3362ccf6e6276d20bf9bd8f19ed5918ed,979a27f2f672cdcd6f7247614449068a94059e82f682e229987d0d3ccb1431c7,0c77297b0dd12fef32bdc290bf84e28cab142cab493b27d4d176d93e7bddeae3,e05cebc18c2dab444215fb826377edb0480db72e2bf33ed776afbbc2a1d7f150,6,1,0.0,0.002183696000000346,0.20300000000861473,1.2307845,1.4367754,1.4412835,primary,False
r002,evaluation_01,ordinary,depth_first,normal,HumanEval/91,HumanEval/91::476,ordinary-permit-283ec2b4cb15be31353fb80ca13551ab,7,fail,1946677b8052fbb6933d2e4931dee75a04f134567e4779df6f28724e4533abc8,8907c1a6564113ff2b5996be2db445f26bcd5528189bddf9276e7fdc796440c1,0c77297b0dd12fef32bdc290bf84e28cab142cab493b27d4d176d93e7bddeae3,e05cebc18c2dab444215fb826377edb0480db72e2bf33ed776afbbc2a1d7f150,7,1,0.000768,0.0021034040000005305,0.21900000001187436,1.4665342,1.6832368,1.6874471,primary,False
r002,evaluation_01,ordinary,depth_first,normal,HumanEval/91,HumanEval/91::492,ordinary-permit-5446253229d5221d22713e8f14649b5a,8,fail,2af223839dc9c78fb9a3a57bb6d25f13e1802ab46a3781215746e7001a46f47e,3363a9df5e31c30818f650a9620664acc3cf04cfa92ad17328c85044995d0d36,0c77297b0dd12fef32bdc290bf84e28cab142cab493b27d4d176d93e7bddeae3,e05cebc18c2dab444215fb826377edb0480db72e2bf33ed776afbbc2a1d7f150,8,1,0.001181,0.00210952999999936,0.20399999999790452,1.7156541,1.92231,1.9261477,primary,False
r002,evaluation_01,ordinary,depth_first,normal,HumanEval/91,HumanEval/91::174,ordinary-permit-da02bac3e32ff5cb6cc98d245412272d,9,pass,f17b487c3fd57814d4d979a4e153a52efa4dd10563bfd96ad32f5c5ba4085b26,14a1a94a14c035b92d551f43e57eff8b931af193f8044e16a295433a9e8ef5e3,0c77297b0dd12fef32bdc290bf84e28cab142cab493b27d4d176d93e7bddeae3,e05cebc18c2dab444215fb826377edb0480db72e2bf33ed776afbbc2a1d7f150,9,1,0.001255,0.002095318999999485,0.20300000000861473,1.9384287,2.1453793,2.1499262,primary,False
r002,evaluation_01,ordinary,depth_first,normal,HumanEval/41,HumanEval/41::57,ordinary-permit-ea719534feb10493bc51a19bf4f5c4b5,10,fail,3e97e41c8b756728d9236628a927ca76493e1b8f68eb2d67218964bca3342806,4f4b92d1d2ad5e784eaa02de25d24430737d1037269d2c90a923a54aff8961d7,efd30b4973f1afead4dabda893cbf189465d7df8d117d5dac1b78d6d06c084ec,e05cebc18c2dab444215fb826377edb0480db72e2bf33ed776afbbc2a1d7f150,10,1,0.0,0.0020475729999995806,0.21899999998277053,2.1837759,2.3945729,2.3989069,primary,False
r002,evaluation_01,ordinary,depth_first,normal,HumanEval/41,HumanEval/41::237,ordinary-permit-ff071d7c4894f7c5753bde35f03d9d20,11,fail,b88ebcb96b2c21572c6940a4e3dcc17e63dcd86bc362d73c7b23851ac7098def,455da4dcc076d1bf4f96467fe6d389440aa9c84a40e01d1a20c792a82ac54e9b,efd30b4973f1afead4dabda893cbf189465d7df8d117d5dac1b78d6d06c084ec,e05cebc18c2dab444215fb826377edb0480db72e2bf33ed776afbbc2a1d7f150,11,1,0.000658,0.002045219000000209,0.21899999998277053,2.4342299,2.642382,2.6466591,primary,False
r002,evaluation_01,ordinary,depth_first,normal,HumanEval/41,HumanEval/41::350,ordinary-permit-872ef4a6109f159cfc1db0f48db17cae,12,fail,9283b31e6b3f0a996ce1d42ae2daa46adf50fc47e147a3a05a661a1652247fd6,03be42e2fd7a391f9991fbd1fe43034ba84c496b2697916d38e02960d91a19e3,efd30b4973f1afead4dabda893cbf189465d7df8d117d5dac1b78d6d06c084ec,e05cebc18c2dab444215fb826377edb0480db72e2bf33ed776afbbc2a1d7f150,12,1,0.0,0.0016899810000001736,0.21899999998277053,2.6846146,2.8928704,2.8973503,primary,False
r002,evaluation_01,ordinary,depth_first,normal,HumanEval/41,HumanEval/41::395,ordinary-permit-e3f75f8d89f1e27328f92021c0a93944,13,fail,6d6f2ccde469968e5dd2826849f6dd75a4d35ac39ba3e7273b625c9f716c1ad5,762b237f658f7d5ee7b3e1a102f268e4ede56e0de90a9264f8c41272df1f99bf,efd30b4973f1afead4dabda893cbf189465d7df8d117d5dac1b78d6d06c084ec,e05cebc18c2dab444215fb826377edb0480db72e2bf33ed776afbbc2a1d7f150,13,1,0.0,0.0017571979999999598,0.21799999999348074,2.9211918,3.1292272,3.1332599,primary,False
r002,evaluation_01,ordinary,depth_first,normal,HumanEval/49,HumanEval/49::329,ordinary-permit-721aef7c569b3c5a4befe2e45648ef46,14,fail,7ed0e3b7c1e314009f1d25c9b40861f5bcffb13ca552b8133f5d9b28911b801a,f97e3693f3e77ac29564824e12caef322f52a35bd17d72a08ad7d51c0cdfd472,27355fa891557a9021767b11ce44faa534af8acb8e09bb2c7a82d34129a451a3,e05cebc18c2dab444215fb826377edb0480db72e2bf33ed776afbbc2a1d7f150,14,1,0.001156,0.0020057389999994513,0.20300000000861473,3.1564566,3.3658235,3.3699489,primary,False
r002,evaluation_01,ordinary,depth_first,normal,HumanEval/49,HumanEval/49::287,ordinary-permit-f6158c2dcf63270a3000561796d52753,15,pass,bf4dc8b893f8374a92522277a60d80c84c397d4ffec58ed9adea06e5edde338a,40bb4b3865318cbdae3fcb47bac7bbbe332be9f8877ce861cc016d7fa567b6c5,27355fa891557a9021767b11ce44faa534af8acb8e09bb2c7a82d34129a451a3,e05cebc18c2dab444215fb826377edb0480db72e2bf33ed776afbbc2a1d7f150,15,1,0.0006169999999999999,0.0023185310000002346,0.20300000000861473,3.381136,3.5867682,3.5911153,primary,False
r002,evaluation_01,ordinary,depth_first,normal,HumanEval/82,HumanEval/82::52,ordinary-permit-62c58369e14d12d5b3a5348376192b01,16,pass,6deed516182b789247f139499818f23536b858bdb019c330b0319b7ebc0a34c6,53ccc28c07615ad7f5307f886302be538be4a7e0f05d994b17d3f2ce1dd5d878,1d3ba5bace9572dcbd93c8e075fa602992d9520cec46b863a23dd4837ee017c6,e05cebc18c2dab444215fb826377edb0480db72e2bf33ed776afbbc2a1d7f150,16,1,0.0,0.0020602080000013956,0.20300000000861473,3.6255336,3.8410201,3.8461701,primary,False
r003,evaluation_01,ordinary,round_robin,normal,HumanEval/23,HumanEval/23::13,ordinary-permit-cefbc2cb6ead28b1eafdc83bc6d7a782,1,pass,7e00494ee09a2bc977ad0010bdc5340d784559a83eefa2a261edb1393dcbd25a,dbbac09e3131be1e661b5c8e0da39bafb0f1e5e7064856246323ad485c8b2d16,f181949ea78344b5ea08fd2621c3a1c134e73d5a8c54b59946327d3ca59b89d9,e05cebc18c2dab444215fb826377edb0480db72e2bf33ed776afbbc2a1d7f150,1,1,0.0,0.0017887029999990034,0.20300000000861473,0.0283551,0.2375722,0.2418359,primary,False
r003,evaluation_01,ordinary,round_robin,normal,HumanEval/38,HumanEval/38::37,ordinary-permit-2d6c380f08ba989f0418010bcf1691a2,2,fail,102bb75dce289c85485d00dcf863c99f4879137891c16981d99a73e50b29c41b,ba45f8e4332acd8f88a1a81cf6ba068ed0f3186fe7b07e4264abb06dce08943b,7fc9b65c533cc59263351e27ef2f86b43f244c204f4c23832f6ea256759cd960,e05cebc18c2dab444215fb826377edb0480db72e2bf33ed776afbbc2a1d7f150,2,1,0.002827,0.0033901859999989625,0.21799999999348074,0.2765062,0.4887972,0.4927572,primary,False
r003,evaluation_01,ordinary,round_robin,normal,HumanEval/91,HumanEval/91::341,ordinary-permit-52569f1bd23d0e18b84703cdd2469077,3,fail,efc975c052725efdfb29f159ab23b3f92fc9054f8c972ba0d8b35ac02c3e4544,979a27f2f672cdcd6f7247614449068a94059e82f682e229987d0d3ccb1431c7,0c77297b0dd12fef32bdc290bf84e28cab142cab493b27d4d176d93e7bddeae3,e05cebc18c2dab444215fb826377edb0480db72e2bf33ed776afbbc2a1d7f150,3,1,0.0,0.0022175000000004275,0.20300000000861473,0.5230191,0.7306992,0.7345847,primary,False
r003,evaluation_01,ordinary,round_robin,normal,HumanEval/41,HumanEval/41::57,ordinary-permit-ea719534feb10493bc51a19bf4f5c4b5,4,fail,75ec90bc9f1fa9ee4e9a6efd33b45efa25f0a8812055e81ebc7cd7f400dbc9c4,4f4b92d1d2ad5e784eaa02de25d24430737d1037269d2c90a923a54aff8961d7,efd30b4973f1afead4dabda893cbf189465d7df8d117d5dac1b78d6d06c084ec,e05cebc18c2dab444215fb826377edb0480db72e2bf33ed776afbbc2a1d7f150,4,1,0.0,0.0017887089999994998,0.20300000000861473,0.7583685,0.9708692,0.9754559,primary,False
r003,evaluation_01,ordinary,round_robin,normal,HumanEval/49,HumanEval/49::329,ordinary-permit-721aef7c569b3c5a4befe2e45648ef46,5,fail,a661a1ba1e707c1baaf6df0c1910ae7d53c89ac02e90bbbad29a7035ae8d9cef,f97e3693f3e77ac29564824e12caef322f52a35bd17d72a08ad7d51c0cdfd472,27355fa891557a9021767b11ce44faa534af8acb8e09bb2c7a82d34129a451a3,e05cebc18c2dab444215fb826377edb0480db72e2bf33ed776afbbc2a1d7f150,5,1,0.0,0.002057287999999602,0.20300000000861473,1.0094112,1.2199222,1.2243291,primary,False
r003,evaluation_01,ordinary,round_robin,normal,HumanEval/82,HumanEval/82::52,ordinary-permit-62c58369e14d12d5b3a5348376192b01,6,pass,bca8e4ee029491f9f8f9223021efadd3cc12bc3f79d766187454c859ba7fb1dd,53ccc28c07615ad7f5307f886302be538be4a7e0f05d994b17d3f2ce1dd5d878,1d3ba5bace9572dcbd93c8e075fa602992d9520cec46b863a23dd4837ee017c6,e05cebc18c2dab444215fb826377edb0480db72e2bf33ed776afbbc2a1d7f150,6,1,0.0,0.0020386010000006394,0.20300000000861473,1.2603657,1.4667518,1.4710113,primary,False
r003,evaluation_01,ordinary,round_robin,normal,HumanEval/128,HumanEval/128::289,ordinary-permit-3f504d61280b344b4e999c28c1679b23,7,pass,7c23921e9728f47206bc360941219a0366d822f2ed364a9f70d9e499083779f3,fd9ece8f3c7201467e14ad51cdcaa3bf85fbb017efa4bfd89b31cb64513be54e,507c4b08e65137e53f6448949ce24541ccbf0d2fe81eb0934c9c78374c769c7c,e05cebc18c2dab444215fb826377edb0480db72e2bf33ed776afbbc2a1d7f150,7,1,0.000673,0.002542631000000739,0.21799999999348074,1.4831131,1.6942671,1.6988524,primary,False
r003,evaluation_01,ordinary,round_robin,normal,HumanEval/101,HumanEval/101::291,ordinary-permit-0305786d1283ea5d432d4046cc0835d6,8,pass,c0518f759636cf459bd363173f8d834a0c309b523439f2f12be3deccdc93189d,53c83577939b5f6206865e091e82351707fccba297dbc5f11f33655f85babd97,84c12a6248a017d0771cbe00bac5658bad8ccb346a61df6c8e2c124a0ea3bf47,e05cebc18c2dab444215fb826377edb0480db72e2bf33ed776afbbc2a1d7f150,8,1,0.0,0.0020938220000008556,0.2029999999795109,1.7262145,1.9391628,1.9436373,primary,False
r003,evaluation_01,ordinary,round_robin,normal,HumanEval/38,HumanEval/38::180,ordinary-permit-96207c517813d84d5d1be3c0d5354890,9,fail,a6275584b450ec8eb9580a8d51508d4f0bc9d2a800063d4543a74f2536673d5d,0dc93486622332d2f438fbb49dc52a57d14e8ba87f898c46cc6878a33b8b4007,7fc9b65c533cc59263351e27ef2f86b43f244c204f4c23832f6ea256759cd960,e05cebc18c2dab444215fb826377edb0480db72e2bf33ed776afbbc2a1d7f150,9,1,0.001263,0.0029222149999998948,0.21799999999348074,1.9768543,2.1929554,2.1974299,primary,False
r003,evaluation_01,ordinary,round_robin,normal,HumanEval/91,HumanEval/91::476,ordinary-permit-283ec2b4cb15be31353fb80ca13551ab,10,fail,cff0083fcc928c9a16f7f7753b22c7ee0f9964f5e9a1de3425ffefbf1dd169f2,8907c1a6564113ff2b5996be2db445f26bcd5528189bddf9276e7fdc796440c1,0c77297b0dd12fef32bdc290bf84e28cab142cab493b27d4d176d93e7bddeae3,e05cebc18c2dab444215fb826377edb0480db72e2bf33ed776afbbc2a1d7f150,10,1,0.0,0.002130915999998706,0.2029999999795109,2.2277655,2.43483,2.4390353,primary,False
r003,evaluation_01,ordinary,round_robin,normal,HumanEval/41,HumanEval/41::237,ordinary-permit-ff071d7c4894f7c5753bde35f03d9d20,11,fail,bc82129de6e3c889ed530b2b4567f7a1c5ef184e4bcffe5ed795760c4f27ec7b,455da4dcc076d1bf4f96467fe6d389440aa9c84a40e01d1a20c792a82ac54e9b,efd30b4973f1afead4dabda893cbf189465d7df8d117d5dac1b78d6d06c084ec,e05cebc18c2dab444215fb826377edb0480db72e2bf33ed776afbbc2a1d7f150,11,1,0.00121,0.0019549429999994317,0.20300000000861473,2.4617383,2.6725226,2.6770239,primary,False
r003,evaluation_01,ordinary,round_robin,normal,HumanEval/49,HumanEval/49::287,ordinary-permit-f6158c2dcf63270a3000561796d52753,12,pass,823ffa95c42a3ad3487f2e1ea292b064aca0f8cc9942f3fe9718948da45d9c42,40bb4b3865318cbdae3fcb47bac7bbbe332be9f8877ce861cc016d7fa567b6c5,27355fa891557a9021767b11ce44faa534af8acb8e09bb2c7a82d34129a451a3,e05cebc18c2dab444215fb826377edb0480db72e2bf33ed776afbbc2a1d7f150,12,1,0.00030399999999999996,0.002047781999999998,0.20399999999790452,2.690656,2.9023536,2.9070656,primary,False
r003,evaluation_01,ordinary,round_robin,normal,HumanEval/38,HumanEval/38::131,ordinary-permit-8d916f2affd38af4f6c36284bdc54d9b,13,fail,38d01b258415511acf8de2db9424d1dde4e0b674ee6d2837412a22f38963912a,50088dfeedc42ac7617b7458b25595d46467465a28aca304b689032ec32e8436,7fc9b65c533cc59263351e27ef2f86b43f244c204f4c23832f6ea256759cd960,e05cebc18c2dab444215fb826377edb0480db72e2bf33ed776afbbc2a1d7f150,13,1,0.001001,0.0031981480000009554,0.21900000001187436,2.9331605,3.1465317,3.1511748,primary,False
r003,evaluation_01,ordinary,round_robin,normal,HumanEval/91,HumanEval/91::492,ordinary-permit-5446253229d5221d22713e8f14649b5a,14,fail,4c6653ce67cc88200cc80598b91d570024487c451fd4827ce4d15d77e0870502,3363a9df5e31c30818f650a9620664acc3cf04cfa92ad17328c85044995d0d36,0c77297b0dd12fef32bdc290bf84e28cab142cab493b27d4d176d93e7bddeae3,e05cebc18c2dab444215fb826377edb0480db72e2bf33ed776afbbc2a1d7f150,14,1,0.000535,0.002098866000000754,0.20300000000861473,3.1810686,3.3938579,3.3982836,primary,False
r003,evaluation_01,ordinary,round_robin,normal,HumanEval/41,HumanEval/41::350,ordinary-permit-872ef4a6109f159cfc1db0f48db17cae,15,fail,dd1df363d3e3904d31e5f9f8b1016756acc3bb254dad953ec687c7ba6a51c65d,03be42e2fd7a391f9991fbd1fe43034ba84c496b2697916d38e02960d91a19e3,efd30b4973f1afead4dabda893cbf189465d7df8d117d5dac1b78d6d06c084ec,e05cebc18c2dab444215fb826377edb0480db72e2bf33ed776afbbc2a1d7f150,15,1,0.0,0.0016848019999997632,0.20300000000861473,3.4298713,3.640025,3.6444825,primary,False
r003,evaluation_01,ordinary,round_robin,normal,HumanEval/38,HumanEval/38::495,ordinary-permit-d07d9cfe0af2a23140ecd4e6411d994f,16,fail,f30886d3cf5541c49f807d793b4aa3d88c420bdd01f4d6dadda2bdcfd49304f7,19abdcae9a540e115c4f051acda1e752ba101122038eb4f6238a07e1f633f108,7fc9b65c533cc59263351e27ef2f86b43f244c204f4c23832f6ea256759cd960,e05cebc18c2dab444215fb826377edb0480db72e2bf33ed776afbbc2a1d7f150,16,1,0.0021219999999999998,0.003774475000000166,0.20300000000861473,3.6805576,3.8894402,3.8935952,primary,False
r004,evaluation_01,ecrc,round_robin,normal,HumanEval/23,HumanEval/23::13,permit_1958f927eeb2be050ac979aa313453be,1,pass,afffabbd4402846c342b8969d30f9631d6f0b9ac2404629a345b976aa0d6fc88,dbbac09e3131be1e661b5c8e0da39bafb0f1e5e7064856246323ad485c8b2d16,f181949ea78344b5ea08fd2621c3a1c134e73d5a8c54b59946327d3ca59b89d9,e05cebc18c2dab444215fb826377edb0480db72e2bf33ed776afbbc2a1d7f150,1,1,0.001285,0.002111910999998301,0.21799999999348074,0.0390097,0.2559773,0.2602718,primary,False
r004,evaluation_01,ecrc,round_robin,normal,HumanEval/38,HumanEval/38::37,permit_9c8a5cd71348255e4e6ddedee0e78fb8,2,fail,293435a7312c68a2d652ea75b265e14c6dbaa6dcd578ab9ffc6139675103360c,ba45f8e4332acd8f88a1a81cf6ba068ed0f3186fe7b07e4264abb06dce08943b,7fc9b65c533cc59263351e27ef2f86b43f244c204f4c23832f6ea256759cd960,e05cebc18c2dab444215fb826377edb0480db72e2bf33ed776afbbc2a1d7f150,2,1,0.0008539999999999999,0.003041345999999834,0.2029999999795109,0.2898718,0.4996901,0.5043534,primary,False
r004,evaluation_01,ecrc,round_robin,normal,HumanEval/91,HumanEval/91::341,permit_8a3666a4141e0829da4d1049ff7dbdbb,3,fail,57fc7c2c1fdd7b480f29765ad3353f566aea390f32c1a9f2d6e99fce2994c852,979a27f2f672cdcd6f7247614449068a94059e82f682e229987d0d3ccb1431c7,0c77297b0dd12fef32bdc290bf84e28cab142cab493b27d4d176d93e7bddeae3,e05cebc18c2dab444215fb826377edb0480db72e2bf33ed776afbbc2a1d7f150,3,1,0.0,0.001971765999998709,0.2029999999795109,0.537932,0.7522957,0.7570428,primary,False
r004,evaluation_01,ecrc,round_robin,normal,HumanEval/41,HumanEval/41::57,permit_680abec1ace3bbd934b299f4cff41784,4,fail,7d19f08b8da9e4d308c793da876e9190ebd5719ed11dbd9c1b3bcd647a728ac3,4f4b92d1d2ad5e784eaa02de25d24430737d1037269d2c90a923a54aff8961d7,efd30b4973f1afead4dabda893cbf189465d7df8d117d5dac1b78d6d06c084ec,e05cebc18c2dab444215fb826377edb0480db72e2bf33ed776afbbc2a1d7f150,4,1,0.0,0.0020715340000005966,0.2029999999795109,0.7906614,1.0021667,1.0067323,primary,False
r004,evaluation_01,ecrc,round_robin,normal,HumanEval/49,HumanEval/49::329,permit_9ec7de7a9360f3736883b9759c036e9f,5,fail,cafa84d05176b5e42add72932db0c7b0957fd4fe3a58eae7877e1ac5c3b92f40,f97e3693f3e77ac29564824e12caef322f52a35bd17d72a08ad7d51c0cdfd472,27355fa891557a9021767b11ce44faa534af8acb8e09bb2c7a82d34129a451a3,e05cebc18c2dab444215fb826377edb0480db72e2bf33ed776afbbc2a1d7f150,5,1,0.0,0.0020673760000011754,0.2029999999795109,1.042865,1.2493145,1.2538439,primary,False
r004,evaluation_01,ecrc,round_robin,normal,HumanEval/82,HumanEval/82::52,permit_cb96fe0d5055845554853a1752de4480,6,pass,4f91c85d2667ab7b281ccc45e9e81ccc50eb598d9e4010a3f5aef749b6d960dc,53ccc28c07615ad7f5307f886302be538be4a7e0f05d994b17d3f2ce1dd5d878,1d3ba5bace9572dcbd93c8e075fa602992d9520cec46b863a23dd4837ee017c6,e05cebc18c2dab444215fb826377edb0480db72e2bf33ed776afbbc2a1d7f150,6,1,0.0,0.0022866869999997874,0.20300000000861473,1.2778458,1.4879337,1.492698,primary,False
r004,evaluation_01,ecrc,round_robin,normal,HumanEval/128,HumanEval/128::289,permit_8fd2fe688a5b4231cc43a0581251818e,7,pass,7464ea62a4e6a92d730e09d278873f5d6566527114224e6744c31b314b0071b3,fd9ece8f3c7201467e14ad51cdcaa3bf85fbb017efa4bfd89b31cb64513be54e,507c4b08e65137e53f6448949ce24541ccbf0d2fe81eb0934c9c78374c769c7c,e05cebc18c2dab444215fb826377edb0480db72e2bf33ed776afbbc2a1d7f150,7,1,0.001604,0.0021159720000003546,0.21899999998277053,1.5298007,1.7417331,1.7470978,primary,False
r004,evaluation_01,ecrc,round_robin,normal,HumanEval/101,HumanEval/101::291,permit_2f1ce51d521d1b4441f0b89ac9bd65ad,8,pass,f5654b2286131d99bd65249032ca533c109afd03a1a26188d96c5978ff0cb4c5,53c83577939b5f6206865e091e82351707fccba297dbc5f11f33655f85babd97,84c12a6248a017d0771cbe00bac5658bad8ccb346a61df6c8e2c124a0ea3bf47,e05cebc18c2dab444215fb826377edb0480db72e2bf33ed776afbbc2a1d7f150,8,1,0.0,0.0021132389999998225,0.21899999998277053,1.7781262,1.9917076,1.9969468,primary,False
r004,evaluation_01,ecrc,round_robin,normal,HumanEval/38,HumanEval/38::180,permit_e8427cd0bfb32b4d95c49758cc7ea695,9,fail,ce7b94ce212fde7e21626488403e4be00f6a5127c5bc6be71d80c9966c32a8bd,0dc93486622332d2f438fbb49dc52a57d14e8ba87f898c46cc6878a33b8b4007,7fc9b65c533cc59263351e27ef2f86b43f244c204f4c23832f6ea256759cd960,e05cebc18c2dab444215fb826377edb0480db72e2bf33ed776afbbc2a1d7f150,9,1,0.0021869999999999997,0.0031438599999997763,0.21900000001187436,2.0135478,2.222961,2.2274476,primary,False
r004,evaluation_01,ecrc,round_robin,normal,HumanEval/91,HumanEval/91::476,permit_f45f882ea8dd623c132286ff618a75fc,10,fail,7e62ec2de9c2c3c806d7743c2ef47e5d2971afc26e4215e27c66b2f5244d17ec,8907c1a6564113ff2b5996be2db445f26bcd5528189bddf9276e7fdc796440c1,0c77297b0dd12fef32bdc290bf84e28cab142cab493b27d4d176d93e7bddeae3,e05cebc18c2dab444215fb826377edb0480db72e2bf33ed776afbbc2a1d7f150,10,1,0.001125,0.0023943349999999697,0.21900000001187436,2.2653266,2.4788323,2.4840126,primary,False
r004,evaluation_01,ecrc,round_robin,normal,HumanEval/41,HumanEval/41::237,permit_9bc97d9de52c9488e311da6a8682edce,11,fail,d879ee33d3be7c049b707d405d13ecfc31326c08255e66bbe9284ec10902b145,455da4dcc076d1bf4f96467fe6d389440aa9c84a40e01d1a20c792a82ac54e9b,efd30b4973f1afead4dabda893cbf189465d7df8d117d5dac1b78d6d06c084ec,e05cebc18c2dab444215fb826377edb0480db72e2bf33ed776afbbc2a1d7f150,11,1,0.0,0.0019956000000007634,0.21900000001187436,2.4999473,2.7128921,2.7188207,primary,False
r004,evaluation_01,ecrc,round_robin,normal,HumanEval/49,HumanEval/49::287,permit_359a7c454b4b9508997ca3e7ed6eae15,12,pass,301b3d9d33c49aee68d58c4efc4d95ac9989d5e5ff64f74aed19f4c3204f7fe6,40bb4b3865318cbdae3fcb47bac7bbbe332be9f8877ce861cc016d7fa567b6c5,27355fa891557a9021767b11ce44faa534af8acb8e09bb2c7a82d34129a451a3,e05cebc18c2dab444215fb826377edb0480db72e2bf33ed776afbbc2a1d7f150,12,1,0.0,0.002173086000000879,0.21900000001187436,2.747515,2.9590914,2.963573,primary,False
r004,evaluation_01,ecrc,round_robin,normal,HumanEval/38,HumanEval/38::131,permit_64bc5d898732a9119912bc6e0d529ad1,13,fail,dc2c577d3ff7b8570c67168c807d503b05951157c9cf9134ac1f089a16b8e13a,50088dfeedc42ac7617b7458b25595d46467465a28aca304b689032ec32e8436,7fc9b65c533cc59263351e27ef2f86b43f244c204f4c23832f6ea256759cd960,e05cebc18c2dab444215fb826377edb0480db72e2bf33ed776afbbc2a1d7f150,13,1,0.000949,0.003114910000000748,0.21900000001187436,2.9980218,3.2073037,3.2116428,primary,False
r004,evaluation_01,ecrc,round_robin,normal,HumanEval/91,HumanEval/91::492,permit_e314194d5136ee8422625351787b3035,14,fail,22ee43ce88d3fcc7707ae2ccd2313af15ebdae2a4e04274ac7f0b8a56593d224,3363a9df5e31c30818f650a9620664acc3cf04cfa92ad17328c85044995d0d36,0c77297b0dd12fef32bdc290bf84e28cab142cab493b27d4d176d93e7bddeae3,e05cebc18c2dab444215fb826377edb0480db72e2bf33ed776afbbc2a1d7f150,14,1,0.0,0.0022263770000030547,0.21900000001187436,3.2492577,3.4584159,3.4630154,primary,False
r004,evaluation_01,ecrc,round_robin,normal,HumanEval/41,HumanEval/41::350,permit_18a072126e17398432d7fd6cd16ecd27,15,fail,921756385ef9e2af76f20c66d5f464714ac0140790063642a4dce6f845a1ded1,03be42e2fd7a391f9991fbd1fe43034ba84c496b2697916d38e02960d91a19e3,efd30b4973f1afead4dabda893cbf189465d7df8d117d5dac1b78d6d06c084ec,e05cebc18c2dab444215fb826377edb0480db72e2bf33ed776afbbc2a1d7f150,15,1,0.00036399999999999996,0.0018351569999985884,0.21900000001187436,3.4987541,3.7106981,3.7150461,primary,False
r004,evaluation_01,ecrc,round_robin,normal,HumanEval/38,HumanEval/38::495,permit_87c0bc1b95b210d793c9d9bef45b5ceb,16,fail,7832fbab3674562c8da0690f0f7c3998497ab2b4a022c7c1fdd08c1e48409fb5,19abdcae9a540e115c4f051acda1e752ba101122038eb4f6238a07e1f633f108,7fc9b65c533cc59263351e27ef2f86b43f244c204f4c23832f6ea256759cd960,e05cebc18c2dab444215fb826377edb0480db72e2bf33ed776afbbc2a1d7f150,16,1,0.0,0.002698632000001311,0.21900000001187436,3.750277,3.9620763,3.966457,primary,False
r005,evaluation_01,ordinary,depth_first,response_loss,HumanEval/23,HumanEval/23::13,ordinary-permit-cefbc2cb6ead28b1eafdc83bc6d7a782,1,pass,e851475f243cf1f957659465ca9ec8d4a0d4003120a64d95d000d15c2813daa3,dbbac09e3131be1e661b5c8e0da39bafb0f1e5e7064856246323ad485c8b2d16,f181949ea78344b5ea08fd2621c3a1c134e73d5a8c54b59946327d3ca59b89d9,e05cebc18c2dab444215fb826377edb0480db72e2bf33ed776afbbc2a1d7f150,1,1,0.00011399999999999999,0.0017019090000012227,0.21899999998277053,0.0236126,0.2328813,0.2373816,primary,False
r005,evaluation_01,ordinary,depth_first,response_loss,HumanEval/38,HumanEval/38::37,ordinary-permit-2d6c380f08ba989f0418010bcf1691a2,2,fail,8f0bf14f1dc6c04bf43767a02a524410c4b70f61fd5e0159248de244885de62e,ba45f8e4332acd8f88a1a81cf6ba068ed0f3186fe7b07e4264abb06dce08943b,7fc9b65c533cc59263351e27ef2f86b43f244c204f4c23832f6ea256759cd960,e05cebc18c2dab444215fb826377edb0480db72e2bf33ed776afbbc2a1d7f150,2,1,0.000268,0.0031527959999984034,0.2029999999795109,0.2743112,0.4869854,0.4919287,primary,False
r005,evaluation_01,ordinary,depth_first,response_loss,HumanEval/38,HumanEval/38::180,ordinary-permit-96207c517813d84d5d1be3c0d5354890,3,fail,b6208f51b5413521085d9ca978c17c922912a0c3e516a2d336980d7df561d5df,0dc93486622332d2f438fbb49dc52a57d14e8ba87f898c46cc6878a33b8b4007,7fc9b65c533cc59263351e27ef2f86b43f244c204f4c23832f6ea256759cd960,e05cebc18c2dab444215fb826377edb0480db72e2bf33ed776afbbc2a1d7f150,3,1,0.0,0.002943796000000276,0.21900000001187436,0.5058008,0.7202075,0.7244171,primary,False
r005,evaluation_01,ordinary,depth_first,response_loss,HumanEval/38,HumanEval/38::131,ordinary-permit-8d916f2affd38af4f6c36284bdc54d9b,4,fail,222012105a5a6b5bc58e047da09016f1bd62f261dc5a7bdbc0d5a147455d910e,50088dfeedc42ac7617b7458b25595d46467465a28aca304b689032ec32e8436,7fc9b65c533cc59263351e27ef2f86b43f244c204f4c23832f6ea256759cd960,e05cebc18c2dab444215fb826377edb0480db72e2bf33ed776afbbc2a1d7f150,4,1,0.0005009999999999999,0.002758383999999836,0.20300000000861473,0.760529,0.9740368,1.9944305,primary,True
r005,evaluation_01,ordinary,depth_first,response_loss,HumanEval/38,HumanEval/38::495,ordinary-permit-d07d9cfe0af2a23140ecd4e6411d994f,5,fail,622a872a12339f9a4aaa3a709197f559754ad7cfbfa094b03c969899471f030d,19abdcae9a540e115c4f051acda1e752ba101122038eb4f6238a07e1f633f108,7fc9b65c533cc59263351e27ef2f86b43f244c204f4c23832f6ea256759cd960,e05cebc18c2dab444215fb826377edb0480db72e2bf33ed776afbbc2a1d7f150,5,1,0.00016999999999999999,0.002923588000001587,0.2029999999795109,2.0255067,2.2384666,2.2427775,primary,False
r005,evaluation_01,ordinary,depth_first,response_loss,HumanEval/91,HumanEval/91::341,ordinary-permit-52569f1bd23d0e18b84703cdd2469077,6,fail,224b41b29ac4eb734cb128e57481ed42104a3e84337eb8fa4fe89fc3998bec03,979a27f2f672cdcd6f7247614449068a94059e82f682e229987d0d3ccb1431c7,0c77297b0dd12fef32bdc290bf84e28cab142cab493b27d4d176d93e7bddeae3,e05cebc18c2dab444215fb826377edb0480db72e2bf33ed776afbbc2a1d7f150,6,1,0.001397,0.0017864040000006298,0.2029999999795109,2.2773972,2.4881288,2.492737,primary,False
r005,evaluation_01,ordinary,depth_first,response_loss,HumanEval/91,HumanEval/91::476,ordinary-permit-283ec2b4cb15be31353fb80ca13551ab,7,fail,66c17cca6d9000433b8b037982f4f1cc739e049a40b34b80cd5d96ae90f5c545,8907c1a6564113ff2b5996be2db445f26bcd5528189bddf9276e7fdc796440c1,0c77297b0dd12fef32bdc290bf84e28cab142cab493b27d4d176d93e7bddeae3,e05cebc18c2dab444215fb826377edb0480db72e2bf33ed776afbbc2a1d7f150,7,1,0.0006389999999999999,0.0022875380000009216,0.21899999998277053,2.5217896,2.7379818,2.7425903,primary,False
r005,evaluation_01,ordinary,depth_first,response_loss,HumanEval/91,HumanEval/91::492,ordinary-permit-5446253229d5221d22713e8f14649b5a,8,fail,5743045b0a7da6b384b59d4dbcfed26ce48b816a2f167cf6b6e8a698164decf8,3363a9df5e31c30818f650a9620664acc3cf04cfa92ad17328c85044995d0d36,0c77297b0dd12fef32bdc290bf84e28cab142cab493b27d4d176d93e7bddeae3,e05cebc18c2dab444215fb826377edb0480db72e2bf33ed776afbbc2a1d7f150,8,1,0.0,0.0021482600000020113,0.21899999998277053,2.7703403,2.9826628,4.005896,primary,True
r005,evaluation_01,ordinary,depth_first,response_loss,HumanEval/91,HumanEval/91::174,ordinary-permit-da02bac3e32ff5cb6cc98d245412272d,9,pass,fd3d8b13563bf93d07d578dcc6fcc46e47e5e7c50d76fc0d29d9ee38ef186e29,14a1a94a14c035b92d551f43e57eff8b931af193f8044e16a295433a9e8ef5e3,0c77297b0dd12fef32bdc290bf84e28cab142cab493b27d4d176d93e7bddeae3,e05cebc18c2dab444215fb826377edb0480db72e2bf33ed776afbbc2a1d7f150,9,1,0.000125,0.0019865629999991086,0.20300000000861473,4.0180665,4.2254312,4.2294622,primary,False
r005,evaluation_01,ordinary,depth_first,response_loss,HumanEval/41,HumanEval/41::57,ordinary-permit-ea719534feb10493bc51a19bf4f5c4b5,10,fail,26a09c2ed8a9d2186f38991a5bdc2a02712b442106ccd77bb09b570010ea1713,4f4b92d1d2ad5e784eaa02de25d24430737d1037269d2c90a923a54aff8961d7,efd30b4973f1afead4dabda893cbf189465d7df8d117d5dac1b78d6d06c084ec,e05cebc18c2dab444215fb826377edb0480db72e2bf33ed776afbbc2a1d7f150,10,1,0.000839,0.0017881570000000124,0.21900000001187436,4.2540943,4.4640875,4.4687888,primary,False
r005,evaluation_01,ordinary,depth_first,response_loss,HumanEval/41,HumanEval/41::237,ordinary-permit-ff071d7c4894f7c5753bde35f03d9d20,11,fail,d2c0147c827484c7547ca60551df8850dc5c2bc9b850bd817c4f839e40fd636e,455da4dcc076d1bf4f96467fe6d389440aa9c84a40e01d1a20c792a82ac54e9b,efd30b4973f1afead4dabda893cbf189465d7df8d117d5dac1b78d6d06c084ec,e05cebc18c2dab444215fb826377edb0480db72e2bf33ed776afbbc2a1d7f150,11,1,0.0,0.0017631449999981896,0.21900000001187436,4.5038246,4.7140745,4.7194218,primary,False
r005,evaluation_01,ordinary,depth_first,response_loss,HumanEval/41,HumanEval/41::350,ordinary-permit-872ef4a6109f159cfc1db0f48db17cae,12,fail,08f04eceb80c33211873af24c5d44cc6678c87dc0f708e8e1b896ec2a0f92428,03be42e2fd7a391f9991fbd1fe43034ba84c496b2697916d38e02960d91a19e3,efd30b4973f1afead4dabda893cbf189465d7df8d117d5dac1b78d6d06c084ec,e05cebc18c2dab444215fb826377edb0480db72e2bf33ed776afbbc2a1d7f150,12,1,0.000457,0.0018325409999988551,0.21900000001187436,4.7555315,4.9698344,5.9913131,drain,True
r006,evaluation_01,ecrc,depth_first,response_loss,HumanEval/23,HumanEval/23::13,permit_1958f927eeb2be050ac979aa313453be,1,pass,3392dc3a850e4413314093b5b3fc3958a4eff927fac65241ce1a84b1efdda6a7,dbbac09e3131be1e661b5c8e0da39bafb0f1e5e7064856246323ad485c8b2d16,f181949ea78344b5ea08fd2621c3a1c134e73d5a8c54b59946327d3ca59b89d9,e05cebc18c2dab444215fb826377edb0480db72e2bf33ed776afbbc2a1d7f150,1,1,0.0,0.0020557039999999915,0.21900000001187436,0.0256779,0.2370223,0.2424701,primary,False
r006,evaluation_01,ecrc,depth_first,response_loss,HumanEval/38,HumanEval/38::37,permit_9c8a5cd71348255e4e6ddedee0e78fb8,2,fail,15b8fdc485ace8b9283d614d57f7b6f465227f76df519f751dfd2a0caece7d88,ba45f8e4332acd8f88a1a81cf6ba068ed0f3186fe7b07e4264abb06dce08943b,7fc9b65c533cc59263351e27ef2f86b43f244c204f4c23832f6ea256759cd960,e05cebc18c2dab444215fb826377edb0480db72e2bf33ed776afbbc2a1d7f150,2,1,0.000183,0.0027837619999999674,0.20300000000861473,0.272614,0.4799233,0.4845593,primary,False
r006,evaluation_01,ecrc,depth_first,response_loss,HumanEval/38,HumanEval/38::180,permit_e8427cd0bfb32b4d95c49758cc7ea695,3,fail,5602766a5928ccc49afb8c42964d115602691ddd9191d836bb95c14cb95f7eb6,0dc93486622332d2f438fbb49dc52a57d14e8ba87f898c46cc6878a33b8b4007,7fc9b65c533cc59263351e27ef2f86b43f244c204f4c23832f6ea256759cd960,e05cebc18c2dab444215fb826377edb0480db72e2bf33ed776afbbc2a1d7f150,3,1,0.002454,0.0029247709999999927,0.20300000000861473,0.5222743,0.7305147,0.7351595,primary,False
r006,evaluation_01,ecrc,depth_first,response_loss,HumanEval/38,HumanEval/38::131,permit_64bc5d898732a9119912bc6e0d529ad1,4,fail,fea60c3a6c2eb2c0038b5408fb422bf806e858f5a249bd6b51393a41d3687dbb,50088dfeedc42ac7617b7458b25595d46467465a28aca304b689032ec32e8436,7fc9b65c533cc59263351e27ef2f86b43f244c204f4c23832f6ea256759cd960,e05cebc18c2dab444215fb826377edb0480db72e2bf33ed776afbbc2a1d7f150,4,1,0.00039799999999999997,0.003331946000002972,0.20300000000861473,0.7734421,0.9809671,2.0131637,primary,True
r006,evaluation_01,ecrc,depth_first,response_loss,HumanEval/38,HumanEval/38::495,permit_87c0bc1b95b210d793c9d9bef45b5ceb,5,fail,0338e63565c08ac4d4ef5fffd226021d97ee77a94bec1b232ca06563c1f3d9d8,19abdcae9a540e115c4f051acda1e752ba101122038eb4f6238a07e1f633f108,7fc9b65c533cc59263351e27ef2f86b43f244c204f4c23832f6ea256759cd960,e05cebc18c2dab444215fb826377edb0480db72e2bf33ed776afbbc2a1d7f150,5,1,0.00038199999999999996,0.00296530900000036,0.20300000000861473,2.0439109,2.2515556,2.2561398,primary,False
r006,evaluation_01,ecrc,depth_first,response_loss,HumanEval/91,HumanEval/91::341,permit_8a3666a4141e0829da4d1049ff7dbdbb,6,fail,01237c57fbe88f1238d30b061bf3ce368eeacc1f0da3abce7c9a4f0a90f37c74,979a27f2f672cdcd6f7247614449068a94059e82f682e229987d0d3ccb1431c7,0c77297b0dd12fef32bdc290bf84e28cab142cab493b27d4d176d93e7bddeae3,e05cebc18c2dab444215fb826377edb0480db72e2bf33ed776afbbc2a1d7f150,6,1,0.0,0.0018164699999978495,0.21900000001187436,2.2926436,2.4994584,2.5036626,primary,False
r006,evaluation_01,ecrc,depth_first,response_loss,HumanEval/91,HumanEval/91::476,permit_f45f882ea8dd623c132286ff618a75fc,7,fail,765a569a7ba4301a1d99c8dcb049bb8933dc655bce78f36aa76e2c681a0167c6,8907c1a6564113ff2b5996be2db445f26bcd5528189bddf9276e7fdc796440c1,0c77297b0dd12fef32bdc290bf84e28cab142cab493b27d4d176d93e7bddeae3,e05cebc18c2dab444215fb826377edb0480db72e2bf33ed776afbbc2a1d7f150,7,1,0.0,0.0023221679999991807,0.21900000001187436,2.541971,2.7536475,2.758888,primary,False
r006,evaluation_01,ecrc,depth_first,response_loss,HumanEval/91,HumanEval/91::492,permit_e314194d5136ee8422625351787b3035,8,fail,8e19ffd784378a189558f5b06f909fec14b1a90e17de5acac5ab2e7864d2abe8,3363a9df5e31c30818f650a9620664acc3cf04cfa92ad17328c85044995d0d36,0c77297b0dd12fef32bdc290bf84e28cab142cab493b27d4d176d93e7bddeae3,e05cebc18c2dab444215fb826377edb0480db72e2bf33ed776afbbc2a1d7f150,8,1,0.0014789999999999998,0.0020549920000014765,0.20300000000861473,2.7925598,3.0018057,4.0339932,primary,True
r006,evaluation_01,ecrc,depth_first,response_loss,HumanEval/91,HumanEval/91::174,permit_f47cbdf6b465530495aa90962f4c2bd9,9,pass,1e7b54683b4994ac04c4d9c22c15ed1b09e5bf5119b2fb39ea167acad6f7ee26,14a1a94a14c035b92d551f43e57eff8b931af193f8044e16a295433a9e8ef5e3,0c77297b0dd12fef32bdc290bf84e28cab142cab493b27d4d176d93e7bddeae3,e05cebc18c2dab444215fb826377edb0480db72e2bf33ed776afbbc2a1d7f150,9,1,0.0,0.0020193650000024377,0.2029999999795109,4.0651796,4.2777015,4.2833667,primary,False
r006,evaluation_01,ecrc,depth_first,response_loss,HumanEval/41,HumanEval/41::57,permit_680abec1ace3bbd934b299f4cff41784,10,fail,57e0289ab40ee4590645ce571caf36351ff07555982de524e33c22342d507cc5,4f4b92d1d2ad5e784eaa02de25d24430737d1037269d2c90a923a54aff8961d7,efd30b4973f1afead4dabda893cbf189465d7df8d117d5dac1b78d6d06c084ec,e05cebc18c2dab444215fb826377edb0480db72e2bf33ed776afbbc2a1d7f150,10,1,0.000177,0.0023342549999973983,0.20300000000861473,4.2994655,4.5085575,4.5140538,primary,False
r006,evaluation_01,ecrc,depth_first,response_loss,HumanEval/41,HumanEval/41::237,permit_9bc97d9de52c9488e311da6a8682edce,11,fail,2f9d865ec5675b019b425097fc264bedfb0bee3fe4b52160ed3d037d42b35dd2,455da4dcc076d1bf4f96467fe6d389440aa9c84a40e01d1a20c792a82ac54e9b,efd30b4973f1afead4dabda893cbf189465d7df8d117d5dac1b78d6d06c084ec,e05cebc18c2dab444215fb826377edb0480db72e2bf33ed776afbbc2a1d7f150,11,1,0.0,0.0018382870000017704,0.20300000000861473,4.5526763,4.7611229,4.765665,primary,False
r006,evaluation_01,ecrc,depth_first,response_loss,HumanEval/41,HumanEval/41::350,permit_18a072126e17398432d7fd6cd16ecd27,12,fail,06f58093c346c571348f826a9ce29d291c0b69a18bf4a513338d6daeffd70d30,03be42e2fd7a391f9991fbd1fe43034ba84c496b2697916d38e02960d91a19e3,efd30b4973f1afead4dabda893cbf189465d7df8d117d5dac1b78d6d06c084ec,e05cebc18c2dab444215fb826377edb0480db72e2bf33ed776afbbc2a1d7f150,12,1,0.0,0.0019823639999998477,0.20300000000861473,4.8029252,5.0103058,6.0403962,drain,True
r007,evaluation_01,ecrc,round_robin,response_loss,HumanEval/23,HumanEval/23::13,permit_1958f927eeb2be050ac979aa313453be,1,pass,e1d4af9ab12bc056e6878e3a2286e1986362034f676e117155b26513b9f9bd1a,dbbac09e3131be1e661b5c8e0da39bafb0f1e5e7064856246323ad485c8b2d16,f181949ea78344b5ea08fd2621c3a1c134e73d5a8c54b59946327d3ca59b89d9,e05cebc18c2dab444215fb826377edb0480db72e2bf33ed776afbbc2a1d7f150,1,1,0.0007559999999999999,0.0017098319999995226,0.20399999999790452,0.0289402,0.2389399,0.2437006,primary,False
r007,evaluation_01,ecrc,round_robin,response_loss,HumanEval/38,HumanEval/38::37,permit_9c8a5cd71348255e4e6ddedee0e78fb8,2,fail,2456ca0a92f90b3eea11bc67f3ac3c665723f76c5bcbe7eb02fa578015cb3561,ba45f8e4332acd8f88a1a81cf6ba068ed0f3186fe7b07e4264abb06dce08943b,7fc9b65c533cc59263351e27ef2f86b43f244c204f4c23832f6ea256759cd960,e05cebc18c2dab444215fb826377edb0480db72e2bf33ed776afbbc2a1d7f150,2,1,0.00027299999999999997,0.00302126799999769,0.21900000001187436,0.2789111,0.4890919,0.4938516,primary,False
r007,evaluation_01,ecrc,round_robin,response_loss,HumanEval/91,HumanEval/91::341,permit_8a3666a4141e0829da4d1049ff7dbdbb,3,fail,df9578d68d050f6eaad7d28793a55bf87fe5ada23041df2a5a2f4116303e4748,979a27f2f672cdcd6f7247614449068a94059e82f682e229987d0d3ccb1431c7,0c77297b0dd12fef32bdc290bf84e28cab142cab493b27d4d176d93e7bddeae3,e05cebc18c2dab444215fb826377edb0480db72e2bf33ed776afbbc2a1d7f150,3,1,0.00042199999999999996,0.0019316469999992592,0.21900000001187436,0.5309158,0.7433437,0.748053,primary,False
r007,evaluation_01,ecrc,round_robin,response_loss,HumanEval/41,HumanEval/41::57,permit_680abec1ace3bbd934b299f4cff41784,4,fail,20918a53b9ef790b15e31b6f32d0c1b746398ae30df919f98a8bfdcbd42bec30,4f4b92d1d2ad5e784eaa02de25d24430737d1037269d2c90a923a54aff8961d7,efd30b4973f1afead4dabda893cbf189465d7df8d117d5dac1b78d6d06c084ec,e05cebc18c2dab444215fb826377edb0480db72e2bf33ed776afbbc2a1d7f150,4,1,0.0,0.002059480999999863,0.21900000001187436,0.7806577,0.9911422,2.0220209,primary,True
r007,evaluation_01,ecrc,round_robin,response_loss,HumanEval/49,HumanEval/49::329,permit_9ec7de7a9360f3736883b9759c036e9f,5,fail,36e687a2c573f8908488e9635e070508b1fb1ddab0c6d44a3959072ee1581c99,f97e3693f3e77ac29564824e12caef322f52a35bd17d72a08ad7d51c0cdfd472,27355fa891557a9021767b11ce44faa534af8acb8e09bb2c7a82d34129a451a3,e05cebc18c2dab444215fb826377edb0480db72e2bf33ed776afbbc2a1d7f150,5,1,0.0020039999999999997,0.002406558000000558,0.20300000000861473,2.0379046,2.2507521,2.2551104,primary,False
r007,evaluation_01,ecrc,round_robin,response_loss,HumanEval/82,HumanEval/82::52,permit_cb96fe0d5055845554853a1752de4480,6,pass,b076007f0ce3ebe1ce08010dfe6fc0aa4349aa0ade8125722947280b4516bf5c,53ccc28c07615ad7f5307f886302be538be4a7e0f05d994b17d3f2ce1dd5d878,1d3ba5bace9572dcbd93c8e075fa602992d9520cec46b863a23dd4837ee017c6,e05cebc18c2dab444215fb826377edb0480db72e2bf33ed776afbbc2a1d7f150,6,1,0.001397,0.0022352929999982507,0.20300000000861473,2.2857882,2.4997105,2.5044374,primary,False
r007,evaluation_01,ecrc,round_robin,response_loss,HumanEval/128,HumanEval/128::289,permit_8fd2fe688a5b4231cc43a0581251818e,7,pass,05f1315012cb7c1c7e7885499d4ce0da195a763ecb3bee02a231a442033daf7c,fd9ece8f3c7201467e14ad51cdcaa3bf85fbb017efa4bfd89b31cb64513be54e,507c4b08e65137e53f6448949ce24541ccbf0d2fe81eb0934c9c78374c769c7c,e05cebc18c2dab444215fb826377edb0480db72e2bf33ed776afbbc2a1d7f150,7,1,0.000674,0.0022572009999990428,0.20300000000861473,2.5352229,2.7469255,2.751747,primary,False
r007,evaluation_01,ecrc,round_robin,response_loss,HumanEval/101,HumanEval/101::291,permit_2f1ce51d521d1b4441f0b89ac9bd65ad,8,pass,b9da23bc3ce4db84b2db7d9308673e947d2810340933c37d5961db3a73700f04,53c83577939b5f6206865e091e82351707fccba297dbc5f11f33655f85babd97,84c12a6248a017d0771cbe00bac5658bad8ccb346a61df6c8e2c124a0ea3bf47,e05cebc18c2dab444215fb826377edb0480db72e2bf33ed776afbbc2a1d7f150,8,1,0.0,0.002138137000002871,0.20300000000861473,2.7847454,2.9964596,4.0229272,primary,True
r007,evaluation_01,ecrc,round_robin,response_loss,HumanEval/38,HumanEval/38::180,permit_e8427cd0bfb32b4d95c49758cc7ea695,9,fail,5f713ebf07970a5b21c065b97b9da528843b81d81f6775068e3d1e9a20311994,0dc93486622332d2f438fbb49dc52a57d14e8ba87f898c46cc6878a33b8b4007,7fc9b65c533cc59263351e27ef2f86b43f244c204f4c23832f6ea256759cd960,e05cebc18c2dab444215fb826377edb0480db72e2bf33ed776afbbc2a1d7f150,9,1,5.8e-05,0.003281290000003878,0.2029999999795109,4.0552662,4.2647256,4.2693535,primary,False
r007,evaluation_01,ecrc,round_robin,response_loss,HumanEval/91,HumanEval/91::476,permit_f45f882ea8dd623c132286ff618a75fc,10,fail,98696983a7aa1a5e74fea533868344f45c6472ef2036936a11e9f38f373a7221,8907c1a6564113ff2b5996be2db445f26bcd5528189bddf9276e7fdc796440c1,0c77297b0dd12fef32bdc290bf84e28cab142cab493b27d4d176d93e7bddeae3,e05cebc18c2dab444215fb826377edb0480db72e2bf33ed776afbbc2a1d7f150,10,1,0.0,0.0019914339999971276,0.2029999999795109,4.3060455,4.5136112,4.5182329,primary,False
r007,evaluation_01,ecrc,round_robin,response_loss,HumanEval/41,HumanEval/41::237,permit_9bc97d9de52c9488e311da6a8682edce,11,fail,0fb077188073d3a6ef0689d79f87f3e0b5fc7ba3893da3fdc9442a7c25d2c5f8,455da4dcc076d1bf4f96467fe6d389440aa9c84a40e01d1a20c792a82ac54e9b,efd30b4973f1afead4dabda893cbf189465d7df8d117d5dac1b78d6d06c084ec,e05cebc18c2dab444215fb826377edb0480db72e2bf33ed776afbbc2a1d7f150,11,1,0.0,0.001969743000003632,0.2029999999795109,4.5569599,4.7683027,4.7728375,primary,False
r007,evaluation_01,ecrc,round_robin,response_loss,HumanEval/49,HumanEval/49::287,permit_359a7c454b4b9508997ca3e7ed6eae15,12,pass,758ac1fe3c2ce0e0098fe542d34c566b21fa7dde55a4f504544461724ef57b94,40bb4b3865318cbdae3fcb47bac7bbbe332be9f8877ce861cc016d7fa567b6c5,27355fa891557a9021767b11ce44faa534af8acb8e09bb2c7a82d34129a451a3,e05cebc18c2dab444215fb826377edb0480db72e2bf33ed776afbbc2a1d7f150,12,1,0.0,0.002084868000004292,0.21799999999348074,4.8109027,5.0213767,6.0461226,drain,True
r008,evaluation_01,ordinary,round_robin,response_loss,HumanEval/23,HumanEval/23::13,ordinary-permit-cefbc2cb6ead28b1eafdc83bc6d7a782,1,pass,82ca42f298c71be4b1a380e80f9ce54128f1abc0dcd23a008716ad64b8c6c2e2,dbbac09e3131be1e661b5c8e0da39bafb0f1e5e7064856246323ad485c8b2d16,f181949ea78344b5ea08fd2621c3a1c134e73d5a8c54b59946327d3ca59b89d9,e05cebc18c2dab444215fb826377edb0480db72e2bf33ed776afbbc2a1d7f150,1,1,0.0,0.001967620999998587,0.21799999999348074,0.0372763,0.2486033,0.2534701,primary,False
r008,evaluation_01,ordinary,round_robin,response_loss,HumanEval/38,HumanEval/38::37,ordinary-permit-2d6c380f08ba989f0418010bcf1691a2,2,fail,9592573f2acf7f556b89619d131a948c1b1e04d799854881c95d2fff89f5a08c,ba45f8e4332acd8f88a1a81cf6ba068ed0f3186fe7b07e4264abb06dce08943b,7fc9b65c533cc59263351e27ef2f86b43f244c204f4c23832f6ea256759cd960,e05cebc18c2dab444215fb826377edb0480db72e2bf33ed776afbbc2a1d7f150,2,1,0.000892,0.0030696489999968435,0.21900000001187436,0.2678209,0.482636,0.4875748,primary,False
r008,evaluation_01,ordinary,round_robin,response_loss,HumanEval/91,HumanEval/91::341,ordinary-permit-52569f1bd23d0e18b84703cdd2469077,3,fail,1d67be0721fd24efe186f7dc143a30169a7c4c3102540986dcfd9cf7309a6db6,979a27f2f672cdcd6f7247614449068a94059e82f682e229987d0d3ccb1431c7,0c77297b0dd12fef32bdc290bf84e28cab142cab493b27d4d176d93e7bddeae3,e05cebc18c2dab444215fb826377edb0480db72e2bf33ed776afbbc2a1d7f150,3,1,0.0,0.0019824940000034985,0.21900000001187436,0.519297,0.7302069,0.7345879,primary,False
r008,evaluation_01,ordinary,round_robin,response_loss,HumanEval/41,HumanEval/41::57,ordinary-permit-ea719534feb10493bc51a19bf4f5c4b5,4,fail,e6fae5f19d32b8ee28063cadd6854ad6bacee5aa0af5790958a052fc28477930,4f4b92d1d2ad5e784eaa02de25d24430737d1037269d2c90a923a54aff8961d7,efd30b4973f1afead4dabda893cbf189465d7df8d117d5dac1b78d6d06c084ec,e05cebc18c2dab444215fb826377edb0480db72e2bf33ed776afbbc2a1d7f150,4,1,0.0,0.0021309859999973924,0.20300000000861473,0.7700455,0.9783789,2.0026293,primary,True
r008,evaluation_01,ordinary,round_robin,response_loss,HumanEval/49,HumanEval/49::329,ordinary-permit-721aef7c569b3c5a4befe2e45648ef46,5,fail,ee86078c111b02a261ceb69f6531cbdc90f6b75869d2acb07e95256d60187cc3,f97e3693f3e77ac29564824e12caef322f52a35bd17d72a08ad7d51c0cdfd472,27355fa891557a9021767b11ce44faa534af8acb8e09bb2c7a82d34129a451a3,e05cebc18c2dab444215fb826377edb0480db72e2bf33ed776afbbc2a1d7f150,5,1,0.0006979999999999999,0.002277448000000959,0.21799999999348074,2.0342024,2.2457043,2.2500686,primary,False
r008,evaluation_01,ordinary,round_robin,response_loss,HumanEval/82,HumanEval/82::52,ordinary-permit-62c58369e14d12d5b3a5348376192b01,6,pass,432ed254c4a50b9a6c2a7a3d6b96e5b29a1b8e3d64680b307c373eeeffd3cd36,53ccc28c07615ad7f5307f886302be538be4a7e0f05d994b17d3f2ce1dd5d878,1d3ba5bace9572dcbd93c8e075fa602992d9520cec46b863a23dd4837ee017c6,e05cebc18c2dab444215fb826377edb0480db72e2bf33ed776afbbc2a1d7f150,6,1,0.0,0.0022518050000002177,0.20300000000861473,2.2835232,2.4917502,2.4956278,primary,False
r008,evaluation_01,ordinary,round_robin,response_loss,HumanEval/128,HumanEval/128::289,ordinary-permit-3f504d61280b344b4e999c28c1679b23,7,pass,46a4f006503244a0289f2442c7ad8ca581d9ab45398a14c2df8035ce201fe870,fd9ece8f3c7201467e14ad51cdcaa3bf85fbb017efa4bfd89b31cb64513be54e,507c4b08e65137e53f6448949ce24541ccbf0d2fe81eb0934c9c78374c769c7c,e05cebc18c2dab444215fb826377edb0480db72e2bf33ed776afbbc2a1d7f150,7,1,0.0,0.0018546829999976921,0.20300000000861473,2.5333301,2.7403404,2.7449153,primary,False
r008,evaluation_01,ordinary,round_robin,response_loss,HumanEval/101,HumanEval/101::291,ordinary-permit-0305786d1283ea5d432d4046cc0835d6,8,pass,f76746ebe8b20f4f9c1e2a506ad2144b9dca69344989801999a2357f0c6c514d,53c83577939b5f6206865e091e82351707fccba297dbc5f11f33655f85babd97,84c12a6248a017d0771cbe00bac5658bad8ccb346a61df6c8e2c124a0ea3bf47,e05cebc18c2dab444215fb826377edb0480db72e2bf33ed776afbbc2a1d7f150,8,1,0.0,0.0028892419999948515,0.20300000000861473,2.7681911,2.9757046,4.0030902,primary,True
r008,evaluation_01,ordinary,round_robin,response_loss,HumanEval/38,HumanEval/38::180,ordinary-permit-96207c517813d84d5d1be3c0d5354890,9,fail,a5820629af812f6c11c0e2c0b028ec37b6bf84dc2a8762898674fd8f3d2506ec,0dc93486622332d2f438fbb49dc52a57d14e8ba87f898c46cc6878a33b8b4007,7fc9b65c533cc59263351e27ef2f86b43f244c204f4c23832f6ea256759cd960,e05cebc18c2dab444215fb826377edb0480db72e2bf33ed776afbbc2a1d7f150,9,1,0.00173,0.002792128000002947,0.21799999999348074,4.0342902,4.249849,4.25398,primary,False
r008,evaluation_01,ordinary,round_robin,response_loss,HumanEval/91,HumanEval/91::476,ordinary-permit-283ec2b4cb15be31353fb80ca13551ab,10,fail,3750767f373c2f940196051849b73f1f5758e4abb8f8e46b28b21af334447468,8907c1a6564113ff2b5996be2db445f26bcd5528189bddf9276e7fdc796440c1,0c77297b0dd12fef32bdc290bf84e28cab142cab493b27d4d176d93e7bddeae3,e05cebc18c2dab444215fb826377edb0480db72e2bf33ed776afbbc2a1d7f150,10,1,0.000188,0.002061508000004153,0.20300000000861473,4.2849186,4.4941417,4.4983801,primary,False
r008,evaluation_01,ordinary,round_robin,response_loss,HumanEval/41,HumanEval/41::237,ordinary-permit-ff071d7c4894f7c5753bde35f03d9d20,11,fail,1c2ab0f18539c247fd8b0d43b56c366de8775d27976e62b55259d32becb46590,455da4dcc076d1bf4f96467fe6d389440aa9c84a40e01d1a20c792a82ac54e9b,efd30b4973f1afead4dabda893cbf189465d7df8d117d5dac1b78d6d06c084ec,e05cebc18c2dab444215fb826377edb0480db72e2bf33ed776afbbc2a1d7f150,11,1,0.0,0.001973949000003472,0.21900000001187436,4.5230457,4.7353914,4.7401199,primary,False
r008,evaluation_01,ordinary,round_robin,response_loss,HumanEval/49,HumanEval/49::287,ordinary-permit-f6158c2dcf63270a3000561796d52753,12,pass,bb23c140fb1289f0a3b2e64d10f0c826e6d876a5eb89be05d61370d1ad5f0430,40bb4b3865318cbdae3fcb47bac7bbbe332be9f8877ce861cc016d7fa567b6c5,27355fa891557a9021767b11ce44faa534af8acb8e09bb2c7a82d34129a451a3,e05cebc18c2dab444215fb826377edb0480db72e2bf33ed776afbbc2a1d7f150,12,1,0.0005149999999999999,0.001813810000001581,0.21900000001187436,4.7737845,4.9856829,6.0061316,drain,True
r009,evaluation_02,ordinary,round_robin,response_loss,HumanEval/85,HumanEval/85::197,ordinary-permit-22d218c00b34b98708fb82fb88ec6084,1,pass,1c73aa5c8081be3888ef1cd3e951d3a7175e9cc76526a346f0fb76b563f864d1,1b7abc70f4d84184df0a4f65319b98fcca5c113f6bbc5fd8802ebc63b788e130,ad782a11645c3bb079776fbcf1bffd2dc20e28390433dfdc718526547f489fe4,e05cebc18c2dab444215fb826377edb0480db72e2bf33ed776afbbc2a1d7f150,1,1,0.0,0.002029333000002964,0.21900000001187436,0.0320698,0.2457464,0.2506425,primary,False
r009,evaluation_02,ordinary,round_robin,response_loss,HumanEval/97,HumanEval/97::165,ordinary-permit-872b0165fa9ff25542760f2a9d7e23a7,2,pass,517fc74dc328c168febd146c3acad8a262831c2682f09e17ed13bb5f84fea47c,a7fc122015d50c2e4f65a0e85463156f9a6e9e958b876d7a34ba1cc58bdb8565,b4748923ffc961278f8cd8c281049de0171d7044baf13111d67943d49b89be18,e05cebc18c2dab444215fb826377edb0480db72e2bf33ed776afbbc2a1d7f150,2,1,0.0007639999999999999,0.0021124000000014576,0.21900000001187436,0.2829546,0.4908908,0.4949305,primary,False
r009,evaluation_02,ordinary,round_robin,response_loss,HumanEval/18,HumanEval/18::104,ordinary-permit-0a870c1ce0a50c5c14459fe9e4617b55,3,pass,f260bf41ddfaeea273d2a0a267491de1bd06874c1f8f86f9f41a19bf98bdd55a,9593bcb04d0d17e84a4090fb27e8a1741c22af224865e223628c477b2656e2cd,43ff59d91c8e0c74b916dfe25a3eb0a988ebaf48444df2dcff806151f73f508e,e05cebc18c2dab444215fb826377edb0480db72e2bf33ed776afbbc2a1d7f150,3,1,0.001676,0.002102923000002477,0.20300000000861473,0.51929,0.7305144,0.7351916,primary,False
r009,evaluation_02,ordinary,round_robin,response_loss,HumanEval/108,HumanEval/108::309,ordinary-permit-16a8935a97d8767e3a5dd0e9db39f8e2,4,fail,889acb8600aa5ce4a514b5a74a446c0972a454f488007cdf7d69ec999eec031b,1d20d428b1449870232fe23078112f13a9f05ee034253d2d12a9ecf1761fe266,95a40ebfb452521bdea56fc40719fd0cf83ceec5fded4c2ff1d092afa0c223c8,e05cebc18c2dab444215fb826377edb0480db72e2bf33ed776afbbc2a1d7f150,4,1,5.2e-05,0.0020996470000014256,0.20300000000861473,0.7684186,0.974363,2.0062842,primary,True
r009,evaluation_02,ordinary,round_robin,response_loss,HumanEval/67,HumanEval/67::97,ordinary-permit-e911f71afd455e1e91789dc8b8437742,5,pass,c305b6defbae40bbfb6dedeb1b1817c0d341ce60fcdd6255dd9030ea492a2eca,e35fe8946bb9e65ce54cf16e0acdda789143f4e62c95b7a03313828bc9f9e572,04ced2bd817a4aea78839b95262f884e255be7282aca4fa9caa66dae81f4f193,e05cebc18c2dab444215fb826377edb0480db72e2bf33ed776afbbc2a1d7f150,5,1,0.0,0.002311367999993763,0.21900000001187436,2.038376,2.254775,2.2600716,primary,False
r009,evaluation_02,ordinary,round_robin,response_loss,HumanEval/78,HumanEval/78::233,ordinary-permit-ede9d7d9bbd80fd037678bb9f012fd37,6,fail,8f9d24aee27ee8145085b73dd8f3c50d832f940835873483fc7e88eb6ec8cd55,5b17f48b92b5b94556097862f822482e8862891a06a0fc69b6a6e26a90090f3c,caa97d3e6c0aa491e2e1e43eba7a19ad5ad99510675781a21449b2071df9fb00,e05cebc18c2dab444215fb826377edb0480db72e2bf33ed776afbbc2a1d7f150,6,1,0.0,0.0021741779999970845,0.21900000001187436,2.2739281,2.4899488,2.4948029,primary,False
r009,evaluation_02,ordinary,round_robin,response_loss,HumanEval/141,HumanEval/141::73,ordinary-permit-b400c04e62c549f60334ff41d65311e0,7,pass,3d7eb2420e69eab26b491f27d8bd686a31473cc17b0977b5051fa8f826c72896,8c3eddff296d54948c0f21777245c1d3dc6827463922a2c06383db427aeca130,5f09e776eb82af3767bbd74e951d7c6faffd9dd5ab4cd3461ad04514fd66f0c9,e05cebc18c2dab444215fb826377edb0480db72e2bf33ed776afbbc2a1d7f150,7,1,0.0026739999999999997,0.005506023999998888,0.20300000000861473,2.5258014,2.73569,2.7398199,primary,False
r009,evaluation_02,ordinary,round_robin,response_loss,HumanEval/13,HumanEval/13::357,ordinary-permit-7a1caddd65b804256712d799c494ef0e,8,pass,4cee193a42961676bf8a3ba543f9ce274b834e7b327debf3fb2239f2dbf5a689,f814552d51f118fd0546cf180257f270699f6db5d85131ff30839c312febbce4,425a08ae556a0aa5d0947c14a74c35386c1b6eb46dc2527e8dc090d940d0fc07,e05cebc18c2dab444215fb826377edb0480db72e2bf33ed776afbbc2a1d7f150,8,1,0.000206,0.002023531999995498,0.20300000000861473,2.7771363,2.9872537,4.0149185,primary,True
r009,evaluation_02,ordinary,round_robin,response_loss,HumanEval/108,HumanEval/108::168,ordinary-permit-b185257957c7b1a7db72563731bdbe52,9,fail,8ab990d83199029cb3259249c1e808169f39caf9ec59295752cf91c798b2ec68,bb1b858a7dd071022b200e504668b4bac7e07699a22435baf644089d66fafc32,95a40ebfb452521bdea56fc40719fd0cf83ceec5fded4c2ff1d092afa0c223c8,e05cebc18c2dab444215fb826377edb0480db72e2bf33ed776afbbc2a1d7f150,9,1,0.0,0.0019194859999984715,0.21900000001187436,4.0459241,4.2553307,4.2593153,primary,False
r009,evaluation_02,ordinary,round_robin,response_loss,HumanEval/78,HumanEval/78::273,ordinary-permit-075681ca34fad8a0ba587cc6aefee753,10,fail,d4908db67ec22ee098f75b71d2edd01195f348d2e72f5e250f6fce2ed86b7dcd,ec085d7273b82dd81ebdb4a0a5c96e8672cb1de3f5d7e28db43e1853cb6a7a71,caa97d3e6c0aa491e2e1e43eba7a19ad5ad99510675781a21449b2071df9fb00,e05cebc18c2dab444215fb826377edb0480db72e2bf33ed776afbbc2a1d7f150,10,1,0.00018199999999999998,0.0021008889999976077,0.21900000001187436,4.282017,4.4907971,4.4949015,primary,False
r009,evaluation_02,ordinary,round_robin,response_loss,HumanEval/108,HumanEval/108::250,ordinary-permit-70029096f73f558c3b902d6e8e510239,11,pass,33dd3cb1c9621676b5dcfae22ea631ca987dc931da0d5f7c8f62f97ae43b4cd9,9373ce99d5105a9e19145f034fa0824e16bcaecf237ad02860cc1b8d7fd758f8,95a40ebfb452521bdea56fc40719fd0cf83ceec5fded4c2ff1d092afa0c223c8,e05cebc18c2dab444215fb826377edb0480db72e2bf33ed776afbbc2a1d7f150,11,1,0.0,0.002309674000002815,0.20300000000861473,4.5180521,4.732406,4.7370702,primary,False
r009,evaluation_02,ordinary,round_robin,response_loss,HumanEval/78,HumanEval/78::354,ordinary-permit-c7e1723160b2167e7472b7d9a04dbf4b,12,pass,2880e51eb932853213c1764525b514d45d2dff0e7ecadb910e79de2af22ac235,8749c2f89060af2d87fed50d9fff2ea751bf1ebed51cddc4c70689e3741c3216,caa97d3e6c0aa491e2e1e43eba7a19ad5ad99510675781a21449b2071df9fb00,e05cebc18c2dab444215fb826377edb0480db72e2bf33ed776afbbc2a1d7f150,12,1,0.0,0.0018547670000046423,0.21899999998277053,4.7646165,4.9726666,5.9956981,drain,True
r010,evaluation_02,ecrc,round_robin,response_loss,HumanEval/85,HumanEval/85::197,permit_6a1fd86cf305246a09ef7219ee0cbe00,1,pass,95db14f47801da773cf593b2f7a9b057c5fdfc44ed319dafaf863424ea5fdb7d,1b7abc70f4d84184df0a4f65319b98fcca5c113f6bbc5fd8802ebc63b788e130,ad782a11645c3bb079776fbcf1bffd2dc20e28390433dfdc718526547f489fe4,e05cebc18c2dab444215fb826377edb0480db72e2bf33ed776afbbc2a1d7f150,1,1,0.0,0.0018557750000027795,0.21799999999348074,0.0392838,0.2555843,0.2605134,primary,False
r010,evaluation_02,ecrc,round_robin,response_loss,HumanEval/97,HumanEval/97::165,permit_f6d3c91f482158f29d2ebc8043d6fbd1,2,pass,efd9705d638920c43d67b6b2e26621388874fcb4d87eb4ad336face7a8622c54,a7fc122015d50c2e4f65a0e85463156f9a6e9e958b876d7a34ba1cc58bdb8565,b4748923ffc961278f8cd8c281049de0171d7044baf13111d67943d49b89be18,e05cebc18c2dab444215fb826377edb0480db72e2bf33ed776afbbc2a1d7f150,2,1,0.0,0.002864436000002968,0.21799999999348074,0.2874406,0.5076172,0.5131461,primary,False
r010,evaluation_02,ecrc,round_robin,response_loss,HumanEval/18,HumanEval/18::104,permit_7c4ad1b35fe6ed1ea6d14db88dca07d5,3,pass,4eab4dae8c1a9b1cbe510466dec962c336eb100525dfd5b7a4c1fafaf1f515d1,9593bcb04d0d17e84a4090fb27e8a1741c22af224865e223628c477b2656e2cd,43ff59d91c8e0c74b916dfe25a3eb0a988ebaf48444df2dcff806151f73f508e,e05cebc18c2dab444215fb826377edb0480db72e2bf33ed776afbbc2a1d7f150,3,1,0.0,0.002132959999997297,0.20300000000861473,0.5532729,0.7668687,0.7720017,primary,False
r010,evaluation_02,ecrc,round_robin,response_loss,HumanEval/108,HumanEval/108::309,permit_ed2396e38c1b9c07d9addb184e929799,4,fail,35f2d6cb136a78cffb93f65f4532cb9e8928bca42f35b52006d917453fe089db,1d20d428b1449870232fe23078112f13a9f05ee034253d2d12a9ecf1761fe266,95a40ebfb452521bdea56fc40719fd0cf83ceec5fded4c2ff1d092afa0c223c8,e05cebc18c2dab444215fb826377edb0480db72e2bf33ed776afbbc2a1d7f150,4,1,0.0014609999999999998,0.0018878459999953634,0.20300000000861473,0.8001408,1.0103996,2.0410581,primary,True
r010,evaluation_02,ecrc,round_robin,response_loss,HumanEval/67,HumanEval/67::97,permit_900dba1abf786368692363649290789f,5,pass,bedbb733359bd7b2b5c000b843418faed861587b8b850f1f7256c5334f148af0,e35fe8946bb9e65ce54cf16e0acdda789143f4e62c95b7a03313828bc9f9e572,04ced2bd817a4aea78839b95262f884e255be7282aca4fa9caa66dae81f4f193,e05cebc18c2dab444215fb826377edb0480db72e2bf33ed776afbbc2a1d7f150,5,1,0.001785,0.00247541899999959,0.20300000000861473,2.055782,2.2633623,2.2679878,primary,False
r010,evaluation_02,ecrc,round_robin,response_loss,HumanEval/78,HumanEval/78::233,permit_f86a76e91f890586c83ea2813d37d781,6,fail,b16dc9a537fc747de72b93bf5558b6d9db6c6db0bb19e42c254deed0cff73cb3,5b17f48b92b5b94556097862f822482e8862891a06a0fc69b6a6e26a90090f3c,caa97d3e6c0aa491e2e1e43eba7a19ad5ad99510675781a21449b2071df9fb00,e05cebc18c2dab444215fb826377edb0480db72e2bf33ed776afbbc2a1d7f150,6,1,0.001408,0.002141426000001445,0.20300000000861473,2.305531,2.5157066,2.5202637,primary,False
r010,evaluation_02,ecrc,round_robin,response_loss,HumanEval/141,HumanEval/141::73,permit_d9fca525560cb96a73464b6d23902ea6,7,pass,0d85913d6515d4df722c3dea87f53b16e6c8000dbff52a76a4fd4320eb11ba7c,8c3eddff296d54948c0f21777245c1d3dc6827463922a2c06383db427aeca130,5f09e776eb82af3767bbd74e951d7c6faffd9dd5ab4cd3461ad04514fd66f0c9,e05cebc18c2dab444215fb826377edb0480db72e2bf33ed776afbbc2a1d7f150,7,1,0.0009639999999999999,0.0037124420000012037,0.21900000001187436,2.5583327,2.7690172,2.7742161,primary,False
r010,evaluation_02,ecrc,round_robin,response_loss,HumanEval/13,HumanEval/13::357,permit_aa0ffc6c5912b70a91a8685beac32aa4,8,pass,f9f144168a76eef5b6308e49780bc4124e925dc3cee3db1ef77b05026fff0177,f814552d51f118fd0546cf180257f270699f6db5d85131ff30839c312febbce4,425a08ae556a0aa5d0947c14a74c35386c1b6eb46dc2527e8dc090d940d0fc07,e05cebc18c2dab444215fb826377edb0480db72e2bf33ed776afbbc2a1d7f150,8,1,0.0,0.0017647769999982188,0.21799999999348074,2.7888625,3.0022109,4.0111985,primary,True
r010,evaluation_02,ecrc,round_robin,response_loss,HumanEval/108,HumanEval/108::168,permit_f2363ac36c5dde6c9a26468baa1b8d69,9,fail,60849647de904c99f8d7f3cccbf163ccf50128e8a8ec1bbc1e076a5c19088aa9,bb1b858a7dd071022b200e504668b4bac7e07699a22435baf644089d66fafc32,95a40ebfb452521bdea56fc40719fd0cf83ceec5fded4c2ff1d092afa0c223c8,e05cebc18c2dab444215fb826377edb0480db72e2bf33ed776afbbc2a1d7f150,9,1,0.0,0.0020465659999970853,0.20300000000861473,4.0517551,4.2650766,4.2698551,primary,False
r010,evaluation_02,ecrc,round_robin,response_loss,HumanEval/78,HumanEval/78::273,permit_f9e86293670a4dfd537fe8a1e8569429,10,fail,37e1cee13407cf02e6ad90741661017fdd747b5b2bcfdb4b2c685ea486ca1ece,ec085d7273b82dd81ebdb4a0a5c96e8672cb1de3f5d7e28db43e1853cb6a7a71,caa97d3e6c0aa491e2e1e43eba7a19ad5ad99510675781a21449b2071df9fb00,e05cebc18c2dab444215fb826377edb0480db72e2bf33ed776afbbc2a1d7f150,10,1,0.0,0.002423109000005752,0.20300000000861473,4.3020291,4.5132661,4.5185211,primary,False
r010,evaluation_02,ecrc,round_robin,response_loss,HumanEval/108,HumanEval/108::250,permit_88dc05addc485549a03f43fe195e145c,11,pass,8e1dbee05e00c44b6823b91e5c3eb247a6f850805682822d90c23778cc2e7aca,9373ce99d5105a9e19145f034fa0824e16bcaecf237ad02860cc1b8d7fd758f8,95a40ebfb452521bdea56fc40719fd0cf83ceec5fded4c2ff1d092afa0c223c8,e05cebc18c2dab444215fb826377edb0480db72e2bf33ed776afbbc2a1d7f150,11,1,0.000926,0.001978417000003674,0.20300000000861473,4.5515895,4.7593733,4.7635637,primary,False
r010,evaluation_02,ecrc,round_robin,response_loss,HumanEval/78,HumanEval/78::354,permit_a39792f4f290c909d1c69c79a5defbb7,12,pass,73a05845bcbc027c6ee275067cfb781358a7681c73c7b80f0e474e17cd67c766,8749c2f89060af2d87fed50d9fff2ea751bf1ebed51cddc4c70689e3741c3216,caa97d3e6c0aa491e2e1e43eba7a19ad5ad99510675781a21449b2071df9fb00,e05cebc18c2dab444215fb826377edb0480db72e2bf33ed776afbbc2a1d7f150,12,1,0.0,0.002018673999998555,0.20300000000861473,4.8002089,5.0098851,6.0379577,drain,True
r011,evaluation_02,ecrc,depth_first,response_loss,HumanEval/85,HumanEval/85::197,permit_6a1fd86cf305246a09ef7219ee0cbe00,1,pass,da5db021e77e2a185d7177e8d5fa955f7a8d797663e5e50957cdb8333da4312a,1b7abc70f4d84184df0a4f65319b98fcca5c113f6bbc5fd8802ebc63b788e130,ad782a11645c3bb079776fbcf1bffd2dc20e28390433dfdc718526547f489fe4,e05cebc18c2dab444215fb826377edb0480db72e2bf33ed776afbbc2a1d7f150,1,1,0.0,0.0020447340000018244,0.20300000000861473,0.0169254,0.22395,0.2288175,primary,False
r011,evaluation_02,ecrc,depth_first,response_loss,HumanEval/97,HumanEval/97::165,permit_f6d3c91f482158f29d2ebc8043d6fbd1,2,pass,83782808f69644e7aa0ce72f54eea227fb4ce12a2ac390394b78d25b247e04e5,a7fc122015d50c2e4f65a0e85463156f9a6e9e958b876d7a34ba1cc58bdb8565,b4748923ffc961278f8cd8c281049de0171d7044baf13111d67943d49b89be18,e05cebc18c2dab444215fb826377edb0480db72e2bf33ed776afbbc2a1d7f150,2,1,0.0,0.0017559250000047655,0.20300000000861473,0.2536187,0.4620925,0.4667441,primary,False
r011,evaluation_02,ecrc,depth_first,response_loss,HumanEval/18,HumanEval/18::104,permit_7c4ad1b35fe6ed1ea6d14db88dca07d5,3,pass,3f5c6df6c652145170baeedcbfc2222b0fe7243200f86b3bc1dbdd24406379cb,9593bcb04d0d17e84a4090fb27e8a1741c22af224865e223628c477b2656e2cd,43ff59d91c8e0c74b916dfe25a3eb0a988ebaf48444df2dcff806151f73f508e,e05cebc18c2dab444215fb826377edb0480db72e2bf33ed776afbbc2a1d7f150,3,1,0.0,0.0020427829999931646,0.20300000000861473,0.5017293,0.7106816,0.71558,primary,False
r011,evaluation_02,ecrc,depth_first,response_loss,HumanEval/108,HumanEval/108::309,permit_ed2396e38c1b9c07d9addb184e929799,4,fail,3d7485ad2b534a7eb4a82641328a3bd64543040a4c89767a5d6dc549ef7f7dfc,1d20d428b1449870232fe23078112f13a9f05ee034253d2d12a9ecf1761fe266,95a40ebfb452521bdea56fc40719fd0cf83ceec5fded4c2ff1d092afa0c223c8,e05cebc18c2dab444215fb826377edb0480db72e2bf33ed776afbbc2a1d7f150,4,1,0.00018199999999999998,0.001957382999997037,0.20300000000861473,0.7484134,0.9571274,1.9862096,primary,True
r011,evaluation_02,ecrc,depth_first,response_loss,HumanEval/108,HumanEval/108::168,permit_f2363ac36c5dde6c9a26468baa1b8d69,5,fail,60b693d12ee1f47c7e4b134672cc1c1791e2dc9a1df95f6b966fc242f1096c80,bb1b858a7dd071022b200e504668b4bac7e07699a22435baf644089d66fafc32,95a40ebfb452521bdea56fc40719fd0cf83ceec5fded4c2ff1d092afa0c223c8,e05cebc18c2dab444215fb826377edb0480db72e2bf33ed776afbbc2a1d7f150,5,1,0.0,0.002059615999996822,0.20300000000861473,2.0174998,2.2279245,2.2324693,primary,False
r011,evaluation_02,ecrc,depth_first,response_loss,HumanEval/108,HumanEval/108::250,permit_88dc05addc485549a03f43fe195e145c,6,pass,f1709a1685e6d5966c181c9feadab83d1f5cb56edcde28ed5ca4e347881e1f34,9373ce99d5105a9e19145f034fa0824e16bcaecf237ad02860cc1b8d7fd758f8,95a40ebfb452521bdea56fc40719fd0cf83ceec5fded4c2ff1d092afa0c223c8,e05cebc18c2dab444215fb826377edb0480db72e2bf33ed776afbbc2a1d7f150,6,1,0.0013759999999999998,0.0022504619999992315,0.20300000000861473,2.2683305,2.4737608,2.4783555,primary,False
r011,evaluation_02,ecrc,depth_first,response_loss,HumanEval/67,HumanEval/67::97,permit_900dba1abf786368692363649290789f,7,pass,15c1c724a859711092d17867813dd023f20c08b98c65b59dfd01b644bab90ce1,e35fe8946bb9e65ce54cf16e0acdda789143f4e62c95b7a03313828bc9f9e572,04ced2bd817a4aea78839b95262f884e255be7282aca4fa9caa66dae81f4f193,e05cebc18c2dab444215fb826377edb0480db72e2bf33ed776afbbc2a1d7f150,7,1,0.0,0.0023252399999975637,0.20300000000861473,2.5046454,2.7112235,2.7159016,primary,False
r011,evaluation_02,ecrc,depth_first,response_loss,HumanEval/78,HumanEval/78::233,permit_f86a76e91f890586c83ea2813d37d781,8,fail,763fd0261192777f8f701fa9b67c097b62b48beac88dc747095d8bea38245841,5b17f48b92b5b94556097862f822482e8862891a06a0fc69b6a6e26a90090f3c,caa97d3e6c0aa491e2e1e43eba7a19ad5ad99510675781a21449b2071df9fb00,e05cebc18c2dab444215fb826377edb0480db72e2bf33ed776afbbc2a1d7f150,8,1,3.7999999999999995e-05,0.0018206779999943024,0.20300000000861473,2.7555885,2.9654735,3.9965987,primary,True
r011,evaluation_02,ecrc,depth_first,response_loss,HumanEval/78,HumanEval/78::273,permit_f9e86293670a4dfd537fe8a1e8569429,9,fail,592419d9d82d9ef26717d29f3b5c0f314748199644639d7a49bf14283ffe2d30,ec085d7273b82dd81ebdb4a0a5c96e8672cb1de3f5d7e28db43e1853cb6a7a71,caa97d3e6c0aa491e2e1e43eba7a19ad5ad99510675781a21449b2071df9fb00,e05cebc18c2dab444215fb826377edb0480db72e2bf33ed776afbbc2a1d7f150,9,1,0.001957,0.0023760699999968438,0.2029999999795109,4.0286762,4.2376957,4.2423036,primary,False
r011,evaluation_02,ecrc,depth_first,response_loss,HumanEval/78,HumanEval/78::354,permit_a39792f4f290c909d1c69c79a5defbb7,10,pass,3a4f4d8194150fbd2864a44ec7981500784eee4ce040d991c262f93a6d7f16e9,8749c2f89060af2d87fed50d9fff2ea751bf1ebed51cddc4c70689e3741c3216,caa97d3e6c0aa491e2e1e43eba7a19ad5ad99510675781a21449b2071df9fb00,e05cebc18c2dab444215fb826377edb0480db72e2bf33ed776afbbc2a1d7f150,10,1,0.0,0.0022030930000056514,0.2029999999795109,4.2822102,4.4878189,4.4925481,primary,False
r011,evaluation_02,ecrc,depth_first,response_loss,HumanEval/141,HumanEval/141::73,permit_d9fca525560cb96a73464b6d23902ea6,11,pass,c8bf7edbebd28b84f893450c37af74dab26771b050467c7967a96ce5c2a52617,8c3eddff296d54948c0f21777245c1d3dc6827463922a2c06383db427aeca130,5f09e776eb82af3767bbd74e951d7c6faffd9dd5ab4cd3461ad04514fd66f0c9,e05cebc18c2dab444215fb826377edb0480db72e2bf33ed776afbbc2a1d7f150,11,1,0.003685,0.004217908999997633,0.20300000000861473,4.5198607,4.7281464,4.7330263,primary,False
r011,evaluation_02,ecrc,depth_first,response_loss,HumanEval/13,HumanEval/13::357,permit_aa0ffc6c5912b70a91a8685beac32aa4,12,pass,b9eeb412247cac10d3a0746e7249863dfac7b054c9dd9e3d381d3c12686c3422,f814552d51f118fd0546cf180257f270699f6db5d85131ff30839c312febbce4,425a08ae556a0aa5d0947c14a74c35386c1b6eb46dc2527e8dc090d940d0fc07,e05cebc18c2dab444215fb826377edb0480db72e2bf33ed776afbbc2a1d7f150,12,1,0.0,0.0020622759999966433,0.20300000000861473,4.7482674,4.9582759,5.9847036,drain,True
r012,evaluation_02,ordinary,depth_first,response_loss,HumanEval/85,HumanEval/85::197,ordinary-permit-22d218c00b34b98708fb82fb88ec6084,1,pass,d8b3d8e31815d446d3566ece442eac0ad5626f6f69b999cdcfad02758ec554bf,1b7abc70f4d84184df0a4f65319b98fcca5c113f6bbc5fd8802ebc63b788e130,ad782a11645c3bb079776fbcf1bffd2dc20e28390433dfdc718526547f489fe4,e05cebc18c2dab444215fb826377edb0480db72e2bf33ed776afbbc2a1d7f150,1,1,0.000323,0.0020537199999992595,0.20300000000861473,0.0343076,0.2463872,0.2511184,primary,False
r012,evaluation_02,ordinary,depth_first,response_loss,HumanEval/97,HumanEval/97::165,ordinary-permit-872b0165fa9ff25542760f2a9d7e23a7,2,pass,04590bf18e55416d8dbe7f336509d86a4bb8ed803596fa5b1012a4fa2e34cef2,a7fc122015d50c2e4f65a0e85463156f9a6e9e958b876d7a34ba1cc58bdb8565,b4748923ffc961278f8cd8c281049de0171d7044baf13111d67943d49b89be18,e05cebc18c2dab444215fb826377edb0480db72e2bf33ed776afbbc2a1d7f150,2,1,0.0,0.0020851949999993735,0.2029999999795109,0.2645238,0.4765309,0.4810196,primary,False
r012,evaluation_02,ordinary,depth_first,response_loss,HumanEval/18,HumanEval/18::104,ordinary-permit-0a870c1ce0a50c5c14459fe9e4617b55,3,pass,574b6c52fc651eb4ac901ffb448ef03cc6fdfce7088ea7a1a9420e161a4b9f7b,9593bcb04d0d17e84a4090fb27e8a1741c22af224865e223628c477b2656e2cd,43ff59d91c8e0c74b916dfe25a3eb0a988ebaf48444df2dcff806151f73f508e,e05cebc18c2dab444215fb826377edb0480db72e2bf33ed776afbbc2a1d7f150,3,1,0.0006709999999999999,0.0019561099999947373,0.21799999999348074,0.506426,0.7221988,0.7265767,primary,False
r012,evaluation_02,ordinary,depth_first,response_loss,HumanEval/108,HumanEval/108::309,ordinary-permit-16a8935a97d8767e3a5dd0e9db39f8e2,4,fail,7bfb49fa3c0ac45aca5ec2a9df7a75f4e8a8b9286aa611baa57cc79028f072f0,1d20d428b1449870232fe23078112f13a9f05ee034253d2d12a9ecf1761fe266,95a40ebfb452521bdea56fc40719fd0cf83ceec5fded4c2ff1d092afa0c223c8,e05cebc18c2dab444215fb826377edb0480db72e2bf33ed776afbbc2a1d7f150,4,1,2.9999999999999997e-05,0.002309457999999154,0.23399999999674037,0.7583537,0.9964519,2.0247052,primary,True
r012,evaluation_02,ordinary,depth_first,response_loss,HumanEval/108,HumanEval/108::168,ordinary-permit-b185257957c7b1a7db72563731bdbe52,5,fail,97a381b3c279ad7c37b38ea316e5af3834dccb4b144e9defcf726ab417eb7653,bb1b858a7dd071022b200e504668b4bac7e07699a22435baf644089d66fafc32,95a40ebfb452521bdea56fc40719fd0cf83ceec5fded4c2ff1d092afa0c223c8,e05cebc18c2dab444215fb826377edb0480db72e2bf33ed776afbbc2a1d7f150,5,1,0.00066,0.0019106440000058456,0.21900000001187436,2.0546763,2.278433,2.2828887,primary,False
r012,evaluation_02,ordinary,depth_first,response_loss,HumanEval/108,HumanEval/108::250,ordinary-permit-70029096f73f558c3b902d6e8e510239,6,pass,899ac2d8a9340e455852734f13327206420b56fd69a3116bbfbebd7ee7c2a0a5,9373ce99d5105a9e19145f034fa0824e16bcaecf237ad02860cc1b8d7fd758f8,95a40ebfb452521bdea56fc40719fd0cf83ceec5fded4c2ff1d092afa0c223c8,e05cebc18c2dab444215fb826377edb0480db72e2bf33ed776afbbc2a1d7f150,6,1,0.000332,0.0021804090000046017,0.21899999998277053,2.3184434,2.5308442,2.5355487,primary,False
r012,evaluation_02,ordinary,depth_first,response_loss,HumanEval/67,HumanEval/67::97,ordinary-permit-e911f71afd455e1e91789dc8b8437742,7,pass,fca29579ac6a10ec09ae40ef1e9e57e3df96f96679c22d183807e0701890a1d2,e35fe8946bb9e65ce54cf16e0acdda789143f4e62c95b7a03313828bc9f9e572,04ced2bd817a4aea78839b95262f884e255be7282aca4fa9caa66dae81f4f193,e05cebc18c2dab444215fb826377edb0480db72e2bf33ed776afbbc2a1d7f150,7,1,0.001648,0.0020851689999972223,0.20300000000861473,2.5695608,2.7768265,2.7808599,primary,False
r012,evaluation_02,ordinary,depth_first,response_loss,HumanEval/78,HumanEval/78::233,ordinary-permit-ede9d7d9bbd80fd037678bb9f012fd37,8,fail,0d9ea59c61dcd1baae77f4f2bb67c4f4229f1bcd724551658c796150b7f0bf31,5b17f48b92b5b94556097862f822482e8862891a06a0fc69b6a6e26a90090f3c,caa97d3e6c0aa491e2e1e43eba7a19ad5ad99510675781a21449b2071df9fb00,e05cebc18c2dab444215fb826377edb0480db72e2bf33ed776afbbc2a1d7f150,8,1,0.000236,0.002270885000001499,0.20300000000861473,2.8186727,3.0266596,4.053642,primary,True
r012,evaluation_02,ordinary,depth_first,response_loss,HumanEval/78,HumanEval/78::273,ordinary-permit-075681ca34fad8a0ba587cc6aefee753,9,fail,edb7b996ff91eaf3c48742129601c7833098d04f5ad2582f9fad6bc41810e4e5,ec085d7273b82dd81ebdb4a0a5c96e8672cb1de3f5d7e28db43e1853cb6a7a71,caa97d3e6c0aa491e2e1e43eba7a19ad5ad99510675781a21449b2071df9fb00,e05cebc18c2dab444215fb826377edb0480db72e2bf33ed776afbbc2a1d7f150,9,1,9.6e-05,0.002468184999997902,0.2029999999795109,4.0853528,4.2920934,4.296602,primary,False
r012,evaluation_02,ordinary,depth_first,response_loss,HumanEval/78,HumanEval/78::354,ordinary-permit-c7e1723160b2167e7472b7d9a04dbf4b,10,pass,4393135638a2a98e5eeac8a7e9e26de3cd6ea916592e9c1f1de45f3f93759344,8749c2f89060af2d87fed50d9fff2ea751bf1ebed51cddc4c70689e3741c3216,caa97d3e6c0aa491e2e1e43eba7a19ad5ad99510675781a21449b2071df9fb00,e05cebc18c2dab444215fb826377edb0480db72e2bf33ed776afbbc2a1d7f150,10,1,0.0,0.0018720759999979464,0.20300000000861473,4.3201462,4.5274649,4.5313432,primary,False
r012,evaluation_02,ordinary,depth_first,response_loss,HumanEval/141,HumanEval/141::73,ordinary-permit-b400c04e62c549f60334ff41d65311e0,11,pass,7f2635f69a4f243c43bf3eee8eea635444341eb4b2b733d27ce414d3d9a7b78a,8c3eddff296d54948c0f21777245c1d3dc6827463922a2c06383db427aeca130,5f09e776eb82af3767bbd74e951d7c6faffd9dd5ab4cd3461ad04514fd66f0c9,e05cebc18c2dab444215fb826377edb0480db72e2bf33ed776afbbc2a1d7f150,11,1,0.003833,0.004329674999993927,0.21900000001187436,4.5555142,4.7658279,4.7702203,primary,False
r012,evaluation_02,ordinary,depth_first,response_loss,HumanEval/13,HumanEval/13::357,ordinary-permit-7a1caddd65b804256712d799c494ef0e,12,pass,d0d2547cc3419726cbf32d2199e7467d33a2d844d3f3564d4c4b4b7c527b50be,f814552d51f118fd0546cf180257f270699f6db5d85131ff30839c312febbce4,425a08ae556a0aa5d0947c14a74c35386c1b6eb46dc2527e8dc090d940d0fc07,e05cebc18c2dab444215fb826377edb0480db72e2bf33ed776afbbc2a1d7f150,12,1,0.0,0.0020111150000019506,0.20300000000861473,4.7923623,4.9991891,6.0087184,drain,True
r013,evaluation_02,ecrc,round_robin,normal,HumanEval/85,HumanEval/85::197,permit_6a1fd86cf305246a09ef7219ee0cbe00,1,pass,66ecdd1500d5164563eb60936fad292edee80fbf106f5474588b69ca64dd2807,1b7abc70f4d84184df0a4f65319b98fcca5c113f6bbc5fd8802ebc63b788e130,ad782a11645c3bb079776fbcf1bffd2dc20e28390433dfdc718526547f489fe4,e05cebc18c2dab444215fb826377edb0480db72e2bf33ed776afbbc2a1d7f150,1,1,0.0,0.0017255019999993237,0.20300000000861473,0.0149796,0.2228395,0.2269673,primary,False
r013,evaluation_02,ecrc,round_robin,normal,HumanEval/97,HumanEval/97::165,permit_f6d3c91f482158f29d2ebc8043d6fbd1,2,pass,4dcfec7935ba334f5fe4039c7fbc1761ff66d1084032dcb96f93b4f4cf1c7bea,a7fc122015d50c2e4f65a0e85463156f9a6e9e958b876d7a34ba1cc58bdb8565,b4748923ffc961278f8cd8c281049de0171d7044baf13111d67943d49b89be18,e05cebc18c2dab444215fb826377edb0480db72e2bf33ed776afbbc2a1d7f150,2,1,0.0017879999999999999,0.0021829840000009426,0.20300000000861473,0.266343,0.4769806,0.4820821,primary,False
r013,evaluation_02,ecrc,round_robin,normal,HumanEval/18,HumanEval/18::104,permit_7c4ad1b35fe6ed1ea6d14db88dca07d5,3,pass,47ca06876bab9478729d5665a68d8ed3e816c2856ff31561db2ac55b81f19381,9593bcb04d0d17e84a4090fb27e8a1741c22af224865e223628c477b2656e2cd,43ff59d91c8e0c74b916dfe25a3eb0a988ebaf48444df2dcff806151f73f508e,e05cebc18c2dab444215fb826377edb0480db72e2bf33ed776afbbc2a1d7f150,3,1,0.0,0.0018674319999973932,0.20300000000861473,0.516455,0.7297166,0.7348392,primary,False
r013,evaluation_02,ecrc,round_robin,normal,HumanEval/108,HumanEval/108::309,permit_ed2396e38c1b9c07d9addb184e929799,4,fail,31aad1afb7a10286636f3a234c7649a95658b035cc5b7750989be703c122c63c,1d20d428b1449870232fe23078112f13a9f05ee034253d2d12a9ecf1761fe266,95a40ebfb452521bdea56fc40719fd0cf83ceec5fded4c2ff1d092afa0c223c8,e05cebc18c2dab444215fb826377edb0480db72e2bf33ed776afbbc2a1d7f150,4,1,0.0,0.002070986999996194,0.20300000000861473,0.7674333,0.9712264,0.9756304,primary,False
r013,evaluation_02,ecrc,round_robin,normal,HumanEval/67,HumanEval/67::97,permit_900dba1abf786368692363649290789f,5,pass,fdd2643b7ca73cb99b2d179f872b9814f26c5f00e9d384f3d2a2fd71d8975647,e35fe8946bb9e65ce54cf16e0acdda789143f4e62c95b7a03313828bc9f9e572,04ced2bd817a4aea78839b95262f884e255be7282aca4fa9caa66dae81f4f193,e05cebc18c2dab444215fb826377edb0480db72e2bf33ed776afbbc2a1d7f150,5,1,0.000768,0.0024139159999947424,0.20399999999790452,1.0025404,1.2100079,1.2146868,primary,False
r013,evaluation_02,ecrc,round_robin,normal,HumanEval/78,HumanEval/78::233,permit_f86a76e91f890586c83ea2813d37d781,6,fail,5385390b2bd82ab75b90133b473ecf35558afa94363114a8a1504ce8336c08ab,5b17f48b92b5b94556097862f822482e8862891a06a0fc69b6a6e26a90090f3c,caa97d3e6c0aa491e2e1e43eba7a19ad5ad99510675781a21449b2071df9fb00,e05cebc18c2dab444215fb826377edb0480db72e2bf33ed776afbbc2a1d7f150,6,1,0.0007819999999999999,0.002166492999990055,0.20399999999790452,1.2526853,1.4627111,1.4671811,primary,False
r013,evaluation_02,ecrc,round_robin,normal,HumanEval/141,HumanEval/141::73,permit_d9fca525560cb96a73464b6d23902ea6,7,pass,30e71337b433b5158714cde266151a5fdbcc4cc22a333d9fb3a445094736afc4,8c3eddff296d54948c0f21777245c1d3dc6827463922a2c06383db427aeca130,5f09e776eb82af3767bbd74e951d7c6faffd9dd5ab4cd3461ad04514fd66f0c9,e05cebc18c2dab444215fb826377edb0480db72e2bf33ed776afbbc2a1d7f150,7,1,0.002946,0.003595478999997681,0.21900000001187436,1.5034433,1.7217991,1.7263091,primary,False
r013,evaluation_02,ecrc,round_robin,normal,HumanEval/13,HumanEval/13::357,permit_aa0ffc6c5912b70a91a8685beac32aa4,8,pass,3cbd7f5ad435150450ecfaa0adc0f8c2ae8076004c6fb0ec0c49de0bcdcc434b,f814552d51f118fd0546cf180257f270699f6db5d85131ff30839c312febbce4,425a08ae556a0aa5d0947c14a74c35386c1b6eb46dc2527e8dc090d940d0fc07,e05cebc18c2dab444215fb826377edb0480db72e2bf33ed776afbbc2a1d7f150,8,1,0.000855,0.0018798499999945761,0.20399999999790452,1.7529122,1.962447,1.9673577,primary,False
r013,evaluation_02,ecrc,round_robin,normal,HumanEval/108,HumanEval/108::168,permit_f2363ac36c5dde6c9a26468baa1b8d69,9,fail,0c7317a8fa0a15ad07fe887748439a62e1f9ab81de4240d1565b7ebbbe013cef,bb1b858a7dd071022b200e504668b4bac7e07699a22435baf644089d66fafc32,95a40ebfb452521bdea56fc40719fd0cf83ceec5fded4c2ff1d092afa0c223c8,e05cebc18c2dab444215fb826377edb0480db72e2bf33ed776afbbc2a1d7f150,9,1,0.0,0.0020810510000046634,0.20399999999790452,2.0022736,2.2147806,2.2198647,primary,False
r013,evaluation_02,ecrc,round_robin,normal,HumanEval/78,HumanEval/78::273,permit_f9e86293670a4dfd537fe8a1e8569429,10,fail,10ae1b5c501940279ae49d4e2b35a8e865444e593633378474a5171aa1165c1c,ec085d7273b82dd81ebdb4a0a5c96e8672cb1de3f5d7e28db43e1853cb6a7a71,caa97d3e6c0aa491e2e1e43eba7a19ad5ad99510675781a21449b2071df9fb00,e05cebc18c2dab444215fb826377edb0480db72e2bf33ed776afbbc2a1d7f150,10,1,0.002051,0.0026492580000052612,0.20399999999790452,2.2529302,2.4650395,2.4697564,primary,False
r013,evaluation_02,ecrc,round_robin,normal,HumanEval/108,HumanEval/108::250,permit_88dc05addc485549a03f43fe195e145c,11,pass,5bc974357a1f68885a824d9d8e13a19efc9dcb2df530fdc9341e70bd7328b69d,9373ce99d5105a9e19145f034fa0824e16bcaecf237ad02860cc1b8d7fd758f8,95a40ebfb452521bdea56fc40719fd0cf83ceec5fded4c2ff1d092afa0c223c8,e05cebc18c2dab444215fb826377edb0480db72e2bf33ed776afbbc2a1d7f150,11,1,0.000641,0.0022716329999923346,0.21900000001187436,2.5040482,2.7186236,2.723465,primary,False
r013,evaluation_02,ecrc,round_robin,normal,HumanEval/78,HumanEval/78::354,permit_a39792f4f290c909d1c69c79a5defbb7,12,pass,9fb691858d3e0693e55bd6f383b63c93d9b512a6eb43ba88d3ce5c13a552120a,8749c2f89060af2d87fed50d9fff2ea751bf1ebed51cddc4c70689e3741c3216,caa97d3e6c0aa491e2e1e43eba7a19ad5ad99510675781a21449b2071df9fb00,e05cebc18c2dab444215fb826377edb0480db72e2bf33ed776afbbc2a1d7f150,12,1,0.0011589999999999999,0.0022291180000024724,0.20399999999790452,2.7567571,2.9659935,2.9704448,primary,False
r014,evaluation_02,ordinary,round_robin,normal,HumanEval/85,HumanEval/85::197,ordinary-permit-22d218c00b34b98708fb82fb88ec6084,1,pass,d7dcfb651677eb3f2087c9c55e0246b05ce878a2faf9e192f180277912e91b1a,1b7abc70f4d84184df0a4f65319b98fcca5c113f6bbc5fd8802ebc63b788e130,ad782a11645c3bb079776fbcf1bffd2dc20e28390433dfdc718526547f489fe4,e05cebc18c2dab444215fb826377edb0480db72e2bf33ed776afbbc2a1d7f150,1,1,0.0,0.001894557999989388,0.21899999998277053,0.0246992,0.232545,0.236662,primary,False
r014,evaluation_02,ordinary,round_robin,normal,HumanEval/97,HumanEval/97::165,ordinary-permit-872b0165fa9ff25542760f2a9d7e23a7,2,pass,aa5f6a3c3e4bf0b85cc060d781fe81de26e007e565ecc33a03e53931d47d5bd7,a7fc122015d50c2e4f65a0e85463156f9a6e9e958b876d7a34ba1cc58bdb8565,b4748923ffc961278f8cd8c281049de0171d7044baf13111d67943d49b89be18,e05cebc18c2dab444215fb826377edb0480db72e2bf33ed776afbbc2a1d7f150,2,1,0.0,0.002098845000006122,0.21899999998277053,0.2735388,0.4848067,0.4896474,primary,False
r014,evaluation_02,ordinary,round_robin,normal,HumanEval/18,HumanEval/18::104,ordinary-permit-0a870c1ce0a50c5c14459fe9e4617b55,3,pass,340a4f6b3d866b677f103eb24fd67b3256877906be2f0cbd0a57ce6ffd0230d7,9593bcb04d0d17e84a4090fb27e8a1741c22af224865e223628c477b2656e2cd,43ff59d91c8e0c74b916dfe25a3eb0a988ebaf48444df2dcff806151f73f508e,e05cebc18c2dab444215fb826377edb0480db72e2bf33ed776afbbc2a1d7f150,3,1,0.0,0.0019314489999970874,0.20300000000861473,0.5238651,0.7293938,0.7337115,primary,False
r014,evaluation_02,ordinary,round_robin,normal,HumanEval/108,HumanEval/108::309,ordinary-permit-16a8935a97d8767e3a5dd0e9db39f8e2,4,fail,5040a70cefa4cb1c0828d6f31e213b02ffcaf77f700b35c144c80f2efad029cb,1d20d428b1449870232fe23078112f13a9f05ee034253d2d12a9ecf1761fe266,95a40ebfb452521bdea56fc40719fd0cf83ceec5fded4c2ff1d092afa0c223c8,e05cebc18c2dab444215fb826377edb0480db72e2bf33ed776afbbc2a1d7f150,4,1,0.0,0.002290363000000184,0.20399999999790452,0.7578519,0.9657612,0.969795,primary,False
r014,evaluation_02,ordinary,round_robin,normal,HumanEval/67,HumanEval/67::97,ordinary-permit-e911f71afd455e1e91789dc8b8437742,5,pass,fa5035fb705b82482c747379f98e1d781b9040ac330dae3071bcb5c6f5cf8143,e35fe8946bb9e65ce54cf16e0acdda789143f4e62c95b7a03313828bc9f9e572,04ced2bd817a4aea78839b95262f884e255be7282aca4fa9caa66dae81f4f193,e05cebc18c2dab444215fb826377edb0480db72e2bf33ed776afbbc2a1d7f150,5,1,0.0,0.002294535999993741,0.21900000001187436,1.0057604,1.2166519,1.2217127,primary,False
r014,evaluation_02,ordinary,round_robin,normal,HumanEval/78,HumanEval/78::233,ordinary-permit-ede9d7d9bbd80fd037678bb9f012fd37,6,fail,1465e17be3e1ffe0e6dc8a64c848b97b7c3ceae384e1bc9c2a4c5c44cf74c42f,5b17f48b92b5b94556097862f822482e8862891a06a0fc69b6a6e26a90090f3c,caa97d3e6c0aa491e2e1e43eba7a19ad5ad99510675781a21449b2071df9fb00,e05cebc18c2dab444215fb826377edb0480db72e2bf33ed776afbbc2a1d7f150,6,1,0.0,0.0022488940000044977,0.20399999999790452,1.2568597,1.4660652,1.4705985,primary,False
r014,evaluation_02,ordinary,round_robin,normal,HumanEval/141,HumanEval/141::73,ordinary-permit-b400c04e62c549f60334ff41d65311e0,7,pass,6d9aabafe70a7f41123a50218349ad9b9a983378b9809569b244af35edb04566,8c3eddff296d54948c0f21777245c1d3dc6827463922a2c06383db427aeca130,5f09e776eb82af3767bbd74e951d7c6faffd9dd5ab4cd3461ad04514fd66f0c9,e05cebc18c2dab444215fb826377edb0480db72e2bf33ed776afbbc2a1d7f150,7,1,0.003091,0.003859845000008022,0.20399999999790452,1.5064278,1.715208,1.719372,primary,False
r014,evaluation_02,ordinary,round_robin,normal,HumanEval/13,HumanEval/13::357,ordinary-permit-7a1caddd65b804256712d799c494ef0e,8,pass,216990aef896951ced9eebf4904308593c9e37e7793a1464440bdd9861a8dc11,f814552d51f118fd0546cf180257f270699f6db5d85131ff30839c312febbce4,425a08ae556a0aa5d0947c14a74c35386c1b6eb46dc2527e8dc090d940d0fc07,e05cebc18c2dab444215fb826377edb0480db72e2bf33ed776afbbc2a1d7f150,8,1,0.0,0.0020684579999965536,0.20399999999790452,1.7554516,1.9648957,1.9691119,primary,False
r014,evaluation_02,ordinary,round_robin,normal,HumanEval/108,HumanEval/108::168,ordinary-permit-b185257957c7b1a7db72563731bdbe52,9,fail,bb725fbb122f8fd444769b94df453576a2a3ad109f9cd2f6ef243c0a55a21717,bb1b858a7dd071022b200e504668b4bac7e07699a22435baf644089d66fafc32,95a40ebfb452521bdea56fc40719fd0cf83ceec5fded4c2ff1d092afa0c223c8,e05cebc18c2dab444215fb826377edb0480db72e2bf33ed776afbbc2a1d7f150,9,1,0.00025,0.0021313959999957888,0.20399999999790452,2.0051178,2.2133921,2.2173579,primary,False
r014,evaluation_02,ordinary,round_robin,normal,HumanEval/78,HumanEval/78::273,ordinary-permit-075681ca34fad8a0ba587cc6aefee753,10,fail,b8dcfeede3a977c0bfb1e9ed06bdba3f5baff7d41e1d3d59e4ed8554264bbdef,ec085d7273b82dd81ebdb4a0a5c96e8672cb1de3f5d7e28db43e1853cb6a7a71,caa97d3e6c0aa491e2e1e43eba7a19ad5ad99510675781a21449b2071df9fb00,e05cebc18c2dab444215fb826377edb0480db72e2bf33ed776afbbc2a1d7f150,10,1,0.0,0.0022059880000000476,0.20300000000861473,2.2396958,2.4502312,2.4550593,primary,False
r014,evaluation_02,ordinary,round_robin,normal,HumanEval/108,HumanEval/108::250,ordinary-permit-70029096f73f558c3b902d6e8e510239,11,pass,543db5bd48101f204399ce1461bda60b0ab7bb8a2ed2a0df999729c08456d07a,9373ce99d5105a9e19145f034fa0824e16bcaecf237ad02860cc1b8d7fd758f8,95a40ebfb452521bdea56fc40719fd0cf83ceec5fded4c2ff1d092afa0c223c8,e05cebc18c2dab444215fb826377edb0480db72e2bf33ed776afbbc2a1d7f150,11,1,0.000122,0.0020824739999909525,0.20300000000861473,2.4891747,2.7000111,2.7046728,primary,False
r014,evaluation_02,ordinary,round_robin,normal,HumanEval/78,HumanEval/78::354,ordinary-permit-c7e1723160b2167e7472b7d9a04dbf4b,12,pass,ee8fa7a32695ef66dac345667ec7e10d92f791b7bd5e845ce2eb0f384caeb859,8749c2f89060af2d87fed50d9fff2ea751bf1ebed51cddc4c70689e3741c3216,caa97d3e6c0aa491e2e1e43eba7a19ad5ad99510675781a21449b2071df9fb00,e05cebc18c2dab444215fb826377edb0480db72e2bf33ed776afbbc2a1d7f150,12,1,0.00010999999999999999,0.0021371039999991126,0.20300000000861473,2.7387643,2.9479393,2.9518565,primary,False
r015,evaluation_02,ordinary,depth_first,normal,HumanEval/85,HumanEval/85::197,ordinary-permit-22d218c00b34b98708fb82fb88ec6084,1,pass,cd2b97733e65ca2c07c252179c47b78b2a8e5382bdb69236762cc82a24232e30,1b7abc70f4d84184df0a4f65319b98fcca5c113f6bbc5fd8802ebc63b788e130,ad782a11645c3bb079776fbcf1bffd2dc20e28390433dfdc718526547f489fe4,e05cebc18c2dab444215fb826377edb0480db72e2bf33ed776afbbc2a1d7f150,1,1,0.000708,0.002087783999996873,0.21899999998277053,0.037635,0.2511729,0.2560389,primary,False
r015,evaluation_02,ordinary,depth_first,normal,HumanEval/97,HumanEval/97::165,ordinary-permit-872b0165fa9ff25542760f2a9d7e23a7,2,pass,1395b24111f7a92d6fcb326c34c0013abe6c3d6d8b37d13cfaa800bfe7095651,a7fc122015d50c2e4f65a0e85463156f9a6e9e958b876d7a34ba1cc58bdb8565,b4748923ffc961278f8cd8c281049de0171d7044baf13111d67943d49b89be18,e05cebc18c2dab444215fb826377edb0480db72e2bf33ed776afbbc2a1d7f150,2,1,0.00037,0.0020158939999959102,0.20399999999790452,0.2691914,0.4795437,0.4835161,primary,False
r015,evaluation_02,ordinary,depth_first,normal,HumanEval/18,HumanEval/18::104,ordinary-permit-0a870c1ce0a50c5c14459fe9e4617b55,3,pass,a87d38e3d6cd5c1cf3b41c35556e4b5e758740c0607d491328ced24375cb059d,9593bcb04d0d17e84a4090fb27e8a1741c22af224865e223628c477b2656e2cd,43ff59d91c8e0c74b916dfe25a3eb0a988ebaf48444df2dcff806151f73f508e,e05cebc18c2dab444215fb826377edb0480db72e2bf33ed776afbbc2a1d7f150,3,1,0.0,0.00215461500000913,0.21900000001187436,0.5072215,0.7223159,0.7270324,primary,False
r015,evaluation_02,ordinary,depth_first,normal,HumanEval/108,HumanEval/108::309,ordinary-permit-16a8935a97d8767e3a5dd0e9db39f8e2,4,fail,3e7a1cd7a646f271e8695345ae3ece871c76b59f602177f81e11866b8856d9a1,1d20d428b1449870232fe23078112f13a9f05ee034253d2d12a9ecf1761fe266,95a40ebfb452521bdea56fc40719fd0cf83ceec5fded4c2ff1d092afa0c223c8,e05cebc18c2dab444215fb826377edb0480db72e2bf33ed776afbbc2a1d7f150,4,1,0.0,0.0018507919999990463,0.21900000001187436,0.7568827,0.9740523,0.9788992,primary,False
r015,evaluation_02,ordinary,depth_first,normal,HumanEval/108,HumanEval/108::168,ordinary-permit-b185257957c7b1a7db72563731bdbe52,5,fail,8b69b2d02860f22ad6cd02193071b095763814651d1bf18cfd7cedb48e5c52ba,bb1b858a7dd071022b200e504668b4bac7e07699a22435baf644089d66fafc32,95a40ebfb452521bdea56fc40719fd0cf83ceec5fded4c2ff1d092afa0c223c8,e05cebc18c2dab444215fb826377edb0480db72e2bf33ed776afbbc2a1d7f150,5,1,0.00046899999999999996,0.002332347000006507,0.21900000001187436,1.0071902,1.2241898,1.2298135,primary,False
r015,evaluation_02,ordinary,depth_first,normal,HumanEval/108,HumanEval/108::250,ordinary-permit-70029096f73f558c3b902d6e8e510239,6,pass,0319122d6c0ef60b23309044ab2c22a723809b99905952188255f13c2bebdd87,9373ce99d5105a9e19145f034fa0824e16bcaecf237ad02860cc1b8d7fd758f8,95a40ebfb452521bdea56fc40719fd0cf83ceec5fded4c2ff1d092afa0c223c8,e05cebc18c2dab444215fb826377edb0480db72e2bf33ed776afbbc2a1d7f150,6,1,0.00039099999999999996,0.002190618999989624,0.21900000001187436,1.255972,1.4716912,1.4762509,primary,False
r015,evaluation_02,ordinary,depth_first,normal,HumanEval/67,HumanEval/67::97,ordinary-permit-e911f71afd455e1e91789dc8b8437742,7,pass,c02a81a7416d2b61f29375c3dcf327bbfaa57cf1c6a4c65270c75f3e00fc50bd,e35fe8946bb9e65ce54cf16e0acdda789143f4e62c95b7a03313828bc9f9e572,04ced2bd817a4aea78839b95262f884e255be7282aca4fa9caa66dae81f4f193,e05cebc18c2dab444215fb826377edb0480db72e2bf33ed776afbbc2a1d7f150,7,1,0.0,0.00221232999999188,0.2029999999795109,1.4888507,1.6992863,1.7036152,primary,False
r015,evaluation_02,ordinary,depth_first,normal,HumanEval/78,HumanEval/78::233,ordinary-permit-ede9d7d9bbd80fd037678bb9f012fd37,8,fail,c18eabe36ead4b03f1030544751fd39a0eccbc7857396597d9a94959750d1ba8,5b17f48b92b5b94556097862f822482e8862891a06a0fc69b6a6e26a90090f3c,caa97d3e6c0aa491e2e1e43eba7a19ad5ad99510675781a21449b2071df9fb00,e05cebc18c2dab444215fb826377edb0480db72e2bf33ed776afbbc2a1d7f150,8,1,0.0,0.002251794999992285,0.21799999999348074,1.7279791,1.9400443,1.944357,primary,False
r015,evaluation_02,ordinary,depth_first,normal,HumanEval/78,HumanEval/78::273,ordinary-permit-075681ca34fad8a0ba587cc6aefee753,9,fail,3b648311842bc4c052deff92390cfbe0ec9205b55ccd7a9e2b541b67429d32be,ec085d7273b82dd81ebdb4a0a5c96e8672cb1de3f5d7e28db43e1853cb6a7a71,caa97d3e6c0aa491e2e1e43eba7a19ad5ad99510675781a21449b2071df9fb00,e05cebc18c2dab444215fb826377edb0480db72e2bf33ed776afbbc2a1d7f150,9,1,0.0009209999999999999,0.002440277999994578,0.2029999999795109,1.9809108,2.1904192,2.1949457,primary,False
r015,evaluation_02,ordinary,depth_first,normal,HumanEval/78,HumanEval/78::354,ordinary-permit-c7e1723160b2167e7472b7d9a04dbf4b,10,pass,ca5e629d15bf935daddd91e0522fb16db176daa31f6c3b2ec982a43fa1d078fe,8749c2f89060af2d87fed50d9fff2ea751bf1ebed51cddc4c70689e3741c3216,caa97d3e6c0aa491e2e1e43eba7a19ad5ad99510675781a21449b2071df9fb00,e05cebc18c2dab444215fb826377edb0480db72e2bf33ed776afbbc2a1d7f150,10,1,0.0,0.002297169999991411,0.2029999999795109,2.2323071,2.4451954,2.449658,primary,False
r015,evaluation_02,ordinary,depth_first,normal,HumanEval/141,HumanEval/141::73,ordinary-permit-b400c04e62c549f60334ff41d65311e0,11,pass,a8f7eccc296c2252dae5fa1681bdf30161824f6d569cb360a97e44986a702f02,8c3eddff296d54948c0f21777245c1d3dc6827463922a2c06383db427aeca130,5f09e776eb82af3767bbd74e951d7c6faffd9dd5ab4cd3461ad04514fd66f0c9,e05cebc18c2dab444215fb826377edb0480db72e2bf33ed776afbbc2a1d7f150,11,1,0.0026119999999999997,0.004225181999998995,0.21799999999348074,2.4795333,2.6948189,2.6987538,primary,False
r015,evaluation_02,ordinary,depth_first,normal,HumanEval/13,HumanEval/13::357,ordinary-permit-7a1caddd65b804256712d799c494ef0e,12,pass,343edd6d5e73fdc9c09a5c7952e9351259ddbfc7467620ad98be0fe58009db4a,f814552d51f118fd0546cf180257f270699f6db5d85131ff30839c312febbce4,425a08ae556a0aa5d0947c14a74c35386c1b6eb46dc2527e8dc090d940d0fc07,e05cebc18c2dab444215fb826377edb0480db72e2bf33ed776afbbc2a1d7f150,12,1,0.001062,0.00204616099999555,0.21900000001187436,2.7101148,2.9229993,2.9271003,primary,False
r016,evaluation_02,ecrc,depth_first,normal,HumanEval/85,HumanEval/85::197,permit_6a1fd86cf305246a09ef7219ee0cbe00,1,pass,b6be954d47dd37f4680fb4317543a385853914c930ba44b47573ce41d2a1528e,1b7abc70f4d84184df0a4f65319b98fcca5c113f6bbc5fd8802ebc63b788e130,ad782a11645c3bb079776fbcf1bffd2dc20e28390433dfdc718526547f489fe4,e05cebc18c2dab444215fb826377edb0480db72e2bf33ed776afbbc2a1d7f150,1,1,0.0,0.0018507049999954006,0.21899999998277053,0.0261458,0.2348111,0.2391984,primary,False
r016,evaluation_02,ecrc,depth_first,normal,HumanEval/97,HumanEval/97::165,permit_f6d3c91f482158f29d2ebc8043d6fbd1,2,pass,c5085d24065171c2be480f065ca0adde58df265cc4c65feb554e64baa5ff20ed,a7fc122015d50c2e4f65a0e85463156f9a6e9e958b876d7a34ba1cc58bdb8565,b4748923ffc961278f8cd8c281049de0171d7044baf13111d67943d49b89be18,e05cebc18c2dab444215fb826377edb0480db72e2bf33ed776afbbc2a1d7f150,2,1,0.0,0.0018833459999996194,0.21899999998277053,0.2768346,0.4861744,0.4911658,primary,False
r016,evaluation_02,ecrc,depth_first,normal,HumanEval/18,HumanEval/18::104,permit_7c4ad1b35fe6ed1ea6d14db88dca07d5,3,pass,e84ce8506bc3a7e3479a5edbdd7d85247854b0833a3189eb8450baf6a9b38d37,9593bcb04d0d17e84a4090fb27e8a1741c22af224865e223628c477b2656e2cd,43ff59d91c8e0c74b916dfe25a3eb0a988ebaf48444df2dcff806151f73f508e,e05cebc18c2dab444215fb826377edb0480db72e2bf33ed776afbbc2a1d7f150,3,1,0.0,0.0019465219999972305,0.20300000000861473,0.5071034,0.7165245,0.7212525,primary,False
r016,evaluation_02,ecrc,depth_first,normal,HumanEval/108,HumanEval/108::309,permit_ed2396e38c1b9c07d9addb184e929799,4,fail,d38865f7de8ca80b608e4d74cda675d6ecd53daaae2e33c51bc541910b3fa6b3,1d20d428b1449870232fe23078112f13a9f05ee034253d2d12a9ecf1761fe266,95a40ebfb452521bdea56fc40719fd0cf83ceec5fded4c2ff1d092afa0c223c8,e05cebc18c2dab444215fb826377edb0480db72e2bf33ed776afbbc2a1d7f150,4,1,0.0013089999999999998,0.002228479999999422,0.20300000000861473,0.7357967,0.9443171,0.9493455,primary,False
r016,evaluation_02,ecrc,depth_first,normal,HumanEval/108,HumanEval/108::168,permit_f2363ac36c5dde6c9a26468baa1b8d69,5,fail,0bfcdb3334eee96c994e665271e9a5e0cc2cde29fac39478ec6064fe3c7586a2,bb1b858a7dd071022b200e504668b4bac7e07699a22435baf644089d66fafc32,95a40ebfb452521bdea56fc40719fd0cf83ceec5fded4c2ff1d092afa0c223c8,e05cebc18c2dab444215fb826377edb0480db72e2bf33ed776afbbc2a1d7f150,5,1,0.002071,0.0024709300000012036,0.20300000000861473,0.9823578,1.1934687,1.1976488,primary,False
r016,evaluation_02,ecrc,depth_first,normal,HumanEval/108,HumanEval/108::250,permit_88dc05addc485549a03f43fe195e145c,6,pass,dcdbbc4e3b54a4c797e13ef3f0bea988bc7c2f89a2e5b4b6dd66229f53a065c9,9373ce99d5105a9e19145f034fa0824e16bcaecf237ad02860cc1b8d7fd758f8,95a40ebfb452521bdea56fc40719fd0cf83ceec5fded4c2ff1d092afa0c223c8,e05cebc18c2dab444215fb826377edb0480db72e2bf33ed776afbbc2a1d7f150,6,1,0.0008359999999999999,0.0021164389999910327,0.20300000000861473,1.2364519,1.445166,1.4497147,primary,False
r016,evaluation_02,ecrc,depth_first,normal,HumanEval/67,HumanEval/67::97,permit_900dba1abf786368692363649290789f,7,pass,7f17519483bb752be27f72f7ae8171c626988838a02f0c8722ed7c21ba21f92e,e35fe8946bb9e65ce54cf16e0acdda789143f4e62c95b7a03313828bc9f9e572,04ced2bd817a4aea78839b95262f884e255be7282aca4fa9caa66dae81f4f193,e05cebc18c2dab444215fb826377edb0480db72e2bf33ed776afbbc2a1d7f150,7,1,0.002518,0.003039016000002448,0.20300000000861473,1.4664458,1.6809751,1.6861111,primary,False
r016,evaluation_02,ecrc,depth_first,normal,HumanEval/78,HumanEval/78::233,permit_f86a76e91f890586c83ea2813d37d781,8,fail,cc7576f029eb6f72c551f9ac3421baaf4f650eb429937c069c5e9f3cd54c9d06,5b17f48b92b5b94556097862f822482e8862891a06a0fc69b6a6e26a90090f3c,caa97d3e6c0aa491e2e1e43eba7a19ad5ad99510675781a21449b2071df9fb00,e05cebc18c2dab444215fb826377edb0480db72e2bf33ed776afbbc2a1d7f150,8,1,0.0,0.0025595119999906046,0.20300000000861473,1.7215159,1.9324561,1.937471,primary,False
r016,evaluation_02,ecrc,depth_first,normal,HumanEval/78,HumanEval/78::273,permit_f9e86293670a4dfd537fe8a1e8569429,9,fail,97dc3c52755b350e824e55142cee856b8863dfb1d5aef876ec5f2a29bab17a39,ec085d7273b82dd81ebdb4a0a5c96e8672cb1de3f5d7e28db43e1853cb6a7a71,caa97d3e6c0aa491e2e1e43eba7a19ad5ad99510675781a21449b2071df9fb00,e05cebc18c2dab444215fb826377edb0480db72e2bf33ed776afbbc2a1d7f150,9,1,0.0,0.0023885000000092305,0.20300000000861473,1.9687102,2.1806132,2.1859336,primary,False
r016,evaluation_02,ecrc,depth_first,normal,HumanEval/78,HumanEval/78::354,permit_a39792f4f290c909d1c69c79a5defbb7,10,pass,e17aa136cfabc1aa98204e257f0b800f875aaa711e4c3e8c6f34db07d9f7eeff,8749c2f89060af2d87fed50d9fff2ea751bf1ebed51cddc4c70689e3741c3216,caa97d3e6c0aa491e2e1e43eba7a19ad5ad99510675781a21449b2071df9fb00,e05cebc18c2dab444215fb826377edb0480db72e2bf33ed776afbbc2a1d7f150,10,1,0.000556,0.0019173669999901222,0.20300000000861473,2.2189609,2.433192,2.4386697,primary,False
r016,evaluation_02,ecrc,depth_first,normal,HumanEval/141,HumanEval/141::73,permit_d9fca525560cb96a73464b6d23902ea6,11,pass,acab0f5aa54b4e317e177806b92ecfba00d01c83228dda156a8e4c31c00e5d41,8c3eddff296d54948c0f21777245c1d3dc6827463922a2c06383db427aeca130,5f09e776eb82af3767bbd74e951d7c6faffd9dd5ab4cd3461ad04514fd66f0c9,e05cebc18c2dab444215fb826377edb0480db72e2bf33ed776afbbc2a1d7f150,11,1,0.001481,0.0043715749999933,0.20300000000861473,2.4681696,2.6835102,2.688095,primary,False
r016,evaluation_02,ecrc,depth_first,normal,HumanEval/13,HumanEval/13::357,permit_aa0ffc6c5912b70a91a8685beac32aa4,12,pass,d8adef49e4629ae2493bb2d1962c3266a36a5127ac4169a0d4af048fedbcd294,f814552d51f118fd0546cf180257f270699f6db5d85131ff30839c312febbce4,425a08ae556a0aa5d0947c14a74c35386c1b6eb46dc2527e8dc090d940d0fc07,e05cebc18c2dab444215fb826377edb0480db72e2bf33ed776afbbc2a1d7f150,12,1,0.001039,0.0020387619999979734,0.20300000000861473,2.7193862,2.9324927,2.9376304,primary,False
r017,evaluation_03,ecrc,depth_first,normal,HumanEval/14,HumanEval/14::299,permit_d5dc4fead82459b35ed65d04673fc3e0,1,pass,6f6d9259ef9893a07f19fe94d76f5747a47c65161e62cbc6739c9d80a85376f4,f1909798cf4eacf6bbda3ccdf0810bddd780284d0aa4524e627be516ce08d739,79f83d056e0f6b818bc8103ce4ed597a769d98ada76ee9ddccf856d29a262b8e,e05cebc18c2dab444215fb826377edb0480db72e2bf33ed776afbbc2a1d7f150,1,1,0.0,0.002277804000001993,0.20300000000861473,0.017536,0.2313093,0.2353681,primary,False
r017,evaluation_03,ecrc,depth_first,normal,HumanEval/153,HumanEval/153::197,permit_a530c6d3014ce28a55493dc2516b06fa,2,pass,2b3f8f59d6d454c42d39a6e0f94073a31f470f56313b5ff58c04b7fd4d3a3348,a1286cbaa24f2b3201e36a7ceeb8146175c62ee9182d810bc0096ec3624b0778,c2f5de211ee519ac7a4e4940c309555a656d664d860ce71b50f9262c2b154c93,e05cebc18c2dab444215fb826377edb0480db72e2bf33ed776afbbc2a1d7f150,2,1,0.0,0.0020597019999968325,0.20300000000861473,0.2730536,0.4836391,0.4887407,primary,False
r017,evaluation_03,ecrc,depth_first,normal,HumanEval/106,HumanEval/106::431,permit_ecfb94371949d2fcfb505099c05a1208,3,pass,c896d438a9c379fa0a21ed1b3aa7c20c1ed3ee4f2da1c7fa34cec626fed0e15e,1f908a4c951cb6794ac16db99b67f4c17855ed9c3e04be633701c6621f68e4bf,58ca953720bb30e3484d0aa5dfbc0eb36252bdfe7c946203cb1201f91178105b,e05cebc18c2dab444215fb826377edb0480db72e2bf33ed776afbbc2a1d7f150,3,1,0.0,0.002086055999996006,0.20300000000861473,0.5230901,0.7351192,0.7400382,primary,False
r017,evaluation_03,ecrc,depth_first,normal,HumanEval/31,HumanEval/31::93,permit_bd0e4fbc71e5d178544a193e30fc1a94,4,pass,f4b0a647043550b3d47ab4ec5b29550a48fcb0f7ec4fec7cc530c737551d5a9f,0a50bcb85372e6e5c1ec6b8f4ed5cd75beba712567795b79d7e4cb8894109346,0c2710eed0be78725cb7d70611beafefb8563b7f726f8113e3416f3328344e64,e05cebc18c2dab444215fb826377edb0480db72e2bf33ed776afbbc2a1d7f150,4,1,0.0,0.0024007570000037504,0.20300000000861473,0.7565706,0.9620344,0.9668952,primary,False
r017,evaluation_03,ecrc,depth_first,normal,HumanEval/161,HumanEval/161::106,permit_206ca4ddbbb4b0e196bb4ed4a6401afd,5,pass,d696bd01511c2687ee0b5735bf4261b0f382647ebde9532cc20b8aa6bfb0ada9,e7a713954af039cd0f54a4aa9ca2446f93e8a97e3635b0e71f9b9c51341ed1f0,6beb17182b49793be168c88913f0588f28b3cc99a0c548297f5954acaa7e8f27,e05cebc18c2dab444215fb826377edb0480db72e2bf33ed776afbbc2a1d7f150,5,1,0.0,0.0018462340000127142,0.20300000000861473,0.9922934,1.2014132,1.2059999,primary,False
r017,evaluation_03,ecrc,depth_first,normal,HumanEval/125,HumanEval/125::336,permit_d600745d1f75ffbd23b08fff4e1a129d,6,fail,9aba02f0147ebfd280105a4377ee89c42e3d22e138e1ad851ad7dc53b710d2f6,626917a8428a9484cb836029de84443383d73c4926f0f4157567e7c1603b84b6,8cce8b7cc2529711e2f2e0a609b4a84fec661cb83f2b63533af5a1bd783d0817,e05cebc18c2dab444215fb826377edb0480db72e2bf33ed776afbbc2a1d7f150,6,1,0.000337,0.0019373689999895305,0.20300000000861473,1.2450246,1.4520444,1.4564703,primary,False
r017,evaluation_03,ecrc,depth_first,normal,HumanEval/125,HumanEval/125::125,permit_9016e81c8685987bbbe9b40684a6a205,7,fail,d152e25db5d4191cacd45264cc0a02b52f4b6f2328893225bf9d8f799c3e7873,3f4346dd9ad36047b2263acc0c7530abc4b6b38919de0149f85f7a2bd4862b0a,8cce8b7cc2529711e2f2e0a609b4a84fec661cb83f2b63533af5a1bd783d0817,e05cebc18c2dab444215fb826377edb0480db72e2bf33ed776afbbc2a1d7f150,7,1,0.0,0.0019252870000059374,0.20300000000861473,1.4961747,1.7065567,1.7110467,primary,False
r017,evaluation_03,ecrc,depth_first,normal,HumanEval/125,HumanEval/125::299,permit_c284e7f43efac5a53ed9b779e2fdb34b,8,fail,5c0d87dce5b69dc8844b4cc73aff50c1523632e18bd69ce2a3a6b31e47837f52,9819ca6f65ab12d04b9b659976ea0769462ac166bfea28d2ab7e8d2c88150015,8cce8b7cc2529711e2f2e0a609b4a84fec661cb83f2b63533af5a1bd783d0817,e05cebc18c2dab444215fb826377edb0480db72e2bf33ed776afbbc2a1d7f150,8,1,0.000658,0.0019195950000039375,0.2029999999795109,1.7264081,1.9357328,1.9405079,primary,False
r017,evaluation_03,ecrc,depth_first,normal,HumanEval/125,HumanEval/125::420,permit_a31b32cbc552aab63dcc06375b605ff1,9,fail,74a29929ce1a5da3df0009b91ba342b661e2314160fad8e1762e94cdf705b1b8,f7321bc38a8a42bbc1374dfd0f2037669f5fe7c688154e982a98a81e48a9146b,8cce8b7cc2529711e2f2e0a609b4a84fec661cb83f2b63533af5a1bd783d0817,e05cebc18c2dab444215fb826377edb0480db72e2bf33ed776afbbc2a1d7f150,9,1,0.001063,0.0018450249999943935,0.21899999998277053,1.9668491,2.1758401,2.1809397,primary,False
r017,evaluation_03,ecrc,depth_first,normal,HumanEval/25,HumanEval/25::21,permit_fa54fb77fe7f548dcb777736b9917f9d,10,pass,ed4ce7999e5210188d166a3b60ce24d4a264dacdb098eec599c30c24eb9a85c0,8818594745542ad942ecd1f25ba2f0af88381a04f84555cefbc9c75d12f506a4,c394d4839625eaf625f2419368256bd071e80f9b2082ee13c556c2b6669d77f3,e05cebc18c2dab444215fb826377edb0480db72e2bf33ed776afbbc2a1d7f150,10,1,0.0020239999999999998,0.0025537610000014865,0.20300000000861473,2.2156602,2.4239421,2.4287312,primary,False
r017,evaluation_03,ecrc,depth_first,normal,HumanEval/24,HumanEval/24::130,permit_e97db21ea9fd35e2375a06fe65ed58c8,11,pass,6f061c3705b6849bbffc91c979a6f0e2fdabe40eef30c833068825d5509f749c,0bc7a4d19c70c211a1960a52a30859d5fba6b13107fdfc27e8f557b44ef8737e,8f15f3fc77d5fe9d4031725ca0604b4f7af55f1db3f563b7cb3b3ff0863ac667,e05cebc18c2dab444215fb826377edb0480db72e2bf33ed776afbbc2a1d7f150,11,1,0.000188,0.0021418019999970284,0.21899999998277053,2.4671631,2.6819682,2.6873331,primary,False
r018,evaluation_03,ordinary,depth_first,normal,HumanEval/14,HumanEval/14::299,ordinary-permit-57b17c8aa7b08bbdc345802887f012f5,1,pass,157c5dad01c4972e4e603f78da2a00eb716a016a1dbb6c05b91d8749e2fb7553,f1909798cf4eacf6bbda3ccdf0810bddd780284d0aa4524e627be516ce08d739,79f83d056e0f6b818bc8103ce4ed597a769d98ada76ee9ddccf856d29a262b8e,e05cebc18c2dab444215fb826377edb0480db72e2bf33ed776afbbc2a1d7f150,1,1,0.000203,0.0022735510000018166,0.235000000015134,0.0262565,0.2542613,0.2588982,primary,False
r018,evaluation_03,ordinary,depth_first,normal,HumanEval/153,HumanEval/153::197,ordinary-permit-a350256a51b8d976de228703b908c7fa,2,pass,dafde78babaa99d1a7750734d79a2b1c35c1b65b896dcbc8649425c6b5bbb073,a1286cbaa24f2b3201e36a7ceeb8146175c62ee9182d810bc0096ec3624b0778,c2f5de211ee519ac7a4e4940c309555a656d664d860ce71b50f9262c2b154c93,e05cebc18c2dab444215fb826377edb0480db72e2bf33ed776afbbc2a1d7f150,2,1,0.0,0.0019802950000098463,0.21900000001187436,0.2729672,0.484361,0.4888671,primary,False
r018,evaluation_03,ordinary,depth_first,normal,HumanEval/106,HumanEval/106::431,ordinary-permit-5ea0590f10d2483aa2d00f5864cbb367,3,pass,517021cf773e4f3d6153bc2cc5532cd8458f9d0e3ceb24465181d46ccc3d46c1,1f908a4c951cb6794ac16db99b67f4c17855ed9c3e04be633701c6621f68e4bf,58ca953720bb30e3484d0aa5dfbc0eb36252bdfe7c946203cb1201f91178105b,e05cebc18c2dab444215fb826377edb0480db72e2bf33ed776afbbc2a1d7f150,3,1,0.0,0.0020042670000037788,0.2029999999795109,0.5015078,0.7102298,0.7148548,primary,False
r018,evaluation_03,ordinary,depth_first,normal,HumanEval/31,HumanEval/31::93,ordinary-permit-187df0b7db7b82bbedca753cb9b27f0c,4,pass,233b4cdf7684333c300a878b3b715a93f5d4b41d9b11375f44cd583865b76e7d,0a50bcb85372e6e5c1ec6b8f4ed5cd75beba712567795b79d7e4cb8894109346,0c2710eed0be78725cb7d70611beafefb8563b7f726f8113e3416f3328344e64,e05cebc18c2dab444215fb826377edb0480db72e2bf33ed776afbbc2a1d7f150,4,1,0.0,0.002109060000009322,0.21899999998277053,0.7447648,0.950538,0.9547576,primary,False
r018,evaluation_03,ordinary,depth_first,normal,HumanEval/161,HumanEval/161::106,ordinary-permit-f13eff92671971a93472a39f113c9ded,5,pass,09d0af9c0849a1f2d5f9e5eb2663790fb5333ad0724c7946bc097372b26f4015,e7a713954af039cd0f54a4aa9ca2446f93e8a97e3635b0e71f9b9c51341ed1f0,6beb17182b49793be168c88913f0588f28b3cc99a0c548297f5954acaa7e8f27,e05cebc18c2dab444215fb826377edb0480db72e2bf33ed776afbbc2a1d7f150,5,1,0.0,0.0019356869999995752,0.21900000001187436,0.9779821,1.1844525,1.1886133,primary,False
r018,evaluation_03,ordinary,depth_first,normal,HumanEval/125,HumanEval/125::336,ordinary-permit-ff392a498223746cfa0a57b7826d7b1e,6,fail,091d20e8f4bba53463f1c84b508712485a6833a41e99c8acc8930e9f9e24848a,626917a8428a9484cb836029de84443383d73c4926f0f4157567e7c1603b84b6,8cce8b7cc2529711e2f2e0a609b4a84fec661cb83f2b63533af5a1bd783d0817,e05cebc18c2dab444215fb826377edb0480db72e2bf33ed776afbbc2a1d7f150,6,1,0.000967,0.0022941459999969993,0.21900000001187436,1.2128654,1.4200576,1.4240859,primary,False
r018,evaluation_03,ordinary,depth_first,normal,HumanEval/125,HumanEval/125::125,ordinary-permit-a04b2703067b73bff5aa319aa6661d75,7,fail,150662257e6d6f0d74f3462c9caf7fa38ee04e1a6154b565422a85e1af0db989,3f4346dd9ad36047b2263acc0c7530abc4b6b38919de0149f85f7a2bd4862b0a,8cce8b7cc2529711e2f2e0a609b4a84fec661cb83f2b63533af5a1bd783d0817,e05cebc18c2dab444215fb826377edb0480db72e2bf33ed776afbbc2a1d7f150,7,1,0.0,0.0018262739999954647,0.21899999998277053,1.4476476,1.654383,1.6585315,primary,False
r018,evaluation_03,ordinary,depth_first,normal,HumanEval/125,HumanEval/125::299,ordinary-permit-249d70d687329c9a071b8d0c1d22240b,8,fail,436774ae4fc7397a0530dae222d8a47a4cac004d3be3a59cbb715c1c091e4ad8,9819ca6f65ab12d04b9b659976ea0769462ac166bfea28d2ab7e8d2c88150015,8cce8b7cc2529711e2f2e0a609b4a84fec661cb83f2b63533af5a1bd783d0817,e05cebc18c2dab444215fb826377edb0480db72e2bf33ed776afbbc2a1d7f150,8,1,0.00041799999999999997,0.0021593299999977944,0.2029999999795109,1.6832351,1.8953552,1.8998264,primary,False
r018,evaluation_03,ordinary,depth_first,normal,HumanEval/125,HumanEval/125::420,ordinary-permit-bbe01eacc093a8a93bc22241eefb1477,9,fail,c13e1e6b95704b3fd9b35fbdee7d8fc7996d2b281409a9beb7ed2cd3ea3743ed,f7321bc38a8a42bbc1374dfd0f2037669f5fe7c688154e982a98a81e48a9146b,8cce8b7cc2529711e2f2e0a609b4a84fec661cb83f2b63533af5a1bd783d0817,e05cebc18c2dab444215fb826377edb0480db72e2bf33ed776afbbc2a1d7f150,9,1,0.001671,0.002253819000003432,0.21899999998277053,1.9361234,2.154109,2.1587619,primary,False
r018,evaluation_03,ordinary,depth_first,normal,HumanEval/25,HumanEval/25::21,ordinary-permit-8eb27362d5feb1e08bdbd363f881c9ff,10,pass,16f875864405f5f01549fc6e639d9290c9df0bd07992489299ba14e2fec90144,8818594745542ad942ecd1f25ba2f0af88381a04f84555cefbc9c75d12f506a4,c394d4839625eaf625f2419368256bd071e80f9b2082ee13c556c2b6669d77f3,e05cebc18c2dab444215fb826377edb0480db72e2bf33ed776afbbc2a1d7f150,10,1,0.00058,0.0020146960000033687,0.21899999998277053,2.1890865,2.4077481,2.4123791,primary,False
r018,evaluation_03,ordinary,depth_first,normal,HumanEval/24,HumanEval/24::130,ordinary-permit-66757cb443bb75b0387ef0bf8bb9db3c,11,pass,99957916493e3450d26f46b57dcdf6042348159d430e4efb22ea3fe57eb3ffd1,0bc7a4d19c70c211a1960a52a30859d5fba6b13107fdfc27e8f557b44ef8737e,8f15f3fc77d5fe9d4031725ca0604b4f7af55f1db3f563b7cb3b3ff0863ac667,e05cebc18c2dab444215fb826377edb0480db72e2bf33ed776afbbc2a1d7f150,11,1,7.999999999999999e-05,0.0021412499999939882,0.20300000000861473,2.425087,2.6360918,2.6402231,primary,False
r019,evaluation_03,ordinary,round_robin,normal,HumanEval/14,HumanEval/14::299,ordinary-permit-57b17c8aa7b08bbdc345802887f012f5,1,pass,5b5de50324d12192ac5c9e71d61e98c882cad43d65f0a96867deec7256e4d7b9,f1909798cf4eacf6bbda3ccdf0810bddd780284d0aa4524e627be516ce08d739,79f83d056e0f6b818bc8103ce4ed597a769d98ada76ee9ddccf856d29a262b8e,e05cebc18c2dab444215fb826377edb0480db72e2bf33ed776afbbc2a1d7f150,1,1,0.000461,0.0020277339999950073,0.20300000000861473,0.0303694,0.2410811,0.2458025,primary,False
r019,evaluation_03,ordinary,round_robin,normal,HumanEval/153,HumanEval/153::197,ordinary-permit-a350256a51b8d976de228703b908c7fa,2,pass,405b4e4d52aae41bc181129bd87d6987b1d09c5c91998187e51975660eaeac42,a1286cbaa24f2b3201e36a7ceeb8146175c62ee9182d810bc0096ec3624b0778,c2f5de211ee519ac7a4e4940c309555a656d664d860ce71b50f9262c2b154c93,e05cebc18c2dab444215fb826377edb0480db72e2bf33ed776afbbc2a1d7f150,2,1,0.0,0.001938832000007551,0.20300000000861473,0.2813956,0.4900489,0.4945212,primary,False
r019,evaluation_03,ordinary,round_robin,normal,HumanEval/106,HumanEval/106::431,ordinary-permit-5ea0590f10d2483aa2d00f5864cbb367,3,pass,f29822c8c420cf58a23821f990c011ff1f5955f1f34b403f00cce24fed12130e,1f908a4c951cb6794ac16db99b67f4c17855ed9c3e04be633701c6621f68e4bf,58ca953720bb30e3484d0aa5dfbc0eb36252bdfe7c946203cb1201f91178105b,e05cebc18c2dab444215fb826377edb0480db72e2bf33ed776afbbc2a1d7f150,3,1,0.0,0.0019091860000060024,0.2029999999795109,0.5083164,0.7187839,0.7230544,primary,False
r019,evaluation_03,ordinary,round_robin,normal,HumanEval/31,HumanEval/31::93,ordinary-permit-187df0b7db7b82bbedca753cb9b27f0c,4,pass,9dbb89e6d5b2f9959de226b5b6074914be03d8b4dbf7a7ed811152d18107e196,0a50bcb85372e6e5c1ec6b8f4ed5cd75beba712567795b79d7e4cb8894109346,0c2710eed0be78725cb7d70611beafefb8563b7f726f8113e3416f3328344e64,e05cebc18c2dab444215fb826377edb0480db72e2bf33ed776afbbc2a1d7f150,4,1,0.0,0.0022005180000093105,0.20300000000861473,0.7502742,0.957378,0.9620677,primary,False
r019,evaluation_03,ordinary,round_robin,normal,HumanEval/161,HumanEval/161::106,ordinary-permit-f13eff92671971a93472a39f113c9ded,5,pass,4527493b9afb2daeadfdbcd6b724382d293843b15bc0658c5ea6f98eb25be7e0,e7a713954af039cd0f54a4aa9ca2446f93e8a97e3635b0e71f9b9c51341ed1f0,6beb17182b49793be168c88913f0588f28b3cc99a0c548297f5954acaa7e8f27,e05cebc18c2dab444215fb826377edb0480db72e2bf33ed776afbbc2a1d7f150,5,1,0.0,0.002098740999997517,0.20300000000861473,0.9851639,1.1933226,1.197864,primary,False
r019,evaluation_03,ordinary,round_robin,normal,HumanEval/125,HumanEval/125::336,ordinary-permit-ff392a498223746cfa0a57b7826d7b1e,6,fail,47171c64267ea81b5003bf4999535300eb2e3446229e9173e9cb0b791075860f,626917a8428a9484cb836029de84443383d73c4926f0f4157567e7c1603b84b6,8cce8b7cc2529711e2f2e0a609b4a84fec661cb83f2b63533af5a1bd783d0817,e05cebc18c2dab444215fb826377edb0480db72e2bf33ed776afbbc2a1d7f150,6,1,0.0,0.0020260170000057087,0.20300000000861473,1.2346269,1.4426911,1.4472642,primary,False
r019,evaluation_03,ordinary,round_robin,normal,HumanEval/25,HumanEval/25::21,ordinary-permit-8eb27362d5feb1e08bdbd363f881c9ff,7,pass,afcffd9b933b9233bb5375c7a2ca045cb3ca482b3d50168a18255414a30382bd,8818594745542ad942ecd1f25ba2f0af88381a04f84555cefbc9c75d12f506a4,c394d4839625eaf625f2419368256bd071e80f9b2082ee13c556c2b6669d77f3,e05cebc18c2dab444215fb826377edb0480db72e2bf33ed776afbbc2a1d7f150,7,1,0.0018299999999999998,0.0025811499999974785,0.21900000001187436,1.4719208,1.684509,1.6885287,primary,False
r019,evaluation_03,ordinary,round_robin,normal,HumanEval/24,HumanEval/24::130,ordinary-permit-66757cb443bb75b0387ef0bf8bb9db3c,8,pass,85229065873b5eb64f408de2f678a6bee68b0e9be1a0fd2065617bbf3f7d5aaa,0bc7a4d19c70c211a1960a52a30859d5fba6b13107fdfc27e8f557b44ef8737e,8f15f3fc77d5fe9d4031725ca0604b4f7af55f1db3f563b7cb3b3ff0863ac667,e05cebc18c2dab444215fb826377edb0480db72e2bf33ed776afbbc2a1d7f150,8,1,0.0,0.0018448439999900756,0.2029999999795109,1.7012944,1.913323,1.9172922,primary,False
r019,evaluation_03,ordinary,round_robin,normal,HumanEval/125,HumanEval/125::125,ordinary-permit-a04b2703067b73bff5aa319aa6661d75,9,fail,d5fd5930e953dd821af616f4e4b63a9024701ad391fd27c9e5c03f2d10ad336a,3f4346dd9ad36047b2263acc0c7530abc4b6b38919de0149f85f7a2bd4862b0a,8cce8b7cc2529711e2f2e0a609b4a84fec661cb83f2b63533af5a1bd783d0817,e05cebc18c2dab444215fb826377edb0480db72e2bf33ed776afbbc2a1d7f150,9,1,0.0011819999999999999,0.0022923820000073647,0.21899999998277053,1.9399,2.1477282,2.1522472,primary,False
r019,evaluation_03,ordinary,round_robin,normal,HumanEval/125,HumanEval/125::299,ordinary-permit-249d70d687329c9a071b8d0c1d22240b,10,fail,b16c057a2cef1bf87bc1ac79b93434a703f541291b95a0ad1fac2db806f74bb5,9819ca6f65ab12d04b9b659976ea0769462ac166bfea28d2ab7e8d2c88150015,8cce8b7cc2529711e2f2e0a609b4a84fec661cb83f2b63533af5a1bd783d0817,e05cebc18c2dab444215fb826377edb0480db72e2bf33ed776afbbc2a1d7f150,10,1,0.0,0.0022976209999967523,0.20399999999790452,2.1740817,2.381381,2.3854253,primary,False
r019,evaluation_03,ordinary,round_robin,normal,HumanEval/125,HumanEval/125::420,ordinary-permit-bbe01eacc093a8a93bc22241eefb1477,11,fail,5cc501517b7f609e41a5162b70aeff706d7e23045e8cba103ce9dbf2bb9172cf,f7321bc38a8a42bbc1374dfd0f2037669f5fe7c688154e982a98a81e48a9146b,8cce8b7cc2529711e2f2e0a609b4a84fec661cb83f2b63533af5a1bd783d0817,e05cebc18c2dab444215fb826377edb0480db72e2bf33ed776afbbc2a1d7f150,11,1,0.0,0.0018960419999984879,0.20300000000861473,2.4083021,2.6129335,2.6175509,primary,False
r020,evaluation_03,ecrc,round_robin,normal,HumanEval/14,HumanEval/14::299,permit_d5dc4fead82459b35ed65d04673fc3e0,1,pass,ec55ff305bbe3e6789685ef284416dcbc46dece63cf5adbff67591faa9e3848d,f1909798cf4eacf6bbda3ccdf0810bddd780284d0aa4524e627be516ce08d739,79f83d056e0f6b818bc8103ce4ed597a769d98ada76ee9ddccf856d29a262b8e,e05cebc18c2dab444215fb826377edb0480db72e2bf33ed776afbbc2a1d7f150,1,1,0.0,0.0022515090000041482,0.21899999998277053,0.0330185,0.2510455,0.2559951,primary,False
r020,evaluation_03,ecrc,round_robin,normal,HumanEval/153,HumanEval/153::197,permit_a530c6d3014ce28a55493dc2516b06fa,2,pass,1a6b454743119f155ca46a07085cfb917b037e175255b6cae23539a0538ab501,a1286cbaa24f2b3201e36a7ceeb8146175c62ee9182d810bc0096ec3624b0778,c2f5de211ee519ac7a4e4940c309555a656d664d860ce71b50f9262c2b154c93,e05cebc18c2dab444215fb826377edb0480db72e2bf33ed776afbbc2a1d7f150,2,1,0.0017699999999999999,0.002685231000000954,0.21899999998277053,0.2824094,0.5048797,0.5092196,primary,False
r020,evaluation_03,ecrc,round_robin,normal,HumanEval/106,HumanEval/106::431,permit_ecfb94371949d2fcfb505099c05a1208,3,pass,e95795891d6dff185a17abfa93d8d81000c03685cfdba8c276b42106377487a7,1f908a4c951cb6794ac16db99b67f4c17855ed9c3e04be633701c6621f68e4bf,58ca953720bb30e3484d0aa5dfbc0eb36252bdfe7c946203cb1201f91178105b,e05cebc18c2dab444215fb826377edb0480db72e2bf33ed776afbbc2a1d7f150,3,1,0.0,0.002148249000001101,0.21799999999348074,0.5484412,0.7572836,0.7615823,primary,False
r020,evaluation_03,ecrc,round_robin,normal,HumanEval/31,HumanEval/31::93,permit_bd0e4fbc71e5d178544a193e30fc1a94,4,pass,99fad69521324f61581eee473ce82887ac14049fd777ca6a78612e89c5c991e1,0a50bcb85372e6e5c1ec6b8f4ed5cd75beba712567795b79d7e4cb8894109346,0c2710eed0be78725cb7d70611beafefb8563b7f726f8113e3416f3328344e64,e05cebc18c2dab444215fb826377edb0480db72e2bf33ed776afbbc2a1d7f150,4,1,0.0,0.0019056889999973237,0.2029999999795109,0.7990905,1.0064753,1.0111159,primary,False
r020,evaluation_03,ecrc,round_robin,normal,HumanEval/161,HumanEval/161::106,permit_206ca4ddbbb4b0e196bb4ed4a6401afd,5,pass,379e7496c1a52c5afc92df4be42fee3af620b2146ea6f41cb8a7617261b78f9d,e7a713954af039cd0f54a4aa9ca2446f93e8a97e3635b0e71f9b9c51341ed1f0,6beb17182b49793be168c88913f0588f28b3cc99a0c548297f5954acaa7e8f27,e05cebc18c2dab444215fb826377edb0480db72e2bf33ed776afbbc2a1d7f150,5,1,0.0015899999999999998,0.0019716449999975794,0.21799999999348074,1.0467369,1.2582991,1.2628375,primary,False
r020,evaluation_03,ecrc,round_robin,normal,HumanEval/125,HumanEval/125::336,permit_d600745d1f75ffbd23b08fff4e1a129d,6,fail,62f2a1fbaad5f403666a1615a0434ea9cc3d62cc926a44d34e313564e6bea5e6,626917a8428a9484cb836029de84443383d73c4926f0f4157567e7c1603b84b6,8cce8b7cc2529711e2f2e0a609b4a84fec661cb83f2b63533af5a1bd783d0817,e05cebc18c2dab444215fb826377edb0480db72e2bf33ed776afbbc2a1d7f150,6,1,0.0,0.0020999209999956747,0.2029999999795109,1.2968666,1.5055377,1.5097017,primary,False
r020,evaluation_03,ecrc,round_robin,normal,HumanEval/25,HumanEval/25::21,permit_fa54fb77fe7f548dcb777736b9917f9d,7,pass,68db9934cd5265b1514b28eb56a6cdd61d2ac1a984069e967dd00f52125f757b,8818594745542ad942ecd1f25ba2f0af88381a04f84555cefbc9c75d12f506a4,c394d4839625eaf625f2419368256bd071e80f9b2082ee13c556c2b6669d77f3,e05cebc18c2dab444215fb826377edb0480db72e2bf33ed776afbbc2a1d7f150,7,1,0.0,0.002201459000005457,0.2029999999795109,1.5488468,1.7564773,1.7607833,primary,False
r020,evaluation_03,ecrc,round_robin,normal,HumanEval/24,HumanEval/24::130,permit_e97db21ea9fd35e2375a06fe65ed58c8,8,pass,447c431f4e65c290e8f6691b600d0d35fce57524bb74c13eb4caa2c2ff45064c,0bc7a4d19c70c211a1960a52a30859d5fba6b13107fdfc27e8f557b44ef8737e,8f15f3fc77d5fe9d4031725ca0604b4f7af55f1db3f563b7cb3b3ff0863ac667,e05cebc18c2dab444215fb826377edb0480db72e2bf33ed776afbbc2a1d7f150,8,1,0.00172,0.0023057030000046552,0.21799999999348074,1.7970852,2.0153038,2.0199281,primary,False
r020,evaluation_03,ecrc,round_robin,normal,HumanEval/125,HumanEval/125::125,permit_9016e81c8685987bbbe9b40684a6a205,9,fail,9f4861cc8c286b815cb1fcb6697d4072ac7c2fb6e868a1bca1e20de979648bdd,3f4346dd9ad36047b2263acc0c7530abc4b6b38919de0149f85f7a2bd4862b0a,8cce8b7cc2529711e2f2e0a609b4a84fec661cb83f2b63533af5a1bd783d0817,e05cebc18c2dab444215fb826377edb0480db72e2bf33ed776afbbc2a1d7f150,9,1,8.599999999999999e-05,0.0019069010000123399,0.2029999999795109,2.0460561,2.2561133,2.2603953,primary,False
r020,evaluation_03,ecrc,round_robin,normal,HumanEval/125,HumanEval/125::299,permit_c284e7f43efac5a53ed9b779e2fdb34b,10,fail,4658b6690d20ba5d19579d01ebf120fde703ba8109b2f305b9b4dc99aade53fc,9819ca6f65ab12d04b9b659976ea0769462ac166bfea28d2ab7e8d2c88150015,8cce8b7cc2529711e2f2e0a609b4a84fec661cb83f2b63533af5a1bd783d0817,e05cebc18c2dab444215fb826377edb0480db72e2bf33ed776afbbc2a1d7f150,10,1,0.0,0.002313422000000287,0.2029999999795109,2.2962071,2.5057572,2.5101612,primary,False
r020,evaluation_03,ecrc,round_robin,normal,HumanEval/125,HumanEval/125::420,permit_a31b32cbc552aab63dcc06375b605ff1,11,fail,3cc199ffa6d7469ea96de84db7ac937b562dad948a56424c76d637de22acc045,f7321bc38a8a42bbc1374dfd0f2037669f5fe7c688154e982a98a81e48a9146b,8cce8b7cc2529711e2f2e0a609b4a84fec661cb83f2b63533af5a1bd783d0817,e05cebc18c2dab444215fb826377edb0480db72e2bf33ed776afbbc2a1d7f150,11,1,0.0,0.0020881449999876622,0.21799999999348074,2.5471449,2.7578805,2.7621909,primary,False
r021,evaluation_03,ordinary,depth_first,response_loss,HumanEval/14,HumanEval/14::299,ordinary-permit-57b17c8aa7b08bbdc345802887f012f5,1,pass,fab1d870da84cb992dc7d399e4ab2310268ed337628c90cc714167c59463a052,f1909798cf4eacf6bbda3ccdf0810bddd780284d0aa4524e627be516ce08d739,79f83d056e0f6b818bc8103ce4ed597a769d98ada76ee9ddccf856d29a262b8e,e05cebc18c2dab444215fb826377edb0480db72e2bf33ed776afbbc2a1d7f150,1,1,0.001903,0.0022928389999918863,0.21900000001187436,0.0234156,0.2345522,0.2388306,primary,False
r021,evaluation_03,ordinary,depth_first,response_loss,HumanEval/153,HumanEval/153::197,ordinary-permit-a350256a51b8d976de228703b908c7fa,2,pass,8381119b36870381d663fda405903d53cdf158cb1d5e0f4fd7e31ec966cd1aa8,a1286cbaa24f2b3201e36a7ceeb8146175c62ee9182d810bc0096ec3624b0778,c2f5de211ee519ac7a4e4940c309555a656d664d860ce71b50f9262c2b154c93,e05cebc18c2dab444215fb826377edb0480db72e2bf33ed776afbbc2a1d7f150,2,1,0.000891,0.0022425970000057305,0.21900000001187436,0.2744578,0.4921474,0.4967039,primary,False
r021,evaluation_03,ordinary,depth_first,response_loss,HumanEval/106,HumanEval/106::431,ordinary-permit-5ea0590f10d2483aa2d00f5864cbb367,3,pass,36fc554c23c9c6156fdc106c957d5246fbbed4c070c0de6f6b7aed3525f9dfd6,1f908a4c951cb6794ac16db99b67f4c17855ed9c3e04be633701c6621f68e4bf,58ca953720bb30e3484d0aa5dfbc0eb36252bdfe7c946203cb1201f91178105b,e05cebc18c2dab444215fb826377edb0480db72e2bf33ed776afbbc2a1d7f150,3,1,0.0,0.0020739179999935686,0.21799999999348074,0.5104604,0.7200719,0.7246749,primary,False
r021,evaluation_03,ordinary,depth_first,response_loss,HumanEval/31,HumanEval/31::93,ordinary-permit-187df0b7db7b82bbedca753cb9b27f0c,4,pass,c4e2092a88dc677b2874e978629541f7476bce16a8e8612b48d5ff6fb555f947,0a50bcb85372e6e5c1ec6b8f4ed5cd75beba712567795b79d7e4cb8894109346,0c2710eed0be78725cb7d70611beafefb8563b7f726f8113e3416f3328344e64,e05cebc18c2dab444215fb826377edb0480db72e2bf33ed776afbbc2a1d7f150,4,1,0.0,0.002270700000011061,0.21799999999348074,0.7591442,0.9730039,1.9993633,primary,True
r021,evaluation_03,ordinary,depth_first,response_loss,HumanEval/161,HumanEval/161::106,ordinary-permit-f13eff92671971a93472a39f113c9ded,5,pass,cb95cfe7209a2774ee7989c190d58a2c618708ba6743b35eecf9f19150ba6183,e7a713954af039cd0f54a4aa9ca2446f93e8a97e3635b0e71f9b9c51341ed1f0,6beb17182b49793be168c88913f0588f28b3cc99a0c548297f5954acaa7e8f27,e05cebc18c2dab444215fb826377edb0480db72e2bf33ed776afbbc2a1d7f150,5,1,0.000645,0.00248659399998985,0.20300000000861473,2.0123749,2.2224874,2.2272662,primary,False
r021,evaluation_03,ordinary,depth_first,response_loss,HumanEval/125,HumanEval/125::336,ordinary-permit-ff392a498223746cfa0a57b7826d7b1e,6,fail,f2eeacf88cc1b691e42d4b69bd278e9609ccd0f7cb3729cd469f24875f208ade,626917a8428a9484cb836029de84443383d73c4926f0f4157567e7c1603b84b6,8cce8b7cc2529711e2f2e0a609b4a84fec661cb83f2b63533af5a1bd783d0817,e05cebc18c2dab444215fb826377edb0480db72e2bf33ed776afbbc2a1d7f150,6,1,0.0,0.0019701180000026852,0.20300000000861473,2.2644115,2.4751994,2.4800387,primary,False
r021,evaluation_03,ordinary,depth_first,response_loss,HumanEval/125,HumanEval/125::125,ordinary-permit-a04b2703067b73bff5aa319aa6661d75,7,fail,dab887d666f3fcf80ba7a2eda571c0011c093199812bd99bb0e341fb6b2655bd,3f4346dd9ad36047b2263acc0c7530abc4b6b38919de0149f85f7a2bd4862b0a,8cce8b7cc2529711e2f2e0a609b4a84fec661cb83f2b63533af5a1bd783d0817,e05cebc18c2dab444215fb826377edb0480db72e2bf33ed776afbbc2a1d7f150,7,1,0.0,0.001870580999991489,0.21900000001187436,2.5159783,2.7343238,2.7402252,primary,False
r021,evaluation_03,ordinary,depth_first,response_loss,HumanEval/125,HumanEval/125::299,ordinary-permit-249d70d687329c9a071b8d0c1d22240b,8,fail,a390bf379c9f0622a9336c972fd2b7ecdbb73a654c3b0c219c4a355e9406d991,9819ca6f65ab12d04b9b659976ea0769462ac166bfea28d2ab7e8d2c88150015,8cce8b7cc2529711e2f2e0a609b4a84fec661cb83f2b63533af5a1bd783d0817,e05cebc18c2dab444215fb826377edb0480db72e2bf33ed776afbbc2a1d7f150,8,1,0.0,0.001857376999993221,0.20300000000861473,2.7673924,2.9781047,4.0029909,primary,True
r021,evaluation_03,ordinary,depth_first,response_loss,HumanEval/125,HumanEval/125::420,ordinary-permit-bbe01eacc093a8a93bc22241eefb1477,9,fail,c85815f9b2696517200d00d093770abd2afbe9f315688a09ad94a8c9c46770fa,f7321bc38a8a42bbc1374dfd0f2037669f5fe7c688154e982a98a81e48a9146b,8cce8b7cc2529711e2f2e0a609b4a84fec661cb83f2b63533af5a1bd783d0817,e05cebc18c2dab444215fb826377edb0480db72e2bf33ed776afbbc2a1d7f150,9,1,0.0,0.002280614000000014,0.20300000000861473,4.0343241,4.2452083,4.2502637,primary,False
r021,evaluation_03,ordinary,depth_first,response_loss,HumanEval/25,HumanEval/25::21,ordinary-permit-8eb27362d5feb1e08bdbd363f881c9ff,10,pass,d6f6c30e90622253419984b8b0ea084c6a21adbcbb72eec3ddd1bcb05981d56c,8818594745542ad942ecd1f25ba2f0af88381a04f84555cefbc9c75d12f506a4,c394d4839625eaf625f2419368256bd071e80f9b2082ee13c556c2b6669d77f3,e05cebc18c2dab444215fb826377edb0480db72e2bf33ed776afbbc2a1d7f150,10,1,0.0,0.002098395000004416,0.20300000000861473,4.2850449,4.4928527,4.4983813,primary,False
r021,evaluation_03,ordinary,depth_first,response_loss,HumanEval/24,HumanEval/24::130,ordinary-permit-66757cb443bb75b0387ef0bf8bb9db3c,11,pass,0eb75d596f4e6de22f14ae4e593023601da5b6c11b5749f6cd4369a8e4e33ebf,0bc7a4d19c70c211a1960a52a30859d5fba6b13107fdfc27e8f557b44ef8737e,8f15f3fc77d5fe9d4031725ca0604b4f7af55f1db3f563b7cb3b3ff0863ac667,e05cebc18c2dab444215fb826377edb0480db72e2bf33ed776afbbc2a1d7f150,11,1,5.8e-05,0.0017845800000060308,0.20300000000861473,4.5349755,4.7443637,4.7499266,primary,False
r022,evaluation_03,ecrc,depth_first,response_loss,HumanEval/14,HumanEval/14::299,permit_d5dc4fead82459b35ed65d04673fc3e0,1,pass,4bed100d066f2f5ad163e36eecc4750db83e3d5f9cb36f1120fc9035d117b92c,f1909798cf4eacf6bbda3ccdf0810bddd780284d0aa4524e627be516ce08d739,79f83d056e0f6b818bc8103ce4ed597a769d98ada76ee9ddccf856d29a262b8e,e05cebc18c2dab444215fb826377edb0480db72e2bf33ed776afbbc2a1d7f150,1,1,0.001596,0.0019875549999994746,0.2029999999795109,0.0176301,0.2299288,0.2351949,primary,False
r022,evaluation_03,ecrc,depth_first,response_loss,HumanEval/153,HumanEval/153::197,permit_a530c6d3014ce28a55493dc2516b06fa,2,pass,859a479101c4c0c9cf2f065ad907aaad198de1b2d8e1b2fc9fa350131145e48a,a1286cbaa24f2b3201e36a7ceeb8146175c62ee9182d810bc0096ec3624b0778,c2f5de211ee519ac7a4e4940c309555a656d664d860ce71b50f9262c2b154c93,e05cebc18c2dab444215fb826377edb0480db72e2bf33ed776afbbc2a1d7f150,2,1,0.0,0.0021945160000029773,0.2029999999795109,0.268917,0.4764051,0.4809709,primary,False
r022,evaluation_03,ecrc,depth_first,response_loss,HumanEval/106,HumanEval/106::431,permit_ecfb94371949d2fcfb505099c05a1208,3,pass,18081a6a77151fb869c07045e89aebb3a7f8610703c3319f8a8b581f510c8b46,1f908a4c951cb6794ac16db99b67f4c17855ed9c3e04be633701c6621f68e4bf,58ca953720bb30e3484d0aa5dfbc0eb36252bdfe7c946203cb1201f91178105b,e05cebc18c2dab444215fb826377edb0480db72e2bf33ed776afbbc2a1d7f150,3,1,0.001013,0.0020271359999952665,0.2029999999795109,0.5215241,0.7300429,0.7348111,primary,False
r022,evaluation_03,ecrc,depth_first,response_loss,HumanEval/31,HumanEval/31::93,permit_bd0e4fbc71e5d178544a193e30fc1a94,4,pass,a61bfc47cfaf1263073ab1bc2f1d23bf22df5bb087c860b18dcc721f72ebe9a6,0a50bcb85372e6e5c1ec6b8f4ed5cd75beba712567795b79d7e4cb8894109346,0c2710eed0be78725cb7d70611beafefb8563b7f726f8113e3416f3328344e64,e05cebc18c2dab444215fb826377edb0480db72e2bf33ed776afbbc2a1d7f150,4,1,0.0,0.002298202999995169,0.2029999999795109,0.7725996,0.9808702,2.0079454,primary,True
r022,evaluation_03,ecrc,depth_first,response_loss,HumanEval/161,HumanEval/161::106,permit_206ca4ddbbb4b0e196bb4ed4a6401afd,5,pass,0e90c6bf6da91f61c73d32b8afd7c97c74402ba091d1cd05a1ddb64ef4d6e35e,e7a713954af039cd0f54a4aa9ca2446f93e8a97e3635b0e71f9b9c51341ed1f0,6beb17182b49793be168c88913f0588f28b3cc99a0c548297f5954acaa7e8f27,e05cebc18c2dab444215fb826377edb0480db72e2bf33ed776afbbc2a1d7f150,5,1,0.0005369999999999999,0.0019081339999900138,0.21900000001187436,2.0363754,2.2509381,2.2567804,primary,False
r022,evaluation_03,ecrc,depth_first,response_loss,HumanEval/125,HumanEval/125::336,permit_d600745d1f75ffbd23b08fff4e1a129d,6,fail,3471838f02f361fd46c0042481a52b2a6d4fcc4a0f7ffa082e66a676f9d643ec,626917a8428a9484cb836029de84443383d73c4926f0f4157567e7c1603b84b6,8cce8b7cc2529711e2f2e0a609b4a84fec661cb83f2b63533af5a1bd783d0817,e05cebc18c2dab444215fb826377edb0480db72e2bf33ed776afbbc2a1d7f150,6,1,0.000701,0.0021786559999981137,0.20300000000861473,2.2846278,2.4951044,2.5019142,primary,False
r022,evaluation_03,ecrc,depth_first,response_loss,HumanEval/125,HumanEval/125::125,permit_9016e81c8685987bbbe9b40684a6a205,7,fail,f1f503cc733bb00620e7d90f5a425b0702b2d279e92e8720dec2516f6b63cb9e,3f4346dd9ad36047b2263acc0c7530abc4b6b38919de0149f85f7a2bd4862b0a,8cce8b7cc2529711e2f2e0a609b4a84fec661cb83f2b63533af5a1bd783d0817,e05cebc18c2dab444215fb826377edb0480db72e2bf33ed776afbbc2a1d7f150,7,1,0.000483,0.0021324399999969046,0.20300000000861473,2.5320669,2.7473638,2.7530458,primary,False
r022,evaluation_03,ecrc,depth_first,response_loss,HumanEval/125,HumanEval/125::299,permit_c284e7f43efac5a53ed9b779e2fdb34b,8,fail,a68099504722886cdba6ac1411e3fab49953917f2805e29664d994fbe94d4971,9819ca6f65ab12d04b9b659976ea0769462ac166bfea28d2ab7e8d2c88150015,8cce8b7cc2529711e2f2e0a609b4a84fec661cb83f2b63533af5a1bd783d0817,e05cebc18c2dab444215fb826377edb0480db72e2bf33ed776afbbc2a1d7f150,8,1,0.0,0.0021757569999891757,0.20300000000861473,2.7803496,2.9932165,4.0038876,primary,True
r022,evaluation_03,ecrc,depth_first,response_loss,HumanEval/125,HumanEval/125::420,permit_a31b32cbc552aab63dcc06375b605ff1,9,fail,8a36c38b2920c6ef484a87b708ec9c248ca776202d2f23ba888ff6fc2b382292,f7321bc38a8a42bbc1374dfd0f2037669f5fe7c688154e982a98a81e48a9146b,8cce8b7cc2529711e2f2e0a609b4a84fec661cb83f2b63533af5a1bd783d0817,e05cebc18c2dab444215fb826377edb0480db72e2bf33ed776afbbc2a1d7f150,9,1,0.0,0.0020963799999975663,0.20300000000861473,4.0332998,4.2451868,4.250372,primary,False
r022,evaluation_03,ecrc,depth_first,response_loss,HumanEval/25,HumanEval/25::21,permit_fa54fb77fe7f548dcb777736b9917f9d,10,pass,5b79f761f5089dbf6cfd98c4c9e2e87cd7bccfbdb49f7770111d183bb2c6f94d,8818594745542ad942ecd1f25ba2f0af88381a04f84555cefbc9c75d12f506a4,c394d4839625eaf625f2419368256bd071e80f9b2082ee13c556c2b6669d77f3,e05cebc18c2dab444215fb826377edb0480db72e2bf33ed776afbbc2a1d7f150,10,1,0.0017419999999999998,0.0022743869999999333,0.2029999999795109,4.2684508,4.4829115,4.4879863,primary,False
r022,evaluation_03,ecrc,depth_first,response_loss,HumanEval/24,HumanEval/24::130,permit_e97db21ea9fd35e2375a06fe65ed58c8,11,pass,4d1e076cc418dc1b770fae59ea703449d7ede417d17eb445b75799f44144f859,0bc7a4d19c70c211a1960a52a30859d5fba6b13107fdfc27e8f557b44ef8737e,8f15f3fc77d5fe9d4031725ca0604b4f7af55f1db3f563b7cb3b3ff0863ac667,e05cebc18c2dab444215fb826377edb0480db72e2bf33ed776afbbc2a1d7f150,11,1,0.001158,0.0019495529999886685,0.2029999999795109,4.5153084,4.7260178,4.731496,primary,False
r023,evaluation_03,ecrc,round_robin,response_loss,HumanEval/14,HumanEval/14::299,permit_d5dc4fead82459b35ed65d04673fc3e0,1,pass,e13e3ef800ccefa4d4bd4af6583940b6de82b48713d95453c3c14258bdc7423c,f1909798cf4eacf6bbda3ccdf0810bddd780284d0aa4524e627be516ce08d739,79f83d056e0f6b818bc8103ce4ed597a769d98ada76ee9ddccf856d29a262b8e,e05cebc18c2dab444215fb826377edb0480db72e2bf33ed776afbbc2a1d7f150,1,1,0.0,0.002392331999999442,0.20399999999790452,0.0263499,0.2374561,0.2425223,primary,False
r023,evaluation_03,ecrc,round_robin,response_loss,HumanEval/153,HumanEval/153::197,permit_a530c6d3014ce28a55493dc2516b06fa,2,pass,623ac33941dfb44aef012cc0cc0ad5dec060be835fc68def3f2b26639ad44c6d,a1286cbaa24f2b3201e36a7ceeb8146175c62ee9182d810bc0096ec3624b0778,c2f5de211ee519ac7a4e4940c309555a656d664d860ce71b50f9262c2b154c93,e05cebc18c2dab444215fb826377edb0480db72e2bf33ed776afbbc2a1d7f150,2,1,0.0,0.0022256550000037123,0.20399999999790452,0.2765393,0.4883583,0.4938764,primary,False
r023,evaluation_03,ecrc,round_robin,response_loss,HumanEval/106,HumanEval/106::431,permit_ecfb94371949d2fcfb505099c05a1208,3,pass,ad68a85ad3c066d8300fad5324b00c23d5ea2d9703b4d2d237481526775f8305,1f908a4c951cb6794ac16db99b67f4c17855ed9c3e04be633701c6621f68e4bf,58ca953720bb30e3484d0aa5dfbc0eb36252bdfe7c946203cb1201f91178105b,e05cebc18c2dab444215fb826377edb0480db72e2bf33ed776afbbc2a1d7f150,3,1,0.0,0.0017313190000010081,0.20399999999790452,0.5264602,0.7385004,0.7440951,primary,False
r023,evaluation_03,ecrc,round_robin,response_loss,HumanEval/31,HumanEval/31::93,permit_bd0e4fbc71e5d178544a193e30fc1a94,4,pass,b31edc01a6e8b91b359a97aaa9d63c1e91aa8f85d0bdd30ff52e8644ff7ea017,0a50bcb85372e6e5c1ec6b8f4ed5cd75beba712567795b79d7e4cb8894109346,0c2710eed0be78725cb7d70611beafefb8563b7f726f8113e3416f3328344e64,e05cebc18c2dab444215fb826377edb0480db72e2bf33ed776afbbc2a1d7f150,4,1,0.0,0.0019668099999989863,0.20399999999790452,0.7730475,0.9810014,2.0053141,primary,True
r023,evaluation_03,ecrc,round_robin,response_loss,HumanEval/161,HumanEval/161::106,permit_206ca4ddbbb4b0e196bb4ed4a6401afd,5,pass,fd3fc893ecc69966a46fcc37f9a54c7b7c481d5df3b34831df268b15b57b08cd,e7a713954af039cd0f54a4aa9ca2446f93e8a97e3635b0e71f9b9c51341ed1f0,6beb17182b49793be168c88913f0588f28b3cc99a0c548297f5954acaa7e8f27,e05cebc18c2dab444215fb826377edb0480db72e2bf33ed776afbbc2a1d7f150,5,1,0.001107,0.0020190639999952964,0.21900000001187436,2.037266,2.2498988,2.2548504,primary,False
r023,evaluation_03,ecrc,round_robin,response_loss,HumanEval/125,HumanEval/125::336,permit_d600745d1f75ffbd23b08fff4e1a129d,6,fail,cfcccef60c763458d5ef931c001be2ed2a4a2696a34f04a92b809b853a36fc08,626917a8428a9484cb836029de84443383d73c4926f0f4157567e7c1603b84b6,8cce8b7cc2529711e2f2e0a609b4a84fec661cb83f2b63533af5a1bd783d0817,e05cebc18c2dab444215fb826377edb0480db72e2bf33ed776afbbc2a1d7f150,6,1,0.0,0.0018096880000086912,0.20300000000861473,2.2904971,2.4995452,2.5046521,primary,False
r023,evaluation_03,ecrc,round_robin,response_loss,HumanEval/25,HumanEval/25::21,permit_fa54fb77fe7f548dcb777736b9917f9d,7,pass,70b800451e265f2c59f2ae2b40d2f02cf3bad75e861fffef3ddd25dabcbd7c62,8818594745542ad942ecd1f25ba2f0af88381a04f84555cefbc9c75d12f506a4,c394d4839625eaf625f2419368256bd071e80f9b2082ee13c556c2b6669d77f3,e05cebc18c2dab444215fb826377edb0480db72e2bf33ed776afbbc2a1d7f150,7,1,0.0,0.0020315639999921586,0.20300000000861473,2.5396977,2.7482442,2.753621,primary,False
r023,evaluation_03,ecrc,round_robin,response_loss,HumanEval/24,HumanEval/24::130,permit_e97db21ea9fd35e2375a06fe65ed58c8,8,pass,3e6c57f863fe5a32b2b21dee78b92a4bf42ac637556621a2cbd2265ff5610eac,0bc7a4d19c70c211a1960a52a30859d5fba6b13107fdfc27e8f557b44ef8737e,8f15f3fc77d5fe9d4031725ca0604b4f7af55f1db3f563b7cb3b3ff0863ac667,e05cebc18c2dab444215fb826377edb0480db72e2bf33ed776afbbc2a1d7f150,8,1,0.0,0.001783699000000638,0.20300000000861473,2.78994,3.0004022,4.0318424,primary,True
r023,evaluation_03,ecrc,round_robin,response_loss,HumanEval/125,HumanEval/125::125,permit_9016e81c8685987bbbe9b40684a6a205,9,fail,1e57a6a33ea9ffcf29bb4565f900aca2746f8cad4886695a1c0c7810a4e8ca3d,3f4346dd9ad36047b2263acc0c7530abc4b6b38919de0149f85f7a2bd4862b0a,8cce8b7cc2529711e2f2e0a609b4a84fec661cb83f2b63533af5a1bd783d0817,e05cebc18c2dab444215fb826377edb0480db72e2bf33ed776afbbc2a1d7f150,9,1,0.0,0.0018469379999999092,0.2029999999795109,4.0619998,4.2719087,4.2765356,primary,False
r023,evaluation_03,ecrc,round_robin,response_loss,HumanEval/125,HumanEval/125::299,permit_c284e7f43efac5a53ed9b779e2fdb34b,10,fail,4f581ebcee5e4dfb0ce680537a87c9f06a68b6dd4563c3fad14128f22b4bb600,9819ca6f65ab12d04b9b659976ea0769462ac166bfea28d2ab7e8d2c88150015,8cce8b7cc2529711e2f2e0a609b4a84fec661cb83f2b63533af5a1bd783d0817,e05cebc18c2dab444215fb826377edb0480db72e2bf33ed776afbbc2a1d7f150,10,1,0.000672,0.0022942550000095707,0.2029999999795109,4.3140911,4.5230302,4.528252,primary,False
r023,evaluation_03,ecrc,round_robin,response_loss,HumanEval/125,HumanEval/125::420,permit_a31b32cbc552aab63dcc06375b605ff1,11,fail,ec028c06c2edc6d4655a4ce136023483c95113ef0af7b963cab3d23a2113ed87,f7321bc38a8a42bbc1374dfd0f2037669f5fe7c688154e982a98a81e48a9146b,8cce8b7cc2529711e2f2e0a609b4a84fec661cb83f2b63533af5a1bd783d0817,e05cebc18c2dab444215fb826377edb0480db72e2bf33ed776afbbc2a1d7f150,11,1,0.0,0.0025785829999875887,0.2029999999795109,4.5621379,4.7694089,4.7745503,primary,False
r024,evaluation_03,ordinary,round_robin,response_loss,HumanEval/14,HumanEval/14::299,ordinary-permit-57b17c8aa7b08bbdc345802887f012f5,1,pass,cff035607c0fbec4747a13c2f35b2165711436b813f4256cfbebdb4379000ce7,f1909798cf4eacf6bbda3ccdf0810bddd780284d0aa4524e627be516ce08d739,79f83d056e0f6b818bc8103ce4ed597a769d98ada76ee9ddccf856d29a262b8e,e05cebc18c2dab444215fb826377edb0480db72e2bf33ed776afbbc2a1d7f150,1,1,0.001029,0.002844972999994866,0.20300000000861473,0.0361732,0.2469748,0.2521362,primary,False
r024,evaluation_03,ordinary,round_robin,response_loss,HumanEval/153,HumanEval/153::197,ordinary-permit-a350256a51b8d976de228703b908c7fa,2,pass,566aa4ec48c14ebd6c9d1ece60ba4f39c2c43317e9f76a5ec56dcd21a8b87863,a1286cbaa24f2b3201e36a7ceeb8146175c62ee9182d810bc0096ec3624b0778,c2f5de211ee519ac7a4e4940c309555a656d664d860ce71b50f9262c2b154c93,e05cebc18c2dab444215fb826377edb0480db72e2bf33ed776afbbc2a1d7f150,2,1,0.000832,0.0022361350000039693,0.20300000000861473,0.2849139,0.4937532,0.4989439,primary,False
r024,evaluation_03,ordinary,round_robin,response_loss,HumanEval/106,HumanEval/106::431,ordinary-permit-5ea0590f10d2483aa2d00f5864cbb367,3,pass,6658037efba63e04a221aeba400abf3ed23fb1cf830312efbeaecbb61c182511,1f908a4c951cb6794ac16db99b67f4c17855ed9c3e04be633701c6621f68e4bf,58ca953720bb30e3484d0aa5dfbc0eb36252bdfe7c946203cb1201f91178105b,e05cebc18c2dab444215fb826377edb0480db72e2bf33ed776afbbc2a1d7f150,3,1,0.0,0.002129789999997911,0.20300000000861473,0.5348067,0.7440193,0.7498973,primary,False
r024,evaluation_03,ordinary,round_robin,response_loss,HumanEval/31,HumanEval/31::93,ordinary-permit-187df0b7db7b82bbedca753cb9b27f0c,4,pass,4492b9e7bec3609027aba29bb5b8a9a00a26d13ff6abaa83d94c946297a399d7,0a50bcb85372e6e5c1ec6b8f4ed5cd75beba712567795b79d7e4cb8894109346,0c2710eed0be78725cb7d70611beafefb8563b7f726f8113e3416f3328344e64,e05cebc18c2dab444215fb826377edb0480db72e2bf33ed776afbbc2a1d7f150,4,1,0.000754,0.0022656560000058334,0.20300000000861473,0.7858095,0.9940728,2.0172352,primary,True
r024,evaluation_03,ordinary,round_robin,response_loss,HumanEval/161,HumanEval/161::106,ordinary-permit-f13eff92671971a93472a39f113c9ded,5,pass,11d31d8ea9fc4efad59ca5bc2ea0205710fc60d8d70224a1988da2210ef7f447,e7a713954af039cd0f54a4aa9ca2446f93e8a97e3635b0e71f9b9c51341ed1f0,6beb17182b49793be168c88913f0588f28b3cc99a0c548297f5954acaa7e8f27,e05cebc18c2dab444215fb826377edb0480db72e2bf33ed776afbbc2a1d7f150,5,1,0.000645,0.0020436709999955838,0.20300000000861473,2.0461375,2.2590121,2.2642863,primary,False
r024,evaluation_03,ordinary,round_robin,response_loss,HumanEval/125,HumanEval/125::336,ordinary-permit-ff392a498223746cfa0a57b7826d7b1e,6,fail,8aa3caab1df9c99ccb1cebb51e1d058dd3be361bde918ed3d5ffe5c26e6b04a5,626917a8428a9484cb836029de84443383d73c4926f0f4157567e7c1603b84b6,8cce8b7cc2529711e2f2e0a609b4a84fec661cb83f2b63533af5a1bd783d0817,e05cebc18c2dab444215fb826377edb0480db72e2bf33ed776afbbc2a1d7f150,6,1,0.001557,0.002302851999999689,0.20300000000861473,2.2966962,2.5103578,2.515777,primary,False
r024,evaluation_03,ordinary,round_robin,response_loss,HumanEval/25,HumanEval/25::21,ordinary-permit-8eb27362d5feb1e08bdbd363f881c9ff,7,pass,7f9aec90e2444c5e7b6e795e8f85b16afe1101b5dc905e38dd48a4f5d017a0ca,8818594745542ad942ecd1f25ba2f0af88381a04f84555cefbc9c75d12f506a4,c394d4839625eaf625f2419368256bd071e80f9b2082ee13c556c2b6669d77f3,e05cebc18c2dab444215fb826377edb0480db72e2bf33ed776afbbc2a1d7f150,7,1,0.0,0.0019609539999976278,0.20300000000861473,2.5285407,2.741676,2.745972,primary,False
r024,evaluation_03,ordinary,round_robin,response_loss,HumanEval/24,HumanEval/24::130,ordinary-permit-66757cb443bb75b0387ef0bf8bb9db3c,8,pass,536163f8d9d284aa7e61db8264aa18258835954148375b0f477cea3c0528d407,0bc7a4d19c70c211a1960a52a30859d5fba6b13107fdfc27e8f557b44ef8737e,8f15f3fc77d5fe9d4031725ca0604b4f7af55f1db3f563b7cb3b3ff0863ac667,e05cebc18c2dab444215fb826377edb0480db72e2bf33ed776afbbc2a1d7f150,8,1,0.0,0.0020728700000063327,0.20300000000861473,2.7825756,2.9932622,4.0153103,primary,True
r024,evaluation_03,ordinary,round_robin,response_loss,HumanEval/125,HumanEval/125::125,ordinary-permit-a04b2703067b73bff5aa319aa6661d75,9,fail,a898af1ee50c15b10c2fc0161f47c3128b8f88b11622359fa71d23f93b68ca3c,3f4346dd9ad36047b2263acc0c7530abc4b6b38919de0149f85f7a2bd4862b0a,8cce8b7cc2529711e2f2e0a609b4a84fec661cb83f2b63533af5a1bd783d0817,e05cebc18c2dab444215fb826377edb0480db72e2bf33ed776afbbc2a1d7f150,9,1,0.0,0.0019994170000074973,0.20300000000861473,4.0456756,4.2616536,4.2667201,primary,False
r024,evaluation_03,ordinary,round_robin,response_loss,HumanEval/125,HumanEval/125::299,ordinary-permit-249d70d687329c9a071b8d0c1d22240b,10,fail,2b9761ec373399c6fbc19fb1c3acf5e0841a618190af51b0eac1b09495ecc3f3,9819ca6f65ab12d04b9b659976ea0769462ac166bfea28d2ab7e8d2c88150015,8cce8b7cc2529711e2f2e0a609b4a84fec661cb83f2b63533af5a1bd783d0817,e05cebc18c2dab444215fb826377edb0480db72e2bf33ed776afbbc2a1d7f150,10,1,0.0,0.0018819249999921794,0.20300000000861473,4.2967766,4.5100549,4.5158609,primary,False
r024,evaluation_03,ordinary,round_robin,response_loss,HumanEval/125,HumanEval/125::420,ordinary-permit-bbe01eacc093a8a93bc22241eefb1477,11,fail,85512b3f4f7b647d54220a9faabf8cf7db4390692cd16b31ee4874d9eee2f144,f7321bc38a8a42bbc1374dfd0f2037669f5fe7c688154e982a98a81e48a9146b,8cce8b7cc2529711e2f2e0a609b4a84fec661cb83f2b63533af5a1bd783d0817,e05cebc18c2dab444215fb826377edb0480db72e2bf33ed776afbbc2a1d7f150,11,1,0.001132,0.001981087999993747,0.20300000000861473,4.5482356,4.7628719,4.768467,primary,False
r025,evaluation_04,ordinary,round_robin,response_loss,HumanEval/110,HumanEval/110::296,ordinary-permit-e35986ca66190a99945103ca1c9056ad,1,fail,deba3d6778a30f7ba30787e979da02686473df521c39fdab74a9b266269d3d77,254c937fc2f6dabe3b2adfb7937b92a8d653d7c243dfd0807ea8e9b3256ff46e,9070f9606140e86bbcaee239a3ca5ecb0495e20e86d52a4a0c05c003c99508a1,e05cebc18c2dab444215fb826377edb0480db72e2bf33ed776afbbc2a1d7f150,1,1,0.0,0.002279242000000181,0.20300000000861473,0.0257349,0.2382335,0.2433953,primary,False
r025,evaluation_04,ordinary,round_robin,response_loss,HumanEval/48,HumanEval/48::419,ordinary-permit-e9afd2e1fb73137007baca4bea24d3c4,2,pass,89be3bbb4403f8c476d8fdb364b04460c808836e0571f39687bd537590f073c4,27ab3fb9673a5b1311caca4c15b8e9b90c4fa2811cdfaedcefe9a769143df162,26ad8f22528a485295dfc0a1e6c6fca0299aaa18946cd952fe3eb7ad9f63150f,e05cebc18c2dab444215fb826377edb0480db72e2bf33ed776afbbc2a1d7f150,2,1,0.000776,0.002172874999999408,0.20300000000861473,0.275104,0.4880808,0.4933818,primary,False
r025,evaluation_04,ordinary,round_robin,response_loss,HumanEval/16,HumanEval/16::302,ordinary-permit-730a6c91c65cedb75a04183e3da7aa6d,3,pass,0cee1fc8688cb08a455a4931eb80e55995e3fca8eae245bd67474ce9c11c0917,e550abc53afcca09fa0e32e2dfb0c74fde764c511e092b94573b699ede28a786,9d673b494a6278c5d70c5a19ea47535b7635d8aacbf25dcb0a8442c1065a0165,e05cebc18c2dab444215fb826377edb0480db72e2bf33ed776afbbc2a1d7f150,3,1,2.9999999999999997e-05,0.002047697999998377,0.21900000001187436,0.526763,0.7458505,0.7512107,primary,False
r025,evaluation_04,ordinary,round_robin,response_loss,HumanEval/136,HumanEval/136::53,ordinary-permit-c55f17f6be6c87504a357f3e95c00768,4,pass,256341110992f7cfd18e9ddc90c9c334a177b6d5347287b48378c2ae48b2abc9,ce35ccc789bedf741c6a093bdb2bfbb5c4dfcf259f058e663d9de70e75236997,27f98a8da9cf06756450a551914c62333f2f9288ab6632709f79b2adb778ff4e,e05cebc18c2dab444215fb826377edb0480db72e2bf33ed776afbbc2a1d7f150,4,1,0.000953,0.002075335999990102,0.20300000000861473,0.7777284,0.9932512,2.0263099,primary,True
r025,evaluation_04,ordinary,round_robin,response_loss,HumanEval/120,HumanEval/120::418,ordinary-permit-1da1f1c5d2f66d4e1bb0a6f1639a71d7,5,fail,44e4f49ba31c878e9a52af320645799f7569148b8c25a1212714f2253e4a1086,34f79855ef438a0b490fe49a03dc723c59dc6fd6d5771f2cdaa28cd59ac461fe,aa57a4eb8443457f7c28ac51bf4bc65e8f78807e216fe123299265e2b0d774bb,e05cebc18c2dab444215fb826377edb0480db72e2bf33ed776afbbc2a1d7f150,5,1,0.00038199999999999996,0.0019662099999919747,0.20300000000861473,2.0572341,2.2691147,2.2738691,primary,False
r025,evaluation_04,ordinary,round_robin,response_loss,HumanEval/122,HumanEval/122::359,ordinary-permit-3665ed60f94784441fa9e2ae919f5047,6,pass,d1d6634584374582043ebfa95dca78706ef128be974b843cc0499f7365aaadcd,91193185a30601dfef1d1bb884491c94461ca548a4e469e3d332ed220881e2ae,4ce61ca0e2dac7f4563fe2206fba98fcc9b3a717166561dc052be2be16c9d7b8,e05cebc18c2dab444215fb826377edb0480db72e2bf33ed776afbbc2a1d7f150,6,1,0.0,0.002137989999994261,0.21900000001187436,2.3037028,2.5203187,2.5257532,primary,False
r025,evaluation_04,ordinary,round_robin,response_loss,HumanEval/8,HumanEval/8::212,ordinary-permit-eb9c32288c7d7b947b83f8c94f73feb5,7,pass,8a92d01e53591714c7f9c5e3e5665c898350483892898de2e0a4f04d16e3f437,50c78780c2923b943f8427ea79e5c58ff3ca25ee3d29b60f65fda7f9f2e0f6b0,0910e972b4099735ae4c3035ac238672cc262ac579410a6e7aa8a79382c56e1b,e05cebc18c2dab444215fb826377edb0480db72e2bf33ed776afbbc2a1d7f150,7,1,0.0,0.002307040000005145,0.21900000001187436,2.5388726,2.7559518,2.7614356,primary,False
r025,evaluation_04,ordinary,round_robin,response_loss,HumanEval/133,HumanEval/133::97,ordinary-permit-65ceac7d44659d121f8aaac8c1e87deb,8,pass,967c1f9eb1b0d518895215c444962f65adbaa152e3f2d5b51f7c8d90667c1e57,90d0379c9c29ff4a184d762a3781a400514b5922a0a1399fe035d66404c34941,0ee8283964d14bd50472f418a3776dbcb77bb74bea6626a47fae5e565eca409c,e05cebc18c2dab444215fb826377edb0480db72e2bf33ed776afbbc2a1d7f150,8,1,0.0,0.002064035000003628,0.20399999999790452,2.7891715,3.0063761,4.0284433,primary,True
r025,evaluation_04,ordinary,round_robin,response_loss,HumanEval/110,HumanEval/110::467,ordinary-permit-b44da8689645e39832c62a6b050f5396,9,fail,7926a9498ae139fc38130da17f628b5dc95a4ab664f215fdc532adcd83729e3b,039b5c617010a9384ef5a923bca13d3675059f0975fee8d92a8f4aa3cbe37470,9070f9606140e86bbcaee239a3ca5ecb0495e20e86d52a4a0c05c003c99508a1,e05cebc18c2dab444215fb826377edb0480db72e2bf33ed776afbbc2a1d7f150,9,1,0.0,0.002503952999987291,0.21899999998277053,4.0583472,4.2862156,4.2915128,primary,False
r025,evaluation_04,ordinary,round_robin,response_loss,HumanEval/120,HumanEval/120::339,ordinary-permit-a60f16b64c9ba8facc3e8d44a467f0bf,10,fail,0276723e74c8b3d0489fa6c2eba3d0b16ea27a951612e1e96923cede54e2bf8e,9605fad84d68cd4438fa05e949adb8bc7e96cabee4f409ac233798a41874f4dc,aa57a4eb8443457f7c28ac51bf4bc65e8f78807e216fe123299265e2b0d774bb,e05cebc18c2dab444215fb826377edb0480db72e2bf33ed776afbbc2a1d7f150,10,1,0.001015,0.0024208560000005264,0.2029999999795109,4.3236287,4.541433,4.5464076,primary,False
r025,evaluation_04,ordinary,round_robin,response_loss,HumanEval/110,HumanEval/110::464,ordinary-permit-b09b84611fea3e518d49a2b4286abae0,11,pass,ab5896a8ad8d18ca89129d1f8d888882ae5ef4a78858cadb656df1e650181d6b,bddff844d4fe3f04422a2932e7ca4ffd7d88da482e3650bed5f80f9f860d022a,9070f9606140e86bbcaee239a3ca5ecb0495e20e86d52a4a0c05c003c99508a1,e05cebc18c2dab444215fb826377edb0480db72e2bf33ed776afbbc2a1d7f150,11,1,0.001945,0.00233337900000663,0.21799999999348074,4.5742246,4.7930054,4.7979722,primary,False
r025,evaluation_04,ordinary,round_robin,response_loss,HumanEval/120,HumanEval/120::195,ordinary-permit-696a49f26fa02a89baf4c7de5feab674,12,fail,8c92c2616575f57f8353bf426890bf2412cac5015d4e6f887341158d04c9b729,78fc6bfc0a9c19a258d20da88ab477c36efd37d689ae41752f4635e46790b1ce,aa57a4eb8443457f7c28ac51bf4bc65e8f78807e216fe123299265e2b0d774bb,e05cebc18c2dab444215fb826377edb0480db72e2bf33ed776afbbc2a1d7f150,12,1,0.0,0.0021640390000072784,0.21799999999348074,4.8242932,5.0433962,6.0531049,drain,True
r026,evaluation_04,ecrc,round_robin,response_loss,HumanEval/110,HumanEval/110::296,permit_df049f409dc0a2dafe72b82ba5f91752,1,fail,143b61e254909658862ebff74c0568d6ab85e500fca7c31431a421456a11266e,254c937fc2f6dabe3b2adfb7937b92a8d653d7c243dfd0807ea8e9b3256ff46e,9070f9606140e86bbcaee239a3ca5ecb0495e20e86d52a4a0c05c003c99508a1,e05cebc18c2dab444215fb826377edb0480db72e2bf33ed776afbbc2a1d7f150,1,1,0.0005279999999999999,0.002396058000002199,0.20300000000861473,0.0276907,0.2423696,0.2475413,primary,False
r026,evaluation_04,ecrc,round_robin,response_loss,HumanEval/48,HumanEval/48::419,permit_bd28b4d8d83a6865fbcf2ab26d0094ba,2,pass,5f89761e31acfae46df87b2597fce3e2cb008e0455ee986cffb73cdd62150dbf,27ab3fb9673a5b1311caca4c15b8e9b90c4fa2811cdfaedcefe9a769143df162,26ad8f22528a485295dfc0a1e6c6fca0299aaa18946cd952fe3eb7ad9f63150f,e05cebc18c2dab444215fb826377edb0480db72e2bf33ed776afbbc2a1d7f150,2,1,0.0,0.0021519459999979063,0.20300000000861473,0.2780219,0.4868736,0.4925261,primary,False
r026,evaluation_04,ecrc,round_robin,response_loss,HumanEval/16,HumanEval/16::302,permit_a76f41714b0598a5abe1a6315597464d,3,pass,d3ac3da0b4010f4f49765daeecc1424a9eb3f745c3e9ac44b4693ecc44d8b697,e550abc53afcca09fa0e32e2dfb0c74fde764c511e092b94573b699ede28a786,9d673b494a6278c5d70c5a19ea47535b7635d8aacbf25dcb0a8442c1065a0165,e05cebc18c2dab444215fb826377edb0480db72e2bf33ed776afbbc2a1d7f150,3,1,0.0,0.0018448900000009871,0.20300000000861473,0.5267284,0.7349438,0.7402127,primary,False
r026,evaluation_04,ecrc,round_robin,response_loss,HumanEval/136,HumanEval/136::53,permit_6d0f87be773039f90734bd4f36583d09,4,pass,cd258b48b51e60516a0ee0cb3c6a752d0fb51b7ba35217d029fec464cf7f87d7,ce35ccc789bedf741c6a093bdb2bfbb5c4dfcf259f058e663d9de70e75236997,27f98a8da9cf06756450a551914c62333f2f9288ab6632709f79b2adb778ff4e,e05cebc18c2dab444215fb826377edb0480db72e2bf33ed776afbbc2a1d7f150,4,1,0.001964,0.0024342659999945226,0.20300000000861473,0.7772597,0.9910043,2.0106617,primary,True
r026,evaluation_04,ecrc,round_robin,response_loss,HumanEval/120,HumanEval/120::418,permit_a7ebe35fc85ca8d04ba94c834b5db9d9,5,fail,04430ae214289dd48996b93c02a5e331f2d799765ed25df1862f977dd46faae7,34f79855ef438a0b490fe49a03dc723c59dc6fd6d5771f2cdaa28cd59ac461fe,aa57a4eb8443457f7c28ac51bf4bc65e8f78807e216fe123299265e2b0d774bb,e05cebc18c2dab444215fb826377edb0480db72e2bf33ed776afbbc2a1d7f150,5,1,0.0,0.002365089999997849,0.20300000000861473,2.0253085,2.2426116,2.2484043,primary,False
r026,evaluation_04,ecrc,round_robin,response_loss,HumanEval/122,HumanEval/122::359,permit_156c068f835419bb7b5354bf860e020b,6,pass,535ed6c73d7fe196d8da2fb761e7d69db291f99b3b3ea97917544305495a89a4,91193185a30601dfef1d1bb884491c94461ca548a4e469e3d332ed220881e2ae,4ce61ca0e2dac7f4563fe2206fba98fcc9b3a717166561dc052be2be16c9d7b8,e05cebc18c2dab444215fb826377edb0480db72e2bf33ed776afbbc2a1d7f150,6,1,0.0,0.00213953699999081,0.21799999999348074,2.2753178,2.5012394,2.5075076,primary,False
r026,evaluation_04,ecrc,round_robin,response_loss,HumanEval/8,HumanEval/8::212,permit_0ab8ee1076fd6fa54630d51569d7063d,7,pass,1e97c62b7e3bd5375599fd71551c8791ff0f36571b3f75b7ec7af6af74f77f19,50c78780c2923b943f8427ea79e5c58ff3ca25ee3d29b60f65fda7f9f2e0f6b0,0910e972b4099735ae4c3035ac238672cc262ac579410a6e7aa8a79382c56e1b,e05cebc18c2dab444215fb826377edb0480db72e2bf33ed776afbbc2a1d7f150,7,1,0.000545,0.0027053539999997156,0.2029999999795109,2.5428901,2.7537776,2.7594458,primary,False
r026,evaluation_04,ecrc,round_robin,response_loss,HumanEval/133,HumanEval/133::97,permit_3733b81c214afd30799d3b4263aa797f,8,pass,6f76a564298fb3eea7f69b0519a1b8471abfcce776bd01531fbea21d631853d8,90d0379c9c29ff4a184d762a3781a400514b5922a0a1399fe035d66404c34941,0ee8283964d14bd50472f418a3776dbcb77bb74bea6626a47fae5e565eca409c,e05cebc18c2dab444215fb826377edb0480db72e2bf33ed776afbbc2a1d7f150,8,1,0.0,0.0019599320000054377,0.2029999999795109,2.7911598,2.9994576,4.0091188,primary,True
r026,evaluation_04,ecrc,round_robin,response_loss,HumanEval/110,HumanEval/110::467,permit_d4bb251ce20eb437052fb07904b81ac2,9,fail,6d255c97d41762ab539aacf9580c85a707509b747ca058c3aac383dcb0ee1abb,039b5c617010a9384ef5a923bca13d3675059f0975fee8d92a8f4aa3cbe37470,9070f9606140e86bbcaee239a3ca5ecb0495e20e86d52a4a0c05c003c99508a1,e05cebc18c2dab444215fb826377edb0480db72e2bf33ed776afbbc2a1d7f150,9,1,0.0,0.0026759819999995216,0.21899999998277053,4.040185,4.261336,4.2659571,primary,False
r026,evaluation_04,ecrc,round_robin,response_loss,HumanEval/120,HumanEval/120::339,permit_af3b5b1c045b86b3b7a43fd115809c36,10,fail,2a6cad67410f59e7e7c93a308e4c1121b219c55d10b804973782039fed095272,9605fad84d68cd4438fa05e949adb8bc7e96cabee4f409ac233798a41874f4dc,aa57a4eb8443457f7c28ac51bf4bc65e8f78807e216fe123299265e2b0d774bb,e05cebc18c2dab444215fb826377edb0480db72e2bf33ed776afbbc2a1d7f150,10,1,0.0,0.0025479409999888958,0.23499999998603016,4.3036507,4.5286973,4.5344724,primary,False
r026,evaluation_04,ecrc,round_robin,response_loss,HumanEval/110,HumanEval/110::464,permit_f2c5cb825fc8274933ab35dffa811dae,11,pass,b8d4c43bd8793d30fd8917188e484ead3e4b3c601437b3d518a4928c7b30b2ad,bddff844d4fe3f04422a2932e7ca4ffd7d88da482e3650bed5f80f9f860d022a,9070f9606140e86bbcaee239a3ca5ecb0495e20e86d52a4a0c05c003c99508a1,e05cebc18c2dab444215fb826377edb0480db72e2bf33ed776afbbc2a1d7f150,11,1,0.0009209999999999999,0.002020772999998144,0.21900000001187436,4.5701917,4.7816734,4.7868308,primary,False
r026,evaluation_04,ecrc,round_robin,response_loss,HumanEval/120,HumanEval/120::195,permit_f5fb417fe99c1cce2fbd9ce02a28e909,12,fail,0c062e3a65ef272a36a143ccc49a9ec00327fd49fb568bb0d2de9685133e6efa,78fc6bfc0a9c19a258d20da88ab477c36efd37d689ae41752f4635e46790b1ce,aa57a4eb8443457f7c28ac51bf4bc65e8f78807e216fe123299265e2b0d774bb,e05cebc18c2dab444215fb826377edb0480db72e2bf33ed776afbbc2a1d7f150,12,1,0.0,0.002197847999994451,0.20399999999790452,4.8223323,5.0318574,6.0479866,drain,True
r027,evaluation_04,ecrc,depth_first,response_loss,HumanEval/110,HumanEval/110::296,permit_df049f409dc0a2dafe72b82ba5f91752,1,fail,33fb4f522c207ec1401e2c7d3a4fb948746dd30dd438a111d68a7ff08321dcba,254c937fc2f6dabe3b2adfb7937b92a8d653d7c243dfd0807ea8e9b3256ff46e,9070f9606140e86bbcaee239a3ca5ecb0495e20e86d52a4a0c05c003c99508a1,e05cebc18c2dab444215fb826377edb0480db72e2bf33ed776afbbc2a1d7f150,1,1,0.0016049999999999999,0.0020205530000083627,0.21799999999348074,0.0188589,0.2434579,0.2494419,primary,False
r027,evaluation_04,ecrc,depth_first,response_loss,HumanEval/110,HumanEval/110::467,permit_d4bb251ce20eb437052fb07904b81ac2,2,fail,4bc55c778c20b7d9caf020f8cd490637995a2e45ce5a886d4878f32460e108e4,039b5c617010a9384ef5a923bca13d3675059f0975fee8d92a8f4aa3cbe37470,9070f9606140e86bbcaee239a3ca5ecb0495e20e86d52a4a0c05c003c99508a1,e05cebc18c2dab444215fb826377edb0480db72e2bf33ed776afbbc2a1d7f150,2,1,0.0,0.0023997659999963616,0.20300000000861473,0.2811209,0.4980518,0.502893,primary,False
r027,evaluation_04,ecrc,depth_first,response_loss,HumanEval/110,HumanEval/110::464,permit_f2c5cb825fc8274933ab35dffa811dae,3,pass,2d6d6bc1113a212e713541940810005057d8b880d2b7359903fba894751c3223,bddff844d4fe3f04422a2932e7ca4ffd7d88da482e3650bed5f80f9f860d022a,9070f9606140e86bbcaee239a3ca5ecb0495e20e86d52a4a0c05c003c99508a1,e05cebc18c2dab444215fb826377edb0480db72e2bf33ed776afbbc2a1d7f150,3,1,0.001547,0.0019220150000052172,0.20300000000861473,0.531784,0.7436739,0.749193,primary,False
r027,evaluation_04,ecrc,depth_first,response_loss,HumanEval/48,HumanEval/48::419,permit_bd28b4d8d83a6865fbcf2ab26d0094ba,4,pass,282c5c198426b542aa137593ec8988c18d23f9b8b0783f882ac14de4e4f115f2,27ab3fb9673a5b1311caca4c15b8e9b90c4fa2811cdfaedcefe9a769143df162,26ad8f22528a485295dfc0a1e6c6fca0299aaa18946cd952fe3eb7ad9f63150f,e05cebc18c2dab444215fb826377edb0480db72e2bf33ed776afbbc2a1d7f150,4,1,0.0011539999999999999,0.0021491549999979043,0.20300000000861473,0.7813988,0.9974037,2.0216149,primary,True
r027,evaluation_04,ecrc,depth_first,response_loss,HumanEval/16,HumanEval/16::302,permit_a76f41714b0598a5abe1a6315597464d,5,pass,134130f9f29ead7847a35c6c4f290afe17cf8cb1427ee8cb5a1c72601ad971e3,e550abc53afcca09fa0e32e2dfb0c74fde764c511e092b94573b699ede28a786,9d673b494a6278c5d70c5a19ea47535b7635d8aacbf25dcb0a8442c1065a0165,e05cebc18c2dab444215fb826377edb0480db72e2bf33ed776afbbc2a1d7f150,5,1,0.0,0.0019089150000013433,0.20300000000861473,2.0510329,2.2605733,2.265821,primary,False
r027,evaluation_04,ecrc,depth_first,response_loss,HumanEval/136,HumanEval/136::53,permit_6d0f87be773039f90734bd4f36583d09,6,pass,29653fca1e96edf6a5a1e7bb6621b0f8d5adbee15408e4362cf020360502f69c,ce35ccc789bedf741c6a093bdb2bfbb5c4dfcf259f058e663d9de70e75236997,27f98a8da9cf06756450a551914c62333f2f9288ab6632709f79b2adb778ff4e,e05cebc18c2dab444215fb826377edb0480db72e2bf33ed776afbbc2a1d7f150,6,1,0.0,0.00218936699999972,0.20300000000861473,2.2997006,2.5139524,2.5195338,primary,False
r027,evaluation_04,ecrc,depth_first,response_loss,HumanEval/120,HumanEval/120::418,permit_a7ebe35fc85ca8d04ba94c834b5db9d9,7,fail,8c47d30b360a789e24d57cecd5e758035675b7488a02cdd5fc484e66c9c6b968,34f79855ef438a0b490fe49a03dc723c59dc6fd6d5771f2cdaa28cd59ac461fe,aa57a4eb8443457f7c28ac51bf4bc65e8f78807e216fe123299265e2b0d774bb,e05cebc18c2dab444215fb826377edb0480db72e2bf33ed776afbbc2a1d7f150,7,1,0.0,0.002327499000003286,0.20300000000861473,2.5496106,2.75947,2.7647804,primary,False
r027,evaluation_04,ecrc,depth_first,response_loss,HumanEval/120,HumanEval/120::339,permit_af3b5b1c045b86b3b7a43fd115809c36,8,fail,5f8799cd08cb7ab0a8bb3625b0957221bc9824f9539740674e5ca186b67b5888,9605fad84d68cd4438fa05e949adb8bc7e96cabee4f409ac233798a41874f4dc,aa57a4eb8443457f7c28ac51bf4bc65e8f78807e216fe123299265e2b0d774bb,e05cebc18c2dab444215fb826377edb0480db72e2bf33ed776afbbc2a1d7f150,8,1,0.0,0.002318826999996304,0.20300000000861473,2.8028953,3.0113288,4.0415781,primary,True
r027,evaluation_04,ecrc,depth_first,response_loss,HumanEval/120,HumanEval/120::195,permit_f5fb417fe99c1cce2fbd9ce02a28e909,9,fail,2ee835b213ad932c8510aedf919b29e78683add15f2f5291ff820065fa2c54c7,78fc6bfc0a9c19a258d20da88ab477c36efd37d689ae41752f4635e46790b1ce,aa57a4eb8443457f7c28ac51bf4bc65e8f78807e216fe123299265e2b0d774bb,e05cebc18c2dab444215fb826377edb0480db72e2bf33ed776afbbc2a1d7f150,9,1,0.0014579999999999999,0.0021107259999979533,0.21900000001187436,4.0568644,4.2665064,4.2717371,primary,False
r027,evaluation_04,ecrc,depth_first,response_loss,HumanEval/120,HumanEval/120::304,permit_acbc78f8a65b78c3dd9bd36a5e1f6d8f,10,fail,3bef76627b987e0136f7a225d7c54d7953436be8e801db838e379b6534ed17a9,04503584235bf157f60f8793b3d117cc95fe8cb4b963b9aaf7dd51a55ee2ec08,aa57a4eb8443457f7c28ac51bf4bc65e8f78807e216fe123299265e2b0d774bb,e05cebc18c2dab444215fb826377edb0480db72e2bf33ed776afbbc2a1d7f150,10,1,0.0,0.0021955579999968222,0.21900000001187436,4.3067687,4.5190255,4.5248558,primary,False
r027,evaluation_04,ecrc,depth_first,response_loss,HumanEval/122,HumanEval/122::359,permit_156c068f835419bb7b5354bf860e020b,11,pass,4d7eb6a6323dfbdab513813060cc0d2fef28e6c80fbb54e0d73988c6251254d1,91193185a30601dfef1d1bb884491c94461ca548a4e469e3d332ed220881e2ae,4ce61ca0e2dac7f4563fe2206fba98fcc9b3a717166561dc052be2be16c9d7b8,e05cebc18c2dab444215fb826377edb0480db72e2bf33ed776afbbc2a1d7f150,11,1,0.0,0.001970602000000099,0.21900000001187436,4.556772,4.7656618,4.7707231,primary,False
r027,evaluation_04,ecrc,depth_first,response_loss,HumanEval/8,HumanEval/8::212,permit_0ab8ee1076fd6fa54630d51569d7063d,12,pass,ce93e11f6001e143641377562822be0ff25bbfe61c5982f73af94dbdf3173674,50c78780c2923b943f8427ea79e5c58ff3ca25ee3d29b60f65fda7f9f2e0f6b0,0910e972b4099735ae4c3035ac238672cc262ac579410a6e7aa8a79382c56e1b,e05cebc18c2dab444215fb826377edb0480db72e2bf33ed776afbbc2a1d7f150,12,1,0.000416,0.0021207869999955165,0.21900000001187436,4.8059394,5.0156746,6.0253983,drain,True
r028,evaluation_04,ordinary,depth_first,response_loss,HumanEval/110,HumanEval/110::296,ordinary-permit-e35986ca66190a99945103ca1c9056ad,1,fail,31a5ac31c9c08e3bd80a4fee7cf6f11dac88f6b5e5f836064b615eecad6455b5,254c937fc2f6dabe3b2adfb7937b92a8d653d7c243dfd0807ea8e9b3256ff46e,9070f9606140e86bbcaee239a3ca5ecb0495e20e86d52a4a0c05c003c99508a1,e05cebc18c2dab444215fb826377edb0480db72e2bf33ed776afbbc2a1d7f150,1,1,0.001375,0.0023053520000075878,0.21899999998277053,0.0275724,0.2401119,0.2450949,primary,False
r028,evaluation_04,ordinary,depth_first,response_loss,HumanEval/110,HumanEval/110::467,ordinary-permit-b44da8689645e39832c62a6b050f5396,2,fail,5cbe1cc47016b3f7f46648afbce83ae53b2eecde7e425ef52a323f4fb6f57c7a,039b5c617010a9384ef5a923bca13d3675059f0975fee8d92a8f4aa3cbe37470,9070f9606140e86bbcaee239a3ca5ecb0495e20e86d52a4a0c05c003c99508a1,e05cebc18c2dab444215fb826377edb0480db72e2bf33ed776afbbc2a1d7f150,2,1,0.0,0.0021536029999822404,0.21899999998277053,0.2784811,0.4906551,0.496239,primary,False
r028,evaluation_04,ordinary,depth_first,response_loss,HumanEval/110,HumanEval/110::464,ordinary-permit-b09b84611fea3e518d49a2b4286abae0,3,pass,4e98f0e231a890e816e5c664c684b015f1d339422850cec73c441c604cbd4da4,bddff844d4fe3f04422a2932e7ca4ffd7d88da482e3650bed5f80f9f860d022a,9070f9606140e86bbcaee239a3ca5ecb0495e20e86d52a4a0c05c003c99508a1,e05cebc18c2dab444215fb826377edb0480db72e2bf33ed776afbbc2a1d7f150,3,1,0.00173,0.002265409999978374,0.20300000000861473,0.5110687,0.7194876,0.7248473,primary,False
r028,evaluation_04,ordinary,depth_first,response_loss,HumanEval/48,HumanEval/48::419,ordinary-permit-e9afd2e1fb73137007baca4bea24d3c4,4,pass,aa61d31e66991ce3a4d572275b8cd0f8e2b72eacc6b7457dbd15e3f240b3fc8e,27ab3fb9673a5b1311caca4c15b8e9b90c4fa2811cdfaedcefe9a769143df162,26ad8f22528a485295dfc0a1e6c6fca0299aaa18946cd952fe3eb7ad9f63150f,e05cebc18c2dab444215fb826377edb0480db72e2bf33ed776afbbc2a1d7f150,4,1,0.0,0.0018344740000202364,0.20300000000861473,0.759984,0.9703297,1.9796031,primary,True
r028,evaluation_04,ordinary,depth_first,response_loss,HumanEval/16,HumanEval/16::302,ordinary-permit-730a6c91c65cedb75a04183e3da7aa6d,5,pass,9f27f3fd52de87ee2fd79ca1facb055a06b6567cfd6d6e8d9a64b69ee43ac1c2,e550abc53afcca09fa0e32e2dfb0c74fde764c511e092b94573b699ede28a786,9d673b494a6278c5d70c5a19ea47535b7635d8aacbf25dcb0a8442c1065a0165,e05cebc18c2dab444215fb826377edb0480db72e2bf33ed776afbbc2a1d7f150,5,1,0.001163,0.0019150570000192602,0.21900000001187436,1.994326,2.2069561,2.2116466,primary,False
r028,evaluation_04,ordinary,depth_first,response_loss,HumanEval/136,HumanEval/136::53,ordinary-permit-c55f17f6be6c87504a357f3e95c00768,6,pass,f9f0ffe518be20f00b9f2560cc4bd4bb9f7c2ca3951770937a7a25b34a7adc29,ce35ccc789bedf741c6a093bdb2bfbb5c4dfcf259f058e663d9de70e75236997,27f98a8da9cf06756450a551914c62333f2f9288ab6632709f79b2adb778ff4e,e05cebc18c2dab444215fb826377edb0480db72e2bf33ed776afbbc2a1d7f150,6,1,7.7e-05,0.002525897999987592,0.21900000001187436,2.249384,2.4603758,2.4656328,primary,False
r028,evaluation_04,ordinary,depth_first,response_loss,HumanEval/120,HumanEval/120::418,ordinary-permit-1da1f1c5d2f66d4e1bb0a6f1639a71d7,7,fail,f249e923bae00ac2db1aec308810e9d9b34563f7853f886ea6969ef1a89e6f99,34f79855ef438a0b490fe49a03dc723c59dc6fd6d5771f2cdaa28cd59ac461fe,aa57a4eb8443457f7c28ac51bf4bc65e8f78807e216fe123299265e2b0d774bb,e05cebc18c2dab444215fb826377edb0480db72e2bf33ed776afbbc2a1d7f150,7,1,0.0007689999999999999,0.0023217210000154864,0.21900000001187436,2.5005299,2.7112075,2.7160641,primary,False
r028,evaluation_04,ordinary,depth_first,response_loss,HumanEval/120,HumanEval/120::339,ordinary-permit-a60f16b64c9ba8facc3e8d44a467f0bf,8,fail,e37f05ea3de005e75db1e1760d08bebfdedbbe4c21441afa231f3cc50179f29e,9605fad84d68cd4438fa05e949adb8bc7e96cabee4f409ac233798a41874f4dc,aa57a4eb8443457f7c28ac51bf4bc65e8f78807e216fe123299265e2b0d774bb,e05cebc18c2dab444215fb826377edb0480db72e2bf33ed776afbbc2a1d7f150,8,1,0.0,0.0022757589999855554,0.20300000000861473,2.7503965,2.9602768,3.9878507,primary,True
r028,evaluation_04,ordinary,depth_first,response_loss,HumanEval/120,HumanEval/120::195,ordinary-permit-696a49f26fa02a89baf4c7de5feab674,9,fail,648e0902b598e623bc3f7f649b04331b7c6414aa1f3c6b530a4035e3633ab58f,78fc6bfc0a9c19a258d20da88ab477c36efd37d689ae41752f4635e46790b1ce,aa57a4eb8443457f7c28ac51bf4bc65e8f78807e216fe123299265e2b0d774bb,e05cebc18c2dab444215fb826377edb0480db72e2bf33ed776afbbc2a1d7f150,9,1,0.0,0.0021791769999879307,0.2029999999795109,4.0203365,4.2343536,4.2398594,primary,False
r028,evaluation_04,ordinary,depth_first,response_loss,HumanEval/120,HumanEval/120::304,ordinary-permit-342450fd04bcb6e9f3e67dca9a66e558,10,fail,24846af4836764b17c15a2b778cfe1329f72f13a062951ac671d583398e46020,04503584235bf157f60f8793b3d117cc95fe8cb4b963b9aaf7dd51a55ee2ec08,aa57a4eb8443457f7c28ac51bf4bc65e8f78807e216fe123299265e2b0d774bb,e05cebc18c2dab444215fb826377edb0480db72e2bf33ed776afbbc2a1d7f150,10,1,0.0,0.002628111999996463,0.2029999999795109,4.270746,4.4818161,4.4866772,primary,False
r028,evaluation_04,ordinary,depth_first,response_loss,HumanEval/122,HumanEval/122::359,ordinary-permit-3665ed60f94784441fa9e2ae919f5047,11,pass,981e7a9e6b9fd10571dfb913fd29c2f9e6f1bc33120b6dced4c617da55207a56,91193185a30601dfef1d1bb884491c94461ca548a4e469e3d332ed220881e2ae,4ce61ca0e2dac7f4563fe2206fba98fcc9b3a717166561dc052be2be16c9d7b8,e05cebc18c2dab444215fb826377edb0480db72e2bf33ed776afbbc2a1d7f150,11,1,0.0,0.001883606000006921,0.2029999999795109,4.520094,4.7297179,4.7346726,primary,False
r028,evaluation_04,ordinary,depth_first,response_loss,HumanEval/8,HumanEval/8::212,ordinary-permit-eb9c32288c7d7b947b83f8c94f73feb5,12,pass,a0e05f776540e1fe6be56e2f7409ed7cbd890bd88569208352d9a49ee8a7344b,50c78780c2923b943f8427ea79e5c58ff3ca25ee3d29b60f65fda7f9f2e0f6b0,0910e972b4099735ae4c3035ac238672cc262ac579410a6e7aa8a79382c56e1b,e05cebc18c2dab444215fb826377edb0480db72e2bf33ed776afbbc2a1d7f150,12,1,0.0,0.001981528000015942,0.2029999999795109,4.7686907,4.9836399,6.0032248,drain,True
r029,evaluation_04,ecrc,round_robin,normal,HumanEval/110,HumanEval/110::296,permit_df049f409dc0a2dafe72b82ba5f91752,1,fail,d50326688530bcfd76cd6cd6b0ad95d04585ddc4408da1f954e966ed57f8525c,254c937fc2f6dabe3b2adfb7937b92a8d653d7c243dfd0807ea8e9b3256ff46e,9070f9606140e86bbcaee239a3ca5ecb0495e20e86d52a4a0c05c003c99508a1,e05cebc18c2dab444215fb826377edb0480db72e2bf33ed776afbbc2a1d7f150,1,1,0.0,0.0021850749999998698,0.20300000000861473,0.0284062,0.2415853,0.2469578,primary,False
r029,evaluation_04,ecrc,round_robin,normal,HumanEval/48,HumanEval/48::419,permit_bd28b4d8d83a6865fbcf2ab26d0094ba,2,pass,91ce74ee4ccf3fc42555839e7eea61650a7529f8fd833d1b4110cecde8c35023,27ab3fb9673a5b1311caca4c15b8e9b90c4fa2811cdfaedcefe9a769143df162,26ad8f22528a485295dfc0a1e6c6fca0299aaa18946cd952fe3eb7ad9f63150f,e05cebc18c2dab444215fb826377edb0480db72e2bf33ed776afbbc2a1d7f150,2,1,0.000767,0.0020779900000036378,0.20300000000861473,0.2781696,0.4944072,0.5000693,primary,False
r029,evaluation_04,ecrc,round_robin,normal,HumanEval/16,HumanEval/16::302,permit_a76f41714b0598a5abe1a6315597464d,3,pass,3cc96cce8484151b69fdf324ba683aa8f342b790fb892f558f7a150b1131fd9b,e550abc53afcca09fa0e32e2dfb0c74fde764c511e092b94573b699ede28a786,9d673b494a6278c5d70c5a19ea47535b7635d8aacbf25dcb0a8442c1065a0165,e05cebc18c2dab444215fb826377edb0480db72e2bf33ed776afbbc2a1d7f150,3,1,0.0,0.0020105119999982435,0.21899999998277053,0.5311377,0.7507737,0.7567288,primary,False
r029,evaluation_04,ecrc,round_robin,normal,HumanEval/136,HumanEval/136::53,permit_6d0f87be773039f90734bd4f36583d09,4,pass,5166dfb88e55d1e06c281c51f832203838ad46833c567e246289277181e95887,ce35ccc789bedf741c6a093bdb2bfbb5c4dfcf259f058e663d9de70e75236997,27f98a8da9cf06756450a551914c62333f2f9288ab6632709f79b2adb778ff4e,e05cebc18c2dab444215fb826377edb0480db72e2bf33ed776afbbc2a1d7f150,4,1,0.0,0.0020847680000031232,0.2029999999795109,0.7976444,1.0076629,1.0128115,primary,False
r029,evaluation_04,ecrc,round_robin,normal,HumanEval/120,HumanEval/120::418,permit_a7ebe35fc85ca8d04ba94c834b5db9d9,5,fail,8940aaa2f1a40779bf8dbd3f45ca786b140c30a03196156730f8289494ec7aa1,34f79855ef438a0b490fe49a03dc723c59dc6fd6d5771f2cdaa28cd59ac461fe,aa57a4eb8443457f7c28ac51bf4bc65e8f78807e216fe123299265e2b0d774bb,e05cebc18c2dab444215fb826377edb0480db72e2bf33ed776afbbc2a1d7f150,5,1,0.00022099999999999998,0.0027003049999905215,0.2029999999795109,1.0459367,1.2548995,1.2601453,primary,False
r029,evaluation_04,ecrc,round_robin,normal,HumanEval/122,HumanEval/122::359,permit_156c068f835419bb7b5354bf860e020b,6,pass,b3877e616513bd4aa40efd70b0f36a4dcb5b3395695cf63d63d50318efa84651,91193185a30601dfef1d1bb884491c94461ca548a4e469e3d332ed220881e2ae,4ce61ca0e2dac7f4563fe2206fba98fcc9b3a717166561dc052be2be16c9d7b8,e05cebc18c2dab444215fb826377edb0480db72e2bf33ed776afbbc2a1d7f150,6,1,0.0,0.002310436000016125,0.2029999999795109,1.2976261,1.5025587,1.5072555,primary,False
r029,evaluation_04,ecrc,round_robin,normal,HumanEval/8,HumanEval/8::212,permit_0ab8ee1076fd6fa54630d51569d7063d,7,pass,0ae7d41949b8a39a5a33e93f6d0630b8b4c4333d903c29680b1a9a6105c39119,50c78780c2923b943f8427ea79e5c58ff3ca25ee3d29b60f65fda7f9f2e0f6b0,0910e972b4099735ae4c3035ac238672cc262ac579410a6e7aa8a79382c56e1b,e05cebc18c2dab444215fb826377edb0480db72e2bf33ed776afbbc2a1d7f150,7,1,0.0,0.001984147999991137,0.2029999999795109,1.5474479,1.7542915,1.7591959,primary,False
r029,evaluation_04,ecrc,round_robin,normal,HumanEval/133,HumanEval/133::97,permit_3733b81c214afd30799d3b4263aa797f,8,pass,68ae88d16100e1dc13331734a09166f8dbea1dc2c3998c97ecb667603dc8f682,90d0379c9c29ff4a184d762a3781a400514b5922a0a1399fe035d66404c34941,0ee8283964d14bd50472f418a3776dbcb77bb74bea6626a47fae5e565eca409c,e05cebc18c2dab444215fb826377edb0480db72e2bf33ed776afbbc2a1d7f150,8,1,0.0,0.002344154000013532,0.2029999999795109,1.795931,2.0032424,2.0083348,primary,False
r029,evaluation_04,ecrc,round_robin,normal,HumanEval/110,HumanEval/110::467,permit_d4bb251ce20eb437052fb07904b81ac2,9,fail,1f288ae8c7fb6c552a145d726765c78cabbba7cc882d8cc8d3b9a18af2767185,039b5c617010a9384ef5a923bca13d3675059f0975fee8d92a8f4aa3cbe37470,9070f9606140e86bbcaee239a3ca5ecb0495e20e86d52a4a0c05c003c99508a1,e05cebc18c2dab444215fb826377edb0480db72e2bf33ed776afbbc2a1d7f150,9,1,0.0,0.0020676460000004226,0.2029999999795109,2.0475804,2.2560875,2.2614022,primary,False
r029,evaluation_04,ecrc,round_robin,normal,HumanEval/120,HumanEval/120::339,permit_af3b5b1c045b86b3b7a43fd115809c36,10,fail,2d125f958ec1a806382dccc786490cdbf9fdcde752567215f94c16cdfdb94075,9605fad84d68cd4438fa05e949adb8bc7e96cabee4f409ac233798a41874f4dc,aa57a4eb8443457f7c28ac51bf4bc65e8f78807e216fe123299265e2b0d774bb,e05cebc18c2dab444215fb826377edb0480db72e2bf33ed776afbbc2a1d7f150,10,1,0.0,0.002143259000007447,0.2029999999795109,2.2986227,2.5085463,2.5138264,primary,False
r029,evaluation_04,ecrc,round_robin,normal,HumanEval/110,HumanEval/110::464,permit_f2c5cb825fc8274933ab35dffa811dae,11,pass,ae575c4f97e788cf3af6ad2653faa60c3b9ab2479c19463d22a0f4958c998555,bddff844d4fe3f04422a2932e7ca4ffd7d88da482e3650bed5f80f9f860d022a,9070f9606140e86bbcaee239a3ca5ecb0495e20e86d52a4a0c05c003c99508a1,e05cebc18c2dab444215fb826377edb0480db72e2bf33ed776afbbc2a1d7f150,11,1,0.0,0.0019215229999929306,0.21799999999348074,2.551584,2.7681571,2.7733445,primary,False
r029,evaluation_04,ecrc,round_robin,normal,HumanEval/120,HumanEval/120::195,permit_f5fb417fe99c1cce2fbd9ce02a28e909,12,fail,dad29425fd83f1fb4465c0c0245939e568563cad712281da32e8c319073abee4,78fc6bfc0a9c19a258d20da88ab477c36efd37d689ae41752f4635e46790b1ce,aa57a4eb8443457f7c28ac51bf4bc65e8f78807e216fe123299265e2b0d774bb,e05cebc18c2dab444215fb826377edb0480db72e2bf33ed776afbbc2a1d7f150,12,1,0.00023899999999999998,0.0019803010000032373,0.2029999999795109,2.8020905,3.0092174,3.014474,primary,False
r029,evaluation_04,ecrc,round_robin,normal,HumanEval/120,HumanEval/120::304,permit_acbc78f8a65b78c3dd9bd36a5e1f6d8f,13,fail,d691ba6560d3696d5c5e0c9d88ea2b8f13771639b9ac4f2ccc683420721073ee,04503584235bf157f60f8793b3d117cc95fe8cb4b963b9aaf7dd51a55ee2ec08,aa57a4eb8443457f7c28ac51bf4bc65e8f78807e216fe123299265e2b0d774bb,e05cebc18c2dab444215fb826377edb0480db72e2bf33ed776afbbc2a1d7f150,13,1,0.001111,0.002183965999989823,0.21799999999348074,3.0521279,3.2637697,3.2685443,primary,False
r030,evaluation_04,ordinary,round_robin,normal,HumanEval/110,HumanEval/110::296,ordinary-permit-e35986ca66190a99945103ca1c9056ad,1,fail,acbfe7ece707f92f022ed5448098b48c9033a5e542593615dbd4e2bb608b2918,254c937fc2f6dabe3b2adfb7937b92a8d653d7c243dfd0807ea8e9b3256ff46e,9070f9606140e86bbcaee239a3ca5ecb0495e20e86d52a4a0c05c003c99508a1,e05cebc18c2dab444215fb826377edb0480db72e2bf33ed776afbbc2a1d7f150,1,1,0.0,0.002084588000002441,0.21900000001187436,0.0342507,0.2446725,0.2494668,primary,False
r030,evaluation_04,ordinary,round_robin,normal,HumanEval/48,HumanEval/48::419,ordinary-permit-e9afd2e1fb73137007baca4bea24d3c4,2,pass,ba1d10bf521c36e82016dd4bdb64cc5c8bf5924fa2347ff4867b3ddca4b93072,27ab3fb9673a5b1311caca4c15b8e9b90c4fa2811cdfaedcefe9a769143df162,26ad8f22528a485295dfc0a1e6c6fca0299aaa18946cd952fe3eb7ad9f63150f,e05cebc18c2dab444215fb826377edb0480db72e2bf33ed776afbbc2a1d7f150,2,1,0.0,0.0019369880000112971,0.21900000001187436,0.2631834,0.4757808,0.4803765,primary,False
r030,evaluation_04,ordinary,round_robin,normal,HumanEval/16,HumanEval/16::302,ordinary-permit-730a6c91c65cedb75a04183e3da7aa6d,3,pass,8517d95729cd8f94a844df0df5ef9bcf22022861c2393bfffb44bc495613109a,e550abc53afcca09fa0e32e2dfb0c74fde764c511e092b94573b699ede28a786,9d673b494a6278c5d70c5a19ea47535b7635d8aacbf25dcb0a8442c1065a0165,e05cebc18c2dab444215fb826377edb0480db72e2bf33ed776afbbc2a1d7f150,3,1,0.0,0.002231896000012057,0.23399999999674037,0.5040925,0.7272912,0.7329844,primary,False
r030,evaluation_04,ordinary,round_robin,normal,HumanEval/136,HumanEval/136::53,ordinary-permit-c55f17f6be6c87504a357f3e95c00768,4,pass,8f2d46c8fc79c9ed48fb5acc18418d008aec963eaf7d949bfe3d2bde9ad7a201,ce35ccc789bedf741c6a093bdb2bfbb5c4dfcf259f058e663d9de70e75236997,27f98a8da9cf06756450a551914c62333f2f9288ab6632709f79b2adb778ff4e,e05cebc18c2dab444215fb826377edb0480db72e2bf33ed776afbbc2a1d7f150,4,1,0.000579,0.0021354490000078385,0.21799999999348074,0.7482681,0.9617794,0.9666204,primary,False
r030,evaluation_04,ordinary,round_robin,normal,HumanEval/120,HumanEval/120::418,ordinary-permit-1da1f1c5d2f66d4e1bb0a6f1639a71d7,5,fail,eb749a30df088b7db233c9fbe7d32cf07e2c7dece7d22a025b85078ff8d61ecf,34f79855ef438a0b490fe49a03dc723c59dc6fd6d5771f2cdaa28cd59ac461fe,aa57a4eb8443457f7c28ac51bf4bc65e8f78807e216fe123299265e2b0d774bb,e05cebc18c2dab444215fb826377edb0480db72e2bf33ed776afbbc2a1d7f150,5,1,0.001411,0.00198931700001026,0.2029999999795109,1.0020053,1.2101144,1.2151122,primary,False
r030,evaluation_04,ordinary,round_robin,normal,HumanEval/122,HumanEval/122::359,ordinary-permit-3665ed60f94784441fa9e2ae919f5047,6,pass,906dff248115497251221d2acfb557f22ac26f626135ad368e0e6afb32f939d5,91193185a30601dfef1d1bb884491c94461ca548a4e469e3d332ed220881e2ae,4ce61ca0e2dac7f4563fe2206fba98fcc9b3a717166561dc052be2be16c9d7b8,e05cebc18c2dab444215fb826377edb0480db72e2bf33ed776afbbc2a1d7f150,6,1,0.0,0.0022379939999837006,0.23399999999674037,1.2538406,1.4773255,1.4824293,primary,False
r030,evaluation_04,ordinary,round_robin,normal,HumanEval/8,HumanEval/8::212,ordinary-permit-eb9c32288c7d7b947b83f8c94f73feb5,7,pass,2ac77251bc5360f94b61be04cbe2a3e077e6e99de3984f2129ebf57881cd31f8,50c78780c2923b943f8427ea79e5c58ff3ca25ee3d29b60f65fda7f9f2e0f6b0,0910e972b4099735ae4c3035ac238672cc262ac579410a6e7aa8a79382c56e1b,e05cebc18c2dab444215fb826377edb0480db72e2bf33ed776afbbc2a1d7f150,7,1,0.0,0.0021474209999894356,0.21900000001187436,1.5192579,1.7329959,1.7384229,primary,False
r030,evaluation_04,ordinary,round_robin,normal,HumanEval/133,HumanEval/133::97,ordinary-permit-65ceac7d44659d121f8aaac8c1e87deb,8,pass,f35a94a920719c4c2fc11adc8ade06e68f13e912fec9b2bd072e1df06098c345,90d0379c9c29ff4a184d762a3781a400514b5922a0a1399fe035d66404c34941,0ee8283964d14bd50472f418a3776dbcb77bb74bea6626a47fae5e565eca409c,e05cebc18c2dab444215fb826377edb0480db72e2bf33ed776afbbc2a1d7f150,8,1,0.0,0.0022899459999905503,0.21900000001187436,1.7705421,1.979468,1.9849635,primary,False
r030,evaluation_04,ordinary,round_robin,normal,HumanEval/110,HumanEval/110::467,ordinary-permit-b44da8689645e39832c62a6b050f5396,9,fail,fd139b5074c865a54a1eff9a5b2ff334d8f0da2ff003e938301278ddab654fd9,039b5c617010a9384ef5a923bca13d3675059f0975fee8d92a8f4aa3cbe37470,9070f9606140e86bbcaee239a3ca5ecb0495e20e86d52a4a0c05c003c99508a1,e05cebc18c2dab444215fb826377edb0480db72e2bf33ed776afbbc2a1d7f150,9,1,0.001089,0.0022932429999968917,0.20300000000861473,2.0229021,2.2354469,2.2403579,primary,False
r030,evaluation_04,ordinary,round_robin,normal,HumanEval/120,HumanEval/120::339,ordinary-permit-a60f16b64c9ba8facc3e8d44a467f0bf,10,fail,627b96b313051ca662225f38a1d79d6b7a32ebe950b1f98691069ea67effdd34,9605fad84d68cd4438fa05e949adb8bc7e96cabee4f409ac233798a41874f4dc,aa57a4eb8443457f7c28ac51bf4bc65e8f78807e216fe123299265e2b0d774bb,e05cebc18c2dab444215fb826377edb0480db72e2bf33ed776afbbc2a1d7f150,10,1,0.0,0.002421621999985746,0.21799999999348074,2.2544826,2.4608225,2.4656555,primary,False
r030,evaluation_04,ordinary,round_robin,normal,HumanEval/110,HumanEval/110::464,ordinary-permit-b09b84611fea3e518d49a2b4286abae0,11,pass,02f9204799c343ed7019d5fd31a3c114fa587cdda3a45974a40477f3a5afa999,bddff844d4fe3f04422a2932e7ca4ffd7d88da482e3650bed5f80f9f860d022a,9070f9606140e86bbcaee239a3ca5ecb0495e20e86d52a4a0c05c003c99508a1,e05cebc18c2dab444215fb826377edb0480db72e2bf33ed776afbbc2a1d7f150,11,1,0.000783,0.00227554399998553,0.20300000000861473,2.4792818,2.6861255,2.6913106,primary,False
r030,evaluation_04,ordinary,round_robin,normal,HumanEval/120,HumanEval/120::195,ordinary-permit-696a49f26fa02a89baf4c7de5feab674,12,fail,2a8fe299dc89b49a8ba5713c5233030a17a0a420b6d010d9f4933209389ea9ff,78fc6bfc0a9c19a258d20da88ab477c36efd37d689ae41752f4635e46790b1ce,aa57a4eb8443457f7c28ac51bf4bc65e8f78807e216fe123299265e2b0d774bb,e05cebc18c2dab444215fb826377edb0480db72e2bf33ed776afbbc2a1d7f150,12,1,0.0,0.002173124999984566,0.20300000000861473,2.7047759,2.9120989,2.9175771,primary,False
r030,evaluation_04,ordinary,round_robin,normal,HumanEval/120,HumanEval/120::304,ordinary-permit-342450fd04bcb6e9f3e67dca9a66e558,13,fail,3a45ba93caedb21c6560098863c2f66b3c07955d3055f07a0911e61038742f48,04503584235bf157f60f8793b3d117cc95fe8cb4b963b9aaf7dd51a55ee2ec08,aa57a4eb8443457f7c28ac51bf4bc65e8f78807e216fe123299265e2b0d774bb,e05cebc18c2dab444215fb826377edb0480db72e2bf33ed776afbbc2a1d7f150,13,1,0.0,0.0019602019999922504,0.20300000000861473,2.9438984,3.152914,3.1580869,primary,False
r031,evaluation_04,ordinary,depth_first,normal,HumanEval/110,HumanEval/110::296,ordinary-permit-e35986ca66190a99945103ca1c9056ad,1,fail,72925733ecf8fbd54106b8f38b740f69b209737a171cd43d89ce8fc722c6e0b3,254c937fc2f6dabe3b2adfb7937b92a8d653d7c243dfd0807ea8e9b3256ff46e,9070f9606140e86bbcaee239a3ca5ecb0495e20e86d52a4a0c05c003c99508a1,e05cebc18c2dab444215fb826377edb0480db72e2bf33ed776afbbc2a1d7f150,1,1,0.0,0.002028131000002986,0.20300000000861473,0.0296695,0.2468257,0.252031,primary,False
r031,evaluation_04,ordinary,depth_first,normal,HumanEval/110,HumanEval/110::467,ordinary-permit-b44da8689645e39832c62a6b050f5396,2,fail,fd3f9fd1e6b8f86c31f598327f6d2d19e8664be5627c80c6718af16d2ad0d07f,039b5c617010a9384ef5a923bca13d3675059f0975fee8d92a8f4aa3cbe37470,9070f9606140e86bbcaee239a3ca5ecb0495e20e86d52a4a0c05c003c99508a1,e05cebc18c2dab444215fb826377edb0480db72e2bf33ed776afbbc2a1d7f150,2,1,0.0,0.0020519850000084716,0.21900000001187436,0.2775578,0.4968715,0.5011589,primary,False
r031,evaluation_04,ordinary,depth_first,normal,HumanEval/110,HumanEval/110::464,ordinary-permit-b09b84611fea3e518d49a2b4286abae0,3,pass,c757d6ad3384a481ed4a4b67c8087491893ae091a00a3f3e7312c7b26179f96c,bddff844d4fe3f04422a2932e7ca4ffd7d88da482e3650bed5f80f9f860d022a,9070f9606140e86bbcaee239a3ca5ecb0495e20e86d52a4a0c05c003c99508a1,e05cebc18c2dab444215fb826377edb0480db72e2bf33ed776afbbc2a1d7f150,3,1,0.002758,0.003277832999998509,0.21900000001187436,0.5279857,0.7469517,0.7514793,primary,False
r031,evaluation_04,ordinary,depth_first,normal,HumanEval/48,HumanEval/48::419,ordinary-permit-e9afd2e1fb73137007baca4bea24d3c4,4,pass,6b362cbae3d022ed8e4834059944249876b7b9efd88ff1329e4f64c1ae7cadf4,27ab3fb9673a5b1311caca4c15b8e9b90c4fa2811cdfaedcefe9a769143df162,26ad8f22528a485295dfc0a1e6c6fca0299aaa18946cd952fe3eb7ad9f63150f,e05cebc18c2dab444215fb826377edb0480db72e2bf33ed776afbbc2a1d7f150,4,1,0.0,0.0020063489999984085,0.20300000000861473,0.7795238,0.9877589,0.9926655,primary,False
r031,evaluation_04,ordinary,depth_first,normal,HumanEval/16,HumanEval/16::302,ordinary-permit-730a6c91c65cedb75a04183e3da7aa6d,5,pass,7c00a1a85c495063ad55778d8f90adda16138d68998c3af1c239ec9d959798ee,e550abc53afcca09fa0e32e2dfb0c74fde764c511e092b94573b699ede28a786,9d673b494a6278c5d70c5a19ea47535b7635d8aacbf25dcb0a8442c1065a0165,e05cebc18c2dab444215fb826377edb0480db72e2bf33ed776afbbc2a1d7f150,5,1,0.0,0.0016917279999972834,0.20300000000861473,1.0301666,1.2387113,1.2434822,primary,False
r031,evaluation_04,ordinary,depth_first,normal,HumanEval/136,HumanEval/136::53,ordinary-permit-c55f17f6be6c87504a357f3e95c00768,6,pass,2faee68f300cdde3518d383615a25c23a372be84754d10dbf324320273813f6c,ce35ccc789bedf741c6a093bdb2bfbb5c4dfcf259f058e663d9de70e75236997,27f98a8da9cf06756450a551914c62333f2f9288ab6632709f79b2adb778ff4e,e05cebc18c2dab444215fb826377edb0480db72e2bf33ed776afbbc2a1d7f150,6,1,0.0011799999999999998,0.0023411579999788046,0.20300000000861473,1.2800891,1.4855047,1.4906593,primary,False
r031,evaluation_04,ordinary,depth_first,normal,HumanEval/120,HumanEval/120::418,ordinary-permit-1da1f1c5d2f66d4e1bb0a6f1639a71d7,7,fail,91e0931150dfb1bc33969ee36ebc2858ad2b0261dcce57ce872c81bdbadcda16,34f79855ef438a0b490fe49a03dc723c59dc6fd6d5771f2cdaa28cd59ac461fe,aa57a4eb8443457f7c28ac51bf4bc65e8f78807e216fe123299265e2b0d774bb,e05cebc18c2dab444215fb826377edb0480db72e2bf33ed776afbbc2a1d7f150,7,1,0.0,0.002096561000001884,0.20399999999790452,1.5145561,1.7243544,1.7288262,primary,False
r031,evaluation_04,ordinary,depth_first,normal,HumanEval/120,HumanEval/120::339,ordinary-permit-a60f16b64c9ba8facc3e8d44a467f0bf,8,fail,4fea4a0f1e7538027c96a530fb89b40692a01fb0f689d6636c56a6a6ef0b040c,9605fad84d68cd4438fa05e949adb8bc7e96cabee4f409ac233798a41874f4dc,aa57a4eb8443457f7c28ac51bf4bc65e8f78807e216fe123299265e2b0d774bb,e05cebc18c2dab444215fb826377edb0480db72e2bf33ed776afbbc2a1d7f150,8,1,0.00058,0.00199027400000773,0.20399999999790452,1.7658001,1.9740637,1.9791598,primary,False
r031,evaluation_04,ordinary,depth_first,normal,HumanEval/120,HumanEval/120::195,ordinary-permit-696a49f26fa02a89baf4c7de5feab674,9,fail,435cbe058e4cb1ae0930c6d47854beff1d80dfaffba4a8c723fdda6b89d88164,78fc6bfc0a9c19a258d20da88ab477c36efd37d689ae41752f4635e46790b1ce,aa57a4eb8443457f7c28ac51bf4bc65e8f78807e216fe123299265e2b0d774bb,e05cebc18c2dab444215fb826377edb0480db72e2bf33ed776afbbc2a1d7f150,9,1,0.0,0.0020562539999957608,0.20399999999790452,2.0164034,2.2248146,2.229451,primary,False
r031,evaluation_04,ordinary,depth_first,normal,HumanEval/120,HumanEval/120::304,ordinary-permit-342450fd04bcb6e9f3e67dca9a66e558,10,fail,650bff2f71ef2d6628aead5279d6fd42fb1b450001c1f5e2d9b8c76f3466a7ec,04503584235bf157f60f8793b3d117cc95fe8cb4b963b9aaf7dd51a55ee2ec08,aa57a4eb8443457f7c28ac51bf4bc65e8f78807e216fe123299265e2b0d774bb,e05cebc18c2dab444215fb826377edb0480db72e2bf33ed776afbbc2a1d7f150,10,1,0.0005949999999999999,0.00241691600001559,0.20399999999790452,2.2671447,2.4811143,2.4864391,primary,False
r031,evaluation_04,ordinary,depth_first,normal,HumanEval/122,HumanEval/122::359,ordinary-permit-3665ed60f94784441fa9e2ae919f5047,11,pass,6cf2880509d0428a6059a33243e350b46c20abf0ed679d9edecaf20df762a519,91193185a30601dfef1d1bb884491c94461ca548a4e469e3d332ed220881e2ae,4ce61ca0e2dac7f4563fe2206fba98fcc9b3a717166561dc052be2be16c9d7b8,e05cebc18c2dab444215fb826377edb0480db72e2bf33ed776afbbc2a1d7f150,11,1,0.0,0.001901320999991185,0.20399999999790452,2.5188619,2.7291555,2.7341295,primary,False
r031,evaluation_04,ordinary,depth_first,normal,HumanEval/8,HumanEval/8::212,ordinary-permit-eb9c32288c7d7b947b83f8c94f73feb5,12,pass,7f4aedc87546a24ee752aaae76555f14da5738d377becd6670aaa40bd4ef9c4c,50c78780c2923b943f8427ea79e5c58ff3ca25ee3d29b60f65fda7f9f2e0f6b0,0910e972b4099735ae4c3035ac238672cc262ac579410a6e7aa8a79382c56e1b,e05cebc18c2dab444215fb826377edb0480db72e2bf33ed776afbbc2a1d7f150,12,1,6.7e-05,0.0020627520000005006,0.20399999999790452,2.7718481,2.9792378,2.9847493,primary,False
r031,evaluation_04,ordinary,depth_first,normal,HumanEval/133,HumanEval/133::97,ordinary-permit-65ceac7d44659d121f8aaac8c1e87deb,13,pass,1a4e696448474cedc202a9d360c3c498b43decb8390898f704fb1043568bb2f7,90d0379c9c29ff4a184d762a3781a400514b5922a0a1399fe035d66404c34941,0ee8283964d14bd50472f418a3776dbcb77bb74bea6626a47fae5e565eca409c,e05cebc18c2dab444215fb826377edb0480db72e2bf33ed776afbbc2a1d7f150,13,1,0.0,0.002289386000001059,0.20399999999790452,3.0209855,3.2273886,3.232411,primary,False
r032,evaluation_04,ecrc,depth_first,normal,HumanEval/110,HumanEval/110::296,permit_df049f409dc0a2dafe72b82ba5f91752,1,fail,2fb52f368d63c810efbb1b3afcc5325428853d874b4101c68803c81d4db5a495,254c937fc2f6dabe3b2adfb7937b92a8d653d7c243dfd0807ea8e9b3256ff46e,9070f9606140e86bbcaee239a3ca5ecb0495e20e86d52a4a0c05c003c99508a1,e05cebc18c2dab444215fb826377edb0480db72e2bf33ed776afbbc2a1d7f150,1,1,0.0,0.002136586000005991,0.2029999999795109,0.0395812,0.2470125,0.252039,primary,False
r032,evaluation_04,ecrc,depth_first,normal,HumanEval/110,HumanEval/110::467,permit_d4bb251ce20eb437052fb07904b81ac2,2,fail,99e913f2b652a4c4fde6ad95acb59bc998caeefea51b107de248d82757e509f1,039b5c617010a9384ef5a923bca13d3675059f0975fee8d92a8f4aa3cbe37470,9070f9606140e86bbcaee239a3ca5ecb0495e20e86d52a4a0c05c003c99508a1,e05cebc18c2dab444215fb826377edb0480db72e2bf33ed776afbbc2a1d7f150,2,1,0.001353,0.0023314350000021022,0.2029999999795109,0.2897962,0.4976977,0.5036211,primary,False
r032,evaluation_04,ecrc,depth_first,normal,HumanEval/110,HumanEval/110::464,permit_f2c5cb825fc8274933ab35dffa811dae,3,pass,38d59bbb0bcd959545ff969caeecb568dca967d20146733141d25de4345df108,bddff844d4fe3f04422a2932e7ca4ffd7d88da482e3650bed5f80f9f860d022a,9070f9606140e86bbcaee239a3ca5ecb0495e20e86d52a4a0c05c003c99508a1,e05cebc18c2dab444215fb826377edb0480db72e2bf33ed776afbbc2a1d7f150,3,1,0.0,0.0022951300000215724,0.2029999999795109,0.5389768,0.7473926,0.7521279,primary,False
r032,evaluation_04,ecrc,depth_first,normal,HumanEval/48,HumanEval/48::419,permit_bd28b4d8d83a6865fbcf2ab26d0094ba,4,pass,e4b35f242f5aff52ef0104afa4e06ed0cf525811426460b3e1aca5335aa0c892,27ab3fb9673a5b1311caca4c15b8e9b90c4fa2811cdfaedcefe9a769143df162,26ad8f22528a485295dfc0a1e6c6fca0299aaa18946cd952fe3eb7ad9f63150f,e05cebc18c2dab444215fb826377edb0480db72e2bf33ed776afbbc2a1d7f150,4,1,0.0,0.0018756279999934122,0.2029999999795109,0.7896921,0.9993921,1.0050042,primary,False
r032,evaluation_04,ecrc,depth_first,normal,HumanEval/16,HumanEval/16::302,permit_a76f41714b0598a5abe1a6315597464d,5,pass,fe8bc52d3c653a7db1b4013e9b9e1d61474c33030045de7457e70db767794f48,e550abc53afcca09fa0e32e2dfb0c74fde764c511e092b94573b699ede28a786,9d673b494a6278c5d70c5a19ea47535b7635d8aacbf25dcb0a8442c1065a0165,e05cebc18c2dab444215fb826377edb0480db72e2bf33ed776afbbc2a1d7f150,5,1,0.0007329999999999999,0.0018691200000091612,0.21799999999348074,1.0396929,1.2546587,1.2612685,primary,False
r032,evaluation_04,ecrc,depth_first,normal,HumanEval/136,HumanEval/136::53,permit_6d0f87be773039f90734bd4f36583d09,6,pass,3d0040869cf50edafd443d895378361d3df568bc2c02fff120aa53b1c5b2c0bb,ce35ccc789bedf741c6a093bdb2bfbb5c4dfcf259f058e663d9de70e75236997,27f98a8da9cf06756450a551914c62333f2f9288ab6632709f79b2adb778ff4e,e05cebc18c2dab444215fb826377edb0480db72e2bf33ed776afbbc2a1d7f150,6,1,0.00158,0.002216333000006898,0.20300000000861473,1.3034697,1.5133377,1.5184867,primary,False
r032,evaluation_04,ecrc,depth_first,normal,HumanEval/120,HumanEval/120::418,permit_a7ebe35fc85ca8d04ba94c834b5db9d9,7,fail,012bb2b76bee72c0bb644144f13b351b0ca81a79345a77c8185b9878ad652112,34f79855ef438a0b490fe49a03dc723c59dc6fd6d5771f2cdaa28cd59ac461fe,aa57a4eb8443457f7c28ac51bf4bc65e8f78807e216fe123299265e2b0d774bb,e05cebc18c2dab444215fb826377edb0480db72e2bf33ed776afbbc2a1d7f150,7,1,0.0,0.0020065809999891826,0.20300000000861473,1.553099,1.7630964,1.7686639,primary,False
r032,evaluation_04,ecrc,depth_first,normal,HumanEval/120,HumanEval/120::339,permit_af3b5b1c045b86b3b7a43fd115809c36,8,fail,d7d5c88419cac6a1143578671e98683b37d8d0b4f9a30b65003cd0069cf25670,9605fad84d68cd4438fa05e949adb8bc7e96cabee4f409ac233798a41874f4dc,aa57a4eb8443457f7c28ac51bf4bc65e8f78807e216fe123299265e2b0d774bb,e05cebc18c2dab444215fb826377edb0480db72e2bf33ed776afbbc2a1d7f150,8,1,0.000503,0.0021015899999952126,0.20300000000861473,1.8035203,2.0129068,2.0181621,primary,False
r032,evaluation_04,ecrc,depth_first,normal,HumanEval/120,HumanEval/120::195,permit_f5fb417fe99c1cce2fbd9ce02a28e909,9,fail,42d8fb00cf99bb0af16ca849e1ed868b684b7e4c9f74f213bce431e6cd8b87b6,78fc6bfc0a9c19a258d20da88ab477c36efd37d689ae41752f4635e46790b1ce,aa57a4eb8443457f7c28ac51bf4bc65e8f78807e216fe123299265e2b0d774bb,e05cebc18c2dab444215fb826377edb0480db72e2bf33ed776afbbc2a1d7f150,9,1,0.00018099999999999998,0.002053939999996146,0.20300000000861473,2.0533525,2.2629484,2.2680692,primary,False
r032,evaluation_04,ecrc,depth_first,normal,HumanEval/120,HumanEval/120::304,permit_acbc78f8a65b78c3dd9bd36a5e1f6d8f,10,fail,9a5245ab1348d1ee5892681bfc6df455d68b5380c51a39c37d1c529923ec95d0,04503584235bf157f60f8793b3d117cc95fe8cb4b963b9aaf7dd51a55ee2ec08,aa57a4eb8443457f7c28ac51bf4bc65e8f78807e216fe123299265e2b0d774bb,e05cebc18c2dab444215fb826377edb0480db72e2bf33ed776afbbc2a1d7f150,10,1,0.0,0.0019940020000035474,0.20300000000861473,2.3026837,2.5110279,2.5159232,primary,False
r032,evaluation_04,ecrc,depth_first,normal,HumanEval/122,HumanEval/122::359,permit_156c068f835419bb7b5354bf860e020b,11,pass,81baa4d59814ccea284e92dcb51d996b318039bf5652ceaf727da5d999cdf102,91193185a30601dfef1d1bb884491c94461ca548a4e469e3d332ed220881e2ae,4ce61ca0e2dac7f4563fe2206fba98fcc9b3a717166561dc052be2be16c9d7b8,e05cebc18c2dab444215fb826377edb0480db72e2bf33ed776afbbc2a1d7f150,11,1,0.000995,0.002029584000013074,0.20300000000861473,2.5537955,2.762171,2.7678685,primary,False
r032,evaluation_04,ecrc,depth_first,normal,HumanEval/8,HumanEval/8::212,permit_0ab8ee1076fd6fa54630d51569d7063d,12,pass,715870418efa09eb50558e381f579d8e246932338c4a4dd2a2294380b05ba127,50c78780c2923b943f8427ea79e5c58ff3ca25ee3d29b60f65fda7f9f2e0f6b0,0910e972b4099735ae4c3035ac238672cc262ac579410a6e7aa8a79382c56e1b,e05cebc18c2dab444215fb826377edb0480db72e2bf33ed776afbbc2a1d7f150,12,1,0.0,0.002328760000011698,0.20300000000861473,2.8028524,3.0119464,3.017048,primary,False
r032,evaluation_04,ecrc,depth_first,normal,HumanEval/133,HumanEval/133::97,permit_3733b81c214afd30799d3b4263aa797f,13,pass,200219ca7e8bd03e27c0b8b01c8802abbafa33518922ff98f0e39a235a65c2bf,90d0379c9c29ff4a184d762a3781a400514b5922a0a1399fe035d66404c34941,0ee8283964d14bd50472f418a3776dbcb77bb74bea6626a47fae5e565eca409c,e05cebc18c2dab444215fb826377edb0480db72e2bf33ed776afbbc2a1d7f150,13,1,0.0,0.00231789999998,0.2029999999795109,3.0343085,3.2438408,3.2487294,primary,False
r033,evaluation_05,ecrc,depth_first,normal,HumanEval/77,HumanEval/77::35,permit_a01be6e4e2e96bbe6347d16478e4f42e,1,fail,c7eef9f8f19aff1ae106eca6ac58a7bfc22a4addc7159994822677c7bc18a845,f4d8befdf43ca7672c68dcfa9e4cf76595ab7f3895f5c8f367707d9c34255785,564cce2b7cb12948c89a5af11eace63285df6ecb7674e92fc8a4687608659e56,e05cebc18c2dab444215fb826377edb0480db72e2bf33ed776afbbc2a1d7f150,1,1,0.0015589999999999998,0.0020444619999864244,0.21900000001187436,0.0189369,0.2359171,0.2403857,primary,False
r033,evaluation_05,ecrc,depth_first,normal,HumanEval/77,HumanEval/77::99,permit_22c2737739c7fac198299ad9fc8f58a8,2,fail,4a728581c83b8524479f678e32b4265b721d8347c2620647b95588c729aea0e5,06e481ac9d9bd431c15de3d61f8631216c4449f807f4031ede332b7ceb213187,564cce2b7cb12948c89a5af11eace63285df6ecb7674e92fc8a4687608659e56,e05cebc18c2dab444215fb826377edb0480db72e2bf33ed776afbbc2a1d7f150,2,1,0.000578,0.002063498000012487,0.20300000000861473,0.2811676,0.4923958,0.4978919,primary,False
r033,evaluation_05,ecrc,depth_first,normal,HumanEval/77,HumanEval/77::271,permit_7b43017aace24e0dfd3fc5bf2962b992,3,fail,3933400989ee2e2c74ffebeb8914fa6922133adedb965a66ed873ce2e29137a9,aac808412cba19da22301576717789d9a31b97ecf339d984a1e3830b4a78405e,564cce2b7cb12948c89a5af11eace63285df6ecb7674e92fc8a4687608659e56,e05cebc18c2dab444215fb826377edb0480db72e2bf33ed776afbbc2a1d7f150,3,1,0.0,0.0022046710000154235,0.21900000001187436,0.5149195,0.7326365,0.7381514,primary,False
r033,evaluation_05,ecrc,depth_first,normal,HumanEval/77,HumanEval/77::119,permit_bb0736d0ea45f21741ec03ae9e1e5cf6,4,fail,483cd3dcf2f92ef831b5b1505161b7d8e8d851d88a582ba71eaed141727bc2a0,ff63252284ccf1abe0be8a0ef96c165993e45bed7cfbd49d3f9b3957fd3ecf40,564cce2b7cb12948c89a5af11eace63285df6ecb7674e92fc8a4687608659e56,e05cebc18c2dab444215fb826377edb0480db72e2bf33ed776afbbc2a1d7f150,4,1,8.099999999999999e-05,0.0018700669999986985,0.20300000000861473,0.7795684,0.9891788,0.9946741,primary,False
r033,evaluation_05,ecrc,depth_first,normal,HumanEval/76,HumanEval/76::464,permit_b27c41119b31723ecc751c86499e06f4,5,fail,1217cb5bf9aee1e4683056286b0c0ccecb2c130e9abfce8e75f05a420d350ac6,cb1b107cb039604a488a37d645ac64f676133c1dafc296a995eca289f77668ec,53c46df7af3aa4651aeb0887a3ffc7b662f962130b6d63c3d4be47fe14029541,e05cebc18c2dab444215fb826377edb0480db72e2bf33ed776afbbc2a1d7f150,5,1,0.0,0.0020221499999877324,0.20300000000861473,1.0293772,1.239415,1.2445568,primary,False
r033,evaluation_05,ecrc,depth_first,normal,HumanEval/76,HumanEval/76::219,permit_64781940f2672e6c75ee8199c748e4bf,6,fail,eb2b52c75974fa339abef80fc6c07ecd10cebda756a8b183b11ddc541bd25f11,a4b6257a86fcd13331db66808888e327aac9f995b5ed26563d2af4662ea693d5,53c46df7af3aa4651aeb0887a3ffc7b662f962130b6d63c3d4be47fe14029541,e05cebc18c2dab444215fb826377edb0480db72e2bf33ed776afbbc2a1d7f150,6,1,0.0,0.0021743340000170974,0.20300000000861473,1.2775528,1.4898822,1.4956272,primary,False
r033,evaluation_05,ecrc,depth_first,normal,HumanEval/76,HumanEval/76::417,permit_e5372ac0ba6a2adc11b1ae16da32bae1,7,pass,fbf8e6b3638aec12ae2cdbe03d07c479f8283c02f2d79dee1d1180366a65ed72,d4a83fad36d3bc7e4a084180b051c7ab02e75dd886847a66c687f36426b445f1,53c46df7af3aa4651aeb0887a3ffc7b662f962130b6d63c3d4be47fe14029541,e05cebc18c2dab444215fb826377edb0480db72e2bf33ed776afbbc2a1d7f150,7,1,0.001375,0.0022634569999979703,0.21900000001187436,1.5136191,1.7346524,1.7396464,primary,False
r033,evaluation_05,ecrc,depth_first,normal,HumanEval/42,HumanEval/42::238,permit_9e5cc21e4283fab7112722d3a4d1aa98,8,pass,0627ec334a9bd715f3407fac3cb857d1cd0f896cc294742ed9ba1863a483e5bd,c91578d3bdeb57431a6433cfd7e33385b0c9bf438864e64d27544fe6249877d7,44c7c3fc1a4e1c708b20efba70e38c8b635c2d71f9d31009a52e69789e9b83ab,e05cebc18c2dab444215fb826377edb0480db72e2bf33ed776afbbc2a1d7f150,8,1,0.0,0.0019089549999762312,0.20300000000861473,1.7780474,1.9913669,1.9967878,primary,False
r033,evaluation_05,ecrc,depth_first,normal,HumanEval/126,HumanEval/126::432,permit_3b1166f4c62ffc2352b1d667e59df4a4,9,fail,1a6d7c866ff7d10fba98ca037184ee75feb9a54c7494d06c14e28fb016134b46,3ffa7d12dad2f4ec04360b4b89b13a4e98861a2ec88731a7c9f66de6d41c0e73,774a97c8931cda8f2cc56f9581b0f38d4d2f34e3c0f9c4caff1e107e744263f2,e05cebc18c2dab444215fb826377edb0480db72e2bf33ed776afbbc2a1d7f150,9,1,0.000374,0.0020064900000136277,0.20300000000861473,2.0274162,2.2373426,2.2431983,primary,False
r033,evaluation_05,ecrc,depth_first,normal,HumanEval/126,HumanEval/126::468,permit_15824b81f79c42e98bf680a5432d0b14,10,fail,7427c2da3e66cbfc339b6cc34ff8bfcbed7d9c207f9d2f69d857aff29f30a06f,29945f1470f7ff4556c7d1f639eb3cdf0bcd549225626b71cc1890816a37c33f,774a97c8931cda8f2cc56f9581b0f38d4d2f34e3c0f9c4caff1e107e744263f2,e05cebc18c2dab444215fb826377edb0480db72e2bf33ed776afbbc2a1d7f150,10,1,0.000972,0.002067525999990494,0.20300000000861473,2.2769693,2.4886035,2.4940572,primary,False
r033,evaluation_05,ecrc,depth_first,normal,HumanEval/126,HumanEval/126::454,permit_83895c7c14ac6fd08d938133a3ddc024,11,fail,45419dd02fd8ab17d67b18048eb180b1532f061c04ffd7c84328ed797c9e2341,f23ea596775e131e953e3f2b264744b9ac2026f6850333c658155925ff299c70,774a97c8931cda8f2cc56f9581b0f38d4d2f34e3c0f9c4caff1e107e744263f2,e05cebc18c2dab444215fb826377edb0480db72e2bf33ed776afbbc2a1d7f150,11,1,0.0,0.001990038999991839,0.20300000000861473,2.5285559,2.7351539,2.7407256,primary,False
r033,evaluation_05,ecrc,depth_first,normal,HumanEval/126,HumanEval/126::422,permit_0ae8f2bba967b333235ca1d835bb5ad3,12,fail,792bdc6b0b2bfd5cdfda01ebc73eec8303f93fb7d2995bf621ffe78a118ca9ba,efd39e46fa4f588baafff47b2ccbb186c3615e62fc743086cc322a87febb4144,774a97c8931cda8f2cc56f9581b0f38d4d2f34e3c0f9c4caff1e107e744263f2,e05cebc18c2dab444215fb826377edb0480db72e2bf33ed776afbbc2a1d7f150,12,1,0.0,0.0020555170000022827,0.20300000000861473,2.7779558,2.991031,2.9966652,primary,False
r033,evaluation_05,ecrc,depth_first,normal,HumanEval/109,HumanEval/109::390,permit_652e4a77185d23e53ec8d42c27d0e770,13,fail,5a68bab56756a6afbd7bcf4e8c0c28da3938bfd7883e927e0f90b417b04fe023,1765e71b8a66534de395f4ab3493091f0bb877ca2639d045b3ce1373ee0b9382,1165bcb1af1c4e826ec7b1b9178304970b5f776809100bc7c0c653339caaf9fc,e05cebc18c2dab444215fb826377edb0480db72e2bf33ed776afbbc2a1d7f150,13,1,0.0,0.0020055569999897216,0.21900000001187436,3.0145365,3.2354614,3.241193,primary,False
r033,evaluation_05,ecrc,depth_first,normal,HumanEval/109,HumanEval/109::372,permit_8fb147d6a82282d9c3d31cf8b3043ecd,14,fail,23d9bf12e86e091d449e45346f6034d6eb9025e44e329c4cb804fb7ee0e52485,ecae171f0345cd50c18cf7e632273fef94229a57f1d85be3be5aa9e794887626,1165bcb1af1c4e826ec7b1b9178304970b5f776809100bc7c0c653339caaf9fc,e05cebc18c2dab444215fb826377edb0480db72e2bf33ed776afbbc2a1d7f150,14,1,0.000127,0.0022242980000157786,0.20300000000861473,3.2761518,3.4860529,3.4907606,primary,False
r033,evaluation_05,ecrc,depth_first,normal,HumanEval/109,HumanEval/109::488,permit_cb83eddb96df8b614364d91e9eb2f25f,15,pass,a6af8a5caed8f0f813fa767446d3b030ca5cb40bc5b88cec6308121f094c9841,8c3bcf53648988ebab469ecab7e705342c327b53bdb0cdeedbb6cdf91e167bdd,1165bcb1af1c4e826ec7b1b9178304970b5f776809100bc7c0c653339caaf9fc,e05cebc18c2dab444215fb826377edb0480db72e2bf33ed776afbbc2a1d7f150,15,1,0.001424,0.002444343999997045,0.20300000000861473,3.5255828,3.7377645,3.7435102,primary,False
r033,evaluation_05,ecrc,depth_first,normal,HumanEval/54,HumanEval/54::223,permit_0a49431cb6672bb0b0fe84e7caa25df5,16,pass,b82f36cf978c31e6490991fb8de86c80f85a5cb90b20b36ec2d0f686a2c0fd64,80633b2db39880f27a9ca63946b3cab422a8dec6b75720300484c205e554a3a0,ecc199392d4265885c74bbc652634ba81b68084eeb0ef0cf3a810e3816f083c5,e05cebc18c2dab444215fb826377edb0480db72e2bf33ed776afbbc2a1d7f150,16,1,0.00042899999999999997,0.0020882149999863486,0.20300000000861473,3.7747913,3.9854042,3.9915835,primary,False
r034,evaluation_05,ordinary,depth_first,normal,HumanEval/77,HumanEval/77::35,ordinary-permit-1978101f10d2e0c768665d559c317873,1,fail,4294f14165893dbfebd0c976118db0eeb0e9f47cf14af0b77334440ad3836e34,f4d8befdf43ca7672c68dcfa9e4cf76595ab7f3895f5c8f367707d9c34255785,564cce2b7cb12948c89a5af11eace63285df6ecb7674e92fc8a4687608659e56,e05cebc18c2dab444215fb826377edb0480db72e2bf33ed776afbbc2a1d7f150,1,1,0.000486,0.0021735710000143627,0.20300000000861473,0.0394662,0.2481806,0.2531264,primary,False
r034,evaluation_05,ordinary,depth_first,normal,HumanEval/77,HumanEval/77::99,ordinary-permit-daddae991a60caa709ef66c16a4706ab,2,fail,c23e69516a90b1842222f89610ef99419e076357fa3dc3fe2ee7b96b27eeacc8,06e481ac9d9bd431c15de3d61f8631216c4449f807f4031ede332b7ceb213187,564cce2b7cb12948c89a5af11eace63285df6ecb7674e92fc8a4687608659e56,e05cebc18c2dab444215fb826377edb0480db72e2bf33ed776afbbc2a1d7f150,2,1,0.000612,0.0022129810000137695,0.21899999998277053,0.2883485,0.504887,0.510015,primary,False
r034,evaluation_05,ordinary,depth_first,normal,HumanEval/77,HumanEval/77::271,ordinary-permit-857e520971ed6330176d54fa3692ba78,3,fail,5b78635ed38b8303f493250cd823a3680b90d9c10945fc688b9c0ecf55e4193c,aac808412cba19da22301576717789d9a31b97ecf339d984a1e3830b4a78405e,564cce2b7cb12948c89a5af11eace63285df6ecb7674e92fc8a4687608659e56,e05cebc18c2dab444215fb826377edb0480db72e2bf33ed776afbbc2a1d7f150,3,1,0.000771,0.002192877999988241,0.21899999998277053,0.5388522,0.7475184,0.7525274,primary,False
r034,evaluation_05,ordinary,depth_first,normal,HumanEval/77,HumanEval/77::119,ordinary-permit-da46311dee0ea2490e8525eeaa5e45f5,4,fail,0c349d32921956747770af6e48e47672ca42bb9c68fab440a7dbd83d1454b6bb,ff63252284ccf1abe0be8a0ef96c165993e45bed7cfbd49d3f9b3957fd3ecf40,564cce2b7cb12948c89a5af11eace63285df6ecb7674e92fc8a4687608659e56,e05cebc18c2dab444215fb826377edb0480db72e2bf33ed776afbbc2a1d7f150,4,1,0.0,0.0020981979999987743,0.21899999998277053,0.7867401,0.9978166,1.0042617,primary,False
r034,evaluation_05,ordinary,depth_first,normal,HumanEval/76,HumanEval/76::464,ordinary-permit-b45056f6fd7c84f2dd0f3a7e9ab87c5f,5,fail,eea957c6790fea66d09dc7a9f2b6dbb3931b0d6c8ca006cf2516943ac7877871,cb1b107cb039604a488a37d645ac64f676133c1dafc296a995eca289f77668ec,53c46df7af3aa4651aeb0887a3ffc7b662f962130b6d63c3d4be47fe14029541,e05cebc18c2dab444215fb826377edb0480db72e2bf33ed776afbbc2a1d7f150,5,1,0.0,0.001964401000009275,0.21899999998277053,1.0373475,1.2461344,1.2512737,primary,False
r034,evaluation_05,ordinary,depth_first,normal,HumanEval/76,HumanEval/76::219,ordinary-permit-21e4c1993f07a913296c8cc7c2bc1891,6,fail,97e6c9855373d840d17a0604c0d95dbd073b4cbda2aaa5dc27f4eccc0686e66e,a4b6257a86fcd13331db66808888e327aac9f995b5ed26563d2af4662ea693d5,53c46df7af3aa4651aeb0887a3ffc7b662f962130b6d63c3d4be47fe14029541,e05cebc18c2dab444215fb826377edb0480db72e2bf33ed776afbbc2a1d7f150,6,1,0.0017859999999999998,0.0022566840000024513,0.2029999999795109,1.2851631,1.4942569,1.498958,primary,False
r034,evaluation_05,ordinary,depth_first,normal,HumanEval/76,HumanEval/76::417,ordinary-permit-279f2057a2aafa6bde273d8a3c8b785e,7,pass,108e52c5da40375f085fdf6f5e920645f487ebe64ad201a0dea1b8746fe7e767,d4a83fad36d3bc7e4a084180b051c7ab02e75dd886847a66c687f36426b445f1,53c46df7af3aa4651aeb0887a3ffc7b662f962130b6d63c3d4be47fe14029541,e05cebc18c2dab444215fb826377edb0480db72e2bf33ed776afbbc2a1d7f150,7,1,0.0016179999999999999,0.0022294830000078036,0.2029999999795109,1.5356097,1.7427997,1.7474382,primary,False
r034,evaluation_05,ordinary,depth_first,normal,HumanEval/42,HumanEval/42::238,ordinary-permit-2c3f3e278707b16b9b40597b3c6d0cda,8,pass,0f468b44e5ec814de89da81e14a8332b84e084f34fdc2eca69b55de4cf087bdf,c91578d3bdeb57431a6433cfd7e33385b0c9bf438864e64d27544fe6249877d7,44c7c3fc1a4e1c708b20efba70e38c8b635c2d71f9d31009a52e69789e9b83ab,e05cebc18c2dab444215fb826377edb0480db72e2bf33ed776afbbc2a1d7f150,8,1,0.0,0.0023281800000063413,0.20300000000861473,1.7707332,1.9768136,1.9811217,primary,False
r034,evaluation_05,ordinary,depth_first,normal,HumanEval/126,HumanEval/126::432,ordinary-permit-a03afa1bc8625a8bc19793b513ad4017,9,fail,44443bae01436091b001b5d9ff7b42fac9ce37f24f4e1d0fd4d78571bdfb052c,3ffa7d12dad2f4ec04360b4b89b13a4e98861a2ec88731a7c9f66de6d41c0e73,774a97c8931cda8f2cc56f9581b0f38d4d2f34e3c0f9c4caff1e107e744263f2,e05cebc18c2dab444215fb826377edb0480db72e2bf33ed776afbbc2a1d7f150,9,1,0.0,0.002505018999983122,0.20300000000861473,2.0185611,2.2252389,2.2297485,primary,False
r034,evaluation_05,ordinary,depth_first,normal,HumanEval/126,HumanEval/126::468,ordinary-permit-236089e953d2a3ac7743099642a77385,10,fail,246314107d5422657174f03941273842afa9dcfce821b1b0ac7fb6ddb3e4f172,29945f1470f7ff4556c7d1f639eb3cdf0bcd549225626b71cc1890816a37c33f,774a97c8931cda8f2cc56f9581b0f38d4d2f34e3c0f9c4caff1e107e744263f2,e05cebc18c2dab444215fb826377edb0480db72e2bf33ed776afbbc2a1d7f150,10,1,0.0014759999999999999,0.0018605999999863343,0.21900000001187436,2.2526435,2.4634372,2.4687432,primary,False
r034,evaluation_05,ordinary,depth_first,normal,HumanEval/126,HumanEval/126::454,ordinary-permit-5ba5702025c44801e807243b30ce02e1,11,fail,6894b05f169977d291c87851def1bf115ce1fdcfba7b8cdb35fd843d2b9f7ce0,f23ea596775e131e953e3f2b264744b9ac2026f6850333c658155925ff299c70,774a97c8931cda8f2cc56f9581b0f38d4d2f34e3c0f9c4caff1e107e744263f2,e05cebc18c2dab444215fb826377edb0480db72e2bf33ed776afbbc2a1d7f150,11,1,0.000879,0.002337616999994907,0.21900000001187436,2.501552,2.7164708,2.722025,primary,False
r034,evaluation_05,ordinary,depth_first,normal,HumanEval/126,HumanEval/126::422,ordinary-permit-9208653fde85eff754bce913b67564ff,12,fail,adca3ff3fdce1182f10ce412b0f1b59c49a7e93509d7e13a2dbd1d7ae5077cf2,efd39e46fa4f588baafff47b2ccbb186c3615e62fc743086cc322a87febb4144,774a97c8931cda8f2cc56f9581b0f38d4d2f34e3c0f9c4caff1e107e744263f2,e05cebc18c2dab444215fb826377edb0480db72e2bf33ed776afbbc2a1d7f150,12,1,0.000649,0.0021109280000075614,0.20300000000861473,2.7529785,2.9606285,2.9653851,primary,False
r034,evaluation_05,ordinary,depth_first,normal,HumanEval/109,HumanEval/109::390,ordinary-permit-e1b6b76de92d2169ddfc6024fa2881d8,13,fail,9a289f43f5f32dc2e6a75cb610eb91503dea9a42b8276ca1f110a5534962bc6b,1765e71b8a66534de395f4ab3493091f0bb877ca2639d045b3ce1373ee0b9382,1165bcb1af1c4e826ec7b1b9178304970b5f776809100bc7c0c653339caaf9fc,e05cebc18c2dab444215fb826377edb0480db72e2bf33ed776afbbc2a1d7f150,13,1,0.0,0.0018163999999956104,0.20300000000861473,3.0035619,3.2126276,3.2172406,primary,False
r034,evaluation_05,ordinary,depth_first,normal,HumanEval/109,HumanEval/109::372,ordinary-permit-9ba02fa8996b2e8927c7906bc89faed6,14,fail,2f51a3e55156a8e30a358c847f8ae67a6c1137be8734ba5c4a1263807aa0912d,ecae171f0345cd50c18cf7e632273fef94229a57f1d85be3be5aa9e794887626,1165bcb1af1c4e826ec7b1b9178304970b5f776809100bc7c0c653339caaf9fc,e05cebc18c2dab444215fb826377edb0480db72e2bf33ed776afbbc2a1d7f150,14,1,0.001255,0.0022570399999892743,0.20300000000861473,3.2312248,3.4397488,3.4446005,primary,False
r034,evaluation_05,ordinary,depth_first,normal,HumanEval/109,HumanEval/109::488,ordinary-permit-0d6898ec105b5d7b60056b65252c2ba9,15,pass,2db6e2c0e5880e8f940ddff3882a870ee8e394f6a7bb6e1acefd28e8718b3934,8c3bcf53648988ebab469ecab7e705342c327b53bdb0cdeedbb6cdf91e167bdd,1165bcb1af1c4e826ec7b1b9178304970b5f776809100bc7c0c653339caaf9fc,e05cebc18c2dab444215fb826377edb0480db72e2bf33ed776afbbc2a1d7f150,15,1,0.0,0.0019242349999899488,0.2029999999795109,3.4693889,3.6819782,3.6867399,primary,False
r034,evaluation_05,ordinary,depth_first,normal,HumanEval/54,HumanEval/54::223,ordinary-permit-25dd9b5f27f35082ba63e63eea0e258c,16,pass,4fe0895a478940cdf05951ec38501ca986d75413225573739b4cd37cb42bbda6,80633b2db39880f27a9ca63946b3cab422a8dec6b75720300484c205e554a3a0,ecc199392d4265885c74bbc652634ba81b68084eeb0ef0cf3a810e3816f083c5,e05cebc18c2dab444215fb826377edb0480db72e2bf33ed776afbbc2a1d7f150,16,1,0.001516,0.002415734999999586,0.20300000000861473,3.7008548,3.9111831,3.9160867,primary,False
r035,evaluation_05,ordinary,round_robin,normal,HumanEval/77,HumanEval/77::35,ordinary-permit-1978101f10d2e0c768665d559c317873,1,fail,1fd082416e2a53c8dc3ab87021c955ed9f6f2daedf68ea6bc0f38e4427ed9f1b,f4d8befdf43ca7672c68dcfa9e4cf76595ab7f3895f5c8f367707d9c34255785,564cce2b7cb12948c89a5af11eace63285df6ecb7674e92fc8a4687608659e56,e05cebc18c2dab444215fb826377edb0480db72e2bf33ed776afbbc2a1d7f150,1,1,0.001254,0.0021341869999957908,0.21900000001187436,0.0394205,0.2540266,0.2592096,primary,False
r035,evaluation_05,ordinary,round_robin,normal,HumanEval/76,HumanEval/76::464,ordinary-permit-b45056f6fd7c84f2dd0f3a7e9ab87c5f,2,fail,dcc70f69cc38da46e38069ebd72f85e9bd3510be92ca51def2f9283ac7e1c38c,cb1b107cb039604a488a37d645ac64f676133c1dafc296a995eca289f77668ec,53c46df7af3aa4651aeb0887a3ffc7b662f962130b6d63c3d4be47fe14029541,e05cebc18c2dab444215fb826377edb0480db72e2bf33ed776afbbc2a1d7f150,2,1,0.0,0.001874159999999847,0.21900000001187436,0.2740779,0.4899022,0.4945797,primary,False
r035,evaluation_05,ordinary,round_robin,normal,HumanEval/42,HumanEval/42::238,ordinary-permit-2c3f3e278707b16b9b40597b3c6d0cda,3,pass,6368e9ff6615772b5dba6a88251c57d9ae023da5b19077e0912a4b68b1858080,c91578d3bdeb57431a6433cfd7e33385b0c9bf438864e64d27544fe6249877d7,44c7c3fc1a4e1c708b20efba70e38c8b635c2d71f9d31009a52e69789e9b83ab,e05cebc18c2dab444215fb826377edb0480db72e2bf33ed776afbbc2a1d7f150,3,1,0.0,0.0018423349999920902,0.2029999999795109,0.5085897,0.7170341,0.7230126,primary,False
r035,evaluation_05,ordinary,round_robin,normal,HumanEval/126,HumanEval/126::432,ordinary-permit-a03afa1bc8625a8bc19793b513ad4017,4,fail,62b864eacef804ee5d9afeb751b38ab8cd92953b52eb21d954c6dff8e201c951,3ffa7d12dad2f4ec04360b4b89b13a4e98861a2ec88731a7c9f66de6d41c0e73,774a97c8931cda8f2cc56f9581b0f38d4d2f34e3c0f9c4caff1e107e744263f2,e05cebc18c2dab444215fb826377edb0480db72e2bf33ed776afbbc2a1d7f150,4,1,0.000489,0.002083432000006269,0.2029999999795109,0.7571087,0.9670486,0.9724947,primary,False
r035,evaluation_05,ordinary,round_robin,normal,HumanEval/109,HumanEval/109::390,ordinary-permit-e1b6b76de92d2169ddfc6024fa2881d8,5,fail,4cc6a0b90c31fe30b7974f691b1c64b8d3be4e33448ede0c4665d044dc3c18df,1765e71b8a66534de395f4ab3493091f0bb877ca2639d045b3ce1373ee0b9382,1165bcb1af1c4e826ec7b1b9178304970b5f776809100bc7c0c653339caaf9fc,e05cebc18c2dab444215fb826377edb0480db72e2bf33ed776afbbc2a1d7f150,5,1,0.0015739999999999999,0.0023126999999760756,0.2029999999795109,1.0046165,1.2143772,1.2195417,primary,False
r035,evaluation_05,ordinary,round_robin,normal,HumanEval/54,HumanEval/54::223,ordinary-permit-25dd9b5f27f35082ba63e63eea0e258c,6,pass,3a31e9352b996e451f6674fe2566a06d2ff1f1915275d29e1a1f4142a6b07ac0,80633b2db39880f27a9ca63946b3cab422a8dec6b75720300484c205e554a3a0,ecc199392d4265885c74bbc652634ba81b68084eeb0ef0cf3a810e3816f083c5,e05cebc18c2dab444215fb826377edb0480db72e2bf33ed776afbbc2a1d7f150,6,1,0.0,0.0019470020000085242,0.2029999999795109,1.2541628,1.4663638,1.471491,primary,False
r035,evaluation_05,ordinary,round_robin,normal,HumanEval/86,HumanEval/86::353,ordinary-permit-9c59307e5ee756231e496abfc2d04a94,7,fail,c26911e7b84be7d53828f38c062d3302b365c6845f38585372a5da1bafa72944,f9f3b7790cc87b1cd46f78698f3eecdb109f8bb2173bd382b82471b09f0a9c4e,4d0d03c70d8b1f20207f6a535f907449256cb873e9fefc27f0b869a0eb5ede53,e05cebc18c2dab444215fb826377edb0480db72e2bf33ed776afbbc2a1d7f150,7,1,0.0,0.0018856010000263268,0.2029999999795109,1.5054572,1.711663,1.7161293,primary,False
r035,evaluation_05,ordinary,round_robin,normal,HumanEval/19,HumanEval/19::392,ordinary-permit-d07c1bb6dfabf5e6c2594c06e51819a5,8,pass,94a4b9aa9fcce3641584d5224be7a796da20f9c34a1e98c5f0a893fe09fadba8,f3249150bdcd76a9fd688189a1122aeb80a53e2405b6f04626a1ac3e19b6efd7,02b12e072db771dce79ce0b8fd268527b3e50a733c453e35b08818bd0ad5dcb5,e05cebc18c2dab444215fb826377edb0480db72e2bf33ed776afbbc2a1d7f150,8,1,0.0,0.0024298319999900286,0.20300000000861473,1.7388414,1.9466564,1.9522284,primary,False
r035,evaluation_05,ordinary,round_robin,normal,HumanEval/77,HumanEval/77::99,ordinary-permit-daddae991a60caa709ef66c16a4706ab,9,fail,b42432c13b806cf921cb9e0f72b8f895a5ea8aa9448ccf72f92b19607faa55a0,06e481ac9d9bd431c15de3d61f8631216c4449f807f4031ede332b7ceb213187,564cce2b7cb12948c89a5af11eace63285df6ecb7674e92fc8a4687608659e56,e05cebc18c2dab444215fb826377edb0480db72e2bf33ed776afbbc2a1d7f150,9,1,0.0,0.0022072810000111076,0.20300000000861473,1.9879579,2.1968684,2.2020147,primary,False
r035,evaluation_05,ordinary,round_robin,normal,HumanEval/76,HumanEval/76::219,ordinary-permit-21e4c1993f07a913296c8cc7c2bc1891,10,fail,958df12d566b479babcbe82d7e8ef447868179143662d77b2793dd0540aaa752,a4b6257a86fcd13331db66808888e327aac9f995b5ed26563d2af4662ea693d5,53c46df7af3aa4651aeb0887a3ffc7b662f962130b6d63c3d4be47fe14029541,e05cebc18c2dab444215fb826377edb0480db72e2bf33ed776afbbc2a1d7f150,10,1,0.0,0.002379472000001215,0.20300000000861473,2.2359482,2.4460358,2.4512329,primary,False
r035,evaluation_05,ordinary,round_robin,normal,HumanEval/126,HumanEval/126::468,ordinary-permit-236089e953d2a3ac7743099642a77385,11,fail,bd982d73007fb93bc0d2381c428da61007383f14910e6658ae0647da608c6ee2,29945f1470f7ff4556c7d1f639eb3cdf0bcd549225626b71cc1890816a37c33f,774a97c8931cda8f2cc56f9581b0f38d4d2f34e3c0f9c4caff1e107e744263f2,e05cebc18c2dab444215fb826377edb0480db72e2bf33ed776afbbc2a1d7f150,11,1,0.001362,0.002217666000007057,0.21900000001187436,2.4656315,2.6811764,2.6865606,primary,False
r035,evaluation_05,ordinary,round_robin,normal,HumanEval/109,HumanEval/109::372,ordinary-permit-9ba02fa8996b2e8927c7906bc89faed6,12,fail,1a909222d20af96fb189af83f3f5cc2c5cce6f41ba83552a392b4694e74196e0,ecae171f0345cd50c18cf7e632273fef94229a57f1d85be3be5aa9e794887626,1165bcb1af1c4e826ec7b1b9178304970b5f776809100bc7c0c653339caaf9fc,e05cebc18c2dab444215fb826377edb0480db72e2bf33ed776afbbc2a1d7f150,12,1,0.0,0.0018396449999897868,0.20399999999790452,2.7211452,2.9305841,2.9358832,primary,False
r035,evaluation_05,ordinary,round_robin,normal,HumanEval/86,HumanEval/86::246,ordinary-permit-be2f8c926d6aed1bb5a39d6900a8861d,13,fail,5658b5bd3db7a6da86e427033087ce9126189b3b66371f431fc58f827ce2a5af,c109a313ff407ae24021be050e30bc53749d2d762c3abaedd9f1fd62dec6e776,4d0d03c70d8b1f20207f6a535f907449256cb873e9fefc27f0b869a0eb5ede53,e05cebc18c2dab444215fb826377edb0480db72e2bf33ed776afbbc2a1d7f150,13,1,0.000495,0.0019068520000189437,0.20399999999790452,2.9692147,3.1799254,3.1847143,primary,False
r035,evaluation_05,ordinary,round_robin,normal,HumanEval/77,HumanEval/77::271,ordinary-permit-857e520971ed6330176d54fa3692ba78,14,fail,366735a635232b7ddc984a59d5e2c07ce8e7fff3d65fe93ae2297f37d85d905d,aac808412cba19da22301576717789d9a31b97ecf339d984a1e3830b4a78405e,564cce2b7cb12948c89a5af11eace63285df6ecb7674e92fc8a4687608659e56,e05cebc18c2dab444215fb826377edb0480db72e2bf33ed776afbbc2a1d7f150,14,1,0.0,0.002146626000012475,0.20399999999790452,3.2197156,3.4291815,3.4342759,primary,False
r035,evaluation_05,ordinary,round_robin,normal,HumanEval/76,HumanEval/76::417,ordinary-permit-279f2057a2aafa6bde273d8a3c8b785e,15,pass,cd1622125a20a862c62f12084ef970b9d5ef1712268e18de9c9fdef71be2e19f,d4a83fad36d3bc7e4a084180b051c7ab02e75dd886847a66c687f36426b445f1,53c46df7af3aa4651aeb0887a3ffc7b662f962130b6d63c3d4be47fe14029541,e05cebc18c2dab444215fb826377edb0480db72e2bf33ed776afbbc2a1d7f150,15,1,0.0014889999999999999,0.002071432999997569,0.20399999999790452,3.4701845,3.6797627,3.6850078,primary,False
r035,evaluation_05,ordinary,round_robin,normal,HumanEval/126,HumanEval/126::454,ordinary-permit-5ba5702025c44801e807243b30ce02e1,16,fail,245eec73e2f993db79bddb36ecf1f31e8b51175bcede91bb569b5e0ab63ed39b,f23ea596775e131e953e3f2b264744b9ac2026f6850333c658155925ff299c70,774a97c8931cda8f2cc56f9581b0f38d4d2f34e3c0f9c4caff1e107e744263f2,e05cebc18c2dab444215fb826377edb0480db72e2bf33ed776afbbc2a1d7f150,16,1,0.0,0.002330685000003996,0.20399999999790452,3.7210837,3.9315013,3.936995,primary,False
r036,evaluation_05,ecrc,round_robin,normal,HumanEval/77,HumanEval/77::35,permit_a01be6e4e2e96bbe6347d16478e4f42e,1,fail,a406a98726c4552bc3c11c973668dca0e9c694c9584dab26c9ed2194da755ceb,f4d8befdf43ca7672c68dcfa9e4cf76595ab7f3895f5c8f367707d9c34255785,564cce2b7cb12948c89a5af11eace63285df6ecb7674e92fc8a4687608659e56,e05cebc18c2dab444215fb826377edb0480db72e2bf33ed776afbbc2a1d7f150,1,1,0.000137,0.002026693000004798,0.20300000000861473,0.0394168,0.250633,0.2556525,primary,False
r036,evaluation_05,ecrc,round_robin,normal,HumanEval/76,HumanEval/76::464,permit_b27c41119b31723ecc751c86499e06f4,2,fail,45cec401d83229afb96c922360a642e747f9877c11f62b15428aaa1b03fc776a,cb1b107cb039604a488a37d645ac64f676133c1dafc296a995eca289f77668ec,53c46df7af3aa4651aeb0887a3ffc7b662f962130b6d63c3d4be47fe14029541,e05cebc18c2dab444215fb826377edb0480db72e2bf33ed776afbbc2a1d7f150,2,1,0.0,0.0020087450000119134,0.20300000000861473,0.2908324,0.4991606,0.5042891,primary,False
r036,evaluation_05,ecrc,round_robin,normal,HumanEval/42,HumanEval/42::238,permit_9e5cc21e4283fab7112722d3a4d1aa98,3,pass,4544019c037020d29682b3bac89526a5e18af40e4f75dcd0f6ed8061e5cec461,c91578d3bdeb57431a6433cfd7e33385b0c9bf438864e64d27544fe6249877d7,44c7c3fc1a4e1c708b20efba70e38c8b635c2d71f9d31009a52e69789e9b83ab,e05cebc18c2dab444215fb826377edb0480db72e2bf33ed776afbbc2a1d7f150,3,1,0.0,0.0020897029999957795,0.20300000000861473,0.5428707,0.7513271,0.7568194,primary,False
r036,evaluation_05,ecrc,round_robin,normal,HumanEval/126,HumanEval/126::432,permit_3b1166f4c62ffc2352b1d667e59df4a4,4,fail,a2299af35d7ad33b15d3141398560273e716e307a48178032de784f8ba78d053,3ffa7d12dad2f4ec04360b4b89b13a4e98861a2ec88731a7c9f66de6d41c0e73,774a97c8931cda8f2cc56f9581b0f38d4d2f34e3c0f9c4caff1e107e744263f2,e05cebc18c2dab444215fb826377edb0480db72e2bf33ed776afbbc2a1d7f150,4,1,0.00017999999999999998,0.002082695000012791,0.21900000001187436,0.7958351,1.0081466,1.0148694,primary,False
r036,evaluation_05,ecrc,round_robin,normal,HumanEval/109,HumanEval/109::390,permit_652e4a77185d23e53ec8d42c27d0e770,5,fail,d50712164fa6cf98f45d55e3fc3e5557aef3774fe490eea00e002fa7c5072e79,1765e71b8a66534de395f4ab3493091f0bb877ca2639d045b3ce1373ee0b9382,1165bcb1af1c4e826ec7b1b9178304970b5f776809100bc7c0c653339caaf9fc,e05cebc18c2dab444215fb826377edb0480db72e2bf33ed776afbbc2a1d7f150,5,1,0.0,0.002114997000006724,0.21900000001187436,1.044715,1.2554405,1.2610879,primary,False
r036,evaluation_05,ecrc,round_robin,normal,HumanEval/54,HumanEval/54::223,permit_0a49431cb6672bb0b0fe84e7caa25df5,6,pass,52832516497288e236bfefbe033c44c024e50e06eda44661aa494349cc49f6b2,80633b2db39880f27a9ca63946b3cab422a8dec6b75720300484c205e554a3a0,ecc199392d4265885c74bbc652634ba81b68084eeb0ef0cf3a810e3816f083c5,e05cebc18c2dab444215fb826377edb0480db72e2bf33ed776afbbc2a1d7f150,6,1,0.0010659999999999999,0.002092292000014595,0.21900000001187436,1.2948726,1.5052001,1.5107147,primary,False
r036,evaluation_05,ecrc,round_robin,normal,HumanEval/86,HumanEval/86::353,permit_0aa72b8ce8afc8c1e5fc50e1180dcf06,7,fail,7ca812836c0dade0c58a5914c73b1e92e671f28f61e404824263e2635afb4f46,f9f3b7790cc87b1cd46f78698f3eecdb109f8bb2173bd382b82471b09f0a9c4e,4d0d03c70d8b1f20207f6a535f907449256cb873e9fefc27f0b869a0eb5ede53,e05cebc18c2dab444215fb826377edb0480db72e2bf33ed776afbbc2a1d7f150,7,1,0.0,0.0020033239999861507,0.2029999999795109,1.5276895,1.7360935,1.7411788,primary,False
r036,evaluation_05,ecrc,round_robin,normal,HumanEval/19,HumanEval/19::392,permit_eeb594b3dd4337ddf3cc8356769b06d7,8,pass,3b0e270a86f78af6de9916e224588d42ca08ac0f686ffe7470272423bbb5126d,f3249150bdcd76a9fd688189a1122aeb80a53e2405b6f04626a1ac3e19b6efd7,02b12e072db771dce79ce0b8fd268527b3e50a733c453e35b08818bd0ad5dcb5,e05cebc18c2dab444215fb826377edb0480db72e2bf33ed776afbbc2a1d7f150,8,1,0.000823,0.002273306999995839,0.21799999999348074,1.7797072,1.9900124,1.9956294,primary,False
r036,evaluation_05,ecrc,round_robin,normal,HumanEval/77,HumanEval/77::99,permit_22c2737739c7fac198299ad9fc8f58a8,9,fail,b84567ed4b7da878b0e99f97da06946e70f69b354ee29beaf00132d089cda793,06e481ac9d9bd431c15de3d61f8631216c4449f807f4031ede332b7ceb213187,564cce2b7cb12948c89a5af11eace63285df6ecb7674e92fc8a4687608659e56,e05cebc18c2dab444215fb826377edb0480db72e2bf33ed776afbbc2a1d7f150,9,1,0.0,0.002097001999999293,0.21799999999348074,2.0302357,2.238885,2.2438303,primary,False
r036,evaluation_05,ecrc,round_robin,normal,HumanEval/76,HumanEval/76::219,permit_64781940f2672e6c75ee8199c748e4bf,10,fail,f57f4a94c6d1bab4082357fba8e2df40aac3aa09416b1e7a238f44e2b4b866bc,a4b6257a86fcd13331db66808888e327aac9f995b5ed26563d2af4662ea693d5,53c46df7af3aa4651aeb0887a3ffc7b662f962130b6d63c3d4be47fe14029541,e05cebc18c2dab444215fb826377edb0480db72e2bf33ed776afbbc2a1d7f150,10,1,0.0009019999999999999,0.002145603999991863,0.21799999999348074,2.2825547,2.4903647,2.4954786,primary,False
r036,evaluation_05,ecrc,round_robin,normal,HumanEval/126,HumanEval/126::468,permit_15824b81f79c42e98bf680a5432d0b14,11,fail,985df211399c67271b6b2de096fb3da826bb332872e3885320a57451b28e40b6,29945f1470f7ff4556c7d1f639eb3cdf0bcd549225626b71cc1890816a37c33f,774a97c8931cda8f2cc56f9581b0f38d4d2f34e3c0f9c4caff1e107e744263f2,e05cebc18c2dab444215fb826377edb0480db72e2bf33ed776afbbc2a1d7f150,11,1,0.0,0.001993709999993598,0.20300000000861473,2.5341162,2.7408191,2.7463441,primary,False
r036,evaluation_05,ecrc,round_robin,normal,HumanEval/109,HumanEval/109::372,permit_8fb147d6a82282d9c3d31cf8b3043ecd,12,fail,d89c7f7fad37a2bc55ce5b9be9e77b9ddf2d025491a0c6d147d9ec89b33b7ac6,ecae171f0345cd50c18cf7e632273fef94229a57f1d85be3be5aa9e794887626,1165bcb1af1c4e826ec7b1b9178304970b5f776809100bc7c0c653339caaf9fc,e05cebc18c2dab444215fb826377edb0480db72e2bf33ed776afbbc2a1d7f150,12,1,0.0,0.0017981210000073133,0.2029999999795109,2.7799715,2.9872598,2.9919251,primary,False
r036,evaluation_05,ecrc,round_robin,normal,HumanEval/86,HumanEval/86::246,permit_cd874c8412f72c4c70d7436f3f025fc3,13,fail,aaa8a69cb5a9030b06d830028008f0649c99c765e5c096265c5dd16db84ea2d1,c109a313ff407ae24021be050e30bc53749d2d762c3abaedd9f1fd62dec6e776,4d0d03c70d8b1f20207f6a535f907449256cb873e9fefc27f0b869a0eb5ede53,e05cebc18c2dab444215fb826377edb0480db72e2bf33ed776afbbc2a1d7f150,13,1,0.0,0.0018996270000002369,0.21799999999348074,3.0297211,3.2407855,3.2469509,primary,False
r036,evaluation_05,ecrc,round_robin,normal,HumanEval/77,HumanEval/77::271,permit_7b43017aace24e0dfd3fc5bf2962b992,14,fail,714cbbab066e8e4a603cb9c00e306e9829823718b7504ca3720c0c6a57501a25,aac808412cba19da22301576717789d9a31b97ecf339d984a1e3830b4a78405e,564cce2b7cb12948c89a5af11eace63285df6ecb7674e92fc8a4687608659e56,e05cebc18c2dab444215fb826377edb0480db72e2bf33ed776afbbc2a1d7f150,14,1,0.0,0.002148148999992827,0.21899999998277053,3.2648802,3.4763341,3.4818862,primary,False
r036,evaluation_05,ecrc,round_robin,normal,HumanEval/76,HumanEval/76::417,permit_e5372ac0ba6a2adc11b1ae16da32bae1,15,pass,59b22587359bc76bb81456e66f042a877ba35a9e7ef732e25c51e4d9226aef6a,d4a83fad36d3bc7e4a084180b051c7ab02e75dd886847a66c687f36426b445f1,53c46df7af3aa4651aeb0887a3ffc7b662f962130b6d63c3d4be47fe14029541,e05cebc18c2dab444215fb826377edb0480db72e2bf33ed776afbbc2a1d7f150,15,1,0.000561,0.002253198000005341,0.21899999998277053,3.514504,3.7231471,3.7290206,primary,False
r036,evaluation_05,ecrc,round_robin,normal,HumanEval/126,HumanEval/126::454,permit_83895c7c14ac6fd08d938133a3ddc024,16,fail,2a448f1bb7e7b59165f150256284fdd06ab4715ae98c6b5611827abcbc192aea,f23ea596775e131e953e3f2b264744b9ac2026f6850333c658155925ff299c70,774a97c8931cda8f2cc56f9581b0f38d4d2f34e3c0f9c4caff1e107e744263f2,e05cebc18c2dab444215fb826377edb0480db72e2bf33ed776afbbc2a1d7f150,16,1,0.0006879999999999999,0.0021942559999956757,0.21899999998277053,3.7644874,3.9743945,3.9799597,primary,False
r037,evaluation_05,ordinary,depth_first,response_loss,HumanEval/77,HumanEval/77::35,ordinary-permit-1978101f10d2e0c768665d559c317873,1,fail,d3b17d23d5959b9a72822d04660b741744879ed5e74d16fa573b1bbf84eedb6c,f4d8befdf43ca7672c68dcfa9e4cf76595ab7f3895f5c8f367707d9c34255785,564cce2b7cb12948c89a5af11eace63285df6ecb7674e92fc8a4687608659e56,e05cebc18c2dab444215fb826377edb0480db72e2bf33ed776afbbc2a1d7f150,1,1,0.00043799999999999997,0.002045643999991853,0.20300000000861473,0.0282483,0.2382289,0.2432224,primary,False
r037,evaluation_05,ordinary,depth_first,response_loss,HumanEval/77,HumanEval/77::99,ordinary-permit-daddae991a60caa709ef66c16a4706ab,2,fail,92d96d853d2129edf64bad1a51efed2168ae68f1d7a4ad4e4d7a4683099630ac,06e481ac9d9bd431c15de3d61f8631216c4449f807f4031ede332b7ceb213187,564cce2b7cb12948c89a5af11eace63285df6ecb7674e92fc8a4687608659e56,e05cebc18c2dab444215fb826377edb0480db72e2bf33ed776afbbc2a1d7f150,2,1,0.0,0.0018048680000219974,0.21900000001187436,0.2760916,0.4854688,0.4903682,primary,False
r037,evaluation_05,ordinary,depth_first,response_loss,HumanEval/77,HumanEval/77::271,ordinary-permit-857e520971ed6330176d54fa3692ba78,3,fail,84d476ccbe3c2b40cc36caf5123bf1780975d5aac7acdfd7613c822f310a6b58,aac808412cba19da22301576717789d9a31b97ecf339d984a1e3830b4a78405e,564cce2b7cb12948c89a5af11eace63285df6ecb7674e92fc8a4687608659e56,e05cebc18c2dab444215fb826377edb0480db72e2bf33ed776afbbc2a1d7f150,3,1,0.0013599999999999999,0.001963362999987339,0.2029999999795109,0.5044659,0.7121668,0.7176552,primary,False
r037,evaluation_05,ordinary,depth_first,response_loss,HumanEval/77,HumanEval/77::119,ordinary-permit-da46311dee0ea2490e8525eeaa5e45f5,4,fail,8f388573ccc90077c0894b95ae8017d642b30dd0c6a91d2fb94e9c23c426c48d,ff63252284ccf1abe0be8a0ef96c165993e45bed7cfbd49d3f9b3957fd3ecf40,564cce2b7cb12948c89a5af11eace63285df6ecb7674e92fc8a4687608659e56,e05cebc18c2dab444215fb826377edb0480db72e2bf33ed776afbbc2a1d7f150,4,1,0.0,0.0022310460000198873,0.21899999998277053,0.7427058,0.9569845,1.9777661,primary,True
r037,evaluation_05,ordinary,depth_first,response_loss,HumanEval/76,HumanEval/76::464,ordinary-permit-b45056f6fd7c84f2dd0f3a7e9ab87c5f,5,fail,a0ac5854997867bc4151742ca4860284bc778cdf746c1652568b04b48a5009ab,cb1b107cb039604a488a37d645ac64f676133c1dafc296a995eca289f77668ec,53c46df7af3aa4651aeb0887a3ffc7b662f962130b6d63c3d4be47fe14029541,e05cebc18c2dab444215fb826377edb0480db72e2bf33ed776afbbc2a1d7f150,5,1,0.0,0.0018604189999962273,0.21799999999348074,2.0080667,2.2198278,2.2249317,primary,False
r037,evaluation_05,ordinary,depth_first,response_loss,HumanEval/76,HumanEval/76::219,ordinary-permit-21e4c1993f07a913296c8cc7c2bc1891,6,fail,1affacb649cb5614bb455aee143239d1f43c22882c52d5c50b4a8e1dce69f8cd,a4b6257a86fcd13331db66808888e327aac9f995b5ed26563d2af4662ea693d5,53c46df7af3aa4651aeb0887a3ffc7b662f962130b6d63c3d4be47fe14029541,e05cebc18c2dab444215fb826377edb0480db72e2bf33ed776afbbc2a1d7f150,6,1,0.0,0.0020486200000107146,0.20300000000861473,2.2382219,2.4471366,2.4524131,primary,False
r037,evaluation_05,ordinary,depth_first,response_loss,HumanEval/76,HumanEval/76::417,ordinary-permit-279f2057a2aafa6bde273d8a3c8b785e,7,pass,16f68554cae488054e7d8556b2e6b0170142aefba098007b50e9a502355744d1,d4a83fad36d3bc7e4a084180b051c7ab02e75dd886847a66c687f36426b445f1,53c46df7af3aa4651aeb0887a3ffc7b662f962130b6d63c3d4be47fe14029541,e05cebc18c2dab444215fb826377edb0480db72e2bf33ed776afbbc2a1d7f150,7,1,0.0,0.002117721000018946,0.21900000001187436,2.4768656,2.6866394,2.6920774,primary,False
r037,evaluation_05,ordinary,depth_first,response_loss,HumanEval/42,HumanEval/42::238,ordinary-permit-2c3f3e278707b16b9b40597b3c6d0cda,8,pass,d3db60d575cb1777c75e35a8d2cb5858875db12f6dcbfdda31a871928d41e115,c91578d3bdeb57431a6433cfd7e33385b0c9bf438864e64d27544fe6249877d7,44c7c3fc1a4e1c708b20efba70e38c8b635c2d71f9d31009a52e69789e9b83ab,e05cebc18c2dab444215fb826377edb0480db72e2bf33ed776afbbc2a1d7f150,8,1,0.0,0.002015327999998817,0.21900000001187436,2.727828,2.9381911,3.9470086,primary,True
r037,evaluation_05,ordinary,depth_first,response_loss,HumanEval/126,HumanEval/126::432,ordinary-permit-a03afa1bc8625a8bc19793b513ad4017,9,fail,2e7f5c214a8c2afbbd1a900b808a63fc236cde6804a40c1085785abb873dc81d,3ffa7d12dad2f4ec04360b4b89b13a4e98861a2ec88731a7c9f66de6d41c0e73,774a97c8931cda8f2cc56f9581b0f38d4d2f34e3c0f9c4caff1e107e744263f2,e05cebc18c2dab444215fb826377edb0480db72e2bf33ed776afbbc2a1d7f150,9,1,0.0015559999999999999,0.002371877000001632,0.21900000001187436,3.9613312,4.1722056,4.1773402,primary,False
r037,evaluation_05,ordinary,depth_first,response_loss,HumanEval/126,HumanEval/126::468,ordinary-permit-236089e953d2a3ac7743099642a77385,10,fail,26159eba8d1dad6e882c8fade6343730cc6c5e722c511907195c36eb0b28faf7,29945f1470f7ff4556c7d1f639eb3cdf0bcd549225626b71cc1890816a37c33f,774a97c8931cda8f2cc56f9581b0f38d4d2f34e3c0f9c4caff1e107e744263f2,e05cebc18c2dab444215fb826377edb0480db72e2bf33ed776afbbc2a1d7f150,10,1,0.0,0.0022930680000001757,0.20300000000861473,4.2089912,4.4194418,4.4251627,primary,False
r037,evaluation_05,ordinary,depth_first,response_loss,HumanEval/126,HumanEval/126::454,ordinary-permit-5ba5702025c44801e807243b30ce02e1,11,fail,f4c50d32fb118c0278aca5e2969a7d279cbc726220384fd650e6fb017c2464e8,f23ea596775e131e953e3f2b264744b9ac2026f6850333c658155925ff299c70,774a97c8931cda8f2cc56f9581b0f38d4d2f34e3c0f9c4caff1e107e744263f2,e05cebc18c2dab444215fb826377edb0480db72e2bf33ed776afbbc2a1d7f150,11,1,0.0,0.0020290070000044125,0.20300000000861473,4.4589285,4.6667908,4.6713892,primary,False
r037,evaluation_05,ordinary,depth_first,response_loss,HumanEval/126,HumanEval/126::422,ordinary-permit-9208653fde85eff754bce913b67564ff,12,fail,263c911383f10cd409625034b8a0e085a249d3ee47089822ce699c1c4a373b31,efd39e46fa4f588baafff47b2ccbb186c3615e62fc743086cc322a87febb4144,774a97c8931cda8f2cc56f9581b0f38d4d2f34e3c0f9c4caff1e107e744263f2,e05cebc18c2dab444215fb826377edb0480db72e2bf33ed776afbbc2a1d7f150,12,1,0.0,0.0018512460000010833,0.20300000000861473,4.7081404,4.9152245,5.9385481,drain,True
r038,evaluation_05,ecrc,depth_first,response_loss,HumanEval/77,HumanEval/77::35,permit_a01be6e4e2e96bbe6347d16478e4f42e,1,fail,77d3aa29f6723eaaffdb251b82ab1d4721d133ffd2f417230dfcc664eeee9361,f4d8befdf43ca7672c68dcfa9e4cf76595ab7f3895f5c8f367707d9c34255785,564cce2b7cb12948c89a5af11eace63285df6ecb7674e92fc8a4687608659e56,e05cebc18c2dab444215fb826377edb0480db72e2bf33ed776afbbc2a1d7f150,1,1,0.0,0.0021764569999902506,0.2029999999795109,0.0344933,0.2461625,0.251291,primary,False
r038,evaluation_05,ecrc,depth_first,response_loss,HumanEval/77,HumanEval/77::99,permit_22c2737739c7fac198299ad9fc8f58a8,2,fail,fdf442e5c3c47a3685a606f90dd2aba9d93a2ba6a662986cfd7d961fd8dba946,06e481ac9d9bd431c15de3d61f8631216c4449f807f4031ede332b7ceb213187,564cce2b7cb12948c89a5af11eace63285df6ecb7674e92fc8a4687608659e56,e05cebc18c2dab444215fb826377edb0480db72e2bf33ed776afbbc2a1d7f150,2,1,0.0,0.001985079999997197,0.2029999999795109,0.285269,0.4935504,0.4985357,primary,False
r038,evaluation_05,ecrc,depth_first,response_loss,HumanEval/77,HumanEval/77::271,permit_7b43017aace24e0dfd3fc5bf2962b992,3,fail,babbceac0bb1af895dd0314fdad9fadc030b44b7d4ac9f15e7ae26855007905f,aac808412cba19da22301576717789d9a31b97ecf339d984a1e3830b4a78405e,564cce2b7cb12948c89a5af11eace63285df6ecb7674e92fc8a4687608659e56,e05cebc18c2dab444215fb826377edb0480db72e2bf33ed776afbbc2a1d7f150,3,1,0.0011979999999999998,0.0020026329999893733,0.2029999999795109,0.5354633,0.7436295,0.7483691,primary,False
r038,evaluation_05,ecrc,depth_first,response_loss,HumanEval/77,HumanEval/77::119,permit_bb0736d0ea45f21741ec03ae9e1e5cf6,4,fail,df0a6191e548f950a7ff420cec8458f3e6c20b86437dc635e6977e8349a01c64,ff63252284ccf1abe0be8a0ef96c165993e45bed7cfbd49d3f9b3957fd3ecf40,564cce2b7cb12948c89a5af11eace63285df6ecb7674e92fc8a4687608659e56,e05cebc18c2dab444215fb826377edb0480db72e2bf33ed776afbbc2a1d7f150,4,1,0.0,0.001860563000008142,0.20300000000861473,0.7725182,0.9809346,2.0117578,primary,True
r038,evaluation_05,ecrc,depth_first,response_loss,HumanEval/76,HumanEval/76::464,permit_b27c41119b31723ecc751c86499e06f4,5,fail,a559fc10164f4d1a048ee5bbc84569b6a154d634ebf088e6f99a0c702ccc8355,cb1b107cb039604a488a37d645ac64f676133c1dafc296a995eca289f77668ec,53c46df7af3aa4651aeb0887a3ffc7b662f962130b6d63c3d4be47fe14029541,e05cebc18c2dab444215fb826377edb0480db72e2bf33ed776afbbc2a1d7f150,5,1,0.0,0.0022933280000074774,0.21899999998277053,2.0261779,2.2427195,2.2484446,primary,False
r038,evaluation_05,ecrc,depth_first,response_loss,HumanEval/76,HumanEval/76::219,permit_64781940f2672e6c75ee8199c748e4bf,6,fail,4bfda47397d1c3d024313d81491553c54229c8c6506eb0dc6f1237c420be0325,a4b6257a86fcd13331db66808888e327aac9f995b5ed26563d2af4662ea693d5,53c46df7af3aa4651aeb0887a3ffc7b662f962130b6d63c3d4be47fe14029541,e05cebc18c2dab444215fb826377edb0480db72e2bf33ed776afbbc2a1d7f150,6,1,0.001843,0.002413340999993352,0.21899999998277053,2.2780034,2.4883745,2.4940826,primary,False
r038,evaluation_05,ecrc,depth_first,response_loss,HumanEval/76,HumanEval/76::417,permit_e5372ac0ba6a2adc11b1ae16da32bae1,7,pass,66ab1b1322b0f9d3d048c0fb0952d96d7c15dd45e9bd25771664f99322332907,d4a83fad36d3bc7e4a084180b051c7ab02e75dd886847a66c687f36426b445f1,53c46df7af3aa4651aeb0887a3ffc7b662f962130b6d63c3d4be47fe14029541,e05cebc18c2dab444215fb826377edb0480db72e2bf33ed776afbbc2a1d7f150,7,1,0.001274,0.002175872000009349,0.21899999998277053,2.5294249,2.7391886,2.7442663,primary,False
r038,evaluation_05,ecrc,depth_first,response_loss,HumanEval/42,HumanEval/42::238,permit_9e5cc21e4283fab7112722d3a4d1aa98,8,pass,df1542ea38a68d3efaf34c7c421bdac24aa8e194f7b43f5932c112f1692e6288,c91578d3bdeb57431a6433cfd7e33385b0c9bf438864e64d27544fe6249877d7,44c7c3fc1a4e1c708b20efba70e38c8b635c2d71f9d31009a52e69789e9b83ab,e05cebc18c2dab444215fb826377edb0480db72e2bf33ed776afbbc2a1d7f150,8,1,0.00019999999999999998,0.0022006380000050285,0.21900000001187436,2.7610596,2.9728267,3.9965015,primary,True
r038,evaluation_05,ecrc,depth_first,response_loss,HumanEval/126,HumanEval/126::432,permit_3b1166f4c62ffc2352b1d667e59df4a4,9,fail,652a8b507d83629dee17865c14b89bb8eb715faa855e5a3b649638cf5bcda857,3ffa7d12dad2f4ec04360b4b89b13a4e98861a2ec88731a7c9f66de6d41c0e73,774a97c8931cda8f2cc56f9581b0f38d4d2f34e3c0f9c4caff1e107e744263f2,e05cebc18c2dab444215fb826377edb0480db72e2bf33ed776afbbc2a1d7f150,9,1,0.0007019999999999999,0.002185750999984748,0.21899999998277053,4.027763,4.2405921,4.2464126,primary,False
r038,evaluation_05,ecrc,depth_first,response_loss,HumanEval/126,HumanEval/126::468,permit_15824b81f79c42e98bf680a5432d0b14,10,fail,6aca6d3fcb5b244b55fae202eaf651c1d3da094fc626ad5324cfc8c29629dff0,29945f1470f7ff4556c7d1f639eb3cdf0bcd549225626b71cc1890816a37c33f,774a97c8931cda8f2cc56f9581b0f38d4d2f34e3c0f9c4caff1e107e744263f2,e05cebc18c2dab444215fb826377edb0480db72e2bf33ed776afbbc2a1d7f150,10,1,0.0014939999999999999,0.0025507619999984854,0.21899999998277053,4.2769465,4.4932131,4.4987045,primary,False
r038,evaluation_05,ecrc,depth_first,response_loss,HumanEval/126,HumanEval/126::454,permit_83895c7c14ac6fd08d938133a3ddc024,11,fail,d6788f4929f1700fa78c49579c41b76872bf437cd628b69dc44c9b31f99dd339,f23ea596775e131e953e3f2b264744b9ac2026f6850333c658155925ff299c70,774a97c8931cda8f2cc56f9581b0f38d4d2f34e3c0f9c4caff1e107e744263f2,e05cebc18c2dab444215fb826377edb0480db72e2bf33ed776afbbc2a1d7f150,11,1,0.0017729999999999998,0.0022932429999968917,0.21799999999348074,4.5429905,4.7601806,4.7655648,primary,False
r038,evaluation_05,ecrc,depth_first,response_loss,HumanEval/126,HumanEval/126::422,permit_0ae8f2bba967b333235ca1d835bb5ad3,12,fail,e723d36c29912b0e7ea499fcc6196f104ff4401c46ee9f99cc4727459d7caff7,efd39e46fa4f588baafff47b2ccbb186c3615e62fc743086cc322a87febb4144,774a97c8931cda8f2cc56f9581b0f38d4d2f34e3c0f9c4caff1e107e744263f2,e05cebc18c2dab444215fb826377edb0480db72e2bf33ed776afbbc2a1d7f150,12,1,0.000983,0.002134603000001789,0.21900000001187436,4.8076448,5.0165127,6.046003,drain,True
r039,evaluation_05,ecrc,round_robin,response_loss,HumanEval/77,HumanEval/77::35,permit_a01be6e4e2e96bbe6347d16478e4f42e,1,fail,eeb1c04af7972a14611e43190917099a77a359de42bf6be3e337ab9335204523,f4d8befdf43ca7672c68dcfa9e4cf76595ab7f3895f5c8f367707d9c34255785,564cce2b7cb12948c89a5af11eace63285df6ecb7674e92fc8a4687608659e56,e05cebc18c2dab444215fb826377edb0480db72e2bf33ed776afbbc2a1d7f150,1,1,0.000517,0.0022449819999792453,0.21899999998277053,0.0272767,0.2401078,0.2457373,primary,False
r039,evaluation_05,ecrc,round_robin,response_loss,HumanEval/76,HumanEval/76::464,permit_b27c41119b31723ecc751c86499e06f4,2,fail,8dd875213bf2ec065aa5c5146de0d727205712919da2c0c4018a955ebe03f1fc,cb1b107cb039604a488a37d645ac64f676133c1dafc296a995eca289f77668ec,53c46df7af3aa4651aeb0887a3ffc7b662f962130b6d63c3d4be47fe14029541,e05cebc18c2dab444215fb826377edb0480db72e2bf33ed776afbbc2a1d7f150,2,1,0.001241,0.002229016999990563,0.21899999998277053,0.2743375,0.4835764,0.4897792,primary,False
r039,evaluation_05,ecrc,round_robin,response_loss,HumanEval/42,HumanEval/42::238,permit_9e5cc21e4283fab7112722d3a4d1aa98,3,pass,69165c474d8c6b7beccc3c8f5a0b1162ce9eb557f796dffe307c71f4d6331231,c91578d3bdeb57431a6433cfd7e33385b0c9bf438864e64d27544fe6249877d7,44c7c3fc1a4e1c708b20efba70e38c8b635c2d71f9d31009a52e69789e9b83ab,e05cebc18c2dab444215fb826377edb0480db72e2bf33ed776afbbc2a1d7f150,3,1,0.0,0.002079078000008394,0.20300000000861473,0.5078911,0.7167212,0.7224994,primary,False
r039,evaluation_05,ecrc,round_robin,response_loss,HumanEval/126,HumanEval/126::432,permit_3b1166f4c62ffc2352b1d667e59df4a4,4,fail,a33a9c09d2af1610ae038017e0a41cce8968f98e9160cc37afe2265401bf1a3a,3ffa7d12dad2f4ec04360b4b89b13a4e98861a2ec88731a7c9f66de6d41c0e73,774a97c8931cda8f2cc56f9581b0f38d4d2f34e3c0f9c4caff1e107e744263f2,e05cebc18c2dab444215fb826377edb0480db72e2bf33ed776afbbc2a1d7f150,4,1,0.001165,0.0023453459999984716,0.21799999999348074,0.75594,0.9722488,1.9917373,primary,True
r039,evaluation_05,ecrc,round_robin,response_loss,HumanEval/109,HumanEval/109::390,permit_652e4a77185d23e53ec8d42c27d0e770,5,fail,ba33e029cb4ce767a61e57f661d2b78062e17de637b1b6419a59b1e1f39c7ab9,1765e71b8a66534de395f4ab3493091f0bb877ca2639d045b3ce1373ee0b9382,1165bcb1af1c4e826ec7b1b9178304970b5f776809100bc7c0c653339caaf9fc,e05cebc18c2dab444215fb826377edb0480db72e2bf33ed776afbbc2a1d7f150,5,1,0.001748,0.0022325570000134576,0.21899999998277053,2.0224631,2.2345662,2.2403428,primary,False
r039,evaluation_05,ecrc,round_robin,response_loss,HumanEval/54,HumanEval/54::223,permit_0a49431cb6672bb0b0fe84e7caa25df5,6,pass,1180330eaafc7aec4c8634bb560369a8e0fe059e28b527e56536e4e8e285ce93,80633b2db39880f27a9ca63946b3cab422a8dec6b75720300484c205e554a3a0,ecc199392d4265885c74bbc652634ba81b68084eeb0ef0cf3a810e3816f083c5,e05cebc18c2dab444215fb826377edb0480db72e2bf33ed776afbbc2a1d7f150,6,1,0.000158,0.002052226000017754,0.21799999999348074,2.2579542,2.4721629,2.4773661,primary,False
r039,evaluation_05,ecrc,round_robin,response_loss,HumanEval/86,HumanEval/86::353,permit_0aa72b8ce8afc8c1e5fc50e1180dcf06,7,fail,99e8abb9901f4a4712e72c6a6b805f6ee849cc48be7ab436a0b0c48c85d6b46d,f9f3b7790cc87b1cd46f78698f3eecdb109f8bb2173bd382b82471b09f0a9c4e,4d0d03c70d8b1f20207f6a535f907449256cb873e9fefc27f0b869a0eb5ede53,e05cebc18c2dab444215fb826377edb0480db72e2bf33ed776afbbc2a1d7f150,7,1,0.0,0.0022522049999906812,0.21799999999348074,2.5074697,2.7182448,2.7236614,primary,False
r039,evaluation_05,ecrc,round_robin,response_loss,HumanEval/19,HumanEval/19::392,permit_eeb594b3dd4337ddf3cc8356769b06d7,8,pass,feb83413475c316c32879946fd0afa8264a43b6ad95661ac2a053d3a98d6c823,f3249150bdcd76a9fd688189a1122aeb80a53e2405b6f04626a1ac3e19b6efd7,02b12e072db771dce79ce0b8fd268527b3e50a733c453e35b08818bd0ad5dcb5,e05cebc18c2dab444215fb826377edb0480db72e2bf33ed776afbbc2a1d7f150,8,1,0.0009339999999999999,0.002365793999985044,0.21799999999348074,2.7584634,2.9735725,3.9969889,primary,True
r039,evaluation_05,ecrc,round_robin,response_loss,HumanEval/77,HumanEval/77::99,permit_22c2737739c7fac198299ad9fc8f58a8,9,fail,fdd277d3de8f04cc1081895fe36e7ae90e6f666552168cd8b14fd236a1734842,06e481ac9d9bd431c15de3d61f8631216c4449f807f4031ede332b7ceb213187,564cce2b7cb12948c89a5af11eace63285df6ecb7674e92fc8a4687608659e56,e05cebc18c2dab444215fb826377edb0480db72e2bf33ed776afbbc2a1d7f150,9,1,0.001651,0.002231741000002785,0.20300000000861473,4.027057,4.2384552,4.2439031,primary,False
r039,evaluation_05,ecrc,round_robin,response_loss,HumanEval/76,HumanEval/76::219,permit_64781940f2672e6c75ee8199c748e4bf,10,fail,a631f1e74feb89505a24a2df1d1212c00b523b504004d8f8c72a6c59c3f32e00,a4b6257a86fcd13331db66808888e327aac9f995b5ed26563d2af4662ea693d5,53c46df7af3aa4651aeb0887a3ffc7b662f962130b6d63c3d4be47fe14029541,e05cebc18c2dab444215fb826377edb0480db72e2bf33ed776afbbc2a1d7f150,10,1,0.0,0.001917716999997765,0.20300000000861473,4.2784621,4.4892665,4.4951887,primary,False
r039,evaluation_05,ecrc,round_robin,response_loss,HumanEval/126,HumanEval/126::468,permit_15824b81f79c42e98bf680a5432d0b14,11,fail,3dfe1fd81a0d671b4443eeefef70478370f05e134215e99d3f1c1f602678f288,29945f1470f7ff4556c7d1f639eb3cdf0bcd549225626b71cc1890816a37c33f,774a97c8931cda8f2cc56f9581b0f38d4d2f34e3c0f9c4caff1e107e744263f2,e05cebc18c2dab444215fb826377edb0480db72e2bf33ed776afbbc2a1d7f150,11,1,0.0,0.0021148749999895244,0.2029999999795109,4.5149146,4.7255003,4.7304671,primary,False
r039,evaluation_05,ecrc,round_robin,response_loss,HumanEval/109,HumanEval/109::372,permit_8fb147d6a82282d9c3d31cf8b3043ecd,12,fail,98e95a353207804fa016ea5dccb50921d00f99bc77f84f47ed0b0d80c6951f03,ecae171f0345cd50c18cf7e632273fef94229a57f1d85be3be5aa9e794887626,1165bcb1af1c4e826ec7b1b9178304970b5f776809100bc7c0c653339caaf9fc,e05cebc18c2dab444215fb826377edb0480db72e2bf33ed776afbbc2a1d7f150,12,1,0.0,0.002433514000017567,0.2029999999795109,4.7666236,4.9753431,5.9844486,drain,True
r040,evaluation_05,ordinary,round_robin,response_loss,HumanEval/77,HumanEval/77::35,ordinary-permit-1978101f10d2e0c768665d559c317873,1,fail,52165651b38689ad6ad8e7591635eee3a0120ca305a0f115c6dd56812d18c545,f4d8befdf43ca7672c68dcfa9e4cf76595ab7f3895f5c8f367707d9c34255785,564cce2b7cb12948c89a5af11eace63285df6ecb7674e92fc8a4687608659e56,e05cebc18c2dab444215fb826377edb0480db72e2bf33ed776afbbc2a1d7f150,1,1,0.0,0.001969629000001305,0.21900000001187436,0.0381919,0.2506668,0.255653,primary,False
r040,evaluation_05,ordinary,round_robin,response_loss,HumanEval/76,HumanEval/76::464,ordinary-permit-b45056f6fd7c84f2dd0f3a7e9ab87c5f,2,fail,a1ef2b562c578843d58bb0181d72dedeafb4e4463703add0a3ab583798c06c63,cb1b107cb039604a488a37d645ac64f676133c1dafc296a995eca289f77668ec,53c46df7af3aa4651aeb0887a3ffc7b662f962130b6d63c3d4be47fe14029541,e05cebc18c2dab444215fb826377edb0480db72e2bf33ed776afbbc2a1d7f150,2,1,0.0,0.001956619999987197,0.20399999999790452,0.2895148,0.4980216,0.5031821,primary,False
r040,evaluation_05,ordinary,round_robin,response_loss,HumanEval/42,HumanEval/42::238,ordinary-permit-2c3f3e278707b16b9b40597b3c6d0cda,3,pass,ec92c6fb952abfac5fd7329b62582e31211d561298eed1a89328e9a908046dab,c91578d3bdeb57431a6433cfd7e33385b0c9bf438864e64d27544fe6249877d7,44c7c3fc1a4e1c708b20efba70e38c8b635c2d71f9d31009a52e69789e9b83ab,e05cebc18c2dab444215fb826377edb0480db72e2bf33ed776afbbc2a1d7f150,3,1,0.001795,0.002281777999996848,0.21900000001187436,0.5413223,0.7600281,0.7649671,primary,False
r040,evaluation_05,ordinary,round_robin,response_loss,HumanEval/126,HumanEval/126::432,ordinary-permit-a03afa1bc8625a8bc19793b513ad4017,4,fail,f9b50b2d2999078fa922fa5c775f5c2058f64625d9da82438a14c1f6d6c2b6f0,3ffa7d12dad2f4ec04360b4b89b13a4e98861a2ec88731a7c9f66de6d41c0e73,774a97c8931cda8f2cc56f9581b0f38d4d2f34e3c0f9c4caff1e107e744263f2,e05cebc18c2dab444215fb826377edb0480db72e2bf33ed776afbbc2a1d7f150,4,1,0.001473,0.0021585029999755534,0.20399999999790452,0.7920358,0.9990477,2.0295487,primary,True
r040,evaluation_05,ordinary,round_robin,response_loss,HumanEval/109,HumanEval/109::390,ordinary-permit-e1b6b76de92d2169ddfc6024fa2881d8,5,fail,9094542d15e0cc8e4ce61a34678d0aa34fd96d465744697cf23b81600306c7f8,1765e71b8a66534de395f4ab3493091f0bb877ca2639d045b3ce1373ee0b9382,1165bcb1af1c4e826ec7b1b9178304970b5f776809100bc7c0c653339caaf9fc,e05cebc18c2dab444215fb826377edb0480db72e2bf33ed776afbbc2a1d7f150,5,1,0.0,0.0018622830000083468,0.2029999999795109,2.0612788,2.2692345,2.2743801,primary,False
r040,evaluation_05,ordinary,round_robin,response_loss,HumanEval/54,HumanEval/54::223,ordinary-permit-25dd9b5f27f35082ba63e63eea0e258c,6,pass,c9ea3b4c1bcab30fbc26e1bdb7f626cf450a1806f3777f5fe978504b6d3afaec,80633b2db39880f27a9ca63946b3cab422a8dec6b75720300484c205e554a3a0,ecc199392d4265885c74bbc652634ba81b68084eeb0ef0cf3a810e3816f083c5,e05cebc18c2dab444215fb826377edb0480db72e2bf33ed776afbbc2a1d7f150,6,1,0.0,0.0019422690000112652,0.20399999999790452,2.2882274,2.4934373,2.4994964,primary,False
r040,evaluation_05,ordinary,round_robin,response_loss,HumanEval/86,HumanEval/86::353,ordinary-permit-9c59307e5ee756231e496abfc2d04a94,7,fail,6a81a43f49c81d8bc4631647f8f65293a99d78053e506fe56ce67dbc3f4d76f6,f9f3b7790cc87b1cd46f78698f3eecdb109f8bb2173bd382b82471b09f0a9c4e,4d0d03c70d8b1f20207f6a535f907449256cb873e9fefc27f0b869a0eb5ede53,e05cebc18c2dab444215fb826377edb0480db72e2bf33ed776afbbc2a1d7f150,7,1,0.0,0.002421972999997024,0.20399999999790452,2.5342468,2.7430483,2.7483272,primary,False
r040,evaluation_05,ordinary,round_robin,response_loss,HumanEval/19,HumanEval/19::392,ordinary-permit-d07c1bb6dfabf5e6c2594c06e51819a5,8,pass,910adbc4407672b66e2e948bb044e229fe4894266fceb7ebba709d6ecad483c1,f3249150bdcd76a9fd688189a1122aeb80a53e2405b6f04626a1ac3e19b6efd7,02b12e072db771dce79ce0b8fd268527b3e50a733c453e35b08818bd0ad5dcb5,e05cebc18c2dab444215fb826377edb0480db72e2bf33ed776afbbc2a1d7f150,8,1,0.001207,0.0022211870000035105,0.20399999999790452,2.7850257,2.9969421,4.0216047,primary,True
r040,evaluation_05,ordinary,round_robin,response_loss,HumanEval/77,HumanEval/77::99,ordinary-permit-daddae991a60caa709ef66c16a4706ab,9,fail,259c5bea82ed1a65b71b348c294ab7385480eac4d7065a754deaaa87f2dbc541,06e481ac9d9bd431c15de3d61f8631216c4449f807f4031ede332b7ceb213187,564cce2b7cb12948c89a5af11eace63285df6ecb7674e92fc8a4687608659e56,e05cebc18c2dab444215fb826377edb0480db72e2bf33ed776afbbc2a1d7f150,9,1,0.0,0.002139446000001044,0.20399999999790452,4.0361608,4.2435841,4.2486989,primary,False
r040,evaluation_05,ordinary,round_robin,response_loss,HumanEval/76,HumanEval/76::219,ordinary-permit-21e4c1993f07a913296c8cc7c2bc1891,10,fail,8b451528343f2717a5fc7b580075b6c914e3c3df14696703d03b0f3d91c5d8fe,a4b6257a86fcd13331db66808888e327aac9f995b5ed26563d2af4662ea693d5,53c46df7af3aa4651aeb0887a3ffc7b662f962130b6d63c3d4be47fe14029541,e05cebc18c2dab444215fb826377edb0480db72e2bf33ed776afbbc2a1d7f150,10,1,0.000168,0.002040504000007104,0.21899999998277053,4.2613895,4.4735997,4.4788409,primary,False
r040,evaluation_05,ordinary,round_robin,response_loss,HumanEval/126,HumanEval/126::468,ordinary-permit-236089e953d2a3ac7743099642a77385,11,fail,48dbad094bc4bbdcac2dd6996403fbe41a40c560067168661e667dc3346f174e,29945f1470f7ff4556c7d1f639eb3cdf0bcd549225626b71cc1890816a37c33f,774a97c8931cda8f2cc56f9581b0f38d4d2f34e3c0f9c4caff1e107e744263f2,e05cebc18c2dab444215fb826377edb0480db72e2bf33ed776afbbc2a1d7f150,11,1,0.0,0.0020938810000075136,0.2029999999795109,4.5035735,4.7095448,4.7149615,primary,False
r040,evaluation_05,ordinary,round_robin,response_loss,HumanEval/109,HumanEval/109::372,ordinary-permit-9ba02fa8996b2e8927c7906bc89faed6,12,fail,138eaaf984a13545deb56dc2ff8debede104b690a7d9dcdf470b8645de42eaa4,ecae171f0345cd50c18cf7e632273fef94229a57f1d85be3be5aa9e794887626,1165bcb1af1c4e826ec7b1b9178304970b5f776809100bc7c0c653339caaf9fc,e05cebc18c2dab444215fb826377edb0480db72e2bf33ed776afbbc2a1d7f150,12,1,0.0,0.0019652980000159914,0.2029999999795109,4.7549739,4.9664818,5.9901121,drain,True
r041,evaluation_06,ordinary,round_robin,response_loss,HumanEval/132,HumanEval/132::341,ordinary-permit-5e52abe9c0ea968fa23c74559a541a13,1,fail,736f085341139609efaeb4dce82a2fcf1feca0fa9c9efa6cfc872aeea1e91c99,4e6759e7499158cf726b2c9e0eaee9886086f409f18935b8b99ce5980074fc0c,1c37bdaf21efd227e08840b37ce6d741eb8ebc5275e50c97fa4ba66c05139743,e05cebc18c2dab444215fb826377edb0480db72e2bf33ed776afbbc2a1d7f150,1,1,0.00035,0.002008294000006572,0.20300000000861473,0.0341978,0.2478218,0.2526948,primary,False
r041,evaluation_06,ordinary,round_robin,response_loss,HumanEval/162,HumanEval/162::23,ordinary-permit-5fe55c5d7b91c11bf024841b10acb185,2,pass,144dc1d7098a15d853320b1be53a1d7b97a874e4271e35329d68175bdfaf3479,05a6fccb56af0b2ae8dcaa732977dff7a16cc53cd2c5e6cfa28c919edefd2002,6de6198bf0eac7310a34ac98a582d027244dfbbac585f787585613d57ac06b74,e05cebc18c2dab444215fb826377edb0480db72e2bf33ed776afbbc2a1d7f150,2,1,0.000754,0.0017802819999985786,0.20300000000861473,0.2821799,0.4905079,0.4950277,primary,False
r041,evaluation_06,ordinary,round_robin,response_loss,HumanEval/160,HumanEval/160::103,ordinary-permit-8624721a8805115a77971301c959baa1,3,fail,5fc9f814ebc67ec0420378410aaba3c2ed4e6aa9e2a555c29107bf42222bb13f,88018acf3af6f9c85b6e647fe5d18dfafdde3e20c64434bdf541d54753524d2d,ce9b133a55037ed854e6e5a13de1982273b1d54e4f637003958de8868a3d6dff,e05cebc18c2dab444215fb826377edb0480db72e2bf33ed776afbbc2a1d7f150,3,1,0.0,0.0018955849999997554,0.20300000000861473,0.5310644,0.739472,0.7444617,primary,False
r041,evaluation_06,ordinary,round_robin,response_loss,HumanEval/72,HumanEval/72::180,ordinary-permit-799b397eb5fecbc3b63c44dd8a41755c,4,pass,b140b381ab3d59b2dea2559d2fcc4031e23a9cbae7e622fcdf1706ba9ae661da,db30f9a8046a802d78734b4f7f5477680024b680b70ddff9c9be2cc8738f3250,f16721402a1037725d9d635d77d5e2f0c18b8ef749d22122cc6e684fa6f1b03b,e05cebc18c2dab444215fb826377edb0480db72e2bf33ed776afbbc2a1d7f150,4,1,0.0,0.002125116000001981,0.20300000000861473,0.7811934,0.989299,2.0163476,primary,True
r041,evaluation_06,ordinary,round_robin,response_loss,HumanEval/56,HumanEval/56::13,ordinary-permit-92e0ac5d474dfe3516d3f8a4c6a914aa,5,pass,24f741f3bd371ebbedb7156cedfadb595ad1cbbef11ea51ee8dc787d611fbe46,70124f34b89e803c50dcbf0ef8a062ddddad48d580935e532c0d7ceadaae3628,63f4c7c44579194563e5bb31fa1c56e32ead34317c8255c82c5c1ea8ed7e5ca7,e05cebc18c2dab444215fb826377edb0480db72e2bf33ed776afbbc2a1d7f150,5,1,0.0,0.0020464369999899645,0.2029999999795109,2.0470574,2.2540213,2.2588547,primary,False
r041,evaluation_06,ordinary,round_robin,response_loss,HumanEval/65,HumanEval/65::219,ordinary-permit-280ba30035ef4eb6197ea578c0025fe4,6,fail,c03884431eb55f80dd558bd42eb102779f99b63eac64571a66d75ce3014e3e92,d5ae26b22cefb04526f026002deb305b4ae8d4a47ae7bb11deb5961f6e09d3a5,d0460dee7bb959cd4661c1384aba128b584d74f259c4fff15caec4443c486313,e05cebc18c2dab444215fb826377edb0480db72e2bf33ed776afbbc2a1d7f150,6,1,0.000763,0.002060984000024746,0.2029999999795109,2.2978753,2.5037069,2.5089934,primary,False
r041,evaluation_06,ordinary,round_robin,response_loss,HumanEval/146,HumanEval/146::76,ordinary-permit-9eee37feb5b6ad09bd37c24751a3189b,7,pass,e856c1132314ad144788295a3c693196b41885cbd7b002e69bb8b92c3aa05c39,500f1bea0a4e9933cb24e60462a19301d8c23248632a2f64284551ca0d71de28,183ddce8e973142cc67cf0ca35879a6b8f4254ba216f0d81b9349a7a0a00f22d,e05cebc18c2dab444215fb826377edb0480db72e2bf33ed776afbbc2a1d7f150,7,1,0.000261,0.0020056589999910557,0.2029999999795109,2.5457489,2.7548137,2.7594773,primary,False
r041,evaluation_06,ordinary,round_robin,response_loss,HumanEval/100,HumanEval/100::30,ordinary-permit-e9797b185ea0eb213d1a4382020a2834,8,fail,d3fb0726feae1334a58eaea2ac1efbb6b82a9fd9851cc2e6af7d640176cf634c,c9424f8e364777016ba6c8e606444475929632cfe5a90c8aa1796c683eb7769c,e9fd0b27ec18f788395b85a6afc46fb66a2aed791c82f71c9f1965cf0e54c5cb,e05cebc18c2dab444215fb826377edb0480db72e2bf33ed776afbbc2a1d7f150,8,1,0.0,0.00205546699999104,0.2029999999795109,2.7969525,3.0007482,4.0098328,primary,True
r041,evaluation_06,ordinary,round_robin,response_loss,HumanEval/132,HumanEval/132::264,ordinary-permit-dccc3314dd288370b692d3f375d5d487,9,fail,9f23fcb609382097bf289f5c48edb441deb66c6cb173374be73faca31a280c87,01cb17edb0ce1355f9603d3da9fdb94a7f6615f1414e2c0cffb26b7b5853175e,1c37bdaf21efd227e08840b37ce6d741eb8ebc5275e50c97fa4ba66c05139743,e05cebc18c2dab444215fb826377edb0480db72e2bf33ed776afbbc2a1d7f150,9,1,0.0,0.002341094000001931,0.20399999999790452,4.0237907,4.2323434,4.2369302,primary,False
r041,evaluation_06,ordinary,round_robin,response_loss,HumanEval/160,HumanEval/160::227,ordinary-permit-e8a4062c26f2e33762b2a65686deef48,10,fail,097491f98866e3350d615bb482a485cb177d9a05eb09eabfb178dfab4ae5f138,50d286a6ba767346d74bb0ecb28dedcefeacb35c9b9708a3fda755efe38cc372,ce9b133a55037ed854e6e5a13de1982273b1d54e4f637003958de8868a3d6dff,e05cebc18c2dab444215fb826377edb0480db72e2bf33ed776afbbc2a1d7f150,10,1,0.0018059999999999999,0.0023041139999975258,0.20399999999790452,4.2733845,4.4819315,4.4862557,primary,False
r041,evaluation_06,ordinary,round_robin,response_loss,HumanEval/65,HumanEval/65::117,ordinary-permit-f206b879ad4ee2c32b138b525bd3915a,11,fail,41d396f791ef40df6b97d6df97cf1f7eb1e587c254328544fd86808578dba67d,8d528089d89f11eef6b36627001cd519090b4bda57b003e119f334c31175ad12,d0460dee7bb959cd4661c1384aba128b584d74f259c4fff15caec4443c486313,e05cebc18c2dab444215fb826377edb0480db72e2bf33ed776afbbc2a1d7f150,11,1,0.001197,0.0022144490000073347,0.20300000000861473,4.4992664,4.7069783,4.7121914,primary,False
r041,evaluation_06,ordinary,round_robin,response_loss,HumanEval/100,HumanEval/100::263,ordinary-permit-c9b41d1c7204ea640e879ab08d932783,12,fail,419a9e976f27339ade964f53f802f7482d24f55a3e975a2dd0cac12912f019e6,19260a80d5be205130f77b34455f869dc4c7ec1a8aec68a2c7347586e2843a40,e9fd0b27ec18f788395b85a6afc46fb66a2aed791c82f71c9f1965cf0e54c5cb,e05cebc18c2dab444215fb826377edb0480db72e2bf33ed776afbbc2a1d7f150,12,1,0.0,0.0021429279999836126,0.21899999998277053,4.7440617,4.9587553,5.9794097,drain,True
r042,evaluation_06,ecrc,round_robin,response_loss,HumanEval/132,HumanEval/132::341,permit_fc84de5571e7bb1103bb2aa7bb9a31d7,1,fail,e3792b814179c66347ea9c6bbf24912a88892f0417476942c776150c3c9c7655,4e6759e7499158cf726b2c9e0eaee9886086f409f18935b8b99ce5980074fc0c,1c37bdaf21efd227e08840b37ce6d741eb8ebc5275e50c97fa4ba66c05139743,e05cebc18c2dab444215fb826377edb0480db72e2bf33ed776afbbc2a1d7f150,1,1,0.0,0.0020596409999882326,0.20300000000861473,0.0287452,0.2367249,0.2415376,primary,False
r042,evaluation_06,ecrc,round_robin,response_loss,HumanEval/162,HumanEval/162::23,permit_39379432a4ced4300e3c4f2a7be31324,2,pass,50011cc6ed70d9c4f4f969453e4d8aa80bccba97ab6e17256fa2cec16711e2b1,05a6fccb56af0b2ae8dcaa732977dff7a16cc53cd2c5e6cfa28c919edefd2002,6de6198bf0eac7310a34ac98a582d027244dfbbac585f787585613d57ac06b74,e05cebc18c2dab444215fb826377edb0480db72e2bf33ed776afbbc2a1d7f150,2,1,0.0,0.001977148999998235,0.20300000000861473,0.2811333,0.4880258,0.4932443,primary,False
r042,evaluation_06,ecrc,round_robin,response_loss,HumanEval/160,HumanEval/160::103,permit_3a60fd6ff097f064bbc6ecd13acf2421,3,fail,d9f98860954c6aa30d5a9918ab57ea890ccd58008185e2908184db6223d8214d,88018acf3af6f9c85b6e647fe5d18dfafdde3e20c64434bdf541d54753524d2d,ce9b133a55037ed854e6e5a13de1982273b1d54e4f637003958de8868a3d6dff,e05cebc18c2dab444215fb826377edb0480db72e2bf33ed776afbbc2a1d7f150,3,1,0.0,0.001999062000010099,0.20300000000861473,0.5283674,0.7379956,0.7433898,primary,False
r042,evaluation_06,ecrc,round_robin,response_loss,HumanEval/72,HumanEval/72::180,permit_9c803e75954ceef9fc0f4294828efcb0,4,pass,ef310d53eed215e1335a0bc0ea60588b9fb34cb5fb3acd276a47b5406aa1a551,db30f9a8046a802d78734b4f7f5477680024b680b70ddff9c9be2cc8738f3250,f16721402a1037725d9d635d77d5e2f0c18b8ef749d22122cc6e684fa6f1b03b,e05cebc18c2dab444215fb826377edb0480db72e2bf33ed776afbbc2a1d7f150,4,1,0.001392,0.002178305999990471,0.21899999998277053,0.7797313,0.9902919,2.0171235,primary,True
r042,evaluation_06,ecrc,round_robin,response_loss,HumanEval/56,HumanEval/56::13,permit_6e3a9030b2bed67108828c1fd3c50e7f,5,pass,2f3a09c8d52814306c17a8b73f2ad9137022511a5dba747e73afff1e5e5c7042,70124f34b89e803c50dcbf0ef8a062ddddad48d580935e532c0d7ceadaae3628,63f4c7c44579194563e5bb31fa1c56e32ead34317c8255c82c5c1ea8ed7e5ca7,e05cebc18c2dab444215fb826377edb0480db72e2bf33ed776afbbc2a1d7f150,5,1,0.0,0.001968066999978646,0.2029999999795109,2.0478705,2.2535394,2.2587179,primary,False
r042,evaluation_06,ecrc,round_robin,response_loss,HumanEval/65,HumanEval/65::219,permit_78ded8c0ef4a6ff698009bd4a9436c9d,6,fail,8aa1d5ff05ad17d86d02905e3ee0efa661b25912ce56a1762ec6ecbe0205c721,d5ae26b22cefb04526f026002deb305b4ae8d4a47ae7bb11deb5961f6e09d3a5,d0460dee7bb959cd4661c1384aba128b584d74f259c4fff15caec4443c486313,e05cebc18c2dab444215fb826377edb0480db72e2bf33ed776afbbc2a1d7f150,6,1,0.0,0.0020625810000183264,0.21799999999348074,2.2969742,2.5062663,2.5111061,primary,False
r042,evaluation_06,ecrc,round_robin,response_loss,HumanEval/146,HumanEval/146::76,permit_371770766646013238e4f10044d9a737,7,pass,254068e65caa49a4b691a0d1eaf12e17e4028f2c665b8ce232118091e08dd1ba,500f1bea0a4e9933cb24e60462a19301d8c23248632a2f64284551ca0d71de28,183ddce8e973142cc67cf0ca35879a6b8f4254ba216f0d81b9349a7a0a00f22d,e05cebc18c2dab444215fb826377edb0480db72e2bf33ed776afbbc2a1d7f150,7,1,0.0,0.0019626079999852664,0.21799999999348074,2.5478592,2.7555915,2.7610565,primary,False
r042,evaluation_06,ecrc,round_robin,response_loss,HumanEval/100,HumanEval/100::30,permit_30df4897043319a883ad707392bf9c93,8,fail,12b9a708083cc635426554969b7ac060077c81ecc8e62c6f204e5be5ef6fe62c,c9424f8e364777016ba6c8e606444475929632cfe5a90c8aa1796c683eb7769c,e9fd0b27ec18f788395b85a6afc46fb66a2aed791c82f71c9f1965cf0e54c5cb,e05cebc18c2dab444215fb826377edb0480db72e2bf33ed776afbbc2a1d7f150,8,1,0.0,0.0017960619999826122,0.2029999999795109,2.7954842,3.0018114,4.0362333,primary,True
r042,evaluation_06,ecrc,round_robin,response_loss,HumanEval/132,HumanEval/132::264,permit_8bc44e0e06e44d39185f59fae9053f13,9,fail,0edef3a67ba2a6f11275dc86f15c496afd833bf73149ffb601a16e8a3082be54,01cb17edb0ce1355f9603d3da9fdb94a7f6615f1414e2c0cffb26b7b5853175e,1c37bdaf21efd227e08840b37ce6d741eb8ebc5275e50c97fa4ba66c05139743,e05cebc18c2dab444215fb826377edb0480db72e2bf33ed776afbbc2a1d7f150,9,1,0.0,0.0021405339999773787,0.20300000000861473,4.0644484,4.2789417,4.2846813,primary,False
r042,evaluation_06,ecrc,round_robin,response_loss,HumanEval/160,HumanEval/160::227,permit_d329547d18c9f31e3c01723e91fbb514,10,fail,32f1eea74d8a54d0ec8ede61f0c4ecbb53898cd494657d2ae3be5775f2fff90f,50d286a6ba767346d74bb0ecb28dedcefeacb35c9b9708a3fda755efe38cc372,ce9b133a55037ed854e6e5a13de1982273b1d54e4f637003958de8868a3d6dff,e05cebc18c2dab444215fb826377edb0480db72e2bf33ed776afbbc2a1d7f150,10,1,0.0,0.0022842410000123436,0.20300000000861473,4.3157437,4.5265537,4.5312428,primary,False
r042,evaluation_06,ecrc,round_robin,response_loss,HumanEval/65,HumanEval/65::117,permit_e0872587abbd9b3a53eeffccf82c51f0,11,fail,bbc2c7585136e529990ab4442fca9bfa18c74a3f3eff3371b70f69b7b81a4d72,8d528089d89f11eef6b36627001cd519090b4bda57b003e119f334c31175ad12,d0460dee7bb959cd4661c1384aba128b584d74f259c4fff15caec4443c486313,e05cebc18c2dab444215fb826377edb0480db72e2bf33ed776afbbc2a1d7f150,11,1,0.001699,0.0020878750000008495,0.20300000000861473,4.5691862,4.7775202,4.7829462,primary,False
r042,evaluation_06,ecrc,round_robin,response_loss,HumanEval/100,HumanEval/100::263,permit_fc2d7fa7921392633a5de7a450b9987b,12,fail,1906ec5a3affed7dc1dce91c2456062ceba8005ed528b2d80eda9c0c46cc276e,19260a80d5be205130f77b34455f869dc4c7ec1a8aec68a2c7347586e2843a40,e9fd0b27ec18f788395b85a6afc46fb66a2aed791c82f71c9f1965cf0e54c5cb,e05cebc18c2dab444215fb826377edb0480db72e2bf33ed776afbbc2a1d7f150,12,1,0.001398,0.0021374989999856098,0.20300000000861473,4.8188979,5.0264669,6.0612417,drain,True
r043,evaluation_06,ecrc,depth_first,response_loss,HumanEval/132,HumanEval/132::341,permit_fc84de5571e7bb1103bb2aa7bb9a31d7,1,fail,8dbad1a6679d21d1034a33b97d89eaa2cc6f61215b6778dd0e0fd8be1defaf94,4e6759e7499158cf726b2c9e0eaee9886086f409f18935b8b99ce5980074fc0c,1c37bdaf21efd227e08840b37ce6d741eb8ebc5275e50c97fa4ba66c05139743,e05cebc18c2dab444215fb826377edb0480db72e2bf33ed776afbbc2a1d7f150,1,1,0.0,0.0021477769999762586,0.21900000001187436,0.0294949,0.2421446,0.2472508,primary,False
r043,evaluation_06,ecrc,depth_first,response_loss,HumanEval/132,HumanEval/132::264,permit_8bc44e0e06e44d39185f59fae9053f13,2,fail,b3f1fdc61504a285600c36613a69b18b770d44050d985e48bd93c555a9e7c751,01cb17edb0ce1355f9603d3da9fdb94a7f6615f1414e2c0cffb26b7b5853175e,1c37bdaf21efd227e08840b37ce6d741eb8ebc5275e50c97fa4ba66c05139743,e05cebc18c2dab444215fb826377edb0480db72e2bf33ed776afbbc2a1d7f150,2,1,0.000789,0.0018540369999868744,0.21900000001187436,0.2811177,0.4917139,0.4973878,primary,False
r043,evaluation_06,ecrc,depth_first,response_loss,HumanEval/132,HumanEval/132::345,permit_90fb3ce6c3783e3717cab1d9720a8dec,3,fail,a54783949a14991d9043cf610933a69f2566e30a5d1a424628fdda450164d050,8ecf44435bd90a2fb782e4cfc873be324150c2887ce41e9b66d98ffe904e85c8,1c37bdaf21efd227e08840b37ce6d741eb8ebc5275e50c97fa4ba66c05139743,e05cebc18c2dab444215fb826377edb0480db72e2bf33ed776afbbc2a1d7f150,3,1,0.0,0.0019798390000005384,0.20399999999790452,0.5324749,0.7407179,0.7459787,primary,False
r043,evaluation_06,ecrc,depth_first,response_loss,HumanEval/132,HumanEval/132::99,permit_62be7282476faa2609f681e60edeffe4,4,fail,986c67f3975f4414424d3a76b3bcab742718c62b823931af0e373be85682080b,0919a2121fb02573220c5c7db6e6e246a1135ec72f953f54a275e027386f0bf1,1c37bdaf21efd227e08840b37ce6d741eb8ebc5275e50c97fa4ba66c05139743,e05cebc18c2dab444215fb826377edb0480db72e2bf33ed776afbbc2a1d7f150,4,1,0.0,0.0025068980000071406,0.21900000001187436,0.7816138,1.0031793,2.0309278,primary,True
r043,evaluation_06,ecrc,depth_first,response_loss,HumanEval/162,HumanEval/162::23,permit_39379432a4ced4300e3c4f2a7be31324,5,pass,92d68b13c487d1bac889b0380f1133d94151d7a70e1f1aac8ceb18395f11dcc1,05a6fccb56af0b2ae8dcaa732977dff7a16cc53cd2c5e6cfa28c919edefd2002,6de6198bf0eac7310a34ac98a582d027244dfbbac585f787585613d57ac06b74,e05cebc18c2dab444215fb826377edb0480db72e2bf33ed776afbbc2a1d7f150,5,1,0.0,0.002065662000006796,0.20300000000861473,2.0615755,2.2643911,2.2694382,primary,False
r043,evaluation_06,ecrc,depth_first,response_loss,HumanEval/160,HumanEval/160::103,permit_3a60fd6ff097f064bbc6ecd13acf2421,6,fail,a91478f7018286e7ccde3612bc040d472986229ebe2f46e79cfed5417a30ef9b,88018acf3af6f9c85b6e647fe5d18dfafdde3e20c64434bdf541d54753524d2d,ce9b133a55037ed854e6e5a13de1982273b1d54e4f637003958de8868a3d6dff,e05cebc18c2dab444215fb826377edb0480db72e2bf33ed776afbbc2a1d7f150,6,1,0.001023,0.0020750300000145216,0.21900000001187436,2.2954306,2.5017784,2.5071442,primary,False
r043,evaluation_06,ecrc,depth_first,response_loss,HumanEval/160,HumanEval/160::227,permit_d329547d18c9f31e3c01723e91fbb514,7,fail,74abbe68643b79ea83bc6793deef1bbff3b7f0f41ba25c2caf094a4ba7205b34,50d286a6ba767346d74bb0ecb28dedcefeacb35c9b9708a3fda755efe38cc372,ce9b133a55037ed854e6e5a13de1982273b1d54e4f637003958de8868a3d6dff,e05cebc18c2dab444215fb826377edb0480db72e2bf33ed776afbbc2a1d7f150,7,1,4.4e-05,0.0023999660000129097,0.21900000001187436,2.5313682,2.7393195,2.744237,primary,False
r043,evaluation_06,ecrc,depth_first,response_loss,HumanEval/160,HumanEval/160::107,permit_6eac0f2b33728a99009bdc9ba22ebdce,8,pass,6f3eac3973b21b7c6c99991961cb40e82baa99a089b1dc909027e1968f38f89f,37b901253ed29480e0b26ec69bdcd6e5b781fbf7a49a9a9ea841510f9fb37503,ce9b133a55037ed854e6e5a13de1982273b1d54e4f637003958de8868a3d6dff,e05cebc18c2dab444215fb826377edb0480db72e2bf33ed776afbbc2a1d7f150,8,1,0.0,0.0022096909999902437,0.20399999999790452,2.7835244,2.9954454,4.0046118,primary,True
r043,evaluation_06,ecrc,depth_first,response_loss,HumanEval/72,HumanEval/72::180,permit_9c803e75954ceef9fc0f4294828efcb0,9,pass,c6d558c326a485d918c49be7c586658131e0fdf4632043df8b6b10b92bd56a9d,db30f9a8046a802d78734b4f7f5477680024b680b70ddff9c9be2cc8738f3250,f16721402a1037725d9d635d77d5e2f0c18b8ef749d22122cc6e684fa6f1b03b,e05cebc18c2dab444215fb826377edb0480db72e2bf33ed776afbbc2a1d7f150,9,1,0.000243,0.002058429000015849,0.21900000001187436,4.019294,4.2366452,4.2421146,primary,False
r043,evaluation_06,ecrc,depth_first,response_loss,HumanEval/56,HumanEval/56::13,permit_6e3a9030b2bed67108828c1fd3c50e7f,10,pass,a5f1df0588baf4ded1304e3eafa35064546618c8440948cb373a51f8f254c46c,70124f34b89e803c50dcbf0ef8a062ddddad48d580935e532c0d7ceadaae3628,63f4c7c44579194563e5bb31fa1c56e32ead34317c8255c82c5c1ea8ed7e5ca7,e05cebc18c2dab444215fb826377edb0480db72e2bf33ed776afbbc2a1d7f150,10,1,0.0,0.0021948670000142556,0.21900000001187436,4.2759315,4.4892953,4.4942683,primary,False
r043,evaluation_06,ecrc,depth_first,response_loss,HumanEval/65,HumanEval/65::219,permit_78ded8c0ef4a6ff698009bd4a9436c9d,11,fail,e3b9529902038f54aad7d6f3d13f74417353bb0b7dc50ef01a12b5c75bcd3dd3,d5ae26b22cefb04526f026002deb305b4ae8d4a47ae7bb11deb5961f6e09d3a5,d0460dee7bb959cd4661c1384aba128b584d74f259c4fff15caec4443c486313,e05cebc18c2dab444215fb826377edb0480db72e2bf33ed776afbbc2a1d7f150,11,1,0.0,0.002140754999999217,0.20300000000861473,4.5262027,4.7374207,4.7425419,primary,False
r043,evaluation_06,ecrc,depth_first,response_loss,HumanEval/65,HumanEval/65::117,permit_e0872587abbd9b3a53eeffccf82c51f0,12,fail,8e73b54b8f1d850f78262f2abaa07b8d86398c04de168535d32449bb05d711e8,8d528089d89f11eef6b36627001cd519090b4bda57b003e119f334c31175ad12,d0460dee7bb959cd4661c1384aba128b584d74f259c4fff15caec4443c486313,e05cebc18c2dab444215fb826377edb0480db72e2bf33ed776afbbc2a1d7f150,12,1,0.00075,0.0021548310000127913,0.20300000000861473,4.7782675,4.9861821,6.016059,drain,True
r044,evaluation_06,ordinary,depth_first,response_loss,HumanEval/132,HumanEval/132::341,ordinary-permit-5e52abe9c0ea968fa23c74559a541a13,1,fail,aafa82dab7c6e8bdc2cf98d2627eb69efa00f7a5a6c19c6b409a471496b1523e,4e6759e7499158cf726b2c9e0eaee9886086f409f18935b8b99ce5980074fc0c,1c37bdaf21efd227e08840b37ce6d741eb8ebc5275e50c97fa4ba66c05139743,e05cebc18c2dab444215fb826377edb0480db72e2bf33ed776afbbc2a1d7f150,1,1,0.0,0.0023274979999996503,0.21799999999348074,0.0268293,0.2455455,0.25043,primary,False
r044,evaluation_06,ordinary,depth_first,response_loss,HumanEval/132,HumanEval/132::264,ordinary-permit-dccc3314dd288370b692d3f375d5d487,2,fail,620f94b726db18cd5c863078e6d8bffb67ddfff1fed7ab0783b66064f217ae2f,01cb17edb0ce1355f9603d3da9fdb94a7f6615f1414e2c0cffb26b7b5853175e,1c37bdaf21efd227e08840b37ce6d741eb8ebc5275e50c97fa4ba66c05139743,e05cebc18c2dab444215fb826377edb0480db72e2bf33ed776afbbc2a1d7f150,2,1,0.0,0.002101290000013023,0.21799999999348074,0.2763509,0.4898018,0.4946681,primary,False
r044,evaluation_06,ordinary,depth_first,response_loss,HumanEval/132,HumanEval/132::345,ordinary-permit-46f2d1f3aff32b5f699e8f44f39cb80c,3,fail,f4855a0bb26ca6693c7a90f45652b03a6431e029b5e536da73cd8aa64412f1d7,8ecf44435bd90a2fb782e4cfc873be324150c2887ce41e9b66d98ffe904e85c8,1c37bdaf21efd227e08840b37ce6d741eb8ebc5275e50c97fa4ba66c05139743,e05cebc18c2dab444215fb826377edb0480db72e2bf33ed776afbbc2a1d7f150,3,1,0.0,0.002135192999986657,0.20300000000861473,0.527879,0.7369579,0.7419442,primary,False
r044,evaluation_06,ordinary,depth_first,response_loss,HumanEval/132,HumanEval/132::99,ordinary-permit-510f99f8fffa857c38a87a9b4eff27b1,4,fail,98a824a3f5bae7802a3b7b0c47e4f640adb36993891dcb71bf74416c392d8601,0919a2121fb02573220c5c7db6e6e246a1135ec72f953f54a275e027386f0bf1,1c37bdaf21efd227e08840b37ce6d741eb8ebc5275e50c97fa4ba66c05139743,e05cebc18c2dab444215fb826377edb0480db72e2bf33ed776afbbc2a1d7f150,4,1,0.0,0.001972946000023512,0.2029999999795109,0.7644786,0.9723627,1.9987676,primary,True
r044,evaluation_06,ordinary,depth_first,response_loss,HumanEval/162,HumanEval/162::23,ordinary-permit-5fe55c5d7b91c11bf024841b10acb185,5,pass,9ddfe9aef1d1cd229611f34830d72f85655e19c465ca5954ce6f1f9aa506666c,05a6fccb56af0b2ae8dcaa732977dff7a16cc53cd2c5e6cfa28c919edefd2002,6de6198bf0eac7310a34ac98a582d027244dfbbac585f787585613d57ac06b74,e05cebc18c2dab444215fb826377edb0480db72e2bf33ed776afbbc2a1d7f150,5,1,0.0,0.001939763999985189,0.20300000000861473,2.0308707,2.2428606,2.2474693,primary,False
r044,evaluation_06,ordinary,depth_first,response_loss,HumanEval/160,HumanEval/160::103,ordinary-permit-8624721a8805115a77971301c959baa1,6,fail,7da1fc749b3d5f68305dd4accf96cd89237956f976db67b23c6cfee7ace06752,88018acf3af6f9c85b6e647fe5d18dfafdde3e20c64434bdf541d54753524d2d,ce9b133a55037ed854e6e5a13de1982273b1d54e4f637003958de8868a3d6dff,e05cebc18c2dab444215fb826377edb0480db72e2bf33ed776afbbc2a1d7f150,6,1,0.0,0.0019140640000046005,0.21899999998277053,2.2599487,2.4740618,2.4793436,primary,False
r044,evaluation_06,ordinary,depth_first,response_loss,HumanEval/160,HumanEval/160::227,ordinary-permit-e8a4062c26f2e33762b2a65686deef48,7,fail,dfacdb1c31f9a29692a253968dc8352a1647b48e94cb0e9ff8eb446173e1b483,50d286a6ba767346d74bb0ecb28dedcefeacb35c9b9708a3fda755efe38cc372,ce9b133a55037ed854e6e5a13de1982273b1d54e4f637003958de8868a3d6dff,e05cebc18c2dab444215fb826377edb0480db72e2bf33ed776afbbc2a1d7f150,7,1,9.6e-05,0.0022308000000066386,0.2029999999795109,2.5172901,2.7280983,2.7329814,primary,False
r044,evaluation_06,ordinary,depth_first,response_loss,HumanEval/160,HumanEval/160::107,ordinary-permit-171518b3cef035ba0563e55b7f54466f,8,pass,f733b444ae7e5b71db26f5879826c87f4b595508523f7b05717a977abbb6d2e9,37b901253ed29480e0b26ec69bdcd6e5b781fbf7a49a9a9ea841510f9fb37503,ce9b133a55037ed854e6e5a13de1982273b1d54e4f637003958de8868a3d6dff,e05cebc18c2dab444215fb826377edb0480db72e2bf33ed776afbbc2a1d7f150,8,1,0.0,0.002279517000005171,0.21900000001187436,2.7456001,2.9589711,3.9678181,primary,True
r044,evaluation_06,ordinary,depth_first,response_loss,HumanEval/72,HumanEval/72::180,ordinary-permit-799b397eb5fecbc3b63c44dd8a41755c,9,pass,8b1e0eb4d58224ad266e610c0b60d03b4b5817c0d4f6286442125b495999397b,db30f9a8046a802d78734b4f7f5477680024b680b70ddff9c9be2cc8738f3250,f16721402a1037725d9d635d77d5e2f0c18b8ef749d22122cc6e684fa6f1b03b,e05cebc18c2dab444215fb826377edb0480db72e2bf33ed776afbbc2a1d7f150,9,1,0.000642,0.002131928000011385,0.20300000000861473,4.0027852,4.2150925,4.2198992,primary,False
r044,evaluation_06,ordinary,depth_first,response_loss,HumanEval/56,HumanEval/56::13,ordinary-permit-92e0ac5d474dfe3516d3f8a4c6a914aa,10,pass,d58b56551c881853ea21f15d229a69c4c43f63888e595de1b15d8b7930508275,70124f34b89e803c50dcbf0ef8a062ddddad48d580935e532c0d7ceadaae3628,63f4c7c44579194563e5bb31fa1c56e32ead34317c8255c82c5c1ea8ed7e5ca7,e05cebc18c2dab444215fb826377edb0480db72e2bf33ed776afbbc2a1d7f150,10,1,0.0,0.0021133670000210714,0.20300000000861473,4.2520203,4.4613307,4.4657404,primary,False
r044,evaluation_06,ordinary,depth_first,response_loss,HumanEval/65,HumanEval/65::219,ordinary-permit-280ba30035ef4eb6197ea578c0025fe4,11,fail,5be29d458016df3c8a7f213e9f66ad85b641eb5b5e2b504db12d60b352f7eb97,d5ae26b22cefb04526f026002deb305b4ae8d4a47ae7bb11deb5961f6e09d3a5,d0460dee7bb959cd4661c1384aba128b584d74f259c4fff15caec4443c486313,e05cebc18c2dab444215fb826377edb0480db72e2bf33ed776afbbc2a1d7f150,11,1,0.0,0.002332722999994985,0.20300000000861473,4.5056577,4.7176018,4.7223397,primary,False
r044,evaluation_06,ordinary,depth_first,response_loss,HumanEval/65,HumanEval/65::117,ordinary-permit-f206b879ad4ee2c32b138b525bd3915a,12,fail,dd65a02c7e6097afd86c8e865c1f77ba441232de335d8d935f5bbd76c2455983,8d528089d89f11eef6b36627001cd519090b4bda57b003e119f334c31175ad12,d0460dee7bb959cd4661c1384aba128b584d74f259c4fff15caec4443c486313,e05cebc18c2dab444215fb826377edb0480db72e2bf33ed776afbbc2a1d7f150,12,1,0.001245,0.0021734610000123666,0.20300000000861473,4.7532413,4.9625961,5.9905723,drain,True
r045,evaluation_06,ecrc,round_robin,normal,HumanEval/132,HumanEval/132::341,permit_fc84de5571e7bb1103bb2aa7bb9a31d7,1,fail,81a62587eb65f5c7368d714afa80dca17e3ef4f489a237fd7ee459fc52f78da2,4e6759e7499158cf726b2c9e0eaee9886086f409f18935b8b99ce5980074fc0c,1c37bdaf21efd227e08840b37ce6d741eb8ebc5275e50c97fa4ba66c05139743,e05cebc18c2dab444215fb826377edb0480db72e2bf33ed776afbbc2a1d7f150,1,1,0.0,0.0018966819999945983,0.20300000000861473,0.038843,0.2482391,0.2533776,primary,False
r045,evaluation_06,ecrc,round_robin,normal,HumanEval/162,HumanEval/162::23,permit_39379432a4ced4300e3c4f2a7be31324,2,pass,d48fb5af8212145b9cdbf4834f103e114e748daa30948055ee12612c12eec2f5,05a6fccb56af0b2ae8dcaa732977dff7a16cc53cd2c5e6cfa28c919edefd2002,6de6198bf0eac7310a34ac98a582d027244dfbbac585f787585613d57ac06b74,e05cebc18c2dab444215fb826377edb0480db72e2bf33ed776afbbc2a1d7f150,2,1,0.001304,0.002213982999990094,0.21799999999348074,0.2906211,0.5031539,0.5082727,primary,False
r045,evaluation_06,ecrc,round_robin,normal,HumanEval/160,HumanEval/160::103,permit_3a60fd6ff097f064bbc6ecd13acf2421,3,fail,d17f930bccb3f14210b2d42c3fb7ddbd40c9c90e57e643fd2585fb5adb8f7809,88018acf3af6f9c85b6e647fe5d18dfafdde3e20c64434bdf541d54753524d2d,ce9b133a55037ed854e6e5a13de1982273b1d54e4f637003958de8868a3d6dff,e05cebc18c2dab444215fb826377edb0480db72e2bf33ed776afbbc2a1d7f150,3,1,0.0,0.002031832999989547,0.21799999999348074,0.540683,0.7550015,0.7605886,primary,False
r045,evaluation_06,ecrc,round_robin,normal,HumanEval/72,HumanEval/72::180,permit_9c803e75954ceef9fc0f4294828efcb0,4,pass,eae43491c8ae7c65b974e398a8d84f9f6853a7d7b29084454d139b5c6296e1a2,db30f9a8046a802d78734b4f7f5477680024b680b70ddff9c9be2cc8738f3250,f16721402a1037725d9d635d77d5e2f0c18b8ef749d22122cc6e684fa6f1b03b,e05cebc18c2dab444215fb826377edb0480db72e2bf33ed776afbbc2a1d7f150,4,1,0.0,0.002079729000001862,0.21900000001187436,0.7783605,0.9967352,1.0026634,primary,False
r045,evaluation_06,ecrc,round_robin,normal,HumanEval/56,HumanEval/56::13,permit_6e3a9030b2bed67108828c1fd3c50e7f,5,pass,6eb632263fcf5392335460a1ba18023d5f7a409841548781aef16c8bbeed1d5f,70124f34b89e803c50dcbf0ef8a062ddddad48d580935e532c0d7ceadaae3628,63f4c7c44579194563e5bb31fa1c56e32ead34317c8255c82c5c1ea8ed7e5ca7,e05cebc18c2dab444215fb826377edb0480db72e2bf33ed776afbbc2a1d7f150,5,1,0.0,0.002067535000009002,0.21900000001187436,1.0225119,1.2414915,1.2471629,primary,False
r045,evaluation_06,ecrc,round_robin,normal,HumanEval/65,HumanEval/65::219,permit_78ded8c0ef4a6ff698009bd4a9436c9d,6,fail,d38a82a9b96f659cc4ab8c6b45367dd99d64007b6c8118edbb65539929be43e4,d5ae26b22cefb04526f026002deb305b4ae8d4a47ae7bb11deb5961f6e09d3a5,d0460dee7bb959cd4661c1384aba128b584d74f259c4fff15caec4443c486313,e05cebc18c2dab444215fb826377edb0480db72e2bf33ed776afbbc2a1d7f150,6,1,0.0,0.0019866469999954006,0.20300000000861473,1.273442,1.4815953,1.4871895,primary,False
r045,evaluation_06,ecrc,round_robin,normal,HumanEval/146,HumanEval/146::76,permit_371770766646013238e4f10044d9a737,7,pass,a57b7be2c6d44fed3d8ed1807bdd80e478d4a2ab340409a069a0d5a637d396f2,500f1bea0a4e9933cb24e60462a19301d8c23248632a2f64284551ca0d71de28,183ddce8e973142cc67cf0ca35879a6b8f4254ba216f0d81b9349a7a0a00f22d,e05cebc18c2dab444215fb826377edb0480db72e2bf33ed776afbbc2a1d7f150,7,1,0.000632,0.002045012999985829,0.20300000000861473,1.5230192,1.7312446,1.7365004,primary,False
r045,evaluation_06,ecrc,round_robin,normal,HumanEval/100,HumanEval/100::30,permit_30df4897043319a883ad707392bf9c93,8,fail,fbe44b39c1f2028ee674159550d05d1fcace6f276bff257ef6f658cc4c3ee24e,c9424f8e364777016ba6c8e606444475929632cfe5a90c8aa1796c683eb7769c,e9fd0b27ec18f788395b85a6afc46fb66a2aed791c82f71c9f1965cf0e54c5cb,e05cebc18c2dab444215fb826377edb0480db72e2bf33ed776afbbc2a1d7f150,8,1,0.0,0.002019210000014482,0.20300000000861473,1.7719359,1.9828413,1.9885619,primary,False
r045,evaluation_06,ecrc,round_robin,normal,HumanEval/132,HumanEval/132::264,permit_8bc44e0e06e44d39185f59fae9053f13,9,fail,b21c35c7d5c29be34db35cf1c8739ae48b5928084a05553f7d9cfd07c91667f7,01cb17edb0ce1355f9603d3da9fdb94a7f6615f1414e2c0cffb26b7b5853175e,1c37bdaf21efd227e08840b37ce6d741eb8ebc5275e50c97fa4ba66c05139743,e05cebc18c2dab444215fb826377edb0480db72e2bf33ed776afbbc2a1d7f150,9,1,0.0008259999999999999,0.0021733060000030946,0.20300000000861473,2.0069465,2.216171,2.2226541,primary,False
r045,evaluation_06,ecrc,round_robin,normal,HumanEval/160,HumanEval/160::227,permit_d329547d18c9f31e3c01723e91fbb514,10,fail,7a7cacc4f3fd32a9bfe06e662921f790ae7129e1d17e291108a5960b9e494b1c,50d286a6ba767346d74bb0ecb28dedcefeacb35c9b9708a3fda755efe38cc372,ce9b133a55037ed854e6e5a13de1982273b1d54e4f637003958de8868a3d6dff,e05cebc18c2dab444215fb826377edb0480db72e2bf33ed776afbbc2a1d7f150,10,1,6.5e-05,0.0020333920000155103,0.20300000000861473,2.2580162,2.4641659,2.4699224,primary,False
r045,evaluation_06,ecrc,round_robin,normal,HumanEval/65,HumanEval/65::117,permit_e0872587abbd9b3a53eeffccf82c51f0,11,fail,28d11942a668e6e2937a8983ec36b8dac3b74061d0b80abfa8d5014ee3a65bc8,8d528089d89f11eef6b36627001cd519090b4bda57b003e119f334c31175ad12,d0460dee7bb959cd4661c1384aba128b584d74f259c4fff15caec4443c486313,e05cebc18c2dab444215fb826377edb0480db72e2bf33ed776afbbc2a1d7f150,11,1,0.0,0.002056715000009035,0.20300000000861473,2.5078507,2.7121617,2.7176152,primary,False
r045,evaluation_06,ecrc,round_robin,normal,HumanEval/100,HumanEval/100::263,permit_fc2d7fa7921392633a5de7a450b9987b,12,fail,84b721b3aec8f055103ba69f3d89c5f0d1c93929502cd47c2de6599876329430,19260a80d5be205130f77b34455f869dc4c7ec1a8aec68a2c7347586e2843a40,e9fd0b27ec18f788395b85a6afc46fb66a2aed791c82f71c9f1965cf0e54c5cb,e05cebc18c2dab444215fb826377edb0480db72e2bf33ed776afbbc2a1d7f150,12,1,0.000607,0.0018536909999795625,0.21900000001187436,2.7582458,2.968906,2.975261,primary,False
r045,evaluation_06,ecrc,round_robin,normal,HumanEval/132,HumanEval/132::345,permit_90fb3ce6c3783e3717cab1d9720a8dec,13,fail,324cfdb2ff626750115d224dba8350251a01457e7773252a2de8b9037bfd700d,8ecf44435bd90a2fb782e4cfc873be324150c2887ce41e9b66d98ffe904e85c8,1c37bdaf21efd227e08840b37ce6d741eb8ebc5275e50c97fa4ba66c05139743,e05cebc18c2dab444215fb826377edb0480db72e2bf33ed776afbbc2a1d7f150,13,1,0.0005499999999999999,0.0021199450000040088,0.20300000000861473,3.0080789,3.2161196,3.2210495,primary,False
r045,evaluation_06,ecrc,round_robin,normal,HumanEval/160,HumanEval/160::107,permit_6eac0f2b33728a99009bdc9ba22ebdce,14,pass,fe2736040a2e147aa74280c6ed5d91502e55ac9d6fb33feb0994932955747748,37b901253ed29480e0b26ec69bdcd6e5b781fbf7a49a9a9ea841510f9fb37503,ce9b133a55037ed854e6e5a13de1982273b1d54e4f637003958de8868a3d6dff,e05cebc18c2dab444215fb826377edb0480db72e2bf33ed776afbbc2a1d7f150,14,1,0.0,0.002110647999984394,0.20300000000861473,3.2594847,3.4666218,3.4720286,primary,False
r045,evaluation_06,ecrc,round_robin,normal,HumanEval/65,HumanEval/65::111,permit_d733d49cc78852ad52c229a59609c854,15,fail,ba2376c050117c9ae3c4770396b1e7cad95253710ef5de80756fb4152b4f2161,434c3b802bb3eb4376beaa54ce99ac3d1b7a24b05465b7c76774e43cf99f94c7,d0460dee7bb959cd4661c1384aba128b584d74f259c4fff15caec4443c486313,e05cebc18c2dab444215fb826377edb0480db72e2bf33ed776afbbc2a1d7f150,15,1,0.0,0.0021865909999974065,0.20300000000861473,3.5081765,3.7145543,3.7198257,primary,False
r045,evaluation_06,ecrc,round_robin,normal,HumanEval/100,HumanEval/100::71,permit_d5f5b7a330904a5c0207c4f2ef6f36c7,16,pass,c25b8067b032e92020c2d76982faa2a0382b6e31b6e163b19d3f48ea4f4632d9,4d6385b351d94d8ffd4807edd60cd67bdc38b01a72bc6417c574a0262e960a6f,e9fd0b27ec18f788395b85a6afc46fb66a2aed791c82f71c9f1965cf0e54c5cb,e05cebc18c2dab444215fb826377edb0480db72e2bf33ed776afbbc2a1d7f150,16,1,0.0,0.0018219669999837151,0.20300000000861473,3.7574649,3.9657604,3.9749403,primary,False
r046,evaluation_06,ordinary,round_robin,normal,HumanEval/132,HumanEval/132::341,ordinary-permit-5e52abe9c0ea968fa23c74559a541a13,1,fail,b7452b4568c3cd65b92e8d10b1250f45226006f5c46752fbdee18fec5d638023,4e6759e7499158cf726b2c9e0eaee9886086f409f18935b8b99ce5980074fc0c,1c37bdaf21efd227e08840b37ce6d741eb8ebc5275e50c97fa4ba66c05139743,e05cebc18c2dab444215fb826377edb0480db72e2bf33ed776afbbc2a1d7f150,1,1,0.0,0.0021156020000034914,0.2029999999795109,0.0345453,0.2400433,0.2441619,primary,False
r046,evaluation_06,ordinary,round_robin,normal,HumanEval/162,HumanEval/162::23,ordinary-permit-5fe55c5d7b91c11bf024841b10acb185,2,pass,b792f32f9c165e5b1a42d7868a97cea87c44704c629f1df65157ea1b2be9b800,05a6fccb56af0b2ae8dcaa732977dff7a16cc53cd2c5e6cfa28c919edefd2002,6de6198bf0eac7310a34ac98a582d027244dfbbac585f787585613d57ac06b74,e05cebc18c2dab444215fb826377edb0480db72e2bf33ed776afbbc2a1d7f150,2,1,0.0014479999999999999,0.0023577249999959804,0.20300000000861473,0.2677097,0.4774237,0.4818669,primary,False
r046,evaluation_06,ordinary,round_robin,normal,HumanEval/160,HumanEval/160::103,ordinary-permit-8624721a8805115a77971301c959baa1,3,fail,d4a3d21493063c632240c10f95f0772afcc1199a32efe8805b2fee35ec3979cf,88018acf3af6f9c85b6e647fe5d18dfafdde3e20c64434bdf541d54753524d2d,ce9b133a55037ed854e6e5a13de1982273b1d54e4f637003958de8868a3d6dff,e05cebc18c2dab444215fb826377edb0480db72e2bf33ed776afbbc2a1d7f150,3,1,0.001442,0.00218921600000499,0.20300000000861473,0.5233641,0.7294011,0.7337392,primary,False
r046,evaluation_06,ordinary,round_robin,normal,HumanEval/72,HumanEval/72::180,ordinary-permit-799b397eb5fecbc3b63c44dd8a41755c,4,pass,ed6c14e9950b8d10fdedb2ff805af99dbcd480782f99114fbf1386358f3e1e09,db30f9a8046a802d78734b4f7f5477680024b680b70ddff9c9be2cc8738f3250,f16721402a1037725d9d635d77d5e2f0c18b8ef749d22122cc6e684fa6f1b03b,e05cebc18c2dab444215fb826377edb0480db72e2bf33ed776afbbc2a1d7f150,4,1,0.00044899999999999996,0.0018221759999903497,0.20300000000861473,0.7695752,0.9742674,0.9789053,primary,False
r046,evaluation_06,ordinary,round_robin,normal,HumanEval/56,HumanEval/56::13,ordinary-permit-92e0ac5d474dfe3516d3f8a4c6a914aa,5,pass,588f550dcc193d632873392f4bc6477e05445af45a5f77cbb21db61af78c43e0,70124f34b89e803c50dcbf0ef8a062ddddad48d580935e532c0d7ceadaae3628,63f4c7c44579194563e5bb31fa1c56e32ead34317c8255c82c5c1ea8ed7e5ca7,e05cebc18c2dab444215fb826377edb0480db72e2bf33ed776afbbc2a1d7f150,5,1,0.0011819999999999999,0.0019747599999959675,0.20300000000861473,1.0023051,1.2091941,1.2131741,primary,False
r046,evaluation_06,ordinary,round_robin,normal,HumanEval/65,HumanEval/65::219,ordinary-permit-280ba30035ef4eb6197ea578c0025fe4,6,fail,99dab4858b02b616f47b6ff67c949a766cc91eaba739f89f60faccdecb486795,d5ae26b22cefb04526f026002deb305b4ae8d4a47ae7bb11deb5961f6e09d3a5,d0460dee7bb959cd4661c1384aba128b584d74f259c4fff15caec4443c486313,e05cebc18c2dab444215fb826377edb0480db72e2bf33ed776afbbc2a1d7f150,6,1,0.0,0.00185310000000527,0.20300000000861473,1.2504967,1.4534406,1.4579843,primary,False
r046,evaluation_06,ordinary,round_robin,normal,HumanEval/146,HumanEval/146::76,ordinary-permit-9eee37feb5b6ad09bd37c24751a3189b,7,pass,5d35d5a7f2283f8a5972b48b20837ab4ae18a4a64c94ef18209a7166eab10c68,500f1bea0a4e9933cb24e60462a19301d8c23248632a2f64284551ca0d71de28,183ddce8e973142cc67cf0ca35879a6b8f4254ba216f0d81b9349a7a0a00f22d,e05cebc18c2dab444215fb826377edb0480db72e2bf33ed776afbbc2a1d7f150,7,1,0.0013059999999999999,0.0019533000000251377,0.20300000000861473,1.501501,1.7050412,1.709495,primary,False
r046,evaluation_06,ordinary,round_robin,normal,HumanEval/100,HumanEval/100::30,ordinary-permit-e9797b185ea0eb213d1a4382020a2834,8,fail,cc880863b2b3d83a1b903712142e8ff1ed57f84a0da1acc24bfb6b908c41868e,c9424f8e364777016ba6c8e606444475929632cfe5a90c8aa1796c683eb7769c,e9fd0b27ec18f788395b85a6afc46fb66a2aed791c82f71c9f1965cf0e54c5cb,e05cebc18c2dab444215fb826377edb0480db72e2bf33ed776afbbc2a1d7f150,8,1,0.0,0.0018382419999909416,0.20300000000861473,1.737377,1.9430619,1.9477148,primary,False
r046,evaluation_06,ordinary,round_robin,normal,HumanEval/132,HumanEval/132::264,ordinary-permit-dccc3314dd288370b692d3f375d5d487,9,fail,febc0cc6fd19af3f219108b45a653bb810a3578a97a2f72ec22f38e8b000ad9a,01cb17edb0ce1355f9603d3da9fdb94a7f6615f1414e2c0cffb26b7b5853175e,1c37bdaf21efd227e08840b37ce6d741eb8ebc5275e50c97fa4ba66c05139743,e05cebc18c2dab444215fb826377edb0480db72e2bf33ed776afbbc2a1d7f150,9,1,0.0,0.0023190320000026077,0.2029999999795109,1.9641268,2.1670729,2.1738451,primary,False
r046,evaluation_06,ordinary,round_robin,normal,HumanEval/160,HumanEval/160::227,ordinary-permit-e8a4062c26f2e33762b2a65686deef48,10,fail,9487f437dd515f149c41edf14ac694fc7f5eb90208c8f841217f5481dba09052,50d286a6ba767346d74bb0ecb28dedcefeacb35c9b9708a3fda755efe38cc372,ce9b133a55037ed854e6e5a13de1982273b1d54e4f637003958de8868a3d6dff,e05cebc18c2dab444215fb826377edb0480db72e2bf33ed776afbbc2a1d7f150,10,1,0.0,0.00235916899998756,0.20399999999790452,2.1937593,2.4003187,2.4156938,primary,False
r046,evaluation_06,ordinary,round_robin,normal,HumanEval/65,HumanEval/65::117,ordinary-permit-f206b879ad4ee2c32b138b525bd3915a,11,fail,23cdb5e1b65d75c049fc36329b9110f9ac7d5a267d5abe720ca0c78fbe2749f5,8d528089d89f11eef6b36627001cd519090b4bda57b003e119f334c31175ad12,d0460dee7bb959cd4661c1384aba128b584d74f259c4fff15caec4443c486313,e05cebc18c2dab444215fb826377edb0480db72e2bf33ed776afbbc2a1d7f150,11,1,5.1e-05,0.002050353000015548,0.21900000001187436,2.4421793,2.6585859,2.66451,primary,False
r046,evaluation_06,ordinary,round_robin,normal,HumanEval/100,HumanEval/100::263,ordinary-permit-c9b41d1c7204ea640e879ab08d932783,12,fail,b8dfca0983c7e8a286f47a5500da08444d0dce62818d78c9890ece23a4d422a4,19260a80d5be205130f77b34455f869dc4c7ec1a8aec68a2c7347586e2843a40,e9fd0b27ec18f788395b85a6afc46fb66a2aed791c82f71c9f1965cf0e54c5cb,e05cebc18c2dab444215fb826377edb0480db72e2bf33ed776afbbc2a1d7f150,12,1,0.001153,0.0024060970000050474,0.20399999999790452,2.690996,2.8982213,2.9125436,primary,False
r046,evaluation_06,ordinary,round_robin,normal,HumanEval/132,HumanEval/132::345,ordinary-permit-46f2d1f3aff32b5f699e8f44f39cb80c,13,fail,8bb1351f2dbc1384c7f55dd98ebdb6b5ee13f63fea100c044442a3efa2ac0b57,8ecf44435bd90a2fb782e4cfc873be324150c2887ce41e9b66d98ffe904e85c8,1c37bdaf21efd227e08840b37ce6d741eb8ebc5275e50c97fa4ba66c05139743,e05cebc18c2dab444215fb826377edb0480db72e2bf33ed776afbbc2a1d7f150,13,1,0.000536,0.0021352139999919473,0.20399999999790452,2.9435574,3.1518473,3.1559336,primary,False
r046,evaluation_06,ordinary,round_robin,normal,HumanEval/160,HumanEval/160::107,ordinary-permit-171518b3cef035ba0563e55b7f54466f,14,pass,a98b565e2f4d3379372d0972526cf503dbdf70fbaf03a88cd2c72751f948dd90,37b901253ed29480e0b26ec69bdcd6e5b781fbf7a49a9a9ea841510f9fb37503,ce9b133a55037ed854e6e5a13de1982273b1d54e4f637003958de8868a3d6dff,e05cebc18c2dab444215fb826377edb0480db72e2bf33ed776afbbc2a1d7f150,14,1,0.0,0.0019071619999806444,0.21900000001187436,3.1956985,3.4086599,3.4155075,primary,False
r046,evaluation_06,ordinary,round_robin,normal,HumanEval/65,HumanEval/65::111,ordinary-permit-b6ae3fc5800c67499d4040bfb965624f,15,fail,a56b8f88f7fefc7800b4a29b1fb81e672bd070a531722c74b60bb6a30eb8dd28,434c3b802bb3eb4376beaa54ce99ac3d1b7a24b05465b7c76774e43cf99f94c7,d0460dee7bb959cd4661c1384aba128b584d74f259c4fff15caec4443c486313,e05cebc18c2dab444215fb826377edb0480db72e2bf33ed776afbbc2a1d7f150,15,1,0.00019899999999999999,0.0021747229999959927,0.20300000000861473,3.4611112,3.6669909,3.6768479,primary,False
r046,evaluation_06,ordinary,round_robin,normal,HumanEval/100,HumanEval/100::71,ordinary-permit-b3565ac2c1449f2f79bc8bb0ef5c3326,16,pass,b7f157d21826edba69f9425d4645971b76bc7855b84aeb37a05c65abe60cc358,4d6385b351d94d8ffd4807edd60cd67bdc38b01a72bc6417c574a0262e960a6f,e9fd0b27ec18f788395b85a6afc46fb66a2aed791c82f71c9f1965cf0e54c5cb,e05cebc18c2dab444215fb826377edb0480db72e2bf33ed776afbbc2a1d7f150,16,1,0.001362,0.002150067999991734,0.2029999999795109,3.7128108,3.9271411,3.9317288,primary,False
r047,evaluation_06,ordinary,depth_first,normal,HumanEval/132,HumanEval/132::341,ordinary-permit-5e52abe9c0ea968fa23c74559a541a13,1,fail,5827249e3accaf29748042a26b13d58608aad93b1a1d9198fd61350331710dcf,4e6759e7499158cf726b2c9e0eaee9886086f409f18935b8b99ce5980074fc0c,1c37bdaf21efd227e08840b37ce6d741eb8ebc5275e50c97fa4ba66c05139743,e05cebc18c2dab444215fb826377edb0480db72e2bf33ed776afbbc2a1d7f150,1,1,0.0,0.001822888999981842,0.20300000000861473,0.0258685,0.2326839,0.23716,primary,False
r047,evaluation_06,ordinary,depth_first,normal,HumanEval/132,HumanEval/132::264,ordinary-permit-dccc3314dd288370b692d3f375d5d487,2,fail,fb25f6d80e5c62312a44b92adb1e184665973528e9f6e5092b679ab3ec1b1758,01cb17edb0ce1355f9603d3da9fdb94a7f6615f1414e2c0cffb26b7b5853175e,1c37bdaf21efd227e08840b37ce6d741eb8ebc5275e50c97fa4ba66c05139743,e05cebc18c2dab444215fb826377edb0480db72e2bf33ed776afbbc2a1d7f150,2,1,0.0,0.0018835070000022824,0.20300000000861473,0.2743581,0.4874808,0.4919291,primary,False
r047,evaluation_06,ordinary,depth_first,normal,HumanEval/132,HumanEval/132::345,ordinary-permit-46f2d1f3aff32b5f699e8f44f39cb80c,3,fail,fe2d3c453b25a8ca162fd4f77be97744460881b9731aedd7235dd6222fa964b9,8ecf44435bd90a2fb782e4cfc873be324150c2887ce41e9b66d98ffe904e85c8,1c37bdaf21efd227e08840b37ce6d741eb8ebc5275e50c97fa4ba66c05139743,e05cebc18c2dab444215fb826377edb0480db72e2bf33ed776afbbc2a1d7f150,3,1,0.0,0.0018308170000125301,0.20300000000861473,0.5265371,0.7347736,0.738898,primary,False
r047,evaluation_06,ordinary,depth_first,normal,HumanEval/132,HumanEval/132::99,ordinary-permit-510f99f8fffa857c38a87a9b4eff27b1,4,fail,a12d5cd7911a9daba4c44c5a4524e8b00e90973a035a9e9966f7fa82734f3963,0919a2121fb02573220c5c7db6e6e246a1135ec72f953f54a275e027386f0bf1,1c37bdaf21efd227e08840b37ce6d741eb8ebc5275e50c97fa4ba66c05139743,e05cebc18c2dab444215fb826377edb0480db72e2bf33ed776afbbc2a1d7f150,4,1,0.0,0.002104605999988962,0.20300000000861473,0.7615206,0.9688237,0.972927,primary,False
r047,evaluation_06,ordinary,depth_first,normal,HumanEval/162,HumanEval/162::23,ordinary-permit-5fe55c5d7b91c11bf024841b10acb185,5,pass,4c787cc3839b6f310f0316a575301c086343a3c733722232cc98a49f5c894606,05a6fccb56af0b2ae8dcaa732977dff7a16cc53cd2c5e6cfa28c919edefd2002,6de6198bf0eac7310a34ac98a582d027244dfbbac585f787585613d57ac06b74,e05cebc18c2dab444215fb826377edb0480db72e2bf33ed776afbbc2a1d7f150,5,1,0.0,0.0017750270000078672,0.2029999999795109,1.0034447,1.2072365,1.2113134,primary,False
r047,evaluation_06,ordinary,depth_first,normal,HumanEval/160,HumanEval/160::103,ordinary-permit-8624721a8805115a77971301c959baa1,6,fail,990afb56f2ef4fe5a156a1c221197db568b422bef0346b8426c2c264250f8d8c,88018acf3af6f9c85b6e647fe5d18dfafdde3e20c64434bdf541d54753524d2d,ce9b133a55037ed854e6e5a13de1982273b1d54e4f637003958de8868a3d6dff,e05cebc18c2dab444215fb826377edb0480db72e2bf33ed776afbbc2a1d7f150,6,1,0.0,0.002196965999985423,0.21899999998277053,1.2324205,1.4497152,1.454069,primary,False
r047,evaluation_06,ordinary,depth_first,normal,HumanEval/160,HumanEval/160::227,ordinary-permit-e8a4062c26f2e33762b2a65686deef48,7,fail,5380de4b996eb41cf07505e557cfba017e16f7cda43895e39483c8b291d07903,50d286a6ba767346d74bb0ecb28dedcefeacb35c9b9708a3fda755efe38cc372,ce9b133a55037ed854e6e5a13de1982273b1d54e4f637003958de8868a3d6dff,e05cebc18c2dab444215fb826377edb0480db72e2bf33ed776afbbc2a1d7f150,7,1,0.001432,0.002267310000007683,0.20300000000861473,1.4843087,1.6905133,1.6950129,primary,False
r047,evaluation_06,ordinary,depth_first,normal,HumanEval/160,HumanEval/160::107,ordinary-permit-171518b3cef035ba0563e55b7f54466f,8,pass,b8aba7e4ffce8b92df125363daa99028ba84f97e3da5181adc0761054e04f3cb,37b901253ed29480e0b26ec69bdcd6e5b781fbf7a49a9a9ea841510f9fb37503,ce9b133a55037ed854e6e5a13de1982273b1d54e4f637003958de8868a3d6dff,e05cebc18c2dab444215fb826377edb0480db72e2bf33ed776afbbc2a1d7f150,8,1,0.0,0.0021967250000045624,0.20399999999790452,1.7184671,1.9237586,1.9284413,primary,False
r047,evaluation_06,ordinary,depth_first,normal,HumanEval/72,HumanEval/72::180,ordinary-permit-799b397eb5fecbc3b63c44dd8a41755c,9,pass,b0e7017cc34c72b4dd6b00d8bf3fecfcafeab66cefe362d5c8a630354ac23563,db30f9a8046a802d78734b4f7f5477680024b680b70ddff9c9be2cc8738f3250,f16721402a1037725d9d635d77d5e2f0c18b8ef749d22122cc6e684fa6f1b03b,e05cebc18c2dab444215fb826377edb0480db72e2bf33ed776afbbc2a1d7f150,9,1,0.001787,0.0021717690000002676,0.20300000000861473,1.953197,2.164021,2.1723084,primary,False
r047,evaluation_06,ordinary,depth_first,normal,HumanEval/56,HumanEval/56::13,ordinary-permit-92e0ac5d474dfe3516d3f8a4c6a914aa,10,pass,ea5c64d6b11fa9e80b460c5d99846dbf0ec940c99e2e25a9b0e30dba885529dc,70124f34b89e803c50dcbf0ef8a062ddddad48d580935e532c0d7ceadaae3628,63f4c7c44579194563e5bb31fa1c56e32ead34317c8255c82c5c1ea8ed7e5ca7,e05cebc18c2dab444215fb826377edb0480db72e2bf33ed776afbbc2a1d7f150,10,1,0.0,0.002108637999981511,0.20300000000861473,2.2012987,2.4095876,2.4199191,primary,False
r047,evaluation_06,ordinary,depth_first,normal,HumanEval/65,HumanEval/65::219,ordinary-permit-280ba30035ef4eb6197ea578c0025fe4,11,fail,19385d8f46cf4dc270e95ada6fa71800edc511a3a00e9f9e5072b5fc3cf84e6e,d5ae26b22cefb04526f026002deb305b4ae8d4a47ae7bb11deb5961f6e09d3a5,d0460dee7bb959cd4661c1384aba128b584d74f259c4fff15caec4443c486313,e05cebc18c2dab444215fb826377edb0480db72e2bf33ed776afbbc2a1d7f150,11,1,0.0,0.0023019910000243726,0.20300000000861473,2.4504922,2.656081,2.6683323,primary,False
r047,evaluation_06,ordinary,depth_first,normal,HumanEval/65,HumanEval/65::117,ordinary-permit-f206b879ad4ee2c32b138b525bd3915a,12,fail,d4f7cff2643b3bc2f66930041ac8fd0b0276a9b0896f6eff01dbceee97215e9e,8d528089d89f11eef6b36627001cd519090b4bda57b003e119f334c31175ad12,d0460dee7bb959cd4661c1384aba128b584d74f259c4fff15caec4443c486313,e05cebc18c2dab444215fb826377edb0480db72e2bf33ed776afbbc2a1d7f150,12,1,0.0,0.0018188350000230002,0.20300000000861473,2.7009887,2.908867,2.9131585,primary,False
r047,evaluation_06,ordinary,depth_first,normal,HumanEval/65,HumanEval/65::111,ordinary-permit-b6ae3fc5800c67499d4040bfb965624f,13,fail,dfce652640f55c05811d6bce18383a59be0d21fbcc8faee754d8a0199ec4b41f,434c3b802bb3eb4376beaa54ce99ac3d1b7a24b05465b7c76774e43cf99f94c7,d0460dee7bb959cd4661c1384aba128b584d74f259c4fff15caec4443c486313,e05cebc18c2dab444215fb826377edb0480db72e2bf33ed776afbbc2a1d7f150,13,1,0.0,0.0020273500000200784,0.2029999999795109,2.9293668,3.1369023,3.1410242,primary,False
r047,evaluation_06,ordinary,depth_first,normal,HumanEval/65,HumanEval/65::361,ordinary-permit-a7472ac150f00c5432e462a3ef75f402,14,fail,c2b3fca66835c64e790d4bcdc48e4a4f7d055eb17448cd92de66b69970fed452,e89092392c019fc056015886a0b6546908b722e653f34696284d16389aad55c2,d0460dee7bb959cd4661c1384aba128b584d74f259c4fff15caec4443c486313,e05cebc18c2dab444215fb826377edb0480db72e2bf33ed776afbbc2a1d7f150,14,1,0.0,0.00195854000000395,0.20300000000861473,3.1734371,3.3806223,3.3847201,primary,False
r047,evaluation_06,ordinary,depth_first,normal,HumanEval/146,HumanEval/146::76,ordinary-permit-9eee37feb5b6ad09bd37c24751a3189b,15,pass,7c874a456078c26c8a7b94b18f70ae212a1e59f77338b781ff38c0d4fb7d7222,500f1bea0a4e9933cb24e60462a19301d8c23248632a2f64284551ca0d71de28,183ddce8e973142cc67cf0ca35879a6b8f4254ba216f0d81b9349a7a0a00f22d,e05cebc18c2dab444215fb826377edb0480db72e2bf33ed776afbbc2a1d7f150,15,1,0.0,0.0023473609999768996,0.20300000000861473,3.424172,3.6325449,3.6419639,primary,False
r047,evaluation_06,ordinary,depth_first,normal,HumanEval/100,HumanEval/100::30,ordinary-permit-e9797b185ea0eb213d1a4382020a2834,16,fail,165da031208c1fb7dc913efb54daff66632575e78676b84b58deed0cd628953b,c9424f8e364777016ba6c8e606444475929632cfe5a90c8aa1796c683eb7769c,e9fd0b27ec18f788395b85a6afc46fb66a2aed791c82f71c9f1965cf0e54c5cb,e05cebc18c2dab444215fb826377edb0480db72e2bf33ed776afbbc2a1d7f150,16,1,0.0,0.0021557879999818397,0.20300000000861473,3.6644075,3.8769259,3.8856569,primary,False
r048,evaluation_06,ecrc,depth_first,normal,HumanEval/132,HumanEval/132::341,permit_fc84de5571e7bb1103bb2aa7bb9a31d7,1,fail,e95f52c9d96ee47cb73f9ea154a5f4f26a582ac26a3ad308bf5a1169545454be,4e6759e7499158cf726b2c9e0eaee9886086f409f18935b8b99ce5980074fc0c,1c37bdaf21efd227e08840b37ce6d741eb8ebc5275e50c97fa4ba66c05139743,e05cebc18c2dab444215fb826377edb0480db72e2bf33ed776afbbc2a1d7f150,1,1,0.000603,0.002029864999997244,0.21900000001187436,0.0302735,0.2427964,0.2478046,primary,False
r048,evaluation_06,ecrc,depth_first,normal,HumanEval/132,HumanEval/132::264,permit_8bc44e0e06e44d39185f59fae9053f13,2,fail,019cc533e6f0733c02319759148961846fc6ebfdb3b50b279dc78199a56d5c47,01cb17edb0ce1355f9603d3da9fdb94a7f6615f1414e2c0cffb26b7b5853175e,1c37bdaf21efd227e08840b37ce6d741eb8ebc5275e50c97fa4ba66c05139743,e05cebc18c2dab444215fb826377edb0480db72e2bf33ed776afbbc2a1d7f150,2,1,0.000726,0.002127354000009518,0.20300000000861473,0.2765942,0.4796586,0.4842712,primary,False
r048,evaluation_06,ecrc,depth_first,normal,HumanEval/132,HumanEval/132::345,permit_90fb3ce6c3783e3717cab1d9720a8dec,3,fail,1a4b9a072a90ad8bc7727ae1173286008195811ce312442bfcf6d3bf30aebd75,8ecf44435bd90a2fb782e4cfc873be324150c2887ce41e9b66d98ffe904e85c8,1c37bdaf21efd227e08840b37ce6d741eb8ebc5275e50c97fa4ba66c05139743,e05cebc18c2dab444215fb826377edb0480db72e2bf33ed776afbbc2a1d7f150,3,1,0.0,0.0018734089999838943,0.2029999999795109,0.511197,0.7177575,0.7222217,primary,False
r048,evaluation_06,ecrc,depth_first,normal,HumanEval/132,HumanEval/132::99,permit_62be7282476faa2609f681e60edeffe4,4,fail,91cbd41f22e3699152f5cd6b3f8a757a5f1269bff291d9331ca5f4b74db2ce65,0919a2121fb02573220c5c7db6e6e246a1135ec72f953f54a275e027386f0bf1,1c37bdaf21efd227e08840b37ce6d741eb8ebc5275e50c97fa4ba66c05139743,e05cebc18c2dab444215fb826377edb0480db72e2bf33ed776afbbc2a1d7f150,4,1,0.001581,0.002137569000012718,0.21899999998277053,0.7636909,0.9766293,0.9817649,primary,False
r048,evaluation_06,ecrc,depth_first,normal,HumanEval/162,HumanEval/162::23,permit_39379432a4ced4300e3c4f2a7be31324,5,pass,0a5d67edaf71bcaa5977eef0cb434cc23826563ecb0d37bb955334f045440e2d,05a6fccb56af0b2ae8dcaa732977dff7a16cc53cd2c5e6cfa28c919edefd2002,6de6198bf0eac7310a34ac98a582d027244dfbbac585f787585613d57ac06b74,e05cebc18c2dab444215fb826377edb0480db72e2bf33ed776afbbc2a1d7f150,5,1,0.000192,0.0018686740000077862,0.2029999999795109,1.0101238,1.2164621,1.2250909,primary,False
r048,evaluation_06,ecrc,depth_first,normal,HumanEval/160,HumanEval/160::103,permit_3a60fd6ff097f064bbc6ecd13acf2421,6,fail,1012749adcabf422de630989df75d7653b951941dfbe85e9a215b6e5a4003fd4,88018acf3af6f9c85b6e647fe5d18dfafdde3e20c64434bdf541d54753524d2d,ce9b133a55037ed854e6e5a13de1982273b1d54e4f637003958de8868a3d6dff,e05cebc18c2dab444215fb826377edb0480db72e2bf33ed776afbbc2a1d7f150,6,1,0.0,0.002337146999991546,0.2029999999795109,1.2608396,1.4651374,1.4731182,primary,False
r048,evaluation_06,ecrc,depth_first,normal,HumanEval/160,HumanEval/160::227,permit_d329547d18c9f31e3c01723e91fbb514,7,fail,377d741a36d474c321cda442d84a9f951880192909113cbdef94c1aef23bd84c,50d286a6ba767346d74bb0ecb28dedcefeacb35c9b9708a3fda755efe38cc372,ce9b133a55037ed854e6e5a13de1982273b1d54e4f637003958de8868a3d6dff,e05cebc18c2dab444215fb826377edb0480db72e2bf33ed776afbbc2a1d7f150,7,1,0.0,0.0021791479999819785,0.2029999999795109,1.5140206,1.7193391,1.7252736,primary,False
r048,evaluation_06,ecrc,depth_first,normal,HumanEval/160,HumanEval/160::107,permit_6eac0f2b33728a99009bdc9ba22ebdce,8,pass,91fafe7b01024066c0455941fb413131f98f0246da86c33dd0e27f8da465a805,37b901253ed29480e0b26ec69bdcd6e5b781fbf7a49a9a9ea841510f9fb37503,ce9b133a55037ed854e6e5a13de1982273b1d54e4f637003958de8868a3d6dff,e05cebc18c2dab444215fb826377edb0480db72e2bf33ed776afbbc2a1d7f150,8,1,0.0,0.0018820349999941755,0.2029999999795109,1.7645703,1.9701645,1.9746446,primary,False
r048,evaluation_06,ecrc,depth_first,normal,HumanEval/72,HumanEval/72::180,permit_9c803e75954ceef9fc0f4294828efcb0,9,pass,42c7f0c71bfda5715f7e2180ac7dc0d832cdeb7677dd5f9121be222988c330c2,db30f9a8046a802d78734b4f7f5477680024b680b70ddff9c9be2cc8738f3250,f16721402a1037725d9d635d77d5e2f0c18b8ef749d22122cc6e684fa6f1b03b,e05cebc18c2dab444215fb826377edb0480db72e2bf33ed776afbbc2a1d7f150,9,1,0.0,0.0018343050000169114,0.2029999999795109,2.013077,2.2176276,2.222099,primary,False
r048,evaluation_06,ecrc,depth_first,normal,HumanEval/56,HumanEval/56::13,permit_6e3a9030b2bed67108828c1fd3c50e7f,10,pass,9271f178735ef08f4b7a613b18fafc652eb4beb26f8e6a93f8ed82203cfbdc68,70124f34b89e803c50dcbf0ef8a062ddddad48d580935e532c0d7ceadaae3628,63f4c7c44579194563e5bb31fa1c56e32ead34317c8255c82c5c1ea8ed7e5ca7,e05cebc18c2dab444215fb826377edb0480db72e2bf33ed776afbbc2a1d7f150,10,1,0.000216,0.001760840999992297,0.2029999999795109,2.2626585,2.4680268,2.4748277,primary,False
r048,evaluation_06,ecrc,depth_first,normal,HumanEval/65,HumanEval/65::219,permit_78ded8c0ef4a6ff698009bd4a9436c9d,11,fail,8f1feaeeff5ba26f181c9627de0768e9fac857cf170c7008c3360c0c6ffcf17b,d5ae26b22cefb04526f026002deb305b4ae8d4a47ae7bb11deb5961f6e09d3a5,d0460dee7bb959cd4661c1384aba128b584d74f259c4fff15caec4443c486313,e05cebc18c2dab444215fb826377edb0480db72e2bf33ed776afbbc2a1d7f150,11,1,0.0,0.0020217699999989236,0.21899999998277053,2.516157,2.7256968,2.7362925,primary,False
r048,evaluation_06,ecrc,depth_first,normal,HumanEval/65,HumanEval/65::117,permit_e0872587abbd9b3a53eeffccf82c51f0,12,fail,8665eb7100f7c51dcc9eb88f0507469dc3d54afdbb87cf2cfa512b615e8b01cd,8d528089d89f11eef6b36627001cd519090b4bda57b003e119f334c31175ad12,d0460dee7bb959cd4661c1384aba128b584d74f259c4fff15caec4443c486313,e05cebc18c2dab444215fb826377edb0480db72e2bf33ed776afbbc2a1d7f150,12,1,0.001508,0.0020729499999845302,0.2029999999795109,2.7662709,2.9714059,2.9760792,primary,False
r048,evaluation_06,ecrc,depth_first,normal,HumanEval/65,HumanEval/65::111,permit_d733d49cc78852ad52c229a59609c854,13,fail,f885b745c274ff5fba9123a93808f39d996c1e5b3b00907de8ef66abbe92f4e8,434c3b802bb3eb4376beaa54ce99ac3d1b7a24b05465b7c76774e43cf99f94c7,d0460dee7bb959cd4661c1384aba128b584d74f259c4fff15caec4443c486313,e05cebc18c2dab444215fb826377edb0480db72e2bf33ed776afbbc2a1d7f150,13,1,0.0,0.001795220999980529,0.20300000000861473,2.998197,3.203593,3.2122734,primary,False
r048,evaluation_06,ecrc,depth_first,normal,HumanEval/65,HumanEval/65::361,permit_7eb1797f0a3be628b2b47ca50120d2a0,14,fail,da2a9599cfc16d01caf573dc754b03a6d1ffd72f88fc4c690a3fd8dae1165e06,e89092392c019fc056015886a0b6546908b722e653f34696284d16389aad55c2,d0460dee7bb959cd4661c1384aba128b584d74f259c4fff15caec4443c486313,e05cebc18c2dab444215fb826377edb0480db72e2bf33ed776afbbc2a1d7f150,14,1,0.0015739999999999999,0.0019437919999916176,0.21799999999348074,3.2533696,3.4598096,3.4711459,primary,False
r048,evaluation_06,ecrc,depth_first,normal,HumanEval/146,HumanEval/146::76,permit_371770766646013238e4f10044d9a737,15,pass,334b14f1679075d9d26721ee70c1b422086b0d0b98c5b13fa05f3bce74af97fc,500f1bea0a4e9933cb24e60462a19301d8c23248632a2f64284551ca0d71de28,183ddce8e973142cc67cf0ca35879a6b8f4254ba216f0d81b9349a7a0a00f22d,e05cebc18c2dab444215fb826377edb0480db72e2bf33ed776afbbc2a1d7f150,15,1,0.0,0.0018106539999962479,0.2029999999795109,3.5156696,3.7218971,3.7272024,primary,False
r048,evaluation_06,ecrc,depth_first,normal,HumanEval/100,HumanEval/100::30,permit_30df4897043319a883ad707392bf9c93,16,fail,eacaa3286b1e3530efdab4b9ab2b298855c5de25f9589536fba6673842eeefcb,c9424f8e364777016ba6c8e606444475929632cfe5a90c8aa1796c683eb7769c,e9fd0b27ec18f788395b85a6afc46fb66a2aed791c82f71c9f1965cf0e54c5cb,e05cebc18c2dab444215fb826377edb0480db72e2bf33ed776afbbc2a1d7f150,16,1,0.0,0.0018733230000123058,0.2029999999795109,3.7652069,3.9746744,3.9801351,primary,False
r049,evaluation_07,ecrc,depth_first,normal,HumanEval/0,HumanEval/0::464,permit_9114e09aafa058720a5b6d015bec23ff,1,pass,56c8c3a7a6a63ea729cb5062703c099fc7948bce1a21ffccfcbf98b655d7b2ce,e1134049c5adeeecd766968d22a0d596b930b6103a83b296e61b1e40e43102a6,791458a53402434f50698418c76887cf4085c7d1a2453b4da493237c50ef96c5,e05cebc18c2dab444215fb826377edb0480db72e2bf33ed776afbbc2a1d7f150,1,1,0.001356,0.002270240999990847,0.20300000000861473,0.0243241,0.2316938,0.2360807,primary,False
r049,evaluation_07,ecrc,depth_first,normal,HumanEval/74,HumanEval/74::363,permit_c31b2e5167898a93a35f7e0002d17cc5,2,pass,e0441226e98967b80546bfb714fb272808b1734d256200ad3781bc5222d21239,cdf3ea4f121aec489684ef722f083f4e53a36ef49495f50b632d8d44d1c0925b,ede7e638e18ef85a04d59cd9aa08a305ea219aa8ca6a8f28ac51f3d4777e7354,e05cebc18c2dab444215fb826377edb0480db72e2bf33ed776afbbc2a1d7f150,2,1,0.0,0.0022899270000209526,0.20300000000861473,0.2716264,0.47791,0.4825562,primary,False
r049,evaluation_07,ecrc,depth_first,normal,HumanEval/46,HumanEval/46::32,permit_5bf8bb2dcdeff141f374435678e46847,3,fail,ece6e63f7d15b8193daa09010165fbfb7d9dacab32db79062f427d546f9ccea1,3a818465fa345f2c7319b1f06493746134ddf5c6fb9b405b560a70bd46dcf9d1,cacc4db82032770f0ba256e829e2da1e9573df5662f24d3691383d8ed9ffc953,e05cebc18c2dab444215fb826377edb0480db72e2bf33ed776afbbc2a1d7f150,3,1,0.0,0.0020942969999850902,0.20399999999790452,0.5039006,0.7113844,0.7163881,primary,False
r049,evaluation_07,ecrc,depth_first,normal,HumanEval/46,HumanEval/46::126,permit_029ff62344fecca1b419f13558169e43,4,pass,346432da123e086f09923a8d5e6abfb18b9cb2efad4fcc664e39b15531d3f078,77a92493eeb073493088f502c5049467d441ccf3d7c76247256447c7f9e66ea0,cacc4db82032770f0ba256e829e2da1e9573df5662f24d3691383d8ed9ffc953,e05cebc18c2dab444215fb826377edb0480db72e2bf33ed776afbbc2a1d7f150,4,1,0.000175,0.0019841040000017074,0.20399999999790452,0.7572509,0.9616883,0.9663229,primary,False
r049,evaluation_07,ecrc,depth_first,normal,HumanEval/60,HumanEval/60::286,permit_bf2b6b8c8f789166923c44141049ed2e,5,pass,448f369cb5893944363ab8bc1da7bd9cf835b2efd88cb772e6729ac08e3ceac2,9f4aea077271ca2ec5b6c349066bcd8cafca8bb24d7722519012bf34e518e7fc,44f1a98fe56b92c518dff056b50da027fef06c01816f88b5f1b3fa22633693c0,e05cebc18c2dab444215fb826377edb0480db72e2bf33ed776afbbc2a1d7f150,5,1,0.0015739999999999999,0.0021019909999893116,0.20300000000861473,0.990001,1.195606,1.2004332,primary,False
r049,evaluation_07,ecrc,depth_first,normal,HumanEval/87,HumanEval/87::301,permit_1228159e5eb912310e1e4682079745b1,6,pass,79e6b73d1e2aca872f85337c3cd4c8988424460d778be10db4823ea9b64a1086,96a2f5735e81aca3b14e38d2174fd3cb2a971d964e21dbba9c81b880f742bbdd,93a21dde126dc479c475c4c123d9603c49c96bc8d2d06813454ec60e31e06346,e05cebc18c2dab444215fb826377edb0480db72e2bf33ed776afbbc2a1d7f150,6,1,0.00019999999999999998,0.0024426370000014686,0.20300000000861473,1.2401113,1.4497867,1.4540602,primary,False
r049,evaluation_07,ecrc,depth_first,normal,HumanEval/4,HumanEval/4::46,permit_4eff7f3e9778aff9b2f5cd16931454b9,7,pass,798393552ea0dd51baca0bc09a332b800498350a620327d8a5e44252fef03396,7a15048fe893eebc10e9dae95745d14c4eeca3e4ccf785a18001d7ae3e158abf,5b28de46dfd046bbb72c49a4cfcafbac0eeed6ab45312f5d573e2cd34aa22f1b,e05cebc18c2dab444215fb826377edb0480db72e2bf33ed776afbbc2a1d7f150,7,1,0.0,0.0021716439999863724,0.20300000000861473,1.4934863,1.6984439,1.7035066,primary,False
r049,evaluation_07,ecrc,depth_first,normal,HumanEval/69,HumanEval/69::362,permit_16c9601e63cde2a8c4671d6bfba600d2,8,fail,26f440b47651f8134f6ac4dd0a610b8e151475f58716ed96e05673543639fb59,c5e0a4930e358b5654cfc68a6457cf7e023ab280dd0b8d837f4e28b273245fb7,b6c0b227418494a289378b73035980d6102995b82dbd1a268f2135f9fcb94ea1,e05cebc18c2dab444215fb826377edb0480db72e2bf33ed776afbbc2a1d7f150,8,1,0.0,0.002337057000005416,0.20300000000861473,1.7430397,1.9498682,1.9546686,primary,False
r049,evaluation_07,ecrc,depth_first,normal,HumanEval/69,HumanEval/69::379,permit_4844808c2d8bc8e3e67d07a268a32b3d,9,fail,b83177f24508233505f9db45213cb07792a68e8ff9129b9cd9320d416ec20810,d6b8ff32ba549bd43a16b703e65c020c5cc61c2a4df313b8a3126960cc664f0e,b6c0b227418494a289378b73035980d6102995b82dbd1a268f2135f9fcb94ea1,e05cebc18c2dab444215fb826377edb0480db72e2bf33ed776afbbc2a1d7f150,9,1,0.000917,0.0029306999999789696,0.21900000001187436,1.9944869,2.2057755,2.2110777,primary,False
r049,evaluation_07,ecrc,depth_first,normal,HumanEval/69,HumanEval/69::459,permit_77cb2cdaa2e426c9ec6abe55ba318b9f,10,fail,12e6f6f56b08c44aa4961883b3682dc52265d22ee949b6099e95d6558dc9924c,a150eef516204e2dc971829609993e2ecf7a7969212eb6c2170c5c6454efda59,b6c0b227418494a289378b73035980d6102995b82dbd1a268f2135f9fcb94ea1,e05cebc18c2dab444215fb826377edb0480db72e2bf33ed776afbbc2a1d7f150,10,1,0.0,0.002627786000005017,0.20300000000861473,2.2424266,2.4496678,2.4541652,primary,False
r049,evaluation_07,ecrc,depth_first,normal,HumanEval/69,HumanEval/69::245,permit_7b5aaf099a8c9be9f749b8065cc896d8,11,fail,c318f052a1ddd36a22e8c8d5056517a63eba478807ade1a249739e3d7bb77b1c,2481cbc6d15cf82d76aa58ca6d666c62c815b20c6189325e0a2454bc53c6b058,b6c0b227418494a289378b73035980d6102995b82dbd1a268f2135f9fcb94ea1,e05cebc18c2dab444215fb826377edb0480db72e2bf33ed776afbbc2a1d7f150,11,1,0.0,0.0026504500000044118,0.2029999999795109,2.471241,2.6792096,2.6842655,primary,False
r049,evaluation_07,ecrc,depth_first,normal,HumanEval/45,HumanEval/45::5,permit_42b4d108337fa2bcdbdf116d08740854,12,pass,aa221ecea1e08591b21d59b80c93cab33bd52cf9518f4b3002068c8c9c1cc223,cd3effeb608afea6f7b641702d0f7d9160eebd384b88d58940e5bb7c697a2c1c,24e8272f67a53880ba8102c62c930157c27a0a1124423b4221a0c37c8fefe736,e05cebc18c2dab444215fb826377edb0480db72e2bf33ed776afbbc2a1d7f150,12,1,0.0,0.002062071000011656,0.2029999999795109,2.7194075,2.9238329,2.9286923,primary,False
r050,evaluation_07,ordinary,depth_first,normal,HumanEval/0,HumanEval/0::464,ordinary-permit-811ac3d889dcc14b16134bb010da036c,1,pass,e87a10d64150af13a39a2b356fa5a33134cd4fc36fd6fc29177bc9ffe43e9c39,e1134049c5adeeecd766968d22a0d596b930b6103a83b296e61b1e40e43102a6,791458a53402434f50698418c76887cf4085c7d1a2453b4da493237c50ef96c5,e05cebc18c2dab444215fb826377edb0480db72e2bf33ed776afbbc2a1d7f150,1,1,0.000842,0.002368295999986003,0.20399999999790452,0.0350323,0.2469442,0.253262,primary,False
r050,evaluation_07,ordinary,depth_first,normal,HumanEval/74,HumanEval/74::363,ordinary-permit-d7b5bf4c2a008a8d1b0f5dec608170e0,2,pass,532f8d4cc4f200f5a71b722e6efbfe20d6f2f78411e4812b5e896b51d6b77154,cdf3ea4f121aec489684ef722f083f4e53a36ef49495f50b632d8d44d1c0925b,ede7e638e18ef85a04d59cd9aa08a305ea219aa8ca6a8f28ac51f3d4777e7354,e05cebc18c2dab444215fb826377edb0480db72e2bf33ed776afbbc2a1d7f150,2,1,0.00015199999999999998,0.001964234000013221,0.20399999999790452,0.2862176,0.4907544,0.5006785,primary,False
r050,evaluation_07,ordinary,depth_first,normal,HumanEval/46,HumanEval/46::32,ordinary-permit-2541ed5842cf9add8e46f77f13ee44aa,3,fail,f3e5dc728753e124eeac8b92b09e8ab719fa37c82b9dd07466661ec8325f65ec,3a818465fa345f2c7319b1f06493746134ddf5c6fb9b405b560a70bd46dcf9d1,cacc4db82032770f0ba256e829e2da1e9573df5662f24d3691383d8ed9ffc953,e05cebc18c2dab444215fb826377edb0480db72e2bf33ed776afbbc2a1d7f150,3,1,0.000319,0.0020592909999948006,0.20399999999790452,0.5346285,0.7493927,0.7537809,primary,False
r050,evaluation_07,ordinary,depth_first,normal,HumanEval/46,HumanEval/46::126,ordinary-permit-957fa3f797b7ef9ef40e32e93676e388,4,pass,a2c0c44adaa7f599b9f6f3e0712aecedaaa74b24f4998707c448e2e5587e99b4,77a92493eeb073493088f502c5049467d441ccf3d7c76247256447c7f9e66ea0,cacc4db82032770f0ba256e829e2da1e9573df5662f24d3691383d8ed9ffc953,e05cebc18c2dab444215fb826377edb0480db72e2bf33ed776afbbc2a1d7f150,4,1,0.0,0.0020604430000048524,0.20399999999790452,0.7874237,0.9927065,0.9972809,primary,False
r050,evaluation_07,ordinary,depth_first,normal,HumanEval/60,HumanEval/60::286,ordinary-permit-e5deeb90dbdecbaee65025dbe50b07fa,5,pass,8c58b5fa3f85c386bfd5681392386adf5db34a6c119633b0d1b186ce73755f77,9f4aea077271ca2ec5b6c349066bcd8cafca8bb24d7722519012bf34e518e7fc,44f1a98fe56b92c518dff056b50da027fef06c01816f88b5f1b3fa22633693c0,e05cebc18c2dab444215fb826377edb0480db72e2bf33ed776afbbc2a1d7f150,5,1,0.0,0.0018657239999981812,0.20300000000861473,1.0218743,1.2398646,1.2486615,primary,False
r050,evaluation_07,ordinary,depth_first,normal,HumanEval/87,HumanEval/87::301,ordinary-permit-f4b9e3c46228b562225703e0afdf1e3d,6,pass,0b2142a614f92782f850f8aaf420d07b1e440d30487551056e8d66e279c5d1a0,96a2f5735e81aca3b14e38d2174fd3cb2a971d964e21dbba9c81b880f742bbdd,93a21dde126dc479c475c4c123d9603c49c96bc8d2d06813454ec60e31e06346,e05cebc18c2dab444215fb826377edb0480db72e2bf33ed776afbbc2a1d7f150,6,1,0.000812,0.002608380999987503,0.20300000000861473,1.2746976,1.4800759,1.492387,primary,False
r050,evaluation_07,ordinary,depth_first,normal,HumanEval/4,HumanEval/4::46,ordinary-permit-90f177c02061f68685191fb6fdaf8a7d,7,pass,5f3c30e206155670c54f4746e225b939575d6e07d9e08020735dcc6649786ef6,7a15048fe893eebc10e9dae95745d14c4eeca3e4ccf785a18001d7ae3e158abf,5b28de46dfd046bbb72c49a4cfcafbac0eeed6ab45312f5d573e2cd34aa22f1b,e05cebc18c2dab444215fb826377edb0480db72e2bf33ed776afbbc2a1d7f150,7,1,0.0,0.002302670999995371,0.20300000000861473,1.524255,1.7290784,1.7336016,primary,False
r050,evaluation_07,ordinary,depth_first,normal,HumanEval/69,HumanEval/69::362,ordinary-permit-9f1f62e35845d6eb14db547e987d2bd4,8,fail,e93456ede2e5394a889e0f144399930388aab81766cec7c6096e52f306aad22d,c5e0a4930e358b5654cfc68a6457cf7e023ab280dd0b8d837f4e28b273245fb7,b6c0b227418494a289378b73035980d6102995b82dbd1a268f2135f9fcb94ea1,e05cebc18c2dab444215fb826377edb0480db72e2bf33ed776afbbc2a1d7f150,8,1,0.001485,0.002628913999984661,0.2029999999795109,1.7592345,1.9627528,1.9669588,primary,False
r050,evaluation_07,ordinary,depth_first,normal,HumanEval/69,HumanEval/69::379,ordinary-permit-61a08de8e1af9fca6f5a6183bbeea2ca,9,fail,0dae6f2fb9e569b78eb7afeb3f18c8468eff13a08ec91eab5fbf3b008ce7c192,d6b8ff32ba549bd43a16b703e65c020c5cc61c2a4df313b8a3126960cc664f0e,b6c0b227418494a289378b73035980d6102995b82dbd1a268f2135f9fcb94ea1,e05cebc18c2dab444215fb826377edb0480db72e2bf33ed776afbbc2a1d7f150,9,1,0.001317,0.00263540200000989,0.2029999999795109,2.0103053,2.2162266,2.2282709,primary,False
r050,evaluation_07,ordinary,depth_first,normal,HumanEval/69,HumanEval/69::459,ordinary-permit-62c9674b58f568eff33f67262fb28b72,10,fail,dcbec3ac80069ab089b4d0a466460fd18873d524f91ce7f25b3a23c37a91d24b,a150eef516204e2dc971829609993e2ecf7a7969212eb6c2170c5c6454efda59,b6c0b227418494a289378b73035980d6102995b82dbd1a268f2135f9fcb94ea1,e05cebc18c2dab444215fb826377edb0480db72e2bf33ed776afbbc2a1d7f150,10,1,0.000194,0.0032564990000025773,0.2029999999795109,2.2599405,2.4686186,2.4786964,primary,False
r050,evaluation_07,ordinary,depth_first,normal,HumanEval/69,HumanEval/69::245,ordinary-permit-30eb2b5992da56540c2aa7ee07f1f3be,11,fail,935e2dfe9789843884b753395916e6276f02d512cae90da44ef2abe8f2684efd,2481cbc6d15cf82d76aa58ca6d666c62c815b20c6189325e0a2454bc53c6b058,b6c0b227418494a289378b73035980d6102995b82dbd1a268f2135f9fcb94ea1,e05cebc18c2dab444215fb826377edb0480db72e2bf33ed776afbbc2a1d7f150,11,1,0.001767,0.002556301999987909,0.2029999999795109,2.5075581,2.7140315,2.7203849,primary,False
r050,evaluation_07,ordinary,depth_first,normal,HumanEval/45,HumanEval/45::5,ordinary-permit-d72398e99131bad8e391eaa339d2b2cf,12,pass,79612a2885a0526d53bce5f289ca5d47079802c63af722b4a63ed606c00c1f90,cd3effeb608afea6f7b641702d0f7d9160eebd384b88d58940e5bb7c697a2c1c,24e8272f67a53880ba8102c62c930157c27a0a1124423b4221a0c37c8fefe736,e05cebc18c2dab444215fb826377edb0480db72e2bf33ed776afbbc2a1d7f150,12,1,0.001286,0.0019174859999964156,0.2029999999795109,2.7587265,2.9665688,2.9707803,primary,False
r051,evaluation_07,ordinary,round_robin,normal,HumanEval/0,HumanEval/0::464,ordinary-permit-811ac3d889dcc14b16134bb010da036c,1,pass,71ce2d0a0115f073386dadbb94480c9a956ae8f3d7b48a40797a45d3c95eb384,e1134049c5adeeecd766968d22a0d596b930b6103a83b296e61b1e40e43102a6,791458a53402434f50698418c76887cf4085c7d1a2453b4da493237c50ef96c5,e05cebc18c2dab444215fb826377edb0480db72e2bf33ed776afbbc2a1d7f150,1,1,0.0,0.0024336289999951077,0.20399999999790452,0.0338074,0.2417089,0.2464773,primary,False
r051,evaluation_07,ordinary,round_robin,normal,HumanEval/74,HumanEval/74::363,ordinary-permit-d7b5bf4c2a008a8d1b0f5dec608170e0,2,pass,141a4a29092314d6ec537f02f6f7c168665d106991c482da2763030f213caa3c,cdf3ea4f121aec489684ef722f083f4e53a36ef49495f50b632d8d44d1c0925b,ede7e638e18ef85a04d59cd9aa08a305ea219aa8ca6a8f28ac51f3d4777e7354,e05cebc18c2dab444215fb826377edb0480db72e2bf33ed776afbbc2a1d7f150,2,1,0.000401,0.0022750490000191803,0.20399999999790452,0.2810096,0.4881097,0.4921938,primary,False
r051,evaluation_07,ordinary,round_robin,normal,HumanEval/46,HumanEval/46::32,ordinary-permit-2541ed5842cf9add8e46f77f13ee44aa,3,fail,c164f69b288a177f6b40c908c8073428f27fe8dcccb874649a19199f54198b96,3a818465fa345f2c7319b1f06493746134ddf5c6fb9b405b560a70bd46dcf9d1,cacc4db82032770f0ba256e829e2da1e9573df5662f24d3691383d8ed9ffc953,e05cebc18c2dab444215fb826377edb0480db72e2bf33ed776afbbc2a1d7f150,3,1,0.00040899999999999997,0.0019958000000031006,0.20300000000861473,0.5152908,0.7218231,0.7343798,primary,False
r051,evaluation_07,ordinary,round_robin,normal,HumanEval/60,HumanEval/60::286,ordinary-permit-e5deeb90dbdecbaee65025dbe50b07fa,4,pass,04dc63d51a0e81e0d82798ec7ae7bce84fbd8826965baad2ab931e91bd555f20,9f4aea077271ca2ec5b6c349066bcd8cafca8bb24d7722519012bf34e518e7fc,44f1a98fe56b92c518dff056b50da027fef06c01816f88b5f1b3fa22633693c0,e05cebc18c2dab444215fb826377edb0480db72e2bf33ed776afbbc2a1d7f150,4,1,0.0,0.001972816999995075,0.20300000000861473,0.767045,0.9689493,0.9763915,primary,False
r051,evaluation_07,ordinary,round_robin,normal,HumanEval/87,HumanEval/87::301,ordinary-permit-f4b9e3c46228b562225703e0afdf1e3d,5,pass,0c3038c558db512d23b1e5c873de29f74155459f34b30f505481fde23008e0b1,96a2f5735e81aca3b14e38d2174fd3cb2a971d964e21dbba9c81b880f742bbdd,93a21dde126dc479c475c4c123d9603c49c96bc8d2d06813454ec60e31e06346,e05cebc18c2dab444215fb826377edb0480db72e2bf33ed776afbbc2a1d7f150,5,1,0.001276,0.0024794560000032106,0.20300000000861473,0.9887431,1.1960782,1.2062524,primary,False
r051,evaluation_07,ordinary,round_robin,normal,HumanEval/4,HumanEval/4::46,ordinary-permit-90f177c02061f68685191fb6fdaf8a7d,6,pass,62fb7df40bc474c9e61a601263ac64e567769c759d10d2b8806b401cee764fee,7a15048fe893eebc10e9dae95745d14c4eeca3e4ccf785a18001d7ae3e158abf,5b28de46dfd046bbb72c49a4cfcafbac0eeed6ab45312f5d573e2cd34aa22f1b,e05cebc18c2dab444215fb826377edb0480db72e2bf33ed776afbbc2a1d7f150,6,1,0.001653,0.002314408999978923,0.20300000000861473,1.2400416,1.4454257,1.4572188,primary,False
r051,evaluation_07,ordinary,round_robin,normal,HumanEval/69,HumanEval/69::362,ordinary-permit-9f1f62e35845d6eb14db547e987d2bd4,7,fail,5f485f485aec777dba071622d0926f57caac27a7e9da1badcf00a6faf8ef0b23,c5e0a4930e358b5654cfc68a6457cf7e023ab280dd0b8d837f4e28b273245fb7,b6c0b227418494a289378b73035980d6102995b82dbd1a268f2135f9fcb94ea1,e05cebc18c2dab444215fb826377edb0480db72e2bf33ed776afbbc2a1d7f150,7,1,0.0,0.0025909869999907187,0.21799999999348074,1.4902175,1.7111226,1.7152488,primary,False
r051,evaluation_07,ordinary,round_robin,normal,HumanEval/45,HumanEval/45::5,ordinary-permit-d72398e99131bad8e391eaa339d2b2cf,8,pass,96f1f970249bfdb23857cbd26c6f2947c077f66eeed3bb6cad5069c7a74ef9a9,cd3effeb608afea6f7b641702d0f7d9160eebd384b88d58940e5bb7c697a2c1c,24e8272f67a53880ba8102c62c930157c27a0a1124423b4221a0c37c8fefe736,e05cebc18c2dab444215fb826377edb0480db72e2bf33ed776afbbc2a1d7f150,8,1,0.0,0.002259148999996796,0.23399999999674037,1.7392952,1.9660025,1.9753516,primary,False
r051,evaluation_07,ordinary,round_robin,normal,HumanEval/46,HumanEval/46::126,ordinary-permit-957fa3f797b7ef9ef40e32e93676e388,9,pass,4280c728bf1f84d914e8824d692e96a2b9174d5e11ca5df0c2c3f039bfb0bb88,77a92493eeb073493088f502c5049467d441ccf3d7c76247256447c7f9e66ea0,cacc4db82032770f0ba256e829e2da1e9573df5662f24d3691383d8ed9ffc953,e05cebc18c2dab444215fb826377edb0480db72e2bf33ed776afbbc2a1d7f150,9,1,0.001227,0.0019364480000092499,0.21899999998277053,2.0060044,2.2236859,2.2355281,primary,False
r051,evaluation_07,ordinary,round_robin,normal,HumanEval/69,HumanEval/69::379,ordinary-permit-61a08de8e1af9fca6f5a6183bbeea2ca,10,fail,97de212623aadc71afa5b5717ebd624e5274453873c4444d1aff0cb0e3bb2ab3,d6b8ff32ba549bd43a16b703e65c020c5cc61c2a4df313b8a3126960cc664f0e,b6c0b227418494a289378b73035980d6102995b82dbd1a268f2135f9fcb94ea1,e05cebc18c2dab444215fb826377edb0480db72e2bf33ed776afbbc2a1d7f150,10,1,0.001013,0.00269736300001,0.21900000001187436,2.2698366,2.480411,2.488033,primary,False
r051,evaluation_07,ordinary,round_robin,normal,HumanEval/69,HumanEval/69::459,ordinary-permit-62c9674b58f568eff33f67262fb28b72,11,fail,b2bccb3a49cca3092f12bb7601a9f1de06d23620946ddbe1ae168bab12bb7b59,a150eef516204e2dc971829609993e2ecf7a7969212eb6c2170c5c6454efda59,b6c0b227418494a289378b73035980d6102995b82dbd1a268f2135f9fcb94ea1,e05cebc18c2dab444215fb826377edb0480db72e2bf33ed776afbbc2a1d7f150,11,1,0.001049,0.0025215919999936887,0.20300000000861473,2.5198851,2.7299903,2.7369288,primary,False
r051,evaluation_07,ordinary,round_robin,normal,HumanEval/69,HumanEval/69::245,ordinary-permit-30eb2b5992da56540c2aa7ee07f1f3be,12,fail,4c4690db34b243043f39f52b7b01170a6dd511611d63a0f2a56d94f1b0096b8c,2481cbc6d15cf82d76aa58ca6d666c62c815b20c6189325e0a2454bc53c6b058,b6c0b227418494a289378b73035980d6102995b82dbd1a268f2135f9fcb94ea1,e05cebc18c2dab444215fb826377edb0480db72e2bf33ed776afbbc2a1d7f150,12,1,0.0,0.002426068999994868,0.20300000000861473,2.771841,2.9788486,2.9835433,primary,False
r052,evaluation_07,ecrc,round_robin,normal,HumanEval/0,HumanEval/0::464,permit_9114e09aafa058720a5b6d015bec23ff,1,pass,4f57d91b3aa7400f340d0f831664475054d92f5cb7491248c2b58d72a2723153,e1134049c5adeeecd766968d22a0d596b930b6103a83b296e61b1e40e43102a6,791458a53402434f50698418c76887cf4085c7d1a2453b4da493237c50ef96c5,e05cebc18c2dab444215fb826377edb0480db72e2bf33ed776afbbc2a1d7f150,1,1,0.0010429999999999999,0.0024604399999930138,0.21899999998277053,0.0304816,0.2376928,0.2419647,primary,False
r052,evaluation_07,ecrc,round_robin,normal,HumanEval/74,HumanEval/74::363,permit_c31b2e5167898a93a35f7e0002d17cc5,2,pass,7938e2a44631c87a085421c05971797b35954d9ffbaf27181669be021cd59423,cdf3ea4f121aec489684ef722f083f4e53a36ef49495f50b632d8d44d1c0925b,ede7e638e18ef85a04d59cd9aa08a305ea219aa8ca6a8f28ac51f3d4777e7354,e05cebc18c2dab444215fb826377edb0480db72e2bf33ed776afbbc2a1d7f150,2,1,0.001331,0.002002322999999251,0.2029999999795109,0.2809345,0.4886614,0.4935608,primary,False
r052,evaluation_07,ecrc,round_robin,normal,HumanEval/46,HumanEval/46::32,permit_5bf8bb2dcdeff141f374435678e46847,3,fail,b873c11526f8d896241683e7ed9c22b7608e22fa559387dc7304b4c6a9b97725,3a818465fa345f2c7319b1f06493746134ddf5c6fb9b405b560a70bd46dcf9d1,cacc4db82032770f0ba256e829e2da1e9573df5662f24d3691383d8ed9ffc953,e05cebc18c2dab444215fb826377edb0480db72e2bf33ed776afbbc2a1d7f150,3,1,0.0,0.0018833479999784686,0.1870000000053551,0.5312855,0.7353755,0.7405707,primary,False
r052,evaluation_07,ecrc,round_robin,normal,HumanEval/60,HumanEval/60::286,permit_bf2b6b8c8f789166923c44141049ed2e,4,pass,de5f4dc85ebca18ca933030f244f3525cf7b8fc16f31fcdfb4b1a5606eaa7459,9f4aea077271ca2ec5b6c349066bcd8cafca8bb24d7722519012bf34e518e7fc,44f1a98fe56b92c518dff056b50da027fef06c01816f88b5f1b3fa22633693c0,e05cebc18c2dab444215fb826377edb0480db72e2bf33ed776afbbc2a1d7f150,4,1,0.000673,0.0021611819999804993,0.2029999999795109,0.7825457,0.9899224,0.9952672,primary,False
r052,evaluation_07,ecrc,round_robin,normal,HumanEval/87,HumanEval/87::301,permit_1228159e5eb912310e1e4682079745b1,5,pass,3765624fba4641449b7d905606aeb725612deb7cf4dec17949d820c4ee07d145,96a2f5735e81aca3b14e38d2174fd3cb2a971d964e21dbba9c81b880f742bbdd,93a21dde126dc479c475c4c123d9603c49c96bc8d2d06813454ec60e31e06346,e05cebc18c2dab444215fb826377edb0480db72e2bf33ed776afbbc2a1d7f150,5,1,0.00131,0.0025011080000183483,0.20300000000861473,1.0194342,1.2246345,1.229542,primary,False
r052,evaluation_07,ecrc,round_robin,normal,HumanEval/4,HumanEval/4::46,permit_4eff7f3e9778aff9b2f5cd16931454b9,6,pass,5d3122cc9b7481db1d6b7b8042b4efbc6b5c2677686dca399f601f484b08cf7a,7a15048fe893eebc10e9dae95745d14c4eeca3e4ccf785a18001d7ae3e158abf,5b28de46dfd046bbb72c49a4cfcafbac0eeed6ab45312f5d573e2cd34aa22f1b,e05cebc18c2dab444215fb826377edb0480db72e2bf33ed776afbbc2a1d7f150,6,1,0.0007469999999999999,0.0024854279999999562,0.20300000000861473,1.2704332,1.4792179,1.4850249,primary,False
r052,evaluation_07,ecrc,round_robin,normal,HumanEval/69,HumanEval/69::362,permit_16c9601e63cde2a8c4671d6bfba600d2,7,fail,8c13cc2aaa0ca951ad7b7aac0f0c5ab8885914b005a8057c534847cf4c74a654,c5e0a4930e358b5654cfc68a6457cf7e023ab280dd0b8d837f4e28b273245fb7,b6c0b227418494a289378b73035980d6102995b82dbd1a268f2135f9fcb94ea1,e05cebc18c2dab444215fb826377edb0480db72e2bf33ed776afbbc2a1d7f150,7,1,0.0010919999999999999,0.0031148250000114786,0.20300000000861473,1.517954,1.7259148,1.7311991,primary,False
r052,evaluation_07,ecrc,round_robin,normal,HumanEval/45,HumanEval/45::5,permit_42b4d108337fa2bcdbdf116d08740854,8,pass,b861e552f408ecd37c1a7adb4ec6cfe67fb59de5e6e7a60e2496e6c800ccfb39,cd3effeb608afea6f7b641702d0f7d9160eebd384b88d58940e5bb7c697a2c1c,24e8272f67a53880ba8102c62c930157c27a0a1124423b4221a0c37c8fefe736,e05cebc18c2dab444215fb826377edb0480db72e2bf33ed776afbbc2a1d7f150,8,1,0.00023099999999999998,0.0018978949999848282,0.20300000000861473,1.7672537,1.9733329,1.978513,primary,False
r052,evaluation_07,ecrc,round_robin,normal,HumanEval/46,HumanEval/46::126,permit_029ff62344fecca1b419f13558169e43,9,pass,fb0b532da0c1ead00306ddfa31017b9c32d253ec197b29eb5021c9a601d5a1bf,77a92493eeb073493088f502c5049467d441ccf3d7c76247256447c7f9e66ea0,cacc4db82032770f0ba256e829e2da1e9573df5662f24d3691383d8ed9ffc953,e05cebc18c2dab444215fb826377edb0480db72e2bf33ed776afbbc2a1d7f150,9,1,0.0,0.002349936999991087,0.20300000000861473,2.0170341,2.2273119,2.232144,primary,False
r052,evaluation_07,ecrc,round_robin,normal,HumanEval/69,HumanEval/69::379,permit_4844808c2d8bc8e3e67d07a268a32b3d,10,fail,8e066f1ff4058d23398a0c9f1425ebec61e2d0ef024699637176f0cb413f07a9,d6b8ff32ba549bd43a16b703e65c020c5cc61c2a4df313b8a3126960cc664f0e,b6c0b227418494a289378b73035980d6102995b82dbd1a268f2135f9fcb94ea1,e05cebc18c2dab444215fb826377edb0480db72e2bf33ed776afbbc2a1d7f150,10,1,0.0,0.0026268750000042473,0.20300000000861473,2.2672539,2.4754113,2.4804353,primary,False
r052,evaluation_07,ecrc,round_robin,normal,HumanEval/69,HumanEval/69::459,permit_77cb2cdaa2e426c9ec6abe55ba318b9f,11,fail,e11839ab66f16848ec7c5cfd94424e4a207d10353c33b40ddd31ab20f2430853,a150eef516204e2dc971829609993e2ecf7a7969212eb6c2170c5c6454efda59,b6c0b227418494a289378b73035980d6102995b82dbd1a268f2135f9fcb94ea1,e05cebc18c2dab444215fb826377edb0480db72e2bf33ed776afbbc2a1d7f150,11,1,0.000744,0.0026916429999914726,0.21900000001187436,2.4960541,2.7061754,2.7115984,primary,False
r052,evaluation_07,ecrc,round_robin,normal,HumanEval/69,HumanEval/69::245,permit_7b5aaf099a8c9be9f749b8065cc896d8,12,fail,d92ae8d38549c3309593f7a076ed570bba47ac7dbc3411195861b91dd3db09b1,2481cbc6d15cf82d76aa58ca6d666c62c815b20c6189325e0a2454bc53c6b058,b6c0b227418494a289378b73035980d6102995b82dbd1a268f2135f9fcb94ea1,e05cebc18c2dab444215fb826377edb0480db72e2bf33ed776afbbc2a1d7f150,12,1,0.0,0.0023844270000097367,0.20399999999790452,2.7512081,2.9603618,2.9653073,primary,False
r053,evaluation_07,ordinary,depth_first,response_loss,HumanEval/0,HumanEval/0::464,ordinary-permit-811ac3d889dcc14b16134bb010da036c,1,pass,bdb99ac7b9bb9f6e0761aa7d1fc1aded38df7d23244a0e7dc371a470f770c798,e1134049c5adeeecd766968d22a0d596b930b6103a83b296e61b1e40e43102a6,791458a53402434f50698418c76887cf4085c7d1a2453b4da493237c50ef96c5,e05cebc18c2dab444215fb826377edb0480db72e2bf33ed776afbbc2a1d7f150,1,1,0.0,0.0023244429999920158,0.2029999999795109,0.0359249,0.2446318,0.2496851,primary,False
r053,evaluation_07,ordinary,depth_first,response_loss,HumanEval/74,HumanEval/74::363,ordinary-permit-d7b5bf4c2a008a8d1b0f5dec608170e0,2,pass,a9de701ad66084886959724664189bde19fc39688739c64a1724a945e2603de2,cdf3ea4f121aec489684ef722f083f4e53a36ef49495f50b632d8d44d1c0925b,ede7e638e18ef85a04d59cd9aa08a305ea219aa8ca6a8f28ac51f3d4777e7354,e05cebc18c2dab444215fb826377edb0480db72e2bf33ed776afbbc2a1d7f150,2,1,0.0,0.0018587209999907373,0.2029999999795109,0.2862333,0.4941165,0.4993591,primary,False
r053,evaluation_07,ordinary,depth_first,response_loss,HumanEval/46,HumanEval/46::32,ordinary-permit-2541ed5842cf9add8e46f77f13ee44aa,3,fail,97840a70a9d23f77eec8518624f31b02e93ec440219158905d67748d7aa5863c,3a818465fa345f2c7319b1f06493746134ddf5c6fb9b405b560a70bd46dcf9d1,cacc4db82032770f0ba256e829e2da1e9573df5662f24d3691383d8ed9ffc953,e05cebc18c2dab444215fb826377edb0480db72e2bf33ed776afbbc2a1d7f150,3,1,0.0,0.0019620969999891713,0.2029999999795109,0.5380495,0.7463055,0.7511066,primary,False
r053,evaluation_07,ordinary,depth_first,response_loss,HumanEval/46,HumanEval/46::126,ordinary-permit-957fa3f797b7ef9ef40e32e93676e388,4,pass,4a650755ae7630bc03412ee0729d73242e5a3202c961b45a7b8ea43a3f8215bc,77a92493eeb073493088f502c5049467d441ccf3d7c76247256447c7f9e66ea0,cacc4db82032770f0ba256e829e2da1e9573df5662f24d3691383d8ed9ffc953,e05cebc18c2dab444215fb826377edb0480db72e2bf33ed776afbbc2a1d7f150,4,1,0.0,0.0021797290000051817,0.2029999999795109,0.7890466,0.9968934,2.0248047,primary,True
r053,evaluation_07,ordinary,depth_first,response_loss,HumanEval/60,HumanEval/60::286,ordinary-permit-e5deeb90dbdecbaee65025dbe50b07fa,5,pass,01e2129d872ea425e3c8915c4740b3d97617e88cffcffea8c199d32ff1a982f0,9f4aea077271ca2ec5b6c349066bcd8cafca8bb24d7722519012bf34e518e7fc,44f1a98fe56b92c518dff056b50da027fef06c01816f88b5f1b3fa22633693c0,e05cebc18c2dab444215fb826377edb0480db72e2bf33ed776afbbc2a1d7f150,5,1,0.0,0.0018471130000250469,0.20300000000861473,2.0554035,2.2607336,2.2653707,primary,False
r053,evaluation_07,ordinary,depth_first,response_loss,HumanEval/87,HumanEval/87::301,ordinary-permit-f4b9e3c46228b562225703e0afdf1e3d,6,pass,7ca637959a03708dbb41fca1441826434070a4f805c8af813046598846c18026,96a2f5735e81aca3b14e38d2174fd3cb2a971d964e21dbba9c81b880f742bbdd,93a21dde126dc479c475c4c123d9603c49c96bc8d2d06813454ec60e31e06346,e05cebc18c2dab444215fb826377edb0480db72e2bf33ed776afbbc2a1d7f150,6,1,0.00026199999999999997,0.0024492740000141566,0.2029999999795109,2.2929977,2.5012113,2.506075,primary,False
r053,evaluation_07,ordinary,depth_first,response_loss,HumanEval/4,HumanEval/4::46,ordinary-permit-90f177c02061f68685191fb6fdaf8a7d,7,pass,89c2dc342076eb9384e66b1c39b499011412cfe1f62d0aa9368ecfb5efa7e08c,7a15048fe893eebc10e9dae95745d14c4eeca3e4ccf785a18001d7ae3e158abf,5b28de46dfd046bbb72c49a4cfcafbac0eeed6ab45312f5d573e2cd34aa22f1b,e05cebc18c2dab444215fb826377edb0480db72e2bf33ed776afbbc2a1d7f150,7,1,0.0,0.002274371999988034,0.20300000000861473,2.5285329,2.7374478,2.7420693,primary,False
r053,evaluation_07,ordinary,depth_first,response_loss,HumanEval/69,HumanEval/69::362,ordinary-permit-9f1f62e35845d6eb14db547e987d2bd4,8,fail,6b8946695141a03ee23c05c754021ca351e2dc54a37d86e4b70e11fb4feb5733,c5e0a4930e358b5654cfc68a6457cf7e023ab280dd0b8d837f4e28b273245fb7,b6c0b227418494a289378b73035980d6102995b82dbd1a268f2135f9fcb94ea1,e05cebc18c2dab444215fb826377edb0480db72e2bf33ed776afbbc2a1d7f150,8,1,0.0,0.0028242049999960273,0.21899999998277053,2.7798445,2.9905521,3.9990893,primary,True
r053,evaluation_07,ordinary,depth_first,response_loss,HumanEval/69,HumanEval/69::379,ordinary-permit-61a08de8e1af9fca6f5a6183bbeea2ca,9,fail,fc6e638395bbf8777195195132f3898a98f6a827869930238319a66d4edf42ae,d6b8ff32ba549bd43a16b703e65c020c5cc61c2a4df313b8a3126960cc664f0e,b6c0b227418494a289378b73035980d6102995b82dbd1a268f2135f9fcb94ea1,e05cebc18c2dab444215fb826377edb0480db72e2bf33ed776afbbc2a1d7f150,9,1,0.000985,0.0026654880000194225,0.21899999998277053,4.0325183,4.2394655,4.243801,primary,False
r053,evaluation_07,ordinary,depth_first,response_loss,HumanEval/69,HumanEval/69::459,ordinary-permit-62c9674b58f568eff33f67262fb28b72,10,fail,0d8e35ec2fa99da6c10a9b1f921249f49a815ab2618560ed8a87fb1f43c644fb,a150eef516204e2dc971829609993e2ecf7a7969212eb6c2170c5c6454efda59,b6c0b227418494a289378b73035980d6102995b82dbd1a268f2135f9fcb94ea1,e05cebc18c2dab444215fb826377edb0480db72e2bf33ed776afbbc2a1d7f150,10,1,0.0009329999999999999,0.002581835000000865,0.21899999998277053,4.2822774,4.4908571,4.4956113,primary,False
r053,evaluation_07,ordinary,depth_first,response_loss,HumanEval/69,HumanEval/69::245,ordinary-permit-30eb2b5992da56540c2aa7ee07f1f3be,11,fail,440d2427204504ac19f5e6f63c9b4ffa70ad215ebd2dc6003df53384c86d8adb,2481cbc6d15cf82d76aa58ca6d666c62c815b20c6189325e0a2454bc53c6b058,b6c0b227418494a289378b73035980d6102995b82dbd1a268f2135f9fcb94ea1,e05cebc18c2dab444215fb826377edb0480db72e2bf33ed776afbbc2a1d7f150,11,1,0.0,0.002392878000023302,0.20300000000861473,4.5297744,4.7367022,4.7411983,primary,False
r053,evaluation_07,ordinary,depth_first,response_loss,HumanEval/45,HumanEval/45::5,ordinary-permit-d72398e99131bad8e391eaa339d2b2cf,12,pass,d3d055edad3a1a0b85302585c8bd22d4bb40f1261c32a438237a8e81fde8953a,cd3effeb608afea6f7b641702d0f7d9160eebd384b88d58940e5bb7c697a2c1c,24e8272f67a53880ba8102c62c930157c27a0a1124423b4221a0c37c8fefe736,e05cebc18c2dab444215fb826377edb0480db72e2bf33ed776afbbc2a1d7f150,12,1,0.0012,0.0017909329999952206,0.20300000000861473,4.7801132,4.9874445,5.9967272,drain,True
r054,evaluation_07,ecrc,depth_first,response_loss,HumanEval/0,HumanEval/0::464,permit_9114e09aafa058720a5b6d015bec23ff,1,pass,ba072f291b8832e89f0e4c2365f6b0ed41baecc424dc924491f1df7fa40522ef,e1134049c5adeeecd766968d22a0d596b930b6103a83b296e61b1e40e43102a6,791458a53402434f50698418c76887cf4085c7d1a2453b4da493237c50ef96c5,e05cebc18c2dab444215fb826377edb0480db72e2bf33ed776afbbc2a1d7f150,1,1,0.0,0.0025656400000002577,0.21900000001187436,0.0313681,0.2499295,0.2555474,primary,False
r054,evaluation_07,ecrc,depth_first,response_loss,HumanEval/74,HumanEval/74::363,permit_c31b2e5167898a93a35f7e0002d17cc5,2,pass,13c9ea2908ff4770a57994fc65f5793831e0d505c8287943e2a74b1ff07d17ed,cdf3ea4f121aec489684ef722f083f4e53a36ef49495f50b632d8d44d1c0925b,ede7e638e18ef85a04d59cd9aa08a305ea219aa8ca6a8f28ac51f3d4777e7354,e05cebc18c2dab444215fb826377edb0480db72e2bf33ed776afbbc2a1d7f150,2,1,0.001144,0.0023417060000099355,0.20300000000861473,0.2817215,0.4899192,0.4953403,primary,False
r054,evaluation_07,ecrc,depth_first,response_loss,HumanEval/46,HumanEval/46::32,permit_5bf8bb2dcdeff141f374435678e46847,3,fail,6d2fe9baa2d708b2944d69b70389b64a423c0b5acda375ebbde4fff300dad759,3a818465fa345f2c7319b1f06493746134ddf5c6fb9b405b560a70bd46dcf9d1,cacc4db82032770f0ba256e829e2da1e9573df5662f24d3691383d8ed9ffc953,e05cebc18c2dab444215fb826377edb0480db72e2bf33ed776afbbc2a1d7f150,3,1,0.0,0.0020480640000073436,0.20300000000861473,0.5284934,0.7341334,0.7395812,primary,False
r054,evaluation_07,ecrc,depth_first,response_loss,HumanEval/46,HumanEval/46::126,permit_029ff62344fecca1b419f13558169e43,4,pass,ff70200e6dd25e5ef2aaa3d5e0a094ba21f718ca2ee92e4c6c9698e643a22cce,77a92493eeb073493088f502c5049467d441ccf3d7c76247256447c7f9e66ea0,cacc4db82032770f0ba256e829e2da1e9573df5662f24d3691383d8ed9ffc953,e05cebc18c2dab444215fb826377edb0480db72e2bf33ed776afbbc2a1d7f150,4,1,0.0,0.0018420290000165096,0.20300000000861473,0.7803456,0.9870394,1.9964111,primary,True
r054,evaluation_07,ecrc,depth_first,response_loss,HumanEval/60,HumanEval/60::286,permit_bf2b6b8c8f789166923c44141049ed2e,5,pass,cd7adffaba7fd5691c789e1f96484a7f9576b8c20866e7e4a4b4043d389cc3a9,9f4aea077271ca2ec5b6c349066bcd8cafca8bb24d7722519012bf34e518e7fc,44f1a98fe56b92c518dff056b50da027fef06c01816f88b5f1b3fa22633693c0,e05cebc18c2dab444215fb826377edb0480db72e2bf33ed776afbbc2a1d7f150,5,1,0.00040199999999999996,0.002124925000003941,0.21900000001187436,2.0286022,2.2435992,2.2490035,primary,False
r054,evaluation_07,ecrc,depth_first,response_loss,HumanEval/87,HumanEval/87::301,permit_1228159e5eb912310e1e4682079745b1,6,pass,d06fa9bc2f2917d483d4968dc226077a307f54cecbccf47af3433752d0d1195d,96a2f5735e81aca3b14e38d2174fd3cb2a971d964e21dbba9c81b880f742bbdd,93a21dde126dc479c475c4c123d9603c49c96bc8d2d06813454ec60e31e06346,e05cebc18c2dab444215fb826377edb0480db72e2bf33ed776afbbc2a1d7f150,6,1,0.0009939999999999999,0.0025869600000021364,0.21900000001187436,2.2784317,2.4956022,2.5011728,primary,False
r054,evaluation_07,ecrc,depth_first,response_loss,HumanEval/4,HumanEval/4::46,permit_4eff7f3e9778aff9b2f5cd16931454b9,7,pass,342730fab4b63302643a765e14fe990b0235daab49df8fd2d997fd666b8d4aa4,7a15048fe893eebc10e9dae95745d14c4eeca3e4ccf785a18001d7ae3e158abf,5b28de46dfd046bbb72c49a4cfcafbac0eeed6ab45312f5d573e2cd34aa22f1b,e05cebc18c2dab444215fb826377edb0480db72e2bf33ed776afbbc2a1d7f150,7,1,0.0,0.0022783160000017233,0.20300000000861473,2.5287937,2.7386847,2.7438846,primary,False
r054,evaluation_07,ecrc,depth_first,response_loss,HumanEval/69,HumanEval/69::362,permit_16c9601e63cde2a8c4671d6bfba600d2,8,fail,56c7554a654115589f42e5eacf1bc3961a74790fed4f6bd8c43e37d05925d064,c5e0a4930e358b5654cfc68a6457cf7e023ab280dd0b8d837f4e28b273245fb7,b6c0b227418494a289378b73035980d6102995b82dbd1a268f2135f9fcb94ea1,e05cebc18c2dab444215fb826377edb0480db72e2bf33ed776afbbc2a1d7f150,8,1,0.001094,0.0024574390000111634,0.20300000000861473,2.76064,2.9700107,4.0012078,primary,True
r054,evaluation_07,ecrc,depth_first,response_loss,HumanEval/69,HumanEval/69::379,permit_4844808c2d8bc8e3e67d07a268a32b3d,9,fail,926f73de7cf0bdef8f8b5868edbccca1c35d9be5a9e0bbdebf0111ce49cb4967,d6b8ff32ba549bd43a16b703e65c020c5cc61c2a4df313b8a3126960cc664f0e,b6c0b227418494a289378b73035980d6102995b82dbd1a268f2135f9fcb94ea1,e05cebc18c2dab444215fb826377edb0480db72e2bf33ed776afbbc2a1d7f150,9,1,0.0,0.002634810999978754,0.21900000001187436,4.0307322,4.242903,4.2488562,primary,False
r054,evaluation_07,ecrc,depth_first,response_loss,HumanEval/69,HumanEval/69::459,permit_77cb2cdaa2e426c9ec6abe55ba318b9f,10,fail,f77b70af589118e056410bd8bbdfa2a6cceac0ef16a32d70804c0467f705d4ee,a150eef516204e2dc971829609993e2ecf7a7969212eb6c2170c5c6454efda59,b6c0b227418494a289378b73035980d6102995b82dbd1a268f2135f9fcb94ea1,e05cebc18c2dab444215fb826377edb0480db72e2bf33ed776afbbc2a1d7f150,10,1,0.00199,0.002510670999981812,0.21900000001187436,4.2806457,4.4949365,4.5004543,primary,False
r054,evaluation_07,ecrc,depth_first,response_loss,HumanEval/69,HumanEval/69::245,permit_7b5aaf099a8c9be9f749b8065cc896d8,11,fail,cdd5e96923bce395bba0581d9f7fe64c2b36b34334a400f70e53a91a32a23c77,2481cbc6d15cf82d76aa58ca6d666c62c815b20c6189325e0a2454bc53c6b058,b6c0b227418494a289378b73035980d6102995b82dbd1a268f2135f9fcb94ea1,e05cebc18c2dab444215fb826377edb0480db72e2bf33ed776afbbc2a1d7f150,11,1,0.0,0.0029998569999918345,0.21900000001187436,4.5300834,4.7414879,4.7473632,primary,False
r054,evaluation_07,ecrc,depth_first,response_loss,HumanEval/45,HumanEval/45::5,permit_42b4d108337fa2bcdbdf116d08740854,12,pass,03c862c07a738e0c23d759797a2bfe7331c3df05b36de76f245f15f55f481004,cd3effeb608afea6f7b641702d0f7d9160eebd384b88d58940e5bb7c697a2c1c,24e8272f67a53880ba8102c62c930157c27a0a1124423b4221a0c37c8fefe736,e05cebc18c2dab444215fb826377edb0480db72e2bf33ed776afbbc2a1d7f150,12,1,0.00045099999999999996,0.002051165000011679,0.20300000000861473,4.7641188,4.9746982,6.0017838,drain,True
r055,evaluation_07,ecrc,round_robin,response_loss,HumanEval/0,HumanEval/0::464,permit_9114e09aafa058720a5b6d015bec23ff,1,pass,042770a3ad0eb4013735d3d55c677f48ea9a0196ae6f1d8969e0ef37bcef581a,e1134049c5adeeecd766968d22a0d596b930b6103a83b296e61b1e40e43102a6,791458a53402434f50698418c76887cf4085c7d1a2453b4da493237c50ef96c5,e05cebc18c2dab444215fb826377edb0480db72e2bf33ed776afbbc2a1d7f150,1,1,0.000713,0.0023643680000020595,0.21799999999348074,0.0165593,0.2255212,0.230411,primary,False
r055,evaluation_07,ecrc,round_robin,response_loss,HumanEval/74,HumanEval/74::363,permit_c31b2e5167898a93a35f7e0002d17cc5,2,pass,3d9db800dd6fdab77e98c2c0f1c7bd2884141bd923a26a7e1f4ea092271136ec,cdf3ea4f121aec489684ef722f083f4e53a36ef49495f50b632d8d44d1c0925b,ede7e638e18ef85a04d59cd9aa08a305ea219aa8ca6a8f28ac51f3d4777e7354,e05cebc18c2dab444215fb826377edb0480db72e2bf33ed776afbbc2a1d7f150,2,1,0.0015919999999999999,0.0023990629999843804,0.21799999999348074,0.2669192,0.4767102,0.4819516,primary,False
r055,evaluation_07,ecrc,round_robin,response_loss,HumanEval/46,HumanEval/46::32,permit_5bf8bb2dcdeff141f374435678e46847,3,fail,702d43a1250cc78adee1d07ffc227937f502c50a88f0daeba7fcdbae139f274d,3a818465fa345f2c7319b1f06493746134ddf5c6fb9b405b560a70bd46dcf9d1,cacc4db82032770f0ba256e829e2da1e9573df5662f24d3691383d8ed9ffc953,e05cebc18c2dab444215fb826377edb0480db72e2bf33ed776afbbc2a1d7f150,3,1,0.000926,0.0018571030000202882,0.21799999999348074,0.5186449,0.7285082,0.7332718,primary,False
r055,evaluation_07,ecrc,round_robin,response_loss,HumanEval/60,HumanEval/60::286,permit_bf2b6b8c8f789166923c44141049ed2e,4,pass,4e69e899f448335d73b3d8a6a114bffa93841e5429d449ebd86a6ec180907f77,9f4aea077271ca2ec5b6c349066bcd8cafca8bb24d7722519012bf34e518e7fc,44f1a98fe56b92c518dff056b50da027fef06c01816f88b5f1b3fa22633693c0,e05cebc18c2dab444215fb826377edb0480db72e2bf33ed776afbbc2a1d7f150,4,1,0.0,0.002405817000010302,0.2029999999795109,0.7709402,0.9813414,2.0101541,primary,True
r055,evaluation_07,ecrc,round_robin,response_loss,HumanEval/87,HumanEval/87::301,permit_1228159e5eb912310e1e4682079745b1,5,pass,3784389bf0a9448314bd16391f971669c11ff7e73af2cee37ac3d68177f15b25,96a2f5735e81aca3b14e38d2174fd3cb2a971d964e21dbba9c81b880f742bbdd,93a21dde126dc479c475c4c123d9603c49c96bc8d2d06813454ec60e31e06346,e05cebc18c2dab444215fb826377edb0480db72e2bf33ed776afbbc2a1d7f150,5,1,0.0,0.0026551240000003418,0.20300000000861473,2.0396099,2.2479014,2.252909,primary,False
r055,evaluation_07,ecrc,round_robin,response_loss,HumanEval/4,HumanEval/4::46,permit_4eff7f3e9778aff9b2f5cd16931454b9,6,pass,697f986234e46439ee08acd9698fe92a6ace8ba01fbacd296c8aea1ede7a13b9,7a15048fe893eebc10e9dae95745d14c4eeca3e4ccf785a18001d7ae3e158abf,5b28de46dfd046bbb72c49a4cfcafbac0eeed6ab45312f5d573e2cd34aa22f1b,e05cebc18c2dab444215fb826377edb0480db72e2bf33ed776afbbc2a1d7f150,6,1,0.0,0.002047953999976926,0.20300000000861473,2.291755,2.4975208,2.5027724,primary,False
r055,evaluation_07,ecrc,round_robin,response_loss,HumanEval/69,HumanEval/69::362,permit_16c9601e63cde2a8c4671d6bfba600d2,7,fail,57d85977f6094982642df32a4f7790007e764b8d7c2b8d20debdf54996bd76bd,c5e0a4930e358b5654cfc68a6457cf7e023ab280dd0b8d837f4e28b273245fb7,b6c0b227418494a289378b73035980d6102995b82dbd1a268f2135f9fcb94ea1,e05cebc18c2dab444215fb826377edb0480db72e2bf33ed776afbbc2a1d7f150,7,1,0.0,0.0028396390000011706,0.20300000000861473,2.5445561,2.7517045,2.7571036,primary,False
r055,evaluation_07,ecrc,round_robin,response_loss,HumanEval/45,HumanEval/45::5,permit_42b4d108337fa2bcdbdf116d08740854,8,pass,a87f803beed730cc9ab13b50e89da1db33b02eecf17ccb763fadc0b6c25d8ef6,cd3effeb608afea6f7b641702d0f7d9160eebd384b88d58940e5bb7c697a2c1c,24e8272f67a53880ba8102c62c930157c27a0a1124423b4221a0c37c8fefe736,e05cebc18c2dab444215fb826377edb0480db72e2bf33ed776afbbc2a1d7f150,8,1,0.000873,0.0018530799999894043,0.20300000000861473,2.7945789,3.0009291,4.0099141,primary,True
r055,evaluation_07,ecrc,round_robin,response_loss,HumanEval/46,HumanEval/46::126,permit_029ff62344fecca1b419f13558169e43,9,pass,9db367e80e08140d8dbf5a72c593611e29664e4931932892fbf362e43f421106,77a92493eeb073493088f502c5049467d441ccf3d7c76247256447c7f9e66ea0,cacc4db82032770f0ba256e829e2da1e9573df5662f24d3691383d8ed9ffc953,e05cebc18c2dab444215fb826377edb0480db72e2bf33ed776afbbc2a1d7f150,9,1,0.0,0.0020706679999875632,0.20300000000861473,4.0454168,4.254444,4.2595766,primary,False
r055,evaluation_07,ecrc,round_robin,response_loss,HumanEval/69,HumanEval/69::379,permit_4844808c2d8bc8e3e67d07a268a32b3d,10,fail,29fbe6a2b130eb7196511f392ed2daa89f9ab82065429f71c739889a4456a622,d6b8ff32ba549bd43a16b703e65c020c5cc61c2a4df313b8a3126960cc664f0e,b6c0b227418494a289378b73035980d6102995b82dbd1a268f2135f9fcb94ea1,e05cebc18c2dab444215fb826377edb0480db72e2bf33ed776afbbc2a1d7f150,10,1,0.000877,0.00235059600004206,0.20300000000861473,4.2939676,4.5012878,4.5062636,primary,False
r055,evaluation_07,ecrc,round_robin,response_loss,HumanEval/69,HumanEval/69::459,permit_77cb2cdaa2e426c9ec6abe55ba318b9f,11,fail,754fd6e14092f7f7fb15c20e295ea1049c576a478cc6606dd161da1fb94a1de9,a150eef516204e2dc971829609993e2ecf7a7969212eb6c2170c5c6454efda59,b6c0b227418494a289378b73035980d6102995b82dbd1a268f2135f9fcb94ea1,e05cebc18c2dab444215fb826377edb0480db72e2bf33ed776afbbc2a1d7f150,11,1,0.0,0.0023641479999696458,0.20300000000861473,4.5422724,4.7513263,4.7559967,primary,False
r055,evaluation_07,ecrc,round_robin,response_loss,HumanEval/69,HumanEval/69::245,permit_7b5aaf099a8c9be9f749b8065cc896d8,12,fail,05715239a7caf9fafcc505deb9337045bc0597d480c7325c9cf8cf16ae070bc7,2481cbc6d15cf82d76aa58ca6d666c62c815b20c6189325e0a2454bc53c6b058,b6c0b227418494a289378b73035980d6102995b82dbd1a268f2135f9fcb94ea1,e05cebc18c2dab444215fb826377edb0480db72e2bf33ed776afbbc2a1d7f150,12,1,0.000183,0.0027469020000125965,0.20300000000861473,4.7949955,5.0032347,6.0129013,drain,True
r056,evaluation_07,ordinary,round_robin,response_loss,HumanEval/0,HumanEval/0::464,ordinary-permit-811ac3d889dcc14b16134bb010da036c,1,pass,83d1650524f4d3d963b1e93a72fc6289d4ca5408ab97b4b735a51627f83295ab,e1134049c5adeeecd766968d22a0d596b930b6103a83b296e61b1e40e43102a6,791458a53402434f50698418c76887cf4085c7d1a2453b4da493237c50ef96c5,e05cebc18c2dab444215fb826377edb0480db72e2bf33ed776afbbc2a1d7f150,1,1,0.0,0.0022731760000169743,0.20399999999790452,0.0137774,0.2257507,0.2306871,primary,False
r056,evaluation_07,ordinary,round_robin,response_loss,HumanEval/74,HumanEval/74::363,ordinary-permit-d7b5bf4c2a008a8d1b0f5dec608170e0,2,pass,1baf2d3db78cfb305c0c3644b3ca9bfcd9dc25c8ee4c2e772be8d8888720c136,cdf3ea4f121aec489684ef722f083f4e53a36ef49495f50b632d8d44d1c0925b,ede7e638e18ef85a04d59cd9aa08a305ea219aa8ca6a8f28ac51f3d4777e7354,e05cebc18c2dab444215fb826377edb0480db72e2bf33ed776afbbc2a1d7f150,2,1,0.000685,0.0020332760000201233,0.20399999999790452,0.2652957,0.4757252,0.4806754,primary,False
r056,evaluation_07,ordinary,round_robin,response_loss,HumanEval/46,HumanEval/46::32,ordinary-permit-2541ed5842cf9add8e46f77f13ee44aa,3,fail,45579d1d6fd8d6ab5a0cb7d56308b2f41a2ec1643f1d228f8a05a3ddcbed2a6b,3a818465fa345f2c7319b1f06493746134ddf5c6fb9b405b560a70bd46dcf9d1,cacc4db82032770f0ba256e829e2da1e9573df5662f24d3691383d8ed9ffc953,e05cebc18c2dab444215fb826377edb0480db72e2bf33ed776afbbc2a1d7f150,3,1,0.0,0.002136417000031088,0.20399999999790452,0.5151391,0.7222971,0.7271597,primary,False
r056,evaluation_07,ordinary,round_robin,response_loss,HumanEval/60,HumanEval/60::286,ordinary-permit-e5deeb90dbdecbaee65025dbe50b07fa,4,pass,6e09146e609539d7d60593264d69406532f42bcda8f0ed424b4039ee5bf0389b,9f4aea077271ca2ec5b6c349066bcd8cafca8bb24d7722519012bf34e518e7fc,44f1a98fe56b92c518dff056b50da027fef06c01816f88b5f1b3fa22633693c0,e05cebc18c2dab444215fb826377edb0480db72e2bf33ed776afbbc2a1d7f150,4,1,0.0,0.0019649910000225645,0.20300000000861473,0.7505224,0.9586907,1.9683254,primary,True
r056,evaluation_07,ordinary,round_robin,response_loss,HumanEval/87,HumanEval/87::301,ordinary-permit-f4b9e3c46228b562225703e0afdf1e3d,5,pass,fac77470752a07d3181da594c9d940ac7ada0d58cb7ac918141338a9657c4ae4,96a2f5735e81aca3b14e38d2174fd3cb2a971d964e21dbba9c81b880f742bbdd,93a21dde126dc479c475c4c123d9603c49c96bc8d2d06813454ec60e31e06346,e05cebc18c2dab444215fb826377edb0480db72e2bf33ed776afbbc2a1d7f150,5,1,0.001186,0.002459889000022031,0.2029999999795109,1.983719,2.1948019,2.2001035,primary,False
r056,evaluation_07,ordinary,round_robin,response_loss,HumanEval/4,HumanEval/4::46,ordinary-permit-90f177c02061f68685191fb6fdaf8a7d,6,pass,5fb5cc4c8149e12e48f7ae46bf3d8cd4a87b1db3dc534b9e1ede64e123a96c7d,7a15048fe893eebc10e9dae95745d14c4eeca3e4ccf785a18001d7ae3e158abf,5b28de46dfd046bbb72c49a4cfcafbac0eeed6ab45312f5d573e2cd34aa22f1b,e05cebc18c2dab444215fb826377edb0480db72e2bf33ed776afbbc2a1d7f150,6,1,0.0,0.002195108000023538,0.2029999999795109,2.2302122,2.4374786,2.4422996,primary,False
r056,evaluation_07,ordinary,round_robin,response_loss,HumanEval/69,HumanEval/69::362,ordinary-permit-9f1f62e35845d6eb14db547e987d2bd4,7,fail,fbaa0b86a16183e635337616e5ca53c2cf390304acbd70c512a009533685c958,c5e0a4930e358b5654cfc68a6457cf7e023ab280dd0b8d837f4e28b273245fb7,b6c0b227418494a289378b73035980d6102995b82dbd1a268f2135f9fcb94ea1,e05cebc18c2dab444215fb826377edb0480db72e2bf33ed776afbbc2a1d7f150,7,1,0.00019999999999999998,0.0023443209999527426,0.2029999999795109,2.4801787,2.6878115,2.6929188,primary,False
r056,evaluation_07,ordinary,round_robin,response_loss,HumanEval/45,HumanEval/45::5,ordinary-permit-d72398e99131bad8e391eaa339d2b2cf,8,pass,8932cd081a6f96a340561a345eb7dab60d0ae94c5ff7f056f17eae3679b2f673,cd3effeb608afea6f7b641702d0f7d9160eebd384b88d58940e5bb7c697a2c1c,24e8272f67a53880ba8102c62c930157c27a0a1124423b4221a0c37c8fefe736,e05cebc18c2dab444215fb826377edb0480db72e2bf33ed776afbbc2a1d7f150,8,1,0.0,0.0017109409999989111,0.2029999999795109,2.7311544,2.9395428,3.9728421,primary,True
r056,evaluation_07,ordinary,round_robin,response_loss,HumanEval/46,HumanEval/46::126,ordinary-permit-957fa3f797b7ef9ef40e32e93676e388,9,pass,fc06a96e63dd080fd4154078c6b054ddf42b6a1963bbdf3af01f428dee5cbc18,77a92493eeb073493088f502c5049467d441ccf3d7c76247256447c7f9e66ea0,cacc4db82032770f0ba256e829e2da1e9573df5662f24d3691383d8ed9ffc953,e05cebc18c2dab444215fb826377edb0480db72e2bf33ed776afbbc2a1d7f150,9,1,0.0,0.001854867999952603,0.21900000001187436,4.0047739,4.213947,4.2195074,primary,False
r056,evaluation_07,ordinary,round_robin,response_loss,HumanEval/69,HumanEval/69::379,ordinary-permit-61a08de8e1af9fca6f5a6183bbeea2ca,10,fail,ef389d898b4cd5bea49598959e2e66285bd7943764e903b46208bfc4640ee887,d6b8ff32ba549bd43a16b703e65c020c5cc61c2a4df313b8a3126960cc664f0e,b6c0b227418494a289378b73035980d6102995b82dbd1a268f2135f9fcb94ea1,e05cebc18c2dab444215fb826377edb0480db72e2bf33ed776afbbc2a1d7f150,10,1,0.000694,0.0027064099999734026,0.21899999998277053,4.2354709,4.4480093,4.4526781,primary,False
r056,evaluation_07,ordinary,round_robin,response_loss,HumanEval/69,HumanEval/69::459,ordinary-permit-62c9674b58f568eff33f67262fb28b72,11,fail,166eda2c7212ec28350bec03e7992fe6116b688cc789a62c1a4e9e582568107c,a150eef516204e2dc971829609993e2ecf7a7969212eb6c2170c5c6454efda59,b6c0b227418494a289378b73035980d6102995b82dbd1a268f2135f9fcb94ea1,e05cebc18c2dab444215fb826377edb0480db72e2bf33ed776afbbc2a1d7f150,11,1,0.001455,0.002444109999999,0.21899999998277053,4.4902268,4.6981914,4.7029348,primary,False
r056,evaluation_07,ordinary,round_robin,response_loss,HumanEval/69,HumanEval/69::245,ordinary-permit-30eb2b5992da56540c2aa7ee07f1f3be,12,fail,4f476a8216c0e6b00cbe5e3e09ad88f3d422f7a8704689bedabb35262fdde701,2481cbc6d15cf82d76aa58ca6d666c62c815b20c6189325e0a2454bc53c6b058,b6c0b227418494a289378b73035980d6102995b82dbd1a268f2135f9fcb94ea1,e05cebc18c2dab444215fb826377edb0480db72e2bf33ed776afbbc2a1d7f150,12,1,0.000148,0.002648519999979726,0.20300000000861473,4.7168155,4.9259737,5.9344383,drain,True
r057,evaluation_08,ordinary,round_robin,response_loss,HumanEval/68,HumanEval/68::129,ordinary-permit-61f8eb181fe239f7d6f6b0b9c876bc15,1,fail,e4c39395327cd18f1221b3e0947b5e3a4fd0946cd8e3477c1fb516a8113ac3fd,99c72941cd6efa9c543206eec8589ceab1d7625c4b309b91893d026d34a4875b,9b838fce3ee1d263bb2f5a88eab37cbbc9bdd991d601a2f470821a5c52c91202,e05cebc18c2dab444215fb826377edb0480db72e2bf33ed776afbbc2a1d7f150,1,1,0.00038199999999999996,0.002346494000050825,0.21899999998277053,0.0252169,0.23816,0.2433131,primary,False
r057,evaluation_08,ordinary,round_robin,response_loss,HumanEval/98,HumanEval/98::77,ordinary-permit-d7cd670bbacaab53941229481e928b93,2,pass,8cec6c5c75fc8aa0459b8f4efa399a284178ddc590208eec02de21176e8e3e38,78202de2523dc4f0f37dcd9770133d7095658a2aa7fae4b8649a10b6b728c9ed,a15c863f3ff99df75daf2f2ff42dffed449a259be56694ccc0f745907c0273b2,e05cebc18c2dab444215fb826377edb0480db72e2bf33ed776afbbc2a1d7f150,2,1,0.0,0.002174379000052795,0.21899999998277053,0.2743389,0.4924704,0.4974847,primary,False
r057,evaluation_08,ordinary,round_robin,response_loss,HumanEval/47,HumanEval/47::145,ordinary-permit-d25222a7158792259549fbbcbd359268,3,pass,d707a17c82ae45a7552b49e84b2dc962d29ad4531bc01efa97b822bf4caa2fb2,149c80414a1a310f0c4906a8deb1400eaf97352d7911ad74cdb1f36db8e7dd80,ab1c0c62c581beca5067db2293611b28baf3ce4f01aae214850b88c007a8319a,e05cebc18c2dab444215fb826377edb0480db72e2bf33ed776afbbc2a1d7f150,3,1,0.0,0.002117359999999735,0.20300000000861473,0.5254652,0.739229,0.7442659,primary,False
r057,evaluation_08,ordinary,round_robin,response_loss,HumanEval/145,HumanEval/145::128,ordinary-permit-de5d335bf41d6f66a381b781b8c9d0d3,4,fail,511fd621dcfe78e80e68cf1f6670309b0507909e1c94a96f8d946f2a41465515,ec4c4518653a3c113bf88b38651b046da5efa356140fc9271301f76e278606f2,7725234c924e2d8bffa4e6dcd695b610263594cc19a4843db09d093316dbcaf5,e05cebc18c2dab444215fb826377edb0480db72e2bf33ed776afbbc2a1d7f150,4,1,0.0,0.0022129619999873285,0.20300000000861473,0.7769305,0.9829086,2.010795,primary,True
r057,evaluation_08,ordinary,round_robin,response_loss,HumanEval/135,HumanEval/135::68,ordinary-permit-0ae3d57adc074db0a4c43d7aa544fd99,5,fail,35e3cd261180c50e06f40dadf5b55d798194c0b52ff9b916fb82b3110676e92e,3ff6f9293f0881154819fe97a235c651b29069303a9ed9eed64e9169a6fdd6e6,031e977a15e7f406869632f568a375fb46fc173db99ef99e24fcfc0181a97c2e,e05cebc18c2dab444215fb826377edb0480db72e2bf33ed776afbbc2a1d7f150,5,1,0.0,0.002120414999978948,0.21900000001187436,2.0414719,2.2471724,2.2517847,primary,False
r057,evaluation_08,ordinary,round_robin,response_loss,HumanEval/20,HumanEval/20::7,ordinary-permit-fef04481c9f44bd21ac2fd51d3ea11a1,6,pass,0bb488a54e91ca270debe2fe21f2084662432a771b274515fd0b442e8d2559e5,95b983cada645ec95c613c61fce033b559014f91f08ee23c279b80c31ed185da,2d387b4e1c81940094f73e34fe6ac40f3181a546c3b48adfef58b4ed4eb23968,e05cebc18c2dab444215fb826377edb0480db72e2bf33ed776afbbc2a1d7f150,6,1,0.0,0.002184546999956183,0.20300000000861473,2.2885985,2.495658,2.5008579,primary,False
r057,evaluation_08,ordinary,round_robin,response_loss,HumanEval/22,HumanEval/22::440,ordinary-permit-62883b5c1b0436e3248c9ec5daf3b032,7,pass,81a6544e2e20f36f3949135a984769c92d51113c4e75542adbbb16356a47a05c,d9f6e2a337c70a920784a64c6fea58c4016fe5bd0b8056d978359f6ca8da676b,105b1a927063d5b208d7ab8f7814c95341b9a007ba48a307b44e2f5a33888206,e05cebc18c2dab444215fb826377edb0480db72e2bf33ed776afbbc2a1d7f150,7,1,0.001682,0.002231225999992148,0.20300000000861473,2.5367066,2.744919,2.7497075,primary,False
r057,evaluation_08,ordinary,round_robin,response_loss,HumanEval/58,HumanEval/58::49,ordinary-permit-83704eb4bffbec0eedd3f4836c3b4032,8,pass,9f54bd8ffd2b4be2365b1b8d58dbc7aaa56fb9fdc0fd6fac3539b7bae6acf7f7,d12d7af90c0ed06fdea3a14525569ca1757c73583cce783b1c21aab8eb8d79c9,514fd6bb70364dbef9b1f648cb23ee0b0dc97497c522ec7142e651bda994331a,e05cebc18c2dab444215fb826377edb0480db72e2bf33ed776afbbc2a1d7f150,8,1,0.0,0.002087394000000131,0.20300000000861473,2.7854168,2.9923563,4.0263572,primary,True
r057,evaluation_08,ordinary,round_robin,response_loss,HumanEval/68,HumanEval/68::133,ordinary-permit-a4b993b45a1738c0ebc0743f9cd47c6f,9,fail,34df420d1c923cc41bcc997b6da92ca5377e9703890a170ec08e991143d43775,7411096c5831a7f1e0a6f9e689f8b7d53bff8eb8142565e07e3d4127c923f206,9b838fce3ee1d263bb2f5a88eab37cbbc9bdd991d601a2f470821a5c52c91202,e05cebc18c2dab444215fb826377edb0480db72e2bf33ed776afbbc2a1d7f150,9,1,0.001028,0.0022030469999663183,0.21900000001187436,4.0569837,4.266125,4.2707069,primary,False
r057,evaluation_08,ordinary,round_robin,response_loss,HumanEval/145,HumanEval/145::43,ordinary-permit-3b641d68edc1e0e4f52211d14b903acd,10,fail,4949a21d70022a2c1626572644401b035e494262e3b2b039b074023c723afb39,d45c05ce72a628992290eb7534bce6e670fe8372c11387fc77b73b4bf0bbbda9,7725234c924e2d8bffa4e6dcd695b610263594cc19a4843db09d093316dbcaf5,e05cebc18c2dab444215fb826377edb0480db72e2bf33ed776afbbc2a1d7f150,10,1,0.000846,0.002377319000004263,0.21900000001187436,4.3046394,4.513674,4.5182762,primary,False
r057,evaluation_08,ordinary,round_robin,response_loss,HumanEval/135,HumanEval/135::255,ordinary-permit-55e3708f14dbc75a22ce4c1e9d01fa02,11,fail,55de58e7a5c19fe7e56428a22f99c49e96b056f0a188388a5431cc2c32007744,fe6489e17c509370c497a9120340650258b73a70d81b1a79ead519e1e80d52eb,031e977a15e7f406869632f568a375fb46fc173db99ef99e24fcfc0181a97c2e,e05cebc18c2dab444215fb826377edb0480db72e2bf33ed776afbbc2a1d7f150,11,1,0.000168,0.0020275489999903584,0.20399999999790452,4.5542159,4.7616482,4.7667565,primary,False
r057,evaluation_08,ordinary,round_robin,response_loss,HumanEval/68,HumanEval/68::332,ordinary-permit-a1b4a135ab444923f8834f9113fd4c2c,12,fail,b311b427fdbc58984afc7d10fe6d49bf18ee9fb28e3d30252169e8d7cff76eac,e73c68105ab33fbb3ca2be67351ce463fff7e2de4030a4446f28442f4640669d,9b838fce3ee1d263bb2f5a88eab37cbbc9bdd991d601a2f470821a5c52c91202,e05cebc18c2dab444215fb826377edb0480db72e2bf33ed776afbbc2a1d7f150,12,1,0.0,0.0018806530000006205,0.20300000000861473,4.7838054,4.9961283,6.0222418,drain,True
r058,evaluation_08,ecrc,round_robin,response_loss,HumanEval/68,HumanEval/68::129,permit_516fffb583866b9799abdd1476878abb,1,fail,c36613b89de7237833f1609bd854b10fafebe8923d1ccb3bb3f73d0e119f264f,99c72941cd6efa9c543206eec8589ceab1d7625c4b309b91893d026d34a4875b,9b838fce3ee1d263bb2f5a88eab37cbbc9bdd991d601a2f470821a5c52c91202,e05cebc18c2dab444215fb826377edb0480db72e2bf33ed776afbbc2a1d7f150,1,1,0.001413,0.001913754999975481,0.2029999999795109,0.0342221,0.2413551,0.2466797,primary,False
r058,evaluation_08,ecrc,round_robin,response_loss,HumanEval/98,HumanEval/98::77,permit_ba0d426c7d712127f8c6657578b28dd4,2,pass,c7aa04366fe2e3c2ca4428184da8a63031cdd4f9437b1cca9ed181a9d9e076b2,78202de2523dc4f0f37dcd9770133d7095658a2aa7fae4b8649a10b6b728c9ed,a15c863f3ff99df75daf2f2ff42dffed449a259be56694ccc0f745907c0273b2,e05cebc18c2dab444215fb826377edb0480db72e2bf33ed776afbbc2a1d7f150,2,1,0.00049,0.0022036090000483455,0.21799999999348074,0.2841962,0.4941363,0.4998544,primary,False
r058,evaluation_08,ecrc,round_robin,response_loss,HumanEval/47,HumanEval/47::145,permit_9d5d2bcb8a6dd7d10f428a09c3be0afc,3,pass,8ffd283126853c92af3c6a259761dcf83685eb741d4571ec39609fe44c3668f4,149c80414a1a310f0c4906a8deb1400eaf97352d7911ad74cdb1f36db8e7dd80,ab1c0c62c581beca5067db2293611b28baf3ce4f01aae214850b88c007a8319a,e05cebc18c2dab444215fb826377edb0480db72e2bf33ed776afbbc2a1d7f150,3,1,0.0,0.0017588310000178353,0.21799999999348074,0.5345356,0.7480786,0.7541672,primary,False
r058,evaluation_08,ecrc,round_robin,response_loss,HumanEval/145,HumanEval/145::128,permit_64ab54524e132150c500866e153140b1,4,fail,f39f8282dedd280046b7ca07492049bf423dbeb51c9c182cbf364e794dc33997,ec4c4518653a3c113bf88b38651b046da5efa356140fc9271301f76e278606f2,7725234c924e2d8bffa4e6dcd695b610263594cc19a4843db09d093316dbcaf5,e05cebc18c2dab444215fb826377edb0480db72e2bf33ed776afbbc2a1d7f150,4,1,0.0,0.0022493959999678736,0.20300000000861473,0.7876934,0.9984401,2.0309193,primary,True
r058,evaluation_08,ecrc,round_robin,response_loss,HumanEval/135,HumanEval/135::68,permit_f8d27a76e72a3939f5bc7d1978c41d85,5,fail,925d2e0167c45af5fe19cf58f3fed1e250a8ca6ef583a75dea81ae4664d89986,3ff6f9293f0881154819fe97a235c651b29069303a9ed9eed64e9169a6fdd6e6,031e977a15e7f406869632f568a375fb46fc173db99ef99e24fcfc0181a97c2e,e05cebc18c2dab444215fb826377edb0480db72e2bf33ed776afbbc2a1d7f150,5,1,0.0,0.0020466060000217112,0.20300000000861473,2.0609872,2.2682138,2.2730175,primary,False
r058,evaluation_08,ecrc,round_robin,response_loss,HumanEval/20,HumanEval/20::7,permit_2ba7f038b83639bf5ad496334eb8ab8c,6,pass,36b786ccb4a0101aa3223e504320a93f1a0d2c63756f4b63f662991bec09fb96,95b983cada645ec95c613c61fce033b559014f91f08ee23c279b80c31ed185da,2d387b4e1c81940094f73e34fe6ac40f3181a546c3b48adfef58b4ed4eb23968,e05cebc18c2dab444215fb826377edb0480db72e2bf33ed776afbbc2a1d7f150,6,1,0.0,0.0023588079999967704,0.20300000000861473,2.3125706,2.5191681,2.5245338,primary,False
r058,evaluation_08,ecrc,round_robin,response_loss,HumanEval/22,HumanEval/22::440,permit_add9148cda0d17b29f42f4762502c7cd,7,pass,44bbd6cd2f77eda53e8db74ce2b0b68af8ffc93d491ec30ddffdf33514f1cede,d9f6e2a337c70a920784a64c6fea58c4016fe5bd0b8056d978359f6ca8da676b,105b1a927063d5b208d7ab8f7814c95341b9a007ba48a307b44e2f5a33888206,e05cebc18c2dab444215fb826377edb0480db72e2bf33ed776afbbc2a1d7f150,7,1,0.001014,0.0018739449999998214,0.21900000001187436,2.5652401,2.7742704,2.7796147,primary,False
r058,evaluation_08,ecrc,round_robin,response_loss,HumanEval/58,HumanEval/58::49,permit_e5969e8ca11dc31599388e2ffd0ed71e,8,pass,e3212df13e033f62ebf5068a7a402fa0128273907448d45723ab438104f894e2,d12d7af90c0ed06fdea3a14525569ca1757c73583cce783b1c21aab8eb8d79c9,514fd6bb70364dbef9b1f648cb23ee0b0dc97497c522ec7142e651bda994331a,e05cebc18c2dab444215fb826377edb0480db72e2bf33ed776afbbc2a1d7f150,8,1,0.0,0.0021625310000104037,0.21900000001187436,2.81556,3.0273357,4.048892,primary,True
r058,evaluation_08,ecrc,round_robin,response_loss,HumanEval/68,HumanEval/68::133,permit_71fe2531ac49729ecf8f4b241b28886e,9,fail,de6eb3652f2ecaf84926d17c0ad8fa7109128479406315f7626d00ed55717092,7411096c5831a7f1e0a6f9e689f8b7d53bff8eb8142565e07e3d4127c923f206,9b838fce3ee1d263bb2f5a88eab37cbbc9bdd991d601a2f470821a5c52c91202,e05cebc18c2dab444215fb826377edb0480db72e2bf33ed776afbbc2a1d7f150,9,1,0.0016799999999999999,0.002160101000015402,0.20300000000861473,4.0799832,4.2849966,4.2898586,primary,False
r058,evaluation_08,ecrc,round_robin,response_loss,HumanEval/145,HumanEval/145::43,permit_c33e4b8eef59960cde4372dd34ad9be9,10,fail,bb8d5f374ab2f4841f98fb0fde021148470a34fa40c5a9d6b6b852fa5cf1aa91,d45c05ce72a628992290eb7534bce6e670fe8372c11387fc77b73b4bf0bbbda9,7725234c924e2d8bffa4e6dcd695b610263594cc19a4843db09d093316dbcaf5,e05cebc18c2dab444215fb826377edb0480db72e2bf33ed776afbbc2a1d7f150,10,1,0.000258,0.0019425490000344325,0.20300000000861473,4.3283278,4.537757,4.542482,primary,False
r058,evaluation_08,ecrc,round_robin,response_loss,HumanEval/135,HumanEval/135::255,permit_026f3c7ee76946398e8c876c81d63d49,11,fail,0ef03b82ebeec1b447ad96b04a191a0361d1e4cbe736c4776fee68df1b023b63,fe6489e17c509370c497a9120340650258b73a70d81b1a79ead519e1e80d52eb,031e977a15e7f406869632f568a375fb46fc173db99ef99e24fcfc0181a97c2e,e05cebc18c2dab444215fb826377edb0480db72e2bf33ed776afbbc2a1d7f150,11,1,0.001292,0.0020981139999776133,0.20300000000861473,4.5785262,4.785809,4.7912327,primary,False
r058,evaluation_08,ecrc,round_robin,response_loss,HumanEval/68,HumanEval/68::332,permit_e41bab40a1f02a21cfd322da20c35fbf,12,fail,472f0c53986063c849a0cc08bd0682666d31f16616d7bc38b799528f1c1952ce,e73c68105ab33fbb3ca2be67351ce463fff7e2de4030a4446f28442f4640669d,9b838fce3ee1d263bb2f5a88eab37cbbc9bdd991d601a2f470821a5c52c91202,e05cebc18c2dab444215fb826377edb0480db72e2bf33ed776afbbc2a1d7f150,12,1,0.001062,0.002191841000012573,0.20300000000861473,4.8299531,5.0377077,6.0620801,drain,True
r059,evaluation_08,ecrc,depth_first,response_loss,HumanEval/68,HumanEval/68::129,permit_516fffb583866b9799abdd1476878abb,1,fail,ab896a14958956456ba7741936d08be3a49989d01e657a2176b0064ab000923a,99c72941cd6efa9c543206eec8589ceab1d7625c4b309b91893d026d34a4875b,9b838fce3ee1d263bb2f5a88eab37cbbc9bdd991d601a2f470821a5c52c91202,e05cebc18c2dab444215fb826377edb0480db72e2bf33ed776afbbc2a1d7f150,1,1,0.001927,0.0023342060000004494,0.20300000000861473,0.0172199,0.2247297,0.230408,primary,False
r059,evaluation_08,ecrc,depth_first,response_loss,HumanEval/68,HumanEval/68::133,permit_71fe2531ac49729ecf8f4b241b28886e,2,fail,8a0b4e90373841d16efe0543f4264207222e71efa4192b15f66ddd0b90f79774,7411096c5831a7f1e0a6f9e689f8b7d53bff8eb8142565e07e3d4127c923f206,9b838fce3ee1d263bb2f5a88eab37cbbc9bdd991d601a2f470821a5c52c91202,e05cebc18c2dab444215fb826377edb0480db72e2bf33ed776afbbc2a1d7f150,2,1,0.0011309999999999998,0.002251389999969433,0.20300000000861473,0.2630053,0.4745401,0.4802956,primary,False
r059,evaluation_08,ecrc,depth_first,response_loss,HumanEval/68,HumanEval/68::332,permit_e41bab40a1f02a21cfd322da20c35fbf,3,fail,a822ae222f6568f35f89a67fc30df33ee6b408bc6c9207c7a1c74b2c20f5c1b7,e73c68105ab33fbb3ca2be67351ce463fff7e2de4030a4446f28442f4640669d,9b838fce3ee1d263bb2f5a88eab37cbbc9bdd991d601a2f470821a5c52c91202,e05cebc18c2dab444215fb826377edb0480db72e2bf33ed776afbbc2a1d7f150,3,1,0.001035,0.0019366579999768874,0.20300000000861473,0.5121639,0.7250163,0.7307986,primary,False
r059,evaluation_08,ecrc,depth_first,response_loss,HumanEval/68,HumanEval/68::220,permit_a72e7b7bc692172f9953af5740c93998,4,pass,adf22a86ac9acd39d667a97f741e9640e36102d6916c776ac3f9d0f5929c1dd1,f25ce08873030f3b4625c66e83705cf45709616ee009486020327d4c4173f93e,9b838fce3ee1d263bb2f5a88eab37cbbc9bdd991d601a2f470821a5c52c91202,e05cebc18c2dab444215fb826377edb0480db72e2bf33ed776afbbc2a1d7f150,4,1,0.0,0.001926378999996814,0.20300000000861473,0.7587583,0.9670887,1.9952,primary,True
r059,evaluation_08,ecrc,depth_first,response_loss,HumanEval/98,HumanEval/98::77,permit_ba0d426c7d712127f8c6657578b28dd4,5,pass,a70fda6fad2df62bc0585d00def23a03dde0a9ec7feb5d221400d2d7827c471a,78202de2523dc4f0f37dcd9770133d7095658a2aa7fae4b8649a10b6b728c9ed,a15c863f3ff99df75daf2f2ff42dffed449a259be56694ccc0f745907c0273b2,e05cebc18c2dab444215fb826377edb0480db72e2bf33ed776afbbc2a1d7f150,5,1,0.0,0.0018594010000470007,0.20399999999790452,2.02559,2.2346225,2.2394146,primary,False
r059,evaluation_08,ecrc,depth_first,response_loss,HumanEval/47,HumanEval/47::145,permit_9d5d2bcb8a6dd7d10f428a09c3be0afc,6,pass,0ec66b533d802266c05532bdbbf4fa23b9e7328fe1cf6f773e455a753939bc01,149c80414a1a310f0c4906a8deb1400eaf97352d7911ad74cdb1f36db8e7dd80,ab1c0c62c581beca5067db2293611b28baf3ce4f01aae214850b88c007a8319a,e05cebc18c2dab444215fb826377edb0480db72e2bf33ed776afbbc2a1d7f150,6,1,0.001676,0.002087142999982916,0.20399999999790452,2.2747735,2.4819924,2.4868438,primary,False
r059,evaluation_08,ecrc,depth_first,response_loss,HumanEval/145,HumanEval/145::128,permit_64ab54524e132150c500866e153140b1,7,fail,abf3752bfc0109f6c95fd57a9ba190b968eb89d915cc626ccac79e8e491d60a4,ec4c4518653a3c113bf88b38651b046da5efa356140fc9271301f76e278606f2,7725234c924e2d8bffa4e6dcd695b610263594cc19a4843db09d093316dbcaf5,e05cebc18c2dab444215fb826377edb0480db72e2bf33ed776afbbc2a1d7f150,7,1,0.0007,0.002222619000008308,0.20399999999790452,2.5260463,2.732062,2.7369534,primary,False
r059,evaluation_08,ecrc,depth_first,response_loss,HumanEval/145,HumanEval/145::43,permit_c33e4b8eef59960cde4372dd34ad9be9,8,fail,23e277a43ebfb113ff77edde80952bb8601ea4863cd8c9a4265ef7b600b4ae60,d45c05ce72a628992290eb7534bce6e670fe8372c11387fc77b73b4bf0bbbda9,7725234c924e2d8bffa4e6dcd695b610263594cc19a4843db09d093316dbcaf5,e05cebc18c2dab444215fb826377edb0480db72e2bf33ed776afbbc2a1d7f150,8,1,0.001844,0.002461321999987831,0.20399999999790452,2.7762778,2.980641,3.9903437,primary,True
r059,evaluation_08,ecrc,depth_first,response_loss,HumanEval/145,HumanEval/145::143,permit_a199efaede1f56cd3529606078e717bb,9,fail,947043b71ac81e0d16d5f8c9fc0fd97d3dad643be67184eacaea92a2c3d1189c,9c5e42e4cec283eac7b90668f7e7f4ca4831d8ff9ea146d05b9d955e431255aa,7725234c924e2d8bffa4e6dcd695b610263594cc19a4843db09d093316dbcaf5,e05cebc18c2dab444215fb826377edb0480db72e2bf33ed776afbbc2a1d7f150,9,1,0.0,0.002316411999970569,0.20399999999790452,4.0234454,4.2299736,4.2350569,primary,False
r059,evaluation_08,ecrc,depth_first,response_loss,HumanEval/145,HumanEval/145::215,permit_26e21cc516d4c2d685e1610ed8d4b99c,10,fail,c2edf243b4307bf6df1d0686880eae4bbf260584a655709b3162218e13c7186e,db15f6c091b3c36d9333bf5068d76ae20c0be7b2c3ddc1d74c1dff071083004f,7725234c924e2d8bffa4e6dcd695b610263594cc19a4843db09d093316dbcaf5,e05cebc18c2dab444215fb826377edb0480db72e2bf33ed776afbbc2a1d7f150,10,1,0.0,0.002269269000009899,0.20399999999790452,4.2754788,4.4835965,4.4888207,primary,False
r059,evaluation_08,ecrc,depth_first,response_loss,HumanEval/135,HumanEval/135::68,permit_f8d27a76e72a3939f5bc7d1978c41d85,11,fail,78790532067f4810c84463fab5e88c4c6b55b624b9b7e957cd642f1d207e7c31,3ff6f9293f0881154819fe97a235c651b29069303a9ed9eed64e9169a6fdd6e6,031e977a15e7f406869632f568a375fb46fc173db99ef99e24fcfc0181a97c2e,e05cebc18c2dab444215fb826377edb0480db72e2bf33ed776afbbc2a1d7f150,11,1,0.0,0.0017244699999992008,0.20399999999790452,4.5249763,4.7312905,4.7363967,primary,False
r059,evaluation_08,ecrc,depth_first,response_loss,HumanEval/135,HumanEval/135::255,permit_026f3c7ee76946398e8c876c81d63d49,12,fail,f9a8237ac8857d0e80ef788f253deb15de14f8dd4c2c24a2ed5f7665522138bc,fe6489e17c509370c497a9120340650258b73a70d81b1a79ead519e1e80d52eb,031e977a15e7f406869632f568a375fb46fc173db99ef99e24fcfc0181a97c2e,e05cebc18c2dab444215fb826377edb0480db72e2bf33ed776afbbc2a1d7f150,12,1,0.0,0.0020315579999987676,0.2029999999795109,4.7509733,4.9587637,5.9681827,drain,True
r060,evaluation_08,ordinary,depth_first,response_loss,HumanEval/68,HumanEval/68::129,ordinary-permit-61f8eb181fe239f7d6f6b0b9c876bc15,1,fail,c8a8345bfaf13ac7a2e136cc5d110f83461b6ac7b9dfb648af8fa29637ac627d,99c72941cd6efa9c543206eec8589ceab1d7625c4b309b91893d026d34a4875b,9b838fce3ee1d263bb2f5a88eab37cbbc9bdd991d601a2f470821a5c52c91202,e05cebc18c2dab444215fb826377edb0480db72e2bf33ed776afbbc2a1d7f150,1,1,0.0,0.002278705999970043,0.20300000000861473,0.0133823,0.2229282,0.2275226,primary,False
r060,evaluation_08,ordinary,depth_first,response_loss,HumanEval/68,HumanEval/68::133,ordinary-permit-a4b993b45a1738c0ebc0743f9cd47c6f,2,fail,21adffe5ace2e4a306cc29b480aa7521aa78a17d29a1b5cc813a8c01f0b9b287,7411096c5831a7f1e0a6f9e689f8b7d53bff8eb8142565e07e3d4127c923f206,9b838fce3ee1d263bb2f5a88eab37cbbc9bdd991d601a2f470821a5c52c91202,e05cebc18c2dab444215fb826377edb0480db72e2bf33ed776afbbc2a1d7f150,2,1,0.001336,0.0022880230000055235,0.20300000000861473,0.2647831,0.4734261,0.4781244,primary,False
r060,evaluation_08,ordinary,depth_first,response_loss,HumanEval/68,HumanEval/68::332,ordinary-permit-a1b4a135ab444923f8834f9113fd4c2c,3,fail,8c1b4e61a63f0bc80fe2bf3a6307755e42c547315c55ba474a196691ab35fb2a,e73c68105ab33fbb3ca2be67351ce463fff7e2de4030a4446f28442f4640669d,9b838fce3ee1d263bb2f5a88eab37cbbc9bdd991d601a2f470821a5c52c91202,e05cebc18c2dab444215fb826377edb0480db72e2bf33ed776afbbc2a1d7f150,3,1,0.0,0.0021134730000085256,0.20300000000861473,0.5154824,0.7272445,0.7320572,primary,False
r060,evaluation_08,ordinary,depth_first,response_loss,HumanEval/68,HumanEval/68::220,ordinary-permit-e3f9e0f14cb93c3f0e8f61f055af9318,4,pass,f911f1286ad0767b4cd41a11750ee67c5abd17afb47f7ae046131ab3329488f3,f25ce08873030f3b4625c66e83705cf45709616ee009486020327d4c4173f93e,9b838fce3ee1d263bb2f5a88eab37cbbc9bdd991d601a2f470821a5c52c91202,e05cebc18c2dab444215fb826377edb0480db72e2bf33ed776afbbc2a1d7f150,4,1,0.0,0.0019851399999879504,0.20300000000861473,0.7692283,0.9754737,1.9853373,primary,True
r060,evaluation_08,ordinary,depth_first,response_loss,HumanEval/98,HumanEval/98::77,ordinary-permit-d7cd670bbacaab53941229481e928b93,5,pass,a4392b3c0ac07e9ac04c8d88502e27110a4edc8dfce8a84915cdb5eea9627be9,78202de2523dc4f0f37dcd9770133d7095658a2aa7fae4b8649a10b6b728c9ed,a15c863f3ff99df75daf2f2ff42dffed449a259be56694ccc0f745907c0273b2,e05cebc18c2dab444215fb826377edb0480db72e2bf33ed776afbbc2a1d7f150,5,1,0.0,0.0018249319999767977,0.20300000000861473,2.0158408,2.2274583,2.2326978,primary,False
r060,evaluation_08,ordinary,depth_first,response_loss,HumanEval/47,HumanEval/47::145,ordinary-permit-d25222a7158792259549fbbcbd359268,6,pass,cbf93327b976d7f7a5fee430f7110487ec09dba69d47be84f43bedcb44d3fbb6,149c80414a1a310f0c4906a8deb1400eaf97352d7911ad74cdb1f36db8e7dd80,ab1c0c62c581beca5067db2293611b28baf3ce4f01aae214850b88c007a8319a,e05cebc18c2dab444215fb826377edb0480db72e2bf33ed776afbbc2a1d7f150,6,1,0.0,0.002000944000030813,0.20300000000861473,2.2677883,2.4791179,2.4844401,primary,False
r060,evaluation_08,ordinary,depth_first,response_loss,HumanEval/145,HumanEval/145::128,ordinary-permit-de5d335bf41d6f66a381b781b8c9d0d3,7,fail,70e869f747dd8722b01a28f2c02020be0ec373bf75f17a94d974d15975a8241c,ec4c4518653a3c113bf88b38651b046da5efa356140fc9271301f76e278606f2,7725234c924e2d8bffa4e6dcd695b610263594cc19a4843db09d093316dbcaf5,e05cebc18c2dab444215fb826377edb0480db72e2bf33ed776afbbc2a1d7f150,7,1,0.0010819999999999998,0.0024137899999914225,0.20300000000861473,2.5179571,2.7294011,2.734643,primary,False
r060,evaluation_08,ordinary,depth_first,response_loss,HumanEval/145,HumanEval/145::43,ordinary-permit-3b641d68edc1e0e4f52211d14b903acd,8,fail,7370fd4c4b15fbeaa007d1fa38d6d7deeb7fde785c8a509f1e527285d859d849,d45c05ce72a628992290eb7534bce6e670fe8372c11387fc77b73b4bf0bbbda9,7725234c924e2d8bffa4e6dcd695b610263594cc19a4843db09d093316dbcaf5,e05cebc18c2dab444215fb826377edb0480db72e2bf33ed776afbbc2a1d7f150,8,1,0.0,0.002212410000026921,0.20300000000861473,2.7683804,2.9758178,4.0017302,primary,True
r060,evaluation_08,ordinary,depth_first,response_loss,HumanEval/145,HumanEval/145::143,ordinary-permit-804752618e38f78120a4d8c0730fff2c,9,fail,f09909df3dc5dd11043601b3513deac45001c6201f93cc36cff259fdd12e9f06,9c5e42e4cec283eac7b90668f7e7f4ca4831d8ff9ea146d05b9d955e431255aa,7725234c924e2d8bffa4e6dcd695b610263594cc19a4843db09d093316dbcaf5,e05cebc18c2dab444215fb826377edb0480db72e2bf33ed776afbbc2a1d7f150,9,1,0.0,0.002172353999981169,0.20399999999790452,4.0327837,4.2420579,4.2463737,primary,False
r060,evaluation_08,ordinary,depth_first,response_loss,HumanEval/145,HumanEval/145::215,ordinary-permit-ccb94f1e85c32c420f3ea20afc822ce5,10,fail,d0e380d3278c5032af8b761e5417ab8fee99c280aecc2e298d6cab129b9f0c0f,db15f6c091b3c36d9333bf5068d76ae20c0be7b2c3ddc1d74c1dff071083004f,7725234c924e2d8bffa4e6dcd695b610263594cc19a4843db09d093316dbcaf5,e05cebc18c2dab444215fb826377edb0480db72e2bf33ed776afbbc2a1d7f150,10,1,0.0,0.002130064000027687,0.20399999999790452,4.2832189,4.4919245,4.4975323,primary,False
r060,evaluation_08,ordinary,depth_first,response_loss,HumanEval/135,HumanEval/135::68,ordinary-permit-0ae3d57adc074db0a4c43d7aa544fd99,11,fail,b0d9c724e45db735f5317abd58838c728a3678a6884793219bc78bac416bbd4f,3ff6f9293f0881154819fe97a235c651b29069303a9ed9eed64e9169a6fdd6e6,031e977a15e7f406869632f568a375fb46fc173db99ef99e24fcfc0181a97c2e,e05cebc18c2dab444215fb826377edb0480db72e2bf33ed776afbbc2a1d7f150,11,1,0.0,0.0019020330000216745,0.1870000000053551,4.511252,4.7149891,4.7202927,primary,False
r060,evaluation_08,ordinary,depth_first,response_loss,HumanEval/135,HumanEval/135::255,ordinary-permit-55e3708f14dbc75a22ce4c1e9d01fa02,12,fail,51a8c07595e76be5ae70378fb9bdc9eabf084bba7196821ae62ee5b25b891ff3,fe6489e17c509370c497a9120340650258b73a70d81b1a79ead519e1e80d52eb,031e977a15e7f406869632f568a375fb46fc173db99ef99e24fcfc0181a97c2e,e05cebc18c2dab444215fb826377edb0480db72e2bf33ed776afbbc2a1d7f150,12,1,0.0,0.001914747000000716,0.2029999999795109,4.7501447,4.9603596,5.992635,drain,True
r061,evaluation_08,ecrc,round_robin,normal,HumanEval/68,HumanEval/68::129,permit_516fffb583866b9799abdd1476878abb,1,fail,9b624cb5c2e18d86293deb25d98e825e9c5670fe38ae838c2be65ba08fabe884,99c72941cd6efa9c543206eec8589ceab1d7625c4b309b91893d026d34a4875b,9b838fce3ee1d263bb2f5a88eab37cbbc9bdd991d601a2f470821a5c52c91202,e05cebc18c2dab444215fb826377edb0480db72e2bf33ed776afbbc2a1d7f150,1,1,0.0,0.002164128999993409,0.2029999999795109,0.0410145,0.2456691,0.251233,primary,False
r061,evaluation_08,ecrc,round_robin,normal,HumanEval/98,HumanEval/98::77,permit_ba0d426c7d712127f8c6657578b28dd4,2,pass,f4ed51c6c450cca9a8899d1e579ebe3a0d5f91c5f2fbba229dd29fd231c3ba18,78202de2523dc4f0f37dcd9770133d7095658a2aa7fae4b8649a10b6b728c9ed,a15c863f3ff99df75daf2f2ff42dffed449a259be56694ccc0f745907c0273b2,e05cebc18c2dab444215fb826377edb0480db72e2bf33ed776afbbc2a1d7f150,2,1,0.0,0.002118838000001233,0.2029999999795109,0.2761912,0.4837424,0.4890558,primary,False
r061,evaluation_08,ecrc,round_robin,normal,HumanEval/47,HumanEval/47::145,permit_9d5d2bcb8a6dd7d10f428a09c3be0afc,3,pass,809227c2489d2b3395b78522fc22af3bd6f5980e3f56121d6e2b4564605f42bf,149c80414a1a310f0c4906a8deb1400eaf97352d7911ad74cdb1f36db8e7dd80,ab1c0c62c581beca5067db2293611b28baf3ce4f01aae214850b88c007a8319a,e05cebc18c2dab444215fb826377edb0480db72e2bf33ed776afbbc2a1d7f150,3,1,0.0,0.0019366479999689545,0.2029999999795109,0.5282027,0.7361384,0.741196,primary,False
r061,evaluation_08,ecrc,round_robin,normal,HumanEval/145,HumanEval/145::128,permit_64ab54524e132150c500866e153140b1,4,fail,50636488d3ec188dc5b6ce0b2b9a0b97187dacf9820dd046c73a6508f1e3ea5a,ec4c4518653a3c113bf88b38651b046da5efa356140fc9271301f76e278606f2,7725234c924e2d8bffa4e6dcd695b610263594cc19a4843db09d093316dbcaf5,e05cebc18c2dab444215fb826377edb0480db72e2bf33ed776afbbc2a1d7f150,4,1,0.0,0.0020305160000475553,0.2029999999795109,0.7761343,0.9882462,0.993797,primary,False
r061,evaluation_08,ecrc,round_robin,normal,HumanEval/135,HumanEval/135::68,permit_f8d27a76e72a3939f5bc7d1978c41d85,5,fail,c02b42d9b8da4b4be2df2fca864d56f08d7b6c2b86634f7c50a28a00427c94fb,3ff6f9293f0881154819fe97a235c651b29069303a9ed9eed64e9169a6fdd6e6,031e977a15e7f406869632f568a375fb46fc173db99ef99e24fcfc0181a97c2e,e05cebc18c2dab444215fb826377edb0480db72e2bf33ed776afbbc2a1d7f150,5,1,0.0009649999999999999,0.0021283810000340964,0.21900000001187436,1.0098773,1.2211822,1.2266666,primary,False
r061,evaluation_08,ecrc,round_robin,normal,HumanEval/20,HumanEval/20::7,permit_2ba7f038b83639bf5ad496334eb8ab8c,6,pass,bd9416ec8f9060502ad6198e0281b478f9021563de62307371c8b5e2b411da41,95b983cada645ec95c613c61fce033b559014f91f08ee23c279b80c31ed185da,2d387b4e1c81940094f73e34fe6ac40f3181a546c3b48adfef58b4ed4eb23968,e05cebc18c2dab444215fb826377edb0480db72e2bf33ed776afbbc2a1d7f150,6,1,0.0,0.00214882999995325,0.21900000001187436,1.2591586,1.4719011,1.477542,primary,False
r061,evaluation_08,ecrc,round_robin,normal,HumanEval/22,HumanEval/22::440,permit_add9148cda0d17b29f42f4762502c7cd,7,pass,b85d158d771dbb2c8ac8e42e8a1c7b81b41b4e5c60d7b052ebdd04721744ec8d,d9f6e2a337c70a920784a64c6fea58c4016fe5bd0b8056d978359f6ca8da676b,105b1a927063d5b208d7ab8f7814c95341b9a007ba48a307b44e2f5a33888206,e05cebc18c2dab444215fb826377edb0480db72e2bf33ed776afbbc2a1d7f150,7,1,0.0,0.002327007000019421,0.20399999999790452,1.5095049,1.7160652,1.7214894,primary,False
r061,evaluation_08,ecrc,round_robin,normal,HumanEval/58,HumanEval/58::49,permit_e5969e8ca11dc31599388e2ffd0ed71e,8,pass,d289a3ec7a003b6e2b678efc53b7b0456d8ebd8f5ed0718b81a30de4a64f5854,d12d7af90c0ed06fdea3a14525569ca1757c73583cce783b1c21aab8eb8d79c9,514fd6bb70364dbef9b1f648cb23ee0b0dc97497c522ec7142e651bda994331a,e05cebc18c2dab444215fb826377edb0480db72e2bf33ed776afbbc2a1d7f150,8,1,0.0013089999999999998,0.002310511999951359,0.20300000000861473,1.76068,1.9665889,1.9718182,primary,False
r061,evaluation_08,ecrc,round_robin,normal,HumanEval/68,HumanEval/68::133,permit_71fe2531ac49729ecf8f4b241b28886e,9,fail,cfebf81077c1e70fc776065f90abfc77058816a6f01be08601e920d0bf3c41b2,7411096c5831a7f1e0a6f9e689f8b7d53bff8eb8142565e07e3d4127c923f206,9b838fce3ee1d263bb2f5a88eab37cbbc9bdd991d601a2f470821a5c52c91202,e05cebc18c2dab444215fb826377edb0480db72e2bf33ed776afbbc2a1d7f150,9,1,0.0,0.0019309069999735584,0.21900000001187436,2.0104374,2.22236,2.2279063,primary,False
r061,evaluation_08,ecrc,round_robin,normal,HumanEval/145,HumanEval/145::43,permit_c33e4b8eef59960cde4372dd34ad9be9,10,fail,6d1e04a3e4257688f42a064ed2a42b3a0bc2f697f539bf35d1514c7c641a6251,d45c05ce72a628992290eb7534bce6e670fe8372c11387fc77b73b4bf0bbbda9,7725234c924e2d8bffa4e6dcd695b610263594cc19a4843db09d093316dbcaf5,e05cebc18c2dab444215fb826377edb0480db72e2bf33ed776afbbc2a1d7f150,10,1,0.0,0.002182071999982327,0.21900000001187436,2.2604291,2.4722,2.4771359,primary,False
r061,evaluation_08,ecrc,round_robin,normal,HumanEval/135,HumanEval/135::255,permit_026f3c7ee76946398e8c876c81d63d49,11,fail,7d319d772277cc1b70570bff4422d6a84cc246e2c540e128f6efa5f5a04f5f7d,fe6489e17c509370c497a9120340650258b73a70d81b1a79ead519e1e80d52eb,031e977a15e7f406869632f568a375fb46fc173db99ef99e24fcfc0181a97c2e,e05cebc18c2dab444215fb826377edb0480db72e2bf33ed776afbbc2a1d7f150,11,1,0.0017439999999999999,0.002078321999988475,0.21900000001187436,2.5089784,2.7166825,2.7217479,primary,False
r061,evaluation_08,ecrc,round_robin,normal,HumanEval/68,HumanEval/68::332,permit_e41bab40a1f02a21cfd322da20c35fbf,12,fail,b4f138d2d26000254ad9f5e4f40a10329979962cf6c5321426e6adcbd5b1f18f,e73c68105ab33fbb3ca2be67351ce463fff7e2de4030a4446f28442f4640669d,9b838fce3ee1d263bb2f5a88eab37cbbc9bdd991d601a2f470821a5c52c91202,e05cebc18c2dab444215fb826377edb0480db72e2bf33ed776afbbc2a1d7f150,12,1,0.000309,0.0022208670000054553,0.21900000001187436,2.7586271,2.967298,2.9718626,primary,False
r061,evaluation_08,ecrc,round_robin,normal,HumanEval/145,HumanEval/145::143,permit_a199efaede1f56cd3529606078e717bb,13,fail,ebb6db12a720ac2e03c2c120d3ec23080d9e51226fa49c39b9f99562996258c0,9c5e42e4cec283eac7b90668f7e7f4ca4831d8ff9ea146d05b9d955e431255aa,7725234c924e2d8bffa4e6dcd695b610263594cc19a4843db09d093316dbcaf5,e05cebc18c2dab444215fb826377edb0480db72e2bf33ed776afbbc2a1d7f150,13,1,0.0,0.002035425000030955,0.20399999999790452,3.0091698,3.2167578,3.2218766,primary,False
r061,evaluation_08,ecrc,round_robin,normal,HumanEval/135,HumanEval/135::322,permit_5604e4030ba11baf30675ca86c11d37c,14,fail,69bd5876a331b87a21479512ed9b0e9603a685b3e437aadf31daa6164e5d981d,c2758c851b996fc101e04a7d6f06df60ff47fac66fd110590c91a13e679f857c,031e977a15e7f406869632f568a375fb46fc173db99ef99e24fcfc0181a97c2e,e05cebc18c2dab444215fb826377edb0480db72e2bf33ed776afbbc2a1d7f150,14,1,0.0018759999999999998,0.002224268000020402,0.21900000001187436,3.2599574,3.4683981,3.4733761,primary,False
r061,evaluation_08,ecrc,round_robin,normal,HumanEval/68,HumanEval/68::220,permit_a72e7b7bc692172f9953af5740c93998,15,pass,e2bad148dd624080f1982d705902cc3075302606cca4ca478b265c2ccc0caf60,f25ce08873030f3b4625c66e83705cf45709616ee009486020327d4c4173f93e,9b838fce3ee1d263bb2f5a88eab37cbbc9bdd991d601a2f470821a5c52c91202,e05cebc18c2dab444215fb826377edb0480db72e2bf33ed776afbbc2a1d7f150,15,1,0.0,0.002300736999984565,0.21900000001187436,3.5085408,3.7176934,3.7225314,primary,False
r061,evaluation_08,ecrc,round_robin,normal,HumanEval/145,HumanEval/145::215,permit_26e21cc516d4c2d685e1610ed8d4b99c,16,fail,e3fd1f1ae2b705a99298feee3163512c2f4d20a0a4cd18e248fcf7569cc9825c,db15f6c091b3c36d9333bf5068d76ae20c0be7b2c3ddc1d74c1dff071083004f,7725234c924e2d8bffa4e6dcd695b610263594cc19a4843db09d093316dbcaf5,e05cebc18c2dab444215fb826377edb0480db72e2bf33ed776afbbc2a1d7f150,16,1,0.0,0.0023776130000214835,0.21900000001187436,3.7592385,3.9691829,3.9745245,primary,False
r062,evaluation_08,ordinary,round_robin,normal,HumanEval/68,HumanEval/68::129,ordinary-permit-61f8eb181fe239f7d6f6b0b9c876bc15,1,fail,917bc6e13cc15dcf3093b13e62671755a822086456bd1ab78283ef78872dae82,99c72941cd6efa9c543206eec8589ceab1d7625c4b309b91893d026d34a4875b,9b838fce3ee1d263bb2f5a88eab37cbbc9bdd991d601a2f470821a5c52c91202,e05cebc18c2dab444215fb826377edb0480db72e2bf33ed776afbbc2a1d7f150,1,1,0.001715,0.0028327259999514354,0.235000000015134,0.0385306,0.2635532,0.2689857,primary,False
r062,evaluation_08,ordinary,round_robin,normal,HumanEval/98,HumanEval/98::77,ordinary-permit-d7cd670bbacaab53941229481e928b93,2,pass,07947bc196b04715e5bc7d61bd57e11a58e929f0778569d6120ffdda40767b55,78202de2523dc4f0f37dcd9770133d7095658a2aa7fae4b8649a10b6b728c9ed,a15c863f3ff99df75daf2f2ff42dffed449a259be56694ccc0f745907c0273b2,e05cebc18c2dab444215fb826377edb0480db72e2bf33ed776afbbc2a1d7f150,2,1,0.0,0.001886939000030452,0.21900000001187436,0.3037688,0.5188376,0.5240251,primary,False
r062,evaluation_08,ordinary,round_robin,normal,HumanEval/47,HumanEval/47::145,ordinary-permit-d25222a7158792259549fbbcbd359268,3,pass,e931168c2116b99570f9d1053f2607efded238c2086d893c49cf550f2129600b,149c80414a1a310f0c4906a8deb1400eaf97352d7911ad74cdb1f36db8e7dd80,ab1c0c62c581beca5067db2293611b28baf3ce4f01aae214850b88c007a8319a,e05cebc18c2dab444215fb826377edb0480db72e2bf33ed776afbbc2a1d7f150,3,1,0.001405,0.002308150999965619,0.21900000001187436,0.5518946,0.7616841,0.7666419,primary,False
r062,evaluation_08,ordinary,round_robin,normal,HumanEval/145,HumanEval/145::128,ordinary-permit-de5d335bf41d6f66a381b781b8c9d0d3,4,fail,3695d5167a0e680bc54c90787ecd86badf7c9360314de23041843044ae11c207,ec4c4518653a3c113bf88b38651b046da5efa356140fc9271301f76e278606f2,7725234c924e2d8bffa4e6dcd695b610263594cc19a4843db09d093316dbcaf5,e05cebc18c2dab444215fb826377edb0480db72e2bf33ed776afbbc2a1d7f150,4,1,0.000525,0.002946371000007275,0.21900000001187436,0.8019665,1.010812,1.0155249,primary,False
r062,evaluation_08,ordinary,round_robin,normal,HumanEval/135,HumanEval/135::68,ordinary-permit-0ae3d57adc074db0a4c43d7aa544fd99,5,fail,301a2f4fa57295980466cefeb33e8223e642daaa511e8c12af148c98be3ffd35,3ff6f9293f0881154819fe97a235c651b29069303a9ed9eed64e9169a6fdd6e6,031e977a15e7f406869632f568a375fb46fc173db99ef99e24fcfc0181a97c2e,e05cebc18c2dab444215fb826377edb0480db72e2bf33ed776afbbc2a1d7f150,5,1,0.0,0.002074019000019689,0.20300000000861473,1.0523853,1.2586205,1.2634165,primary,False
r062,evaluation_08,ordinary,round_robin,normal,HumanEval/20,HumanEval/20::7,ordinary-permit-fef04481c9f44bd21ac2fd51d3ea11a1,6,pass,7f8d31fd55374ea315159eb8a2f297438029d1420343def17de669a089af63d2,95b983cada645ec95c613c61fce033b559014f91f08ee23c279b80c31ed185da,2d387b4e1c81940094f73e34fe6ac40f3181a546c3b48adfef58b4ed4eb23968,e05cebc18c2dab444215fb826377edb0480db72e2bf33ed776afbbc2a1d7f150,6,1,0.0,0.002278110000020206,0.20300000000861473,1.2998025,1.50811,1.5123536,primary,False
r062,evaluation_08,ordinary,round_robin,normal,HumanEval/22,HumanEval/22::440,ordinary-permit-62883b5c1b0436e3248c9ec5daf3b032,7,pass,24c6cab958e2e869c0b8833ea4a439e0b829c18f449880d4c11f34607b9b862b,d9f6e2a337c70a920784a64c6fea58c4016fe5bd0b8056d978359f6ca8da676b,105b1a927063d5b208d7ab8f7814c95341b9a007ba48a307b44e2f5a33888206,e05cebc18c2dab444215fb826377edb0480db72e2bf33ed776afbbc2a1d7f150,7,1,0.0,0.0023553050000373332,0.21900000001187436,1.5362341,1.7448294,1.7496536,primary,False
r062,evaluation_08,ordinary,round_robin,normal,HumanEval/58,HumanEval/58::49,ordinary-permit-83704eb4bffbec0eedd3f4836c3b4032,8,pass,73af8faffbb35546d1b3a1cbfa59c8a0e21957367ddfdd399b7f53d78d223f5a,d12d7af90c0ed06fdea3a14525569ca1757c73583cce783b1c21aab8eb8d79c9,514fd6bb70364dbef9b1f648cb23ee0b0dc97497c522ec7142e651bda994331a,e05cebc18c2dab444215fb826377edb0480db72e2bf33ed776afbbc2a1d7f150,8,1,0.001434,0.002019164000046203,0.21900000001187436,1.7857294,1.9949141,1.9998625,primary,False
r062,evaluation_08,ordinary,round_robin,normal,HumanEval/68,HumanEval/68::133,ordinary-permit-a4b993b45a1738c0ebc0743f9cd47c6f,9,fail,6b6b03bcd89cf3bd8de4219c01a41cb791cee25c6fc5da33ec8860e07e373921,7411096c5831a7f1e0a6f9e689f8b7d53bff8eb8142565e07e3d4127c923f206,9b838fce3ee1d263bb2f5a88eab37cbbc9bdd991d601a2f470821a5c52c91202,e05cebc18c2dab444215fb826377edb0480db72e2bf33ed776afbbc2a1d7f150,9,1,0.00094,0.00190771899997344,0.21900000001187436,2.0353695,2.2466759,2.2519221,primary,False
r062,evaluation_08,ordinary,round_robin,normal,HumanEval/145,HumanEval/145::43,ordinary-permit-3b641d68edc1e0e4f52211d14b903acd,10,fail,1873d60d6ba26df14676c3c42602f22b6a5579d3d9b3e8d1ee2b53b10fd2d519,d45c05ce72a628992290eb7534bce6e670fe8372c11387fc77b73b4bf0bbbda9,7725234c924e2d8bffa4e6dcd695b610263594cc19a4843db09d093316dbcaf5,e05cebc18c2dab444215fb826377edb0480db72e2bf33ed776afbbc2a1d7f150,10,1,0.001132,0.0020332059999645935,0.21900000001187436,2.2854515,2.4987031,2.5036939,primary,False
r062,evaluation_08,ordinary,round_robin,normal,HumanEval/135,HumanEval/135::255,ordinary-permit-55e3708f14dbc75a22ce4c1e9d01fa02,11,fail,9ccd6e80a1b27b045f980e52d71ef9713c4c773f19a452b0f4e0b23b8612ff77,fe6489e17c509370c497a9120340650258b73a70d81b1a79ead519e1e80d52eb,031e977a15e7f406869632f568a375fb46fc173db99ef99e24fcfc0181a97c2e,e05cebc18c2dab444215fb826377edb0480db72e2bf33ed776afbbc2a1d7f150,11,1,0.000159,0.0019281819999719119,0.21900000001187436,2.5348305,2.7473595,2.7528021,primary,False
r062,evaluation_08,ordinary,round_robin,normal,HumanEval/68,HumanEval/68::332,ordinary-permit-a1b4a135ab444923f8834f9113fd4c2c,12,fail,ffdb14e02842694b80b0750cb1f26183f3b2790a1acae39bd968b21724eafed8,e73c68105ab33fbb3ca2be67351ce463fff7e2de4030a4446f28442f4640669d,9b838fce3ee1d263bb2f5a88eab37cbbc9bdd991d601a2f470821a5c52c91202,e05cebc18c2dab444215fb826377edb0480db72e2bf33ed776afbbc2a1d7f150,12,1,0.0,0.0020508390000486543,0.21900000001187436,2.7844451,2.9951988,2.9999651,primary,False
r062,evaluation_08,ordinary,round_robin,normal,HumanEval/145,HumanEval/145::143,ordinary-permit-804752618e38f78120a4d8c0730fff2c,13,fail,75c16efdecaba467a9c65b3a7ceeeb47793a98cefe508c4e498d00b5443ef272,9c5e42e4cec283eac7b90668f7e7f4ca4831d8ff9ea146d05b9d955e431255aa,7725234c924e2d8bffa4e6dcd695b610263594cc19a4843db09d093316dbcaf5,e05cebc18c2dab444215fb826377edb0480db72e2bf33ed776afbbc2a1d7f150,13,1,0.000337,0.0020105779999539664,0.20300000000861473,3.0343369,3.2433656,3.2477712,primary,False
r062,evaluation_08,ordinary,round_robin,normal,HumanEval/135,HumanEval/135::322,ordinary-permit-707294f3f3b21eb455f7732567cf0c84,14,fail,56a20ea10357629cbddfe4e04eaaae67d0cfd919c6b7a36b85471ef1d2b40ef8,c2758c851b996fc101e04a7d6f06df60ff47fac66fd110590c91a13e679f857c,031e977a15e7f406869632f568a375fb46fc173db99ef99e24fcfc0181a97c2e,e05cebc18c2dab444215fb826377edb0480db72e2bf33ed776afbbc2a1d7f150,14,1,0.0,0.0018251369999688904,0.21900000001187436,3.2851139,3.4948034,3.5000702,primary,False
r062,evaluation_08,ordinary,round_robin,normal,HumanEval/68,HumanEval/68::220,ordinary-permit-e3f9e0f14cb93c3f0e8f61f055af9318,15,pass,d239834576c201ad4e0f96a64335d2a74f466ecfd59d9440d69f723e53ea0ca5,f25ce08873030f3b4625c66e83705cf45709616ee009486020327d4c4173f93e,9b838fce3ee1d263bb2f5a88eab37cbbc9bdd991d601a2f470821a5c52c91202,e05cebc18c2dab444215fb826377edb0480db72e2bf33ed776afbbc2a1d7f150,15,1,0.0,0.0023095050000279116,0.20300000000861473,3.5335459,3.7436408,3.7485079,primary,False
r062,evaluation_08,ordinary,round_robin,normal,HumanEval/145,HumanEval/145::215,ordinary-permit-ccb94f1e85c32c420f3ea20afc822ce5,16,fail,c7d538b9ea6676656b0415170854e8b97a58d8025de0bafc9fe87c43a59bab3e,db15f6c091b3c36d9333bf5068d76ae20c0be7b2c3ddc1d74c1dff071083004f,7725234c924e2d8bffa4e6dcd695b610263594cc19a4843db09d093316dbcaf5,e05cebc18c2dab444215fb826377edb0480db72e2bf33ed776afbbc2a1d7f150,16,1,0.0,0.0021312130000410434,0.2029999999795109,3.7620229,3.9729738,3.9778244,primary,False
r063,evaluation_08,ordinary,depth_first,normal,HumanEval/68,HumanEval/68::129,ordinary-permit-61f8eb181fe239f7d6f6b0b9c876bc15,1,fail,1bc8df14bbd4435e19ccb715358223496ba600565e404ac23e78aa0a2611ffbc,99c72941cd6efa9c543206eec8589ceab1d7625c4b309b91893d026d34a4875b,9b838fce3ee1d263bb2f5a88eab37cbbc9bdd991d601a2f470821a5c52c91202,e05cebc18c2dab444215fb826377edb0480db72e2bf33ed776afbbc2a1d7f150,1,1,0.0,0.0018570930000123553,0.20300000000861473,0.0154789,0.2252865,0.2299211,primary,False
r063,evaluation_08,ordinary,depth_first,normal,HumanEval/68,HumanEval/68::133,ordinary-permit-a4b993b45a1738c0ebc0743f9cd47c6f,2,fail,f499bb7659b1d3731fceab344221660da102a16b443bda0ca65d40106892468b,7411096c5831a7f1e0a6f9e689f8b7d53bff8eb8142565e07e3d4127c923f206,9b838fce3ee1d263bb2f5a88eab37cbbc9bdd991d601a2f470821a5c52c91202,e05cebc18c2dab444215fb826377edb0480db72e2bf33ed776afbbc2a1d7f150,2,1,0.000717,0.0021317569999723673,0.2029999999795109,0.2554608,0.462053,0.4667173,primary,False
r063,evaluation_08,ordinary,depth_first,normal,HumanEval/68,HumanEval/68::332,ordinary-permit-a1b4a135ab444923f8834f9113fd4c2c,3,fail,a2dc7482066c030509acb9e245cefed62f66d87a808c10372e988c70965bc353,e73c68105ab33fbb3ca2be67351ce463fff7e2de4030a4446f28442f4640669d,9b838fce3ee1d263bb2f5a88eab37cbbc9bdd991d601a2f470821a5c52c91202,e05cebc18c2dab444215fb826377edb0480db72e2bf33ed776afbbc2a1d7f150,3,1,0.001499,0.0022251299999993535,0.21899999998277053,0.490739,0.7065151,0.7117335,primary,False
r063,evaluation_08,ordinary,depth_first,normal,HumanEval/68,HumanEval/68::220,ordinary-permit-e3f9e0f14cb93c3f0e8f61f055af9318,4,pass,040ab5272796304783dec203f3e96c3ebf5ff7c654c55dfd17cee54dca951bea,f25ce08873030f3b4625c66e83705cf45709616ee009486020327d4c4173f93e,9b838fce3ee1d263bb2f5a88eab37cbbc9bdd991d601a2f470821a5c52c91202,e05cebc18c2dab444215fb826377edb0480db72e2bf33ed776afbbc2a1d7f150,4,1,0.000678,0.002296359000013126,0.20399999999790452,0.7247273,0.9344532,0.9395937,primary,False
r063,evaluation_08,ordinary,depth_first,normal,HumanEval/98,HumanEval/98::77,ordinary-permit-d7cd670bbacaab53941229481e928b93,5,pass,ef1c97cdcef39337ccba6ecde7537295e1539202692b1c67d2f0a38e71be18d2,78202de2523dc4f0f37dcd9770133d7095658a2aa7fae4b8649a10b6b728c9ed,a15c863f3ff99df75daf2f2ff42dffed449a259be56694ccc0f745907c0273b2,e05cebc18c2dab444215fb826377edb0480db72e2bf33ed776afbbc2a1d7f150,5,1,0.000159,0.0018176629999970828,0.21900000001187436,0.9742255,1.1864553,1.1917817,primary,False
r063,evaluation_08,ordinary,depth_first,normal,HumanEval/47,HumanEval/47::145,ordinary-permit-d25222a7158792259549fbbcbd359268,6,pass,6e2db619aa64fed5b99a3c19a6b12e3a784db0eaa1ac4274fa60cd7d86d3d5dd,149c80414a1a310f0c4906a8deb1400eaf97352d7911ad74cdb1f36db8e7dd80,ab1c0c62c581beca5067db2293611b28baf3ce4f01aae214850b88c007a8319a,e05cebc18c2dab444215fb826377edb0480db72e2bf33ed776afbbc2a1d7f150,6,1,0.0006979999999999999,0.0022920110000086424,0.20399999999790452,1.2246639,1.4346137,1.4395767,primary,False
r063,evaluation_08,ordinary,depth_first,normal,HumanEval/145,HumanEval/145::128,ordinary-permit-de5d335bf41d6f66a381b781b8c9d0d3,7,fail,0c7771ea04e038452c4e458be173acc38add8623772b35a93f59ef2da6b7e817,ec4c4518653a3c113bf88b38651b046da5efa356140fc9271301f76e278606f2,7725234c924e2d8bffa4e6dcd695b610263594cc19a4843db09d093316dbcaf5,e05cebc18c2dab444215fb826377edb0480db72e2bf33ed776afbbc2a1d7f150,7,1,0.000217,0.0019820439999875816,0.20399999999790452,1.4724992,1.6822681,1.686683,primary,False
r063,evaluation_08,ordinary,depth_first,normal,HumanEval/145,HumanEval/145::43,ordinary-permit-3b641d68edc1e0e4f52211d14b903acd,8,fail,5e2bdbbeabf9928f6a05de6779bf860aeef1f2b6296df5563dd157d013367d7f,d45c05ce72a628992290eb7534bce6e670fe8372c11387fc77b73b4bf0bbbda9,7725234c924e2d8bffa4e6dcd695b610263594cc19a4843db09d093316dbcaf5,e05cebc18c2dab444215fb826377edb0480db72e2bf33ed776afbbc2a1d7f150,8,1,0.0,0.0022729009999693517,0.20399999999790452,1.7243229,1.9353527,1.9413824,primary,False
r063,evaluation_08,ordinary,depth_first,normal,HumanEval/145,HumanEval/145::143,ordinary-permit-804752618e38f78120a4d8c0730fff2c,9,fail,cc409a200761c338d3293fde0ff9238b4b13ebcb85e02498af3d96486c0e0f71,9c5e42e4cec283eac7b90668f7e7f4ca4831d8ff9ea146d05b9d955e431255aa,7725234c924e2d8bffa4e6dcd695b610263594cc19a4843db09d093316dbcaf5,e05cebc18c2dab444215fb826377edb0480db72e2bf33ed776afbbc2a1d7f150,9,1,0.001493,0.002185984999982793,0.21900000001187436,1.9764126,2.1892313,2.1936341,primary,False
r063,evaluation_08,ordinary,depth_first,normal,HumanEval/145,HumanEval/145::215,ordinary-permit-ccb94f1e85c32c420f3ea20afc822ce5,10,fail,bd6a53018a82b7dd24def31d3f9d1703e25b9db643ad4a2ad3b1952edbd14003,db15f6c091b3c36d9333bf5068d76ae20c0be7b2c3ddc1d74c1dff071083004f,7725234c924e2d8bffa4e6dcd695b610263594cc19a4843db09d093316dbcaf5,e05cebc18c2dab444215fb826377edb0480db72e2bf33ed776afbbc2a1d7f150,10,1,0.0017499999999999998,0.0023468650000495472,0.20399999999790452,2.224551,2.4325099,2.4366373,primary,False
r063,evaluation_08,ordinary,depth_first,normal,HumanEval/135,HumanEval/135::68,ordinary-permit-0ae3d57adc074db0a4c43d7aa544fd99,11,fail,ca2579756ad253ae7ac0b18f327f3aadee14515389bfe1fef1ea908ffad3a5ad,3ff6f9293f0881154819fe97a235c651b29069303a9ed9eed64e9169a6fdd6e6,031e977a15e7f406869632f568a375fb46fc173db99ef99e24fcfc0181a97c2e,e05cebc18c2dab444215fb826377edb0480db72e2bf33ed776afbbc2a1d7f150,11,1,0.00027499999999999996,0.0019667809999646124,0.20399999999790452,2.4750376,2.6826698,2.6878754,primary,False
r063,evaluation_08,ordinary,depth_first,normal,HumanEval/135,HumanEval/135::255,ordinary-permit-55e3708f14dbc75a22ce4c1e9d01fa02,12,fail,b6ab6f8b96ab51a58295c3cc8ba21fbf43f7bbe7d015387e8088260777147f9e,fe6489e17c509370c497a9120340650258b73a70d81b1a79ead519e1e80d52eb,031e977a15e7f406869632f568a375fb46fc173db99ef99e24fcfc0181a97c2e,e05cebc18c2dab444215fb826377edb0480db72e2bf33ed776afbbc2a1d7f150,12,1,0.0,0.0017785480000043208,0.20300000000861473,2.7029216,2.9168143,2.9216423,primary,False
r063,evaluation_08,ordinary,depth_first,normal,HumanEval/135,HumanEval/135::322,ordinary-permit-707294f3f3b21eb455f7732567cf0c84,13,fail,54f3600daecbfe5b9bd646fd7ebfb35259cb5b0865ff55887ddba686142c50c7,c2758c851b996fc101e04a7d6f06df60ff47fac66fd110590c91a13e679f857c,031e977a15e7f406869632f568a375fb46fc173db99ef99e24fcfc0181a97c2e,e05cebc18c2dab444215fb826377edb0480db72e2bf33ed776afbbc2a1d7f150,13,1,0.0,0.0018536900000185597,0.21899999998277053,2.946638,3.1581842,3.1637128,primary,False
r063,evaluation_08,ordinary,depth_first,normal,HumanEval/135,HumanEval/135::125,ordinary-permit-6086857898215994a3b6af38f04b3d4f,14,fail,88b4d1682178ebb80423a667b4969caa8cd8c8f32c028840c38526aa64e143bc,72b66965fd87f693ff6b7fa07eadeb412bb13f3f69d5ec6f3afc6500830f9d17,031e977a15e7f406869632f568a375fb46fc173db99ef99e24fcfc0181a97c2e,e05cebc18c2dab444215fb826377edb0480db72e2bf33ed776afbbc2a1d7f150,14,1,0.001248,0.0020227800000043317,0.21899999998277053,3.1974786,3.4100308,3.4148764,primary,False
r063,evaluation_08,ordinary,depth_first,normal,HumanEval/20,HumanEval/20::7,ordinary-permit-fef04481c9f44bd21ac2fd51d3ea11a1,15,pass,6045382297f98f48b9350614d2186598113834f963649da43e9a013a03308ce6,95b983cada645ec95c613c61fce033b559014f91f08ee23c279b80c31ed185da,2d387b4e1c81940094f73e34fe6ac40f3181a546c3b48adfef58b4ed4eb23968,e05cebc18c2dab444215fb826377edb0480db72e2bf33ed776afbbc2a1d7f150,15,1,0.0,0.0024458629999912773,0.20300000000861473,3.4497206,3.6586127,3.6628446,primary,False
r063,evaluation_08,ordinary,depth_first,normal,HumanEval/22,HumanEval/22::440,ordinary-permit-62883b5c1b0436e3248c9ec5daf3b032,16,pass,4c899fce8eed9401212c0500a409bc7a75696e26903f17362e5b40cf6dd5754a,d9f6e2a337c70a920784a64c6fea58c4016fe5bd0b8056d978359f6ca8da676b,105b1a927063d5b208d7ab8f7814c95341b9a007ba48a307b44e2f5a33888206,e05cebc18c2dab444215fb826377edb0480db72e2bf33ed776afbbc2a1d7f150,16,1,0.0,0.002354339000021355,0.20300000000861473,3.699503,3.9111032,3.9159405,primary,False
r064,evaluation_08,ecrc,depth_first,normal,HumanEval/68,HumanEval/68::129,permit_516fffb583866b9799abdd1476878abb,1,fail,819ae3fcd15911699ff112e79c1ebfe451d6e0f231c6cc2eba533f5f0e85e8e8,99c72941cd6efa9c543206eec8589ceab1d7625c4b309b91893d026d34a4875b,9b838fce3ee1d263bb2f5a88eab37cbbc9bdd991d601a2f470821a5c52c91202,e05cebc18c2dab444215fb826377edb0480db72e2bf33ed776afbbc2a1d7f150,1,1,0.0,0.0020956750000209468,0.21799999999348074,0.0407322,0.2550584,0.260819,primary,False
r064,evaluation_08,ecrc,depth_first,normal,HumanEval/68,HumanEval/68::133,permit_71fe2531ac49729ecf8f4b241b28886e,2,fail,4898e66636f3ed577ee058bd4771e3a7f7b0c62747838463255bdd84bde7a0db,7411096c5831a7f1e0a6f9e689f8b7d53bff8eb8142565e07e3d4127c923f206,9b838fce3ee1d263bb2f5a88eab37cbbc9bdd991d601a2f470821a5c52c91202,e05cebc18c2dab444215fb826377edb0480db72e2bf33ed776afbbc2a1d7f150,2,1,0.0,0.002184938000027614,0.21799999999348074,0.2913756,0.51196,0.5175878,primary,False
r064,evaluation_08,ecrc,depth_first,normal,HumanEval/68,HumanEval/68::332,permit_e41bab40a1f02a21cfd322da20c35fbf,3,fail,c345f10e0a2c6577ac4ea05d13c398890ca9e6cdbeea08a93cd143b644332347,e73c68105ab33fbb3ca2be67351ce463fff7e2de4030a4446f28442f4640669d,9b838fce3ee1d263bb2f5a88eab37cbbc9bdd991d601a2f470821a5c52c91202,e05cebc18c2dab444215fb826377edb0480db72e2bf33ed776afbbc2a1d7f150,3,1,0.0,0.0022127710000177103,0.21900000001187436,0.5566729,0.7667627,0.7725128,primary,False
r064,evaluation_08,ecrc,depth_first,normal,HumanEval/68,HumanEval/68::220,permit_a72e7b7bc692172f9953af5740c93998,4,pass,72a5c74e9f76e5255eb154071d38621668c1a762889580206afcc4df9b22d478,f25ce08873030f3b4625c66e83705cf45709616ee009486020327d4c4173f93e,9b838fce3ee1d263bb2f5a88eab37cbbc9bdd991d601a2f470821a5c52c91202,e05cebc18c2dab444215fb826377edb0480db72e2bf33ed776afbbc2a1d7f150,4,1,0.0,0.002274511999985407,0.21900000001187436,0.8060218,1.0198144,1.0256438,primary,False
r064,evaluation_08,ecrc,depth_first,normal,HumanEval/98,HumanEval/98::77,permit_ba0d426c7d712127f8c6657578b28dd4,5,pass,a9f90cd9dad25eb9dd0f20bbf8b7329051c3dfb044299a1a72d2a9bf759ec7cc,78202de2523dc4f0f37dcd9770133d7095658a2aa7fae4b8649a10b6b728c9ed,a15c863f3ff99df75daf2f2ff42dffed449a259be56694ccc0f745907c0273b2,e05cebc18c2dab444215fb826377edb0480db72e2bf33ed776afbbc2a1d7f150,5,1,0.0,0.0018388640000353007,0.21900000001187436,1.0545247,1.2674686,1.2734093,primary,False
r064,evaluation_08,ecrc,depth_first,normal,HumanEval/47,HumanEval/47::145,permit_9d5d2bcb8a6dd7d10f428a09c3be0afc,6,pass,532744ecb34848e7d60bf9d88da2e287856f62483c70a151369b9258865daf49,149c80414a1a310f0c4906a8deb1400eaf97352d7911ad74cdb1f36db8e7dd80,ab1c0c62c581beca5067db2293611b28baf3ce4f01aae214850b88c007a8319a,e05cebc18c2dab444215fb826377edb0480db72e2bf33ed776afbbc2a1d7f150,6,1,0.0,0.002047137000033672,0.21900000001187436,1.3056624,1.516296,1.5226947,primary,False
r064,evaluation_08,ecrc,depth_first,normal,HumanEval/145,HumanEval/145::128,permit_64ab54524e132150c500866e153140b1,7,fail,9be9f49f6dfd043edc099c9e0e02cf1d0dd2bb493219b135ebbc4c8610885d17,ec4c4518653a3c113bf88b38651b046da5efa356140fc9271301f76e278606f2,7725234c924e2d8bffa4e6dcd695b610263594cc19a4843db09d093316dbcaf5,e05cebc18c2dab444215fb826377edb0480db72e2bf33ed776afbbc2a1d7f150,7,1,0.0,0.002065437999988262,0.21900000001187436,1.5549063,1.7741698,1.779537,primary,False
r064,evaluation_08,ecrc,depth_first,normal,HumanEval/145,HumanEval/145::43,permit_c33e4b8eef59960cde4372dd34ad9be9,8,fail,1f4e811f63b0c0e07ccf92ab5c02217a4b24da8c0521cf4d1f8fff857fe22fbd,d45c05ce72a628992290eb7534bce6e670fe8372c11387fc77b73b4bf0bbbda9,7725234c924e2d8bffa4e6dcd695b610263594cc19a4843db09d093316dbcaf5,e05cebc18c2dab444215fb826377edb0480db72e2bf33ed776afbbc2a1d7f150,8,1,0.001437,0.0021157869999797185,0.21900000001187436,1.8204889,2.0342073,2.0398749,primary,False
r064,evaluation_08,ecrc,depth_first,normal,HumanEval/145,HumanEval/145::143,permit_a199efaede1f56cd3529606078e717bb,9,fail,2214fca04ad25a41d137eaba5361966524c1396c5dcb776b52e3da97025a02b6,9c5e42e4cec283eac7b90668f7e7f4ca4831d8ff9ea146d05b9d955e431255aa,7725234c924e2d8bffa4e6dcd695b610263594cc19a4843db09d093316dbcaf5,e05cebc18c2dab444215fb826377edb0480db72e2bf33ed776afbbc2a1d7f150,9,1,0.0,0.0026345160000005308,0.20300000000861473,2.0670296,2.2802536,2.2860472,primary,False
r064,evaluation_08,ecrc,depth_first,normal,HumanEval/145,HumanEval/145::215,permit_26e21cc516d4c2d685e1610ed8d4b99c,10,fail,0f997653f2b76201501bf14858593254a057d6b982a31cb91abedd8e8ba1065a,db15f6c091b3c36d9333bf5068d76ae20c0be7b2c3ddc1d74c1dff071083004f,7725234c924e2d8bffa4e6dcd695b610263594cc19a4843db09d093316dbcaf5,e05cebc18c2dab444215fb826377edb0480db72e2bf33ed776afbbc2a1d7f150,10,1,0.0,0.0020542169999657744,0.20300000000861473,2.3145839,2.5274658,2.5328879,primary,False
r064,evaluation_08,ecrc,depth_first,normal,HumanEval/135,HumanEval/135::68,permit_f8d27a76e72a3939f5bc7d1978c41d85,11,fail,aab16741dfe90a42de96874f1a0c18f7d0df750a13e2cbf045ba391e76dd577d,3ff6f9293f0881154819fe97a235c651b29069303a9ed9eed64e9169a6fdd6e6,031e977a15e7f406869632f568a375fb46fc173db99ef99e24fcfc0181a97c2e,e05cebc18c2dab444215fb826377edb0480db72e2bf33ed776afbbc2a1d7f150,11,1,0.0,0.0018967029999998886,0.20300000000861473,2.5509899,2.760523,2.7656867,primary,False
r064,evaluation_08,ecrc,depth_first,normal,HumanEval/135,HumanEval/135::255,permit_026f3c7ee76946398e8c876c81d63d49,12,fail,ae99fe7f0120995c9899e1f787cecdf56b2fefdc755872ca7c855bdd9142755c,fe6489e17c509370c497a9120340650258b73a70d81b1a79ead519e1e80d52eb,031e977a15e7f406869632f568a375fb46fc173db99ef99e24fcfc0181a97c2e,e05cebc18c2dab444215fb826377edb0480db72e2bf33ed776afbbc2a1d7f150,12,1,0.0013679999999999999,0.0019071219999773348,0.2029999999795109,2.7835,2.9985612,3.0044458,primary,False
r064,evaluation_08,ecrc,depth_first,normal,HumanEval/135,HumanEval/135::322,permit_5604e4030ba11baf30675ca86c11d37c,13,fail,acb4ba603ae59def9dfc45faf7437f8d70cb4e0e57cd084e93814b4c89f4774b,c2758c851b996fc101e04a7d6f06df60ff47fac66fd110590c91a13e679f857c,031e977a15e7f406869632f568a375fb46fc173db99ef99e24fcfc0181a97c2e,e05cebc18c2dab444215fb826377edb0480db72e2bf33ed776afbbc2a1d7f150,13,1,0.0,0.002010461999987001,0.21899999998277053,3.0222725,3.2466986,3.2523879,primary,False
r064,evaluation_08,ecrc,depth_first,normal,HumanEval/135,HumanEval/135::125,permit_72a5b4f641a1dc344feeb0acad8e678d,14,fail,49abf387536c3369da596f0d6b33411bf5a47cd4190a71f44be04e3e55b1157b,72b66965fd87f693ff6b7fa07eadeb412bb13f3f69d5ec6f3afc6500830f9d17,031e977a15e7f406869632f568a375fb46fc173db99ef99e24fcfc0181a97c2e,e05cebc18c2dab444215fb826377edb0480db72e2bf33ed776afbbc2a1d7f150,14,1,0.0,0.001807864999989306,0.21799999999348074,3.2882444,3.5010085,3.5057455,primary,False
r064,evaluation_08,ecrc,depth_first,normal,HumanEval/20,HumanEval/20::7,permit_2ba7f038b83639bf5ad496334eb8ab8c,15,pass,bd13c0e49e0014636831c51c2edfe4c102f8bda13bebf49fded7ae25a28e2bcf,95b983cada645ec95c613c61fce033b559014f91f08ee23c279b80c31ed185da,2d387b4e1c81940094f73e34fe6ac40f3181a546c3b48adfef58b4ed4eb23968,e05cebc18c2dab444215fb826377edb0480db72e2bf33ed776afbbc2a1d7f150,15,1,0.001317,0.002461066000023493,0.2029999999795109,3.5390547,3.7498207,3.7555012,primary,False
r064,evaluation_08,ecrc,depth_first,normal,HumanEval/22,HumanEval/22::440,permit_add9148cda0d17b29f42f4762502c7cd,16,pass,a80fd07327102965c6f019e779c87d18db6d7d680ce45be5df72dcd88512adc4,d9f6e2a337c70a920784a64c6fea58c4016fe5bd0b8056d978359f6ca8da676b,105b1a927063d5b208d7ab8f7814c95341b9a007ba48a307b44e2f5a33888206,e05cebc18c2dab444215fb826377edb0480db72e2bf33ed776afbbc2a1d7f150,16,1,0.0018269999999999998,0.0022504020000155833,0.21799999999348074,3.7911229,4.0045709,4.01043,primary,False
r065,evaluation_09,ecrc,depth_first,normal,HumanEval/155,HumanEval/155::295,permit_ebb78ccb4408a4e9aa80c823d70cf5de,1,pass,99cea8168b2541f369463d68f6117b4591ae3c0e2a2bcb4e2057dedbf9a5e1d9,8e6f6a197aa164c3ec64a8f9b8350fccba785ab5e2c726132bd2b3ce2f85043a,34bed42ca73bf85e2e738011249cc286b6a5cc9a41c5e56eb2c477771d762526,e05cebc18c2dab444215fb826377edb0480db72e2bf33ed776afbbc2a1d7f150,1,1,0.0009739999999999999,0.001974428999972133,0.21799999999348074,0.0342725,0.244242,0.249761,primary,False
r065,evaluation_09,ecrc,depth_first,normal,HumanEval/129,HumanEval/129::82,permit_ce87054f9d28da41afad9206d06a95e8,2,fail,fa0b7a78f88bec689d7c06e494fa869d7334a2973cc7ac168a8d04f0d492a065,b66081994306d6eda44046848a3861eefd8faa813fbda1dd679ae8d9bada8417,3c8bf0f86a3b83c385f57d7d5fae447ee7fe37eec39dcb61bbf3bfdda06e9299,e05cebc18c2dab444215fb826377edb0480db72e2bf33ed776afbbc2a1d7f150,2,1,0.001671,0.002867190000017672,0.21799999999348074,0.2826859,0.4950104,0.5010993,primary,False
r065,evaluation_09,ecrc,depth_first,normal,HumanEval/129,HumanEval/129::381,permit_a8bda369e6d8782ae43d3f3e02e94067,3,fail,df491ed5f765cde58badc000898d99cc1800563a5e1fa952101732afb6286261,0fef2c5d6de57e41fd885c0f996f4df8edf2513987c5cb56eee1a87364b7db40,3c8bf0f86a3b83c385f57d7d5fae447ee7fe37eec39dcb61bbf3bfdda06e9299,e05cebc18c2dab444215fb826377edb0480db72e2bf33ed776afbbc2a1d7f150,3,1,0.0,0.002427067999974497,0.21799999999348074,0.5332585,0.74648,0.7513613,primary,False
r065,evaluation_09,ecrc,depth_first,normal,HumanEval/129,HumanEval/129::364,permit_0674077f154c80b313b2c77406bdd926,4,fail,b64aec0e923892fbf062dd21f3d5a08e01e7882b6014c1ee2fec1637a4e6ee7f,3c099f511928b110f4ad7423e631f50943fddde81b5c6017e4091d3e31d80c28,3c8bf0f86a3b83c385f57d7d5fae447ee7fe37eec39dcb61bbf3bfdda06e9299,e05cebc18c2dab444215fb826377edb0480db72e2bf33ed776afbbc2a1d7f150,4,1,0.001898,0.003685820999976386,0.21900000001187436,0.7662552,0.9778652,0.9835294,primary,False
r065,evaluation_09,ecrc,depth_first,normal,HumanEval/129,HumanEval/129::262,permit_903f504363e729e994223fa79c2e27e6,5,fail,66bb3b981015ef07c36b5a6a78a5261c9afe801006ba73e5c002c0256b9a71e2,b4183fecb99c5475fea6846e3575a806b97db0558237541f41f328b1c4f48ca5,3c8bf0f86a3b83c385f57d7d5fae447ee7fe37eec39dcb61bbf3bfdda06e9299,e05cebc18c2dab444215fb826377edb0480db72e2bf33ed776afbbc2a1d7f150,5,1,0.002212,0.0027298400000290712,0.21900000001187436,1.016004,1.2287955,1.2344519,primary,False
r065,evaluation_09,ecrc,depth_first,normal,HumanEval/121,HumanEval/121::413,permit_471217d22a4f4451d94a432159736fa3,6,pass,3e33b24636d082feb7a1d8b5ea89b818ff668e52add10a28ec4e9c73bd8d123b,2bb9d74ad7501886953e162263ef86477da1ec952c8e7ce4b1d88f33cb4f3c70,578f210c881245b4e1b57f8065454aec9af6f0a1255b9c3698db421aed0c8677,e05cebc18c2dab444215fb826377edb0480db72e2bf33ed776afbbc2a1d7f150,6,1,3.7e-05,0.0018843839999931333,0.21900000001187436,1.252038,1.4659518,1.4716503,primary,False
r065,evaluation_09,ecrc,depth_first,normal,HumanEval/142,HumanEval/142::285,permit_8939121826eb19041c099e8c7f716c6f,7,fail,ed75c07debbccbbcb171210908a4cd4829f49e523edbee28bc739daedb8bd680,e1fb028a12b9e762fff99f294b9fc59262e2004476b4f4a878641dc2659235d4,2040cfd41d138c0b63ea4868d0f828debe66b3719c140daabf6372a31d19654d,e05cebc18c2dab444215fb826377edb0480db72e2bf33ed776afbbc2a1d7f150,7,1,0.0,0.0025895549999859213,0.20300000000861473,1.4993236,1.705741,1.7108586,primary,False
r065,evaluation_09,ecrc,depth_first,normal,HumanEval/142,HumanEval/142::59,permit_d9ff72ea2eba438d6e418ac2f1366c04,8,fail,3476a448c66c9bd064797054d7d39ba5564739f3b779855f137f4985ada9e913,ef5509ce7ed57418dd19baca1452ee630ae39786bb65e6143319e25f157742bd,2040cfd41d138c0b63ea4868d0f828debe66b3719c140daabf6372a31d19654d,e05cebc18c2dab444215fb826377edb0480db72e2bf33ed776afbbc2a1d7f150,8,1,9.4e-05,0.0022252499999808606,0.2029999999795109,1.7274296,1.9382514,1.9439157,primary,False
r065,evaluation_09,ecrc,depth_first,normal,HumanEval/142,HumanEval/142::16,permit_faf4141c5736b21997d5f8b708c5bca9,9,fail,07e6b9b8a5bf73f934485949c6d3cd5b0e5aaeef0fb1fcc328e5f7510079d538,af46a624dfe21a7eb8904b4b0f4e3caff772aa909f442aa3fffbf7056fe0a9c9,2040cfd41d138c0b63ea4868d0f828debe66b3719c140daabf6372a31d19654d,e05cebc18c2dab444215fb826377edb0480db72e2bf33ed776afbbc2a1d7f150,9,1,0.00037099999999999996,0.0022809860000165827,0.2029999999795109,1.9840459,2.1963684,2.2013705,primary,False
r065,evaluation_09,ecrc,depth_first,normal,HumanEval/142,HumanEval/142::62,permit_3cc84b37d9b34a268ce56b3e21c40053,10,pass,456756b2c33fee0c456a5e6f51ef4700b19054887802279e80f097460011c1e8,b90c5c39c0c45880ae479d1a572d135ddda0ac5cf159bda25b6111ba7effa133,2040cfd41d138c0b63ea4868d0f828debe66b3719c140daabf6372a31d19654d,e05cebc18c2dab444215fb826377edb0480db72e2bf33ed776afbbc2a1d7f150,10,1,0.0,0.0021480590000351185,0.2029999999795109,2.2332117,2.4445595,2.4495647,primary,False
r065,evaluation_09,ecrc,depth_first,normal,HumanEval/35,HumanEval/35::148,permit_a587f2ff5c1c13cc8f4eacac21294ceb,11,pass,35416ff1249bab4d6a0504d5ad2c8c91046158342a9b1b08bf634dab3b8257ca,82de2a85afd16958ee8b5320a689f52ca51404377fdef3c250a85c0464b01db2,7dc5daf7e8fc58657ccee96dc4cc8bb21a4dc4647a56b36477bacb623d4b7d2b,e05cebc18c2dab444215fb826377edb0480db72e2bf33ed776afbbc2a1d7f150,11,1,0.0,0.002005638000014187,0.21799999999348074,2.4864493,2.6983948,2.7040195,primary,False
r065,evaluation_09,ecrc,depth_first,normal,HumanEval/37,HumanEval/37::48,permit_d78f5ccd37af87516c7a36803e69c52c,12,pass,a29284f8e47ae8c2b5e0bdf4e7a49e529791201cd7babbb171a397ed548c6d7a,bb62ddeef273e9b7470d30cf815f4386176fb72385217a77ac72927f334f1a7b,250ae244cf3a26e80187ed878666cd89eca2d668bcecd7439e5ab9eb8c821f9b,e05cebc18c2dab444215fb826377edb0480db72e2bf33ed776afbbc2a1d7f150,12,1,0.0,0.0022159030000352686,0.2029999999795109,2.7335364,2.942147,2.9474759,primary,False
r065,evaluation_09,ecrc,depth_first,normal,HumanEval/33,HumanEval/33::343,permit_1ae586a02c7993ccff5e43183b75afe0,13,fail,432b3e5057f7ddc04238302cc54ef456ff55e1473c7e70fcb2451ca59291fad7,e3b0c44298fc1c149afbf4c8996fb92427ae41e4649b934ca495991b7852b855,a3312b9a049a706dd982a490282df9a7aea24defd68a8f74f3538c76e2aaefd3,e05cebc18c2dab444215fb826377edb0480db72e2bf33ed776afbbc2a1d7f150,13,1,0.0,0.002029253999978664,0.2029999999795109,2.9839105,3.1943479,3.1999371,primary,False
r065,evaluation_09,ecrc,depth_first,normal,HumanEval/33,HumanEval/33::352,permit_c345f7f3fc49b283b4a07ffe7d972a8a,14,fail,6b3a1641b06a811a1c97275e4db86eb9a1b6e9dcfe5f8d0c5ceab9ee63186b76,6dd713c81f22a6ea487b17de0c062bfbec311de2042aa62b4da3a05161e192fb,a3312b9a049a706dd982a490282df9a7aea24defd68a8f74f3538c76e2aaefd3,e05cebc18c2dab444215fb826377edb0480db72e2bf33ed776afbbc2a1d7f150,14,1,0.002006,0.0024309940000080132,0.21799999999348074,3.2342756,3.4481791,3.4536969,primary,False
r065,evaluation_09,ecrc,depth_first,normal,HumanEval/33,HumanEval/33::446,permit_0a00288ee7dc7b739765d34cdf7f1a76,15,fail,52d2c9145e4fed786e283af428f6fa02f85076d40714f250598d515ebdc38f55,f4d0f0a7fbd939f971727475113fdae8361b904fc260e86dfd186f166ca31820,a3312b9a049a706dd982a490282df9a7aea24defd68a8f74f3538c76e2aaefd3,e05cebc18c2dab444215fb826377edb0480db72e2bf33ed776afbbc2a1d7f150,15,1,0.001895,0.0022979230000146345,0.2029999999795109,3.4846517,3.6946556,3.6998539,primary,False
r065,evaluation_09,ecrc,depth_first,normal,HumanEval/33,HumanEval/33::81,permit_581451d891514aa83ce002714e39a6ad,16,fail,b90a7bd12fb48627f9cf82a797d20f7b263cc1bf287ee0268ef5a38a218946b5,d0b3b7d94e84026d9ed9653bfb5ef45fe78392e76be3d23ce61ea36c599e1a9e,a3312b9a049a706dd982a490282df9a7aea24defd68a8f74f3538c76e2aaefd3,e05cebc18c2dab444215fb826377edb0480db72e2bf33ed776afbbc2a1d7f150,16,1,0.001532,0.0022446010000294336,0.21799999999348074,3.734937,3.9464679,3.9514152,primary,False
r066,evaluation_09,ordinary,depth_first,normal,HumanEval/155,HumanEval/155::295,ordinary-permit-e0e656b2cf68e7a789c8046971b6f6b3,1,pass,27103c69d72ad5643ebc4d838578176c80f4c7598b47cbf595743bd85c0abfb6,8e6f6a197aa164c3ec64a8f9b8350fccba785ab5e2c726132bd2b3ce2f85043a,34bed42ca73bf85e2e738011249cc286b6a5cc9a41c5e56eb2c477771d762526,e05cebc18c2dab444215fb826377edb0480db72e2bf33ed776afbbc2a1d7f150,1,1,0.0,0.002062261999981274,0.20300000000861473,0.0394496,0.2496299,0.2546337,primary,False
r066,evaluation_09,ordinary,depth_first,normal,HumanEval/129,HumanEval/129::82,ordinary-permit-20965faa0db8575825463dbd9fd74fd6,2,fail,919c69a2fd45a428a0a9d10c4b1a01c4967ce09acf34e5968e16fdb30c7ff082,b66081994306d6eda44046848a3861eefd8faa813fbda1dd679ae8d9bada8417,3c8bf0f86a3b83c385f57d7d5fae447ee7fe37eec39dcb61bbf3bfdda06e9299,e05cebc18c2dab444215fb826377edb0480db72e2bf33ed776afbbc2a1d7f150,2,1,0.000454,0.0026428009999790447,0.20300000000861473,0.2904159,0.4952188,0.5001688,primary,False
r066,evaluation_09,ordinary,depth_first,normal,HumanEval/129,HumanEval/129::381,ordinary-permit-f5249ffa8149efbd1ad9fcaecd233180,3,fail,99bd8a7a50d91744ca3dbb83d60fa02be56d250139208214d358af8bb54d2d4e,0fef2c5d6de57e41fd885c0f996f4df8edf2513987c5cb56eee1a87364b7db40,3c8bf0f86a3b83c385f57d7d5fae447ee7fe37eec39dcb61bbf3bfdda06e9299,e05cebc18c2dab444215fb826377edb0480db72e2bf33ed776afbbc2a1d7f150,3,1,0.002252,0.002903414000002158,0.20300000000861473,0.5259785,0.7327887,0.7374677,primary,False
r066,evaluation_09,ordinary,depth_first,normal,HumanEval/129,HumanEval/129::364,ordinary-permit-b6ad37dad62d9dadacb784a5b6e7f16f,4,fail,499cd7fdbd18ad679655f27b9a5db5177b835020d1f0532da510a0f6f1cd8f92,3c099f511928b110f4ad7423e631f50943fddde81b5c6017e4091d3e31d80c28,3c8bf0f86a3b83c385f57d7d5fae447ee7fe37eec39dcb61bbf3bfdda06e9299,e05cebc18c2dab444215fb826377edb0480db72e2bf33ed776afbbc2a1d7f150,4,1,0.0,0.003239946000007876,0.21900000001187436,0.7610903,0.9718508,0.9764506,primary,False
r066,evaluation_09,ordinary,depth_first,normal,HumanEval/129,HumanEval/129::262,ordinary-permit-e242adc216b2cea516f227ad97673728,5,fail,aa3b91e3a54d2d4e83d50a172f2f5f121286ae549c2683b20230d835d3b1b808,b4183fecb99c5475fea6846e3575a806b97db0558237541f41f328b1c4f48ca5,3c8bf0f86a3b83c385f57d7d5fae447ee7fe37eec39dcb61bbf3bfdda06e9299,e05cebc18c2dab444215fb826377edb0480db72e2bf33ed776afbbc2a1d7f150,5,1,0.000289,0.0025891199999819037,0.20300000000861473,1.0151359,1.2234432,1.2283428,primary,False
r066,evaluation_09,ordinary,depth_first,normal,HumanEval/121,HumanEval/121::413,ordinary-permit-f468c6e437a3e28ffe4dd378b6260c19,6,pass,f7393775aad4115e458df0da26192b8a58865cb96a0da13db787a0efce230fe9,2bb9d74ad7501886953e162263ef86477da1ec952c8e7ce4b1d88f33cb4f3c70,578f210c881245b4e1b57f8065454aec9af6f0a1255b9c3698db421aed0c8677,e05cebc18c2dab444215fb826377edb0480db72e2bf33ed776afbbc2a1d7f150,6,1,0.0,0.001968473000033555,0.21900000001187436,1.2629466,1.4738347,1.479288,primary,False
r066,evaluation_09,ordinary,depth_first,normal,HumanEval/142,HumanEval/142::285,ordinary-permit-c9947181c0ae66ddf6b325cbe758eff7,7,fail,74cbb4510e17d1a62f93f22b361efa34650b2d738782a3931893a9f149e0fd14,e1fb028a12b9e762fff99f294b9fc59262e2004476b4f4a878641dc2659235d4,2040cfd41d138c0b63ea4868d0f828debe66b3719c140daabf6372a31d19654d,e05cebc18c2dab444215fb826377edb0480db72e2bf33ed776afbbc2a1d7f150,7,1,0.0009809999999999999,0.0022145240000099875,0.20300000000861473,1.5151309,1.722659,1.7274649,primary,False
r066,evaluation_09,ordinary,depth_first,normal,HumanEval/142,HumanEval/142::59,ordinary-permit-26eb4dac7b27d0d8487ad107ae552cb3,8,fail,4ccb561b9d3fc42fa5ecd5d312e219da04b535e82d26ba7aae06bdae9ac0a3f3,ef5509ce7ed57418dd19baca1452ee630ae39786bb65e6143319e25f157742bd,2040cfd41d138c0b63ea4868d0f828debe66b3719c140daabf6372a31d19654d,e05cebc18c2dab444215fb826377edb0480db72e2bf33ed776afbbc2a1d7f150,8,1,0.0014559999999999998,0.002166243000033319,0.20300000000861473,1.7655012,1.972831,1.977313,primary,False
r066,evaluation_09,ordinary,depth_first,normal,HumanEval/142,HumanEval/142::16,ordinary-permit-cc397c6bae168fec5246df1bdd042042,9,fail,b57849a442d57ae89570d25013907790687fcf509a844453bbb7657b584f4210,af46a624dfe21a7eb8904b4b0f4e3caff772aa909f442aa3fffbf7056fe0a9c9,2040cfd41d138c0b63ea4868d0f828debe66b3719c140daabf6372a31d19654d,e05cebc18c2dab444215fb826377edb0480db72e2bf33ed776afbbc2a1d7f150,9,1,0.0,0.0022764309999843135,0.21900000001187436,2.0137802,2.227778,2.2327087,primary,False
r066,evaluation_09,ordinary,depth_first,normal,HumanEval/142,HumanEval/142::62,ordinary-permit-a00397273f0905d6f8f8302c4dad5d2f,10,pass,e8108c617f986bd297b16d0da509e67e41eca7d768aea3befeab4be60a6956a6,b90c5c39c0c45880ae479d1a572d135ddda0ac5cf159bda25b6111ba7effa133,2040cfd41d138c0b63ea4868d0f828debe66b3719c140daabf6372a31d19654d,e05cebc18c2dab444215fb826377edb0480db72e2bf33ed776afbbc2a1d7f150,10,1,0.0,0.0021825339999850257,0.20300000000861473,2.2620684,2.4679013,2.4725462,primary,False
r066,evaluation_09,ordinary,depth_first,normal,HumanEval/35,HumanEval/35::148,ordinary-permit-f05063a4be6e85d501164d116ef4c409,11,pass,8908c308cb820489d13613b1094a3c3aa1852686f2ae4167736f9a040a3645e0,82de2a85afd16958ee8b5320a689f52ca51404377fdef3c250a85c0464b01db2,7dc5daf7e8fc58657ccee96dc4cc8bb21a4dc4647a56b36477bacb623d4b7d2b,e05cebc18c2dab444215fb826377edb0480db72e2bf33ed776afbbc2a1d7f150,11,1,0.0,0.001978518000044005,0.2029999999795109,2.4868458,2.6924478,2.6976215,primary,False
r066,evaluation_09,ordinary,depth_first,normal,HumanEval/37,HumanEval/37::48,ordinary-permit-34e0de0934cf6d06fe1948f8335e8d15,12,pass,94eeb3f886378803b90e96dbd6a21656b480cbb85070cf3965014833674dbe97,bb62ddeef273e9b7470d30cf815f4386176fb72385217a77ac72927f334f1a7b,250ae244cf3a26e80187ed878666cd89eca2d668bcecd7439e5ab9eb8c821f9b,e05cebc18c2dab444215fb826377edb0480db72e2bf33ed776afbbc2a1d7f150,12,1,0.0,0.002241094999988036,0.20300000000861473,2.7298286,2.9370706,2.9414582,primary,False
r066,evaluation_09,ordinary,depth_first,normal,HumanEval/33,HumanEval/33::343,ordinary-permit-ac99f1bd365f5b3f4f6481e1858727df,13,fail,8dde11ea2c5a25fa74502899644f1d00770c45d05f62d4193a72765491e55d45,e3b0c44298fc1c149afbf4c8996fb92427ae41e4649b934ca495991b7852b855,a3312b9a049a706dd982a490282df9a7aea24defd68a8f74f3538c76e2aaefd3,e05cebc18c2dab444215fb826377edb0480db72e2bf33ed776afbbc2a1d7f150,13,1,0.0,0.0024100550000412113,0.20300000000861473,2.9796849,3.1885536,3.1938779,primary,False
r066,evaluation_09,ordinary,depth_first,normal,HumanEval/33,HumanEval/33::352,ordinary-permit-12c4b2521b49700e9e86173d76df2e4e,14,fail,af53f04699cdf3e6209f88a9fac4f6f109d63e73e94a822cc98dded66f5a9bb2,6dd713c81f22a6ea487b17de0c062bfbec311de2042aa62b4da3a05161e192fb,a3312b9a049a706dd982a490282df9a7aea24defd68a8f74f3538c76e2aaefd3,e05cebc18c2dab444215fb826377edb0480db72e2bf33ed776afbbc2a1d7f150,14,1,0.00046699999999999997,0.0021697139999901083,0.21899999998277053,3.2320383,3.44199,3.4469138,primary,False
r066,evaluation_09,ordinary,depth_first,normal,HumanEval/33,HumanEval/33::446,ordinary-permit-52c38d150d7fa4e762b83e47e0d3f5b3,15,fail,87a3f3adc6f4c951a02f80bc8a40b329fd03fdba7bfe85e7b5212cdabae5198f,f4d0f0a7fbd939f971727475113fdae8361b904fc260e86dfd186f166ca31820,a3312b9a049a706dd982a490282df9a7aea24defd68a8f74f3538c76e2aaefd3,e05cebc18c2dab444215fb826377edb0480db72e2bf33ed776afbbc2a1d7f150,15,1,0.0,0.0023744669999814505,0.21899999998277053,3.4806983,3.6930711,3.6987698,primary,False
r066,evaluation_09,ordinary,depth_first,normal,HumanEval/33,HumanEval/33::81,ordinary-permit-b7869af4a2aaae2df9c38ba2805b83af,16,fail,62237bb4c4e26450b4cd75a7d4ae78863777486c2d18a045ba614f655150a542,d0b3b7d94e84026d9ed9653bfb5ef45fe78392e76be3d23ce61ea36c599e1a9e,a3312b9a049a706dd982a490282df9a7aea24defd68a8f74f3538c76e2aaefd3,e05cebc18c2dab444215fb826377edb0480db72e2bf33ed776afbbc2a1d7f150,16,1,0.0,0.002349960000003648,0.21899999998277053,3.7330462,3.9405494,3.9448376,primary,False
r067,evaluation_09,ordinary,round_robin,normal,HumanEval/155,HumanEval/155::295,ordinary-permit-e0e656b2cf68e7a789c8046971b6f6b3,1,pass,c2937ba4e77fbf066bc9f12a5a9780f961671e23435b9f5b29e06606e9ecd07c,8e6f6a197aa164c3ec64a8f9b8350fccba785ab5e2c726132bd2b3ce2f85043a,34bed42ca73bf85e2e738011249cc286b6a5cc9a41c5e56eb2c477771d762526,e05cebc18c2dab444215fb826377edb0480db72e2bf33ed776afbbc2a1d7f150,1,1,0.001108,0.0018255680000152097,0.21900000001187436,0.0275983,0.2363457,0.2414053,primary,False
r067,evaluation_09,ordinary,round_robin,normal,HumanEval/129,HumanEval/129::82,ordinary-permit-20965faa0db8575825463dbd9fd74fd6,2,fail,eb6fc8aeb956566cc31b15298c709ead7f9829c264911d0e4375705fefd740f9,b66081994306d6eda44046848a3861eefd8faa813fbda1dd679ae8d9bada8417,3c8bf0f86a3b83c385f57d7d5fae447ee7fe37eec39dcb61bbf3bfdda06e9299,e05cebc18c2dab444215fb826377edb0480db72e2bf33ed776afbbc2a1d7f150,2,1,0.001833,0.0026148379999995086,0.20300000000861473,0.274821,0.4796762,0.4841393,primary,False
r067,evaluation_09,ordinary,round_robin,normal,HumanEval/121,HumanEval/121::413,ordinary-permit-f468c6e437a3e28ffe4dd378b6260c19,3,pass,4bbf99ea2152d5f626c4471f21b357b77e54e8d723816a78d4f19054a560b7f4,2bb9d74ad7501886953e162263ef86477da1ec952c8e7ce4b1d88f33cb4f3c70,578f210c881245b4e1b57f8065454aec9af6f0a1255b9c3698db421aed0c8677,e05cebc18c2dab444215fb826377edb0480db72e2bf33ed776afbbc2a1d7f150,3,1,0.0,0.0021895959999937986,0.20300000000861473,0.4972914,0.703067,0.7076859,primary,False
r067,evaluation_09,ordinary,round_robin,normal,HumanEval/142,HumanEval/142::285,ordinary-permit-c9947181c0ae66ddf6b325cbe758eff7,4,fail,288adc460756e33cef30f9ee54d5276ae3525fa4db7c1196f7a65366b749bfa4,e1fb028a12b9e762fff99f294b9fc59262e2004476b4f4a878641dc2659235d4,2040cfd41d138c0b63ea4868d0f828debe66b3719c140daabf6372a31d19654d,e05cebc18c2dab444215fb826377edb0480db72e2bf33ed776afbbc2a1d7f150,4,1,0.0,0.0023532680000357686,0.20300000000861473,0.7451329,0.9504941,0.955181,primary,False
r067,evaluation_09,ordinary,round_robin,normal,HumanEval/35,HumanEval/35::148,ordinary-permit-f05063a4be6e85d501164d116ef4c409,5,pass,9e378e1f6891c5a6c61bc437804e3bb15a4a3a8a78057c9e847734dd9946d981,82de2a85afd16958ee8b5320a689f52ca51404377fdef3c250a85c0464b01db2,7dc5daf7e8fc58657ccee96dc4cc8bb21a4dc4647a56b36477bacb623d4b7d2b,e05cebc18c2dab444215fb826377edb0480db72e2bf33ed776afbbc2a1d7f150,5,1,0.0,0.002127798999993047,0.20399999999790452,0.9797203,1.1834197,1.18831,primary,False
r067,evaluation_09,ordinary,round_robin,normal,HumanEval/37,HumanEval/37::48,ordinary-permit-34e0de0934cf6d06fe1948f8335e8d15,6,pass,c9ab1f81c683dcf2d5e3a954a0c147801e6b88e7c43a62d4bf9cfd04a0103fa3,bb62ddeef273e9b7470d30cf815f4386176fb72385217a77ac72927f334f1a7b,250ae244cf3a26e80187ed878666cd89eca2d668bcecd7439e5ab9eb8c821f9b,e05cebc18c2dab444215fb826377edb0480db72e2bf33ed776afbbc2a1d7f150,6,1,0.001174,0.0024090929999829314,0.20300000000861473,1.2142083,1.4208421,1.4253227,primary,False
r067,evaluation_09,ordinary,round_robin,normal,HumanEval/33,HumanEval/33::343,ordinary-permit-ac99f1bd365f5b3f4f6481e1858727df,7,fail,092222fe129a3331df595c5d4b0947c8a841722ffe33d795cb2a9e7090357663,e3b0c44298fc1c149afbf4c8996fb92427ae41e4649b934ca495991b7852b855,a3312b9a049a706dd982a490282df9a7aea24defd68a8f74f3538c76e2aaefd3,e05cebc18c2dab444215fb826377edb0480db72e2bf33ed776afbbc2a1d7f150,7,1,0.0,0.0021661600000015824,0.21899999998277053,1.44967,1.658858,1.6634388,primary,False
r067,evaluation_09,ordinary,round_robin,normal,HumanEval/143,HumanEval/143::207,ordinary-permit-40e162c7f2b82ab8c2eeb0654531571f,8,pass,72a3d206b4a5c7ced0b1f2931cf78f718893ea834ea976bca32138907f945d60,de2fc1d80f84aa697e0027234b0a63744609f54c0d19945723393fdd63661539,ffb0076ba6ea5cb0ac8742cbd81acbbca164c1266256296fae4a18bf6a162fb1,e05cebc18c2dab444215fb826377edb0480db72e2bf33ed776afbbc2a1d7f150,8,1,0.0,0.002148508999994192,0.21899999998277053,1.7012347,1.9109999,1.9156658,primary,False
r067,evaluation_09,ordinary,round_robin,normal,HumanEval/129,HumanEval/129::381,ordinary-permit-f5249ffa8149efbd1ad9fcaecd233180,9,fail,724c4993d2095b307dbb835d7cf3772be390659233bc6270deb8951a89af86ac,0fef2c5d6de57e41fd885c0f996f4df8edf2513987c5cb56eee1a87364b7db40,3c8bf0f86a3b83c385f57d7d5fae447ee7fe37eec39dcb61bbf3bfdda06e9299,e05cebc18c2dab444215fb826377edb0480db72e2bf33ed776afbbc2a1d7f150,9,1,0.0,0.002580182999963654,0.21899999998277053,1.9518741,2.1590253,2.163997,primary,False
r067,evaluation_09,ordinary,round_robin,normal,HumanEval/142,HumanEval/142::59,ordinary-permit-26eb4dac7b27d0d8487ad107ae552cb3,10,fail,f18fdf5ed37f9370493503e32ef1e5826d32b43f15f6660f0e2c0e7b1c6d44cf,ef5509ce7ed57418dd19baca1452ee630ae39786bb65e6143319e25f157742bd,2040cfd41d138c0b63ea4868d0f828debe66b3719c140daabf6372a31d19654d,e05cebc18c2dab444215fb826377edb0480db72e2bf33ed776afbbc2a1d7f150,10,1,0.0,0.0019370250000179112,0.2029999999795109,2.1885816,2.400174,2.40495,primary,False
r067,evaluation_09,ordinary,round_robin,normal,HumanEval/33,HumanEval/33::352,ordinary-permit-12c4b2521b49700e9e86173d76df2e4e,11,fail,45d10acc36e886dd13fe461b7415bdc358220575354bc3d4fe50947e7e66ff5e,6dd713c81f22a6ea487b17de0c062bfbec311de2042aa62b4da3a05161e192fb,a3312b9a049a706dd982a490282df9a7aea24defd68a8f74f3538c76e2aaefd3,e05cebc18c2dab444215fb826377edb0480db72e2bf33ed776afbbc2a1d7f150,11,1,0.0,0.0020723750000115615,0.2029999999795109,2.4405064,2.6492783,2.6542964,primary,False
r067,evaluation_09,ordinary,round_robin,normal,HumanEval/129,HumanEval/129::364,ordinary-permit-b6ad37dad62d9dadacb784a5b6e7f16f,12,fail,2acea04718fbcd2dd0e50fcd5e42fe3c275b39e35e37f036e5385f368b66615e,3c099f511928b110f4ad7423e631f50943fddde81b5c6017e4091d3e31d80c28,3c8bf0f86a3b83c385f57d7d5fae447ee7fe37eec39dcb61bbf3bfdda06e9299,e05cebc18c2dab444215fb826377edb0480db72e2bf33ed776afbbc2a1d7f150,12,1,0.001236,0.002899901999967369,0.2029999999795109,2.6917015,2.9004624,2.9045718,primary,False
r067,evaluation_09,ordinary,round_robin,normal,HumanEval/142,HumanEval/142::16,ordinary-permit-cc397c6bae168fec5246df1bdd042042,13,fail,f3eff24fce940ae505a55d3cea97d9047bad625ab77d0fae0f9b362ea9b24943,af46a624dfe21a7eb8904b4b0f4e3caff772aa909f442aa3fffbf7056fe0a9c9,2040cfd41d138c0b63ea4868d0f828debe66b3719c140daabf6372a31d19654d,e05cebc18c2dab444215fb826377edb0480db72e2bf33ed776afbbc2a1d7f150,13,1,0.0,0.0020508740000195758,0.2029999999795109,2.9381698,3.1453485,3.1499008,primary,False
r067,evaluation_09,ordinary,round_robin,normal,HumanEval/33,HumanEval/33::446,ordinary-permit-52c38d150d7fa4e762b83e47e0d3f5b3,14,fail,5728eddb003886872aaddcebdd594b41fc28473f5c671ff662c2666ba7fb0511,f4d0f0a7fbd939f971727475113fdae8361b904fc260e86dfd186f166ca31820,a3312b9a049a706dd982a490282df9a7aea24defd68a8f74f3538c76e2aaefd3,e05cebc18c2dab444215fb826377edb0480db72e2bf33ed776afbbc2a1d7f150,14,1,0.0,0.00226804499999389,0.20300000000861473,3.1626344,3.3706517,3.3750687,primary,False
r067,evaluation_09,ordinary,round_robin,normal,HumanEval/129,HumanEval/129::262,ordinary-permit-e242adc216b2cea516f227ad97673728,15,fail,8218a3e0c16e17b728805632d520fc96cf2f2785c70f66bfd6b00f8b74ba15aa,b4183fecb99c5475fea6846e3575a806b97db0558237541f41f328b1c4f48ca5,3c8bf0f86a3b83c385f57d7d5fae447ee7fe37eec39dcb61bbf3bfdda06e9299,e05cebc18c2dab444215fb826377edb0480db72e2bf33ed776afbbc2a1d7f150,15,1,0.0,0.0026736539999774322,0.21799999999348074,3.3893984,3.5988497,3.6035495,primary,False
r067,evaluation_09,ordinary,round_robin,normal,HumanEval/142,HumanEval/142::62,ordinary-permit-a00397273f0905d6f8f8302c4dad5d2f,16,pass,5d5725df294f95055bee9be58b193fe81fd6fd013a4b641f38ece8d7063d0b61,b90c5c39c0c45880ae479d1a572d135ddda0ac5cf159bda25b6111ba7effa133,2040cfd41d138c0b63ea4868d0f828debe66b3719c140daabf6372a31d19654d,e05cebc18c2dab444215fb826377edb0480db72e2bf33ed776afbbc2a1d7f150,16,1,0.001676,0.002167847000009715,0.2029999999795109,3.6340678,3.8399504,3.8447651,primary,False
r068,evaluation_09,ecrc,round_robin,normal,HumanEval/155,HumanEval/155::295,permit_ebb78ccb4408a4e9aa80c823d70cf5de,1,pass,cf3be91a350749abf355fd76ff4c42fec3cda2133b911ff982fb4f93ba65d348,8e6f6a197aa164c3ec64a8f9b8350fccba785ab5e2c726132bd2b3ce2f85043a,34bed42ca73bf85e2e738011249cc286b6a5cc9a41c5e56eb2c477771d762526,e05cebc18c2dab444215fb826377edb0480db72e2bf33ed776afbbc2a1d7f150,1,1,0.0,0.0021312310000212165,0.20300000000861473,0.0376849,0.246451,0.2514119,primary,False
r068,evaluation_09,ecrc,round_robin,normal,HumanEval/129,HumanEval/129::82,permit_ce87054f9d28da41afad9206d06a95e8,2,fail,b0e9f5a7e1cd7ed79b126d761e01b711b9c42f7e11f4b38a7a5f3794a4ebab18,b66081994306d6eda44046848a3861eefd8faa813fbda1dd679ae8d9bada8417,3c8bf0f86a3b83c385f57d7d5fae447ee7fe37eec39dcb61bbf3bfdda06e9299,e05cebc18c2dab444215fb826377edb0480db72e2bf33ed776afbbc2a1d7f150,2,1,0.0,0.003083300000014333,0.20300000000861473,0.2876203,0.4967162,0.5015007,primary,False
r068,evaluation_09,ecrc,round_robin,normal,HumanEval/121,HumanEval/121::413,permit_471217d22a4f4451d94a432159736fa3,3,pass,6d9ba4ea351323a447adf6bfc46aed2c1b4ec805dbcc1f65489b9b3266999484,2bb9d74ad7501886953e162263ef86477da1ec952c8e7ce4b1d88f33cb4f3c70,578f210c881245b4e1b57f8065454aec9af6f0a1255b9c3698db421aed0c8677,e05cebc18c2dab444215fb826377edb0480db72e2bf33ed776afbbc2a1d7f150,3,1,0.0,0.002151234999985263,0.20300000000861473,0.5412964,0.7480111,0.7526686,primary,False
r068,evaluation_09,ecrc,round_robin,normal,HumanEval/142,HumanEval/142::285,permit_8939121826eb19041c099e8c7f716c6f,4,fail,421fac94f6908c578f801cfddb9422ddd339f7fef2ebbfbe7b273fd7c86619c8,e1fb028a12b9e762fff99f294b9fc59262e2004476b4f4a878641dc2659235d4,2040cfd41d138c0b63ea4868d0f828debe66b3719c140daabf6372a31d19654d,e05cebc18c2dab444215fb826377edb0480db72e2bf33ed776afbbc2a1d7f150,4,1,0.001875,0.0022554319999699146,0.20300000000861473,0.7895026,0.9976726,1.0023521,primary,False
r068,evaluation_09,ecrc,round_robin,normal,HumanEval/35,HumanEval/35::148,permit_a587f2ff5c1c13cc8f4eacac21294ceb,5,pass,a89c9dd66de7ca42d4d334893d6d16e35d83c2470ea03f55f0ac31583dca27b9,82de2a85afd16958ee8b5320a689f52ca51404377fdef3c250a85c0464b01db2,7dc5daf7e8fc58657ccee96dc4cc8bb21a4dc4647a56b36477bacb623d4b7d2b,e05cebc18c2dab444215fb826377edb0480db72e2bf33ed776afbbc2a1d7f150,5,1,0.0,0.0020125460000031126,0.21799999999348074,1.0396889,1.2490659,1.2543949,primary,False
r068,evaluation_09,ecrc,round_robin,normal,HumanEval/37,HumanEval/37::48,permit_d78f5ccd37af87516c7a36803e69c52c,6,pass,f865ed58c60350adac0a641cc9fa1d1a9552d8bc0ec8d26b15a950b561f4a4f1,bb62ddeef273e9b7470d30cf815f4386176fb72385217a77ac72927f334f1a7b,250ae244cf3a26e80187ed878666cd89eca2d668bcecd7439e5ab9eb8c821f9b,e05cebc18c2dab444215fb826377edb0480db72e2bf33ed776afbbc2a1d7f150,6,1,0.0,0.002253217999964363,0.21799999999348074,1.2905627,1.4995773,1.5045742,primary,False
r068,evaluation_09,ecrc,round_robin,normal,HumanEval/33,HumanEval/33::343,permit_1ae586a02c7993ccff5e43183b75afe0,7,fail,3ad2b731f2f5fedd7c64b38022bc11c038c14431a45f9797316232a11025bd14,e3b0c44298fc1c149afbf4c8996fb92427ae41e4649b934ca495991b7852b855,a3312b9a049a706dd982a490282df9a7aea24defd68a8f74f3538c76e2aaefd3,e05cebc18c2dab444215fb826377edb0480db72e2bf33ed776afbbc2a1d7f150,7,1,0.00038899999999999997,0.0020089859999643522,0.21799999999348074,1.5428092,1.7504025,1.7550281,primary,False
r068,evaluation_09,ecrc,round_robin,normal,HumanEval/143,HumanEval/143::207,permit_8399ac9359ccc9b75a9c9010504172aa,8,pass,a843abaf5f373a3cb11b773ec98708c26534c86aa0134271ac5962df30305e27,de2fc1d80f84aa697e0027234b0a63744609f54c0d19945723393fdd63661539,ffb0076ba6ea5cb0ac8742cbd81acbbca164c1266256296fae4a18bf6a162fb1,e05cebc18c2dab444215fb826377edb0480db72e2bf33ed776afbbc2a1d7f150,8,1,0.0,0.0020337919999633414,0.21799999999348074,1.7911714,1.9993695,2.0041294,primary,False
r068,evaluation_09,ecrc,round_robin,normal,HumanEval/129,HumanEval/129::381,permit_a8bda369e6d8782ae43d3f3e02e94067,9,fail,922731dc0daee11aa3a57aee74f1c145c4a28baff654f5268fd8af3c2a0754a5,0fef2c5d6de57e41fd885c0f996f4df8edf2513987c5cb56eee1a87364b7db40,3c8bf0f86a3b83c385f57d7d5fae447ee7fe37eec39dcb61bbf3bfdda06e9299,e05cebc18c2dab444215fb826377edb0480db72e2bf33ed776afbbc2a1d7f150,9,1,0.0,0.002220329000010679,0.21799999999348074,2.0421341,2.2544706,2.2606421,primary,False
r068,evaluation_09,ecrc,round_robin,normal,HumanEval/142,HumanEval/142::59,permit_d9ff72ea2eba438d6e418ac2f1366c04,10,fail,15caa93fd9c00dbd418a0551a0e37cad46e021365386341e78a32486fa5ea2fe,ef5509ce7ed57418dd19baca1452ee630ae39786bb65e6143319e25f157742bd,2040cfd41d138c0b63ea4868d0f828debe66b3719c140daabf6372a31d19654d,e05cebc18c2dab444215fb826377edb0480db72e2bf33ed776afbbc2a1d7f150,10,1,0.0,0.0020945169999890823,0.2029999999795109,2.2955252,2.5040064,2.509039,primary,False
r068,evaluation_09,ecrc,round_robin,normal,HumanEval/33,HumanEval/33::352,permit_c345f7f3fc49b283b4a07ffe7d972a8a,11,fail,5e7a879b05ac492eaea4a030b29cfe806a2660b5db806c711dbeade5acd9e03c,6dd713c81f22a6ea487b17de0c062bfbec311de2042aa62b4da3a05161e192fb,a3312b9a049a706dd982a490282df9a7aea24defd68a8f74f3538c76e2aaefd3,e05cebc18c2dab444215fb826377edb0480db72e2bf33ed776afbbc2a1d7f150,11,1,0.00087,0.0022388410000075964,0.2029999999795109,2.5486492,2.7543133,2.7591633,primary,False
r068,evaluation_09,ecrc,round_robin,normal,HumanEval/129,HumanEval/129::364,permit_0674077f154c80b313b2c77406bdd926,12,fail,17622bd53f3e9301470ba610d83caa8d787e478b047fc07d97a8bc5d536d08ab,3c099f511928b110f4ad7423e631f50943fddde81b5c6017e4091d3e31d80c28,3c8bf0f86a3b83c385f57d7d5fae447ee7fe37eec39dcb61bbf3bfdda06e9299,e05cebc18c2dab444215fb826377edb0480db72e2bf33ed776afbbc2a1d7f150,12,1,0.0,0.0031640170000173384,0.20300000000861473,2.7844719,2.9973338,3.0023961,primary,False
r068,evaluation_09,ecrc,round_robin,normal,HumanEval/142,HumanEval/142::16,permit_faf4141c5736b21997d5f8b708c5bca9,13,fail,c82e23b4576e5b1741e33adb0d2cf82b51b9ad9434bf4c2a2747b6274bdbd65d,af46a624dfe21a7eb8904b4b0f4e3caff772aa909f442aa3fffbf7056fe0a9c9,2040cfd41d138c0b63ea4868d0f828debe66b3719c140daabf6372a31d19654d,e05cebc18c2dab444215fb826377edb0480db72e2bf33ed776afbbc2a1d7f150,13,1,0.0,0.0022100059999843324,0.20300000000861473,3.0376472,3.245507,3.2500671,primary,False
r068,evaluation_09,ecrc,round_robin,normal,HumanEval/33,HumanEval/33::446,permit_0a00288ee7dc7b739765d34cdf7f1a76,14,fail,97f0f1c8598926c07f3c79529627ecfc1ac519de65cb52bcec6f026386df8f6b,f4d0f0a7fbd939f971727475113fdae8361b904fc260e86dfd186f166ca31820,a3312b9a049a706dd982a490282df9a7aea24defd68a8f74f3538c76e2aaefd3,e05cebc18c2dab444215fb826377edb0480db72e2bf33ed776afbbc2a1d7f150,14,1,0.0,0.001938818999974501,0.20300000000861473,3.2889182,3.4969232,3.5018034,primary,False
r068,evaluation_09,ecrc,round_robin,normal,HumanEval/129,HumanEval/129::262,permit_903f504363e729e994223fa79c2e27e6,15,fail,72702b4779c57783556f2f9f7a464d5d7b290d1d270887132f41485500725134,b4183fecb99c5475fea6846e3575a806b97db0558237541f41f328b1c4f48ca5,3c8bf0f86a3b83c385f57d7d5fae447ee7fe37eec39dcb61bbf3bfdda06e9299,e05cebc18c2dab444215fb826377edb0480db72e2bf33ed776afbbc2a1d7f150,15,1,2.7e-05,0.0023218979999910516,0.20300000000861473,3.5168134,3.7248594,3.7300795,primary,False
r068,evaluation_09,ecrc,round_robin,normal,HumanEval/142,HumanEval/142::62,permit_3cc84b37d9b34a268ce56b3e21c40053,16,pass,6ad4bc620a6d97785cd169f609b08f3b2e12de92ab3e4e931bf21727a251adeb,b90c5c39c0c45880ae479d1a572d135ddda0ac5cf159bda25b6111ba7effa133,2040cfd41d138c0b63ea4868d0f828debe66b3719c140daabf6372a31d19654d,e05cebc18c2dab444215fb826377edb0480db72e2bf33ed776afbbc2a1d7f150,16,1,0.001459,0.002203744999974333,0.20300000000861473,3.7571956,3.9613458,3.9671103,primary,False
r069,evaluation_09,ordinary,depth_first,response_loss,HumanEval/155,HumanEval/155::295,ordinary-permit-e0e656b2cf68e7a789c8046971b6f6b3,1,pass,5141e5cca1580d364ea7bd491f3f8ecff2aa5fddc482580616705d9113bb3d53,8e6f6a197aa164c3ec64a8f9b8350fccba785ab5e2c726132bd2b3ce2f85043a,34bed42ca73bf85e2e738011249cc286b6a5cc9a41c5e56eb2c477771d762526,e05cebc18c2dab444215fb826377edb0480db72e2bf33ed776afbbc2a1d7f150,1,1,0.0,0.0024841050000077303,0.21799999999348074,0.0299071,0.2399849,0.2449953,primary,False
r069,evaluation_09,ordinary,depth_first,response_loss,HumanEval/129,HumanEval/129::82,ordinary-permit-20965faa0db8575825463dbd9fd74fd6,2,fail,c55b3f34bfb34ca7e84d1bdf6e58ecfa6225b93d3da3e98df3132ac8388d1f3b,b66081994306d6eda44046848a3861eefd8faa813fbda1dd679ae8d9bada8417,3c8bf0f86a3b83c385f57d7d5fae447ee7fe37eec39dcb61bbf3bfdda06e9299,e05cebc18c2dab444215fb826377edb0480db72e2bf33ed776afbbc2a1d7f150,2,1,0.0,0.003225869999994302,0.21799999999348074,0.2798214,0.4912249,0.4958646,primary,False
r069,evaluation_09,ordinary,depth_first,response_loss,HumanEval/129,HumanEval/129::381,ordinary-permit-f5249ffa8149efbd1ad9fcaecd233180,3,fail,87f59561486d6f7de7f50a1aa633db753ecccc3d65973c592b88eecfdfe49af9,0fef2c5d6de57e41fd885c0f996f4df8edf2513987c5cb56eee1a87364b7db40,3c8bf0f86a3b83c385f57d7d5fae447ee7fe37eec39dcb61bbf3bfdda06e9299,e05cebc18c2dab444215fb826377edb0480db72e2bf33ed776afbbc2a1d7f150,3,1,0.0,0.0023686310000243793,0.20300000000861473,0.5314785,0.7368065,0.7416659,primary,False
r069,evaluation_09,ordinary,depth_first,response_loss,HumanEval/129,HumanEval/129::364,ordinary-permit-b6ad37dad62d9dadacb784a5b6e7f16f,4,fail,c80ae8a33c8b23e378bf62c49527dcc704617756b154be20b359580f59f1f496,3c099f511928b110f4ad7423e631f50943fddde81b5c6017e4091d3e31d80c28,3c8bf0f86a3b83c385f57d7d5fae447ee7fe37eec39dcb61bbf3bfdda06e9299,e05cebc18c2dab444215fb826377edb0480db72e2bf33ed776afbbc2a1d7f150,4,1,0.0025169999999999997,0.003128936999985399,0.21900000001187436,0.7664316,0.9746824,2.0041585,primary,True
r069,evaluation_09,ordinary,depth_first,response_loss,HumanEval/129,HumanEval/129::262,ordinary-permit-e242adc216b2cea516f227ad97673728,5,fail,426137ecfac795fa27d7f05daaa9a4598c3e824e177376985df3dcb6559cd4ae,b4183fecb99c5475fea6846e3575a806b97db0558237541f41f328b1c4f48ca5,3c8bf0f86a3b83c385f57d7d5fae447ee7fe37eec39dcb61bbf3bfdda06e9299,e05cebc18c2dab444215fb826377edb0480db72e2bf33ed776afbbc2a1d7f150,5,1,0.00213,0.0026960060000078556,0.2029999999795109,2.0357682,2.2463175,2.2514899,primary,False
r069,evaluation_09,ordinary,depth_first,response_loss,HumanEval/121,HumanEval/121::413,ordinary-permit-f468c6e437a3e28ffe4dd378b6260c19,6,pass,ba9f698b07fbf07b989f498c3e49a0be0a1913750e8b59960f8fc7d5a3f28920,2bb9d74ad7501886953e162263ef86477da1ec952c8e7ce4b1d88f33cb4f3c70,578f210c881245b4e1b57f8065454aec9af6f0a1255b9c3698db421aed0c8677,e05cebc18c2dab444215fb826377edb0480db72e2bf33ed776afbbc2a1d7f150,6,1,0.00066,0.0018551100000081533,0.21900000001187436,2.2638289,2.4762458,2.4816579,primary,False
r069,evaluation_09,ordinary,depth_first,response_loss,HumanEval/142,HumanEval/142::285,ordinary-permit-c9947181c0ae66ddf6b325cbe758eff7,7,fail,ab89a408e4125c0464481caba15fc9d2961e3d43404d708a0cc437c10938af10,e1fb028a12b9e762fff99f294b9fc59262e2004476b4f4a878641dc2659235d4,2040cfd41d138c0b63ea4868d0f828debe66b3719c140daabf6372a31d19654d,e05cebc18c2dab444215fb826377edb0480db72e2bf33ed776afbbc2a1d7f150,7,1,0.0,0.002243808999992325,0.21900000001187436,2.4970616,2.7100231,2.7146811,primary,False
r069,evaluation_09,ordinary,depth_first,response_loss,HumanEval/142,HumanEval/142::59,ordinary-permit-26eb4dac7b27d0d8487ad107ae552cb3,8,fail,416f4577a435f177c73c0378764d382743d2e61bb28e4a8188aad376985789b5,ef5509ce7ed57418dd19baca1452ee630ae39786bb65e6143319e25f157742bd,2040cfd41d138c0b63ea4868d0f828debe66b3719c140daabf6372a31d19654d,e05cebc18c2dab444215fb826377edb0480db72e2bf33ed776afbbc2a1d7f150,8,1,0.0,0.0021969410000224343,0.20300000000861473,2.738789,2.9499123,3.9586055,primary,True
r069,evaluation_09,ordinary,depth_first,response_loss,HumanEval/142,HumanEval/142::16,ordinary-permit-cc397c6bae168fec5246df1bdd042042,9,fail,f676262f48db0569140446922e2bfcb15757b4ae73132f806a86b6a169cae1c3,af46a624dfe21a7eb8904b4b0f4e3caff772aa909f442aa3fffbf7056fe0a9c9,2040cfd41d138c0b63ea4868d0f828debe66b3719c140daabf6372a31d19654d,e05cebc18c2dab444215fb826377edb0480db72e2bf33ed776afbbc2a1d7f150,9,1,0.0,0.0022738369999615315,0.2029999999795109,3.9819335,4.18889,4.1932356,primary,False
r069,evaluation_09,ordinary,depth_first,response_loss,HumanEval/142,HumanEval/142::62,ordinary-permit-a00397273f0905d6f8f8302c4dad5d2f,10,pass,dd00edcd7e13f09f46f343a826f47ebac4819062118ea2ee2d6ce95a003fb487,b90c5c39c0c45880ae479d1a572d135ddda0ac5cf159bda25b6111ba7effa133,2040cfd41d138c0b63ea4868d0f828debe66b3719c140daabf6372a31d19654d,e05cebc18c2dab444215fb826377edb0480db72e2bf33ed776afbbc2a1d7f150,10,1,0.001197,0.002393412999992961,0.2029999999795109,4.2307309,4.4362575,4.4413007,primary,False
r069,evaluation_09,ordinary,depth_first,response_loss,HumanEval/35,HumanEval/35::148,ordinary-permit-f05063a4be6e85d501164d116ef4c409,11,pass,4a64a05f50ff926419bb59723a6475668de1b940a8fd402de2341882a90a16ae,82de2a85afd16958ee8b5320a689f52ca51404377fdef3c250a85c0464b01db2,7dc5daf7e8fc58657ccee96dc4cc8bb21a4dc4647a56b36477bacb623d4b7d2b,e05cebc18c2dab444215fb826377edb0480db72e2bf33ed776afbbc2a1d7f150,11,1,0.0006799999999999999,0.00239496199998257,0.20300000000861473,4.4661413,4.6740395,4.6792229,primary,False
r069,evaluation_09,ordinary,depth_first,response_loss,HumanEval/37,HumanEval/37::48,ordinary-permit-34e0de0934cf6d06fe1948f8335e8d15,12,pass,bccdb738070634a65fc90e62c12c82948a98dfe1400fe709e85cc5dc3403863a,bb62ddeef273e9b7470d30cf815f4386176fb72385217a77ac72927f334f1a7b,250ae244cf3a26e80187ed878666cd89eca2d668bcecd7439e5ab9eb8c821f9b,e05cebc18c2dab444215fb826377edb0480db72e2bf33ed776afbbc2a1d7f150,12,1,0.0,0.002343729000017447,0.21899999998277053,4.7183282,4.9301175,5.9559657,drain,True
r070,evaluation_09,ecrc,depth_first,response_loss,HumanEval/155,HumanEval/155::295,permit_ebb78ccb4408a4e9aa80c823d70cf5de,1,pass,1b71c4cfe469ed5d55a927fc36442f6ff9f89413583fd231da60c557d7a774ac,8e6f6a197aa164c3ec64a8f9b8350fccba785ab5e2c726132bd2b3ce2f85043a,34bed42ca73bf85e2e738011249cc286b6a5cc9a41c5e56eb2c477771d762526,e05cebc18c2dab444215fb826377edb0480db72e2bf33ed776afbbc2a1d7f150,1,1,0.0,0.001950064000027396,0.21900000001187436,0.018883,0.2330754,0.2382872,primary,False
r070,evaluation_09,ecrc,depth_first,response_loss,HumanEval/129,HumanEval/129::82,permit_ce87054f9d28da41afad9206d06a95e8,2,fail,dafc3184cac1222bd9fc0175c83168b72736cb2bc42702b60f630e9e1e0bd700,b66081994306d6eda44046848a3861eefd8faa813fbda1dd679ae8d9bada8417,3c8bf0f86a3b83c385f57d7d5fae447ee7fe37eec39dcb61bbf3bfdda06e9299,e05cebc18c2dab444215fb826377edb0480db72e2bf33ed776afbbc2a1d7f150,2,1,0.001173,0.0028712279999467683,0.20300000000861473,0.2752919,0.48517,0.4915981,primary,False
r070,evaluation_09,ecrc,depth_first,response_loss,HumanEval/129,HumanEval/129::381,permit_a8bda369e6d8782ae43d3f3e02e94067,3,fail,93f1d8e7c25a6bef3a2b772dbdcd025cd7330e1646eec7a9cf021a88a6119e2c,0fef2c5d6de57e41fd885c0f996f4df8edf2513987c5cb56eee1a87364b7db40,3c8bf0f86a3b83c385f57d7d5fae447ee7fe37eec39dcb61bbf3bfdda06e9299,e05cebc18c2dab444215fb826377edb0480db72e2bf33ed776afbbc2a1d7f150,3,1,0.0008889999999999999,0.0029009440000322684,0.20300000000861473,0.5253186,0.7333036,0.7389567,primary,False
r070,evaluation_09,ecrc,depth_first,response_loss,HumanEval/129,HumanEval/129::364,permit_0674077f154c80b313b2c77406bdd926,4,fail,cc09090bf0481191d811e10e0073e90549def77b94ccf7f37d0a74ae89256321,3c099f511928b110f4ad7423e631f50943fddde81b5c6017e4091d3e31d80c28,3c8bf0f86a3b83c385f57d7d5fae447ee7fe37eec39dcb61bbf3bfdda06e9299,e05cebc18c2dab444215fb826377edb0480db72e2bf33ed776afbbc2a1d7f150,4,1,0.000376,0.0033962890000225343,0.21900000001187436,0.7563719,0.9690027,1.9992192,primary,True
r070,evaluation_09,ecrc,depth_first,response_loss,HumanEval/129,HumanEval/129::262,permit_903f504363e729e994223fa79c2e27e6,5,fail,8c70efa72a5f58256e18ea30e618af30ab5b410be677b79f4adfa328412367ce,b4183fecb99c5475fea6846e3575a806b97db0558237541f41f328b1c4f48ca5,3c8bf0f86a3b83c385f57d7d5fae447ee7fe37eec39dcb61bbf3bfdda06e9299,e05cebc18c2dab444215fb826377edb0480db72e2bf33ed776afbbc2a1d7f150,5,1,0.00197,0.0029339480000203366,0.20300000000861473,2.0282177,2.2392084,2.2443384,primary,False
r070,evaluation_09,ecrc,depth_first,response_loss,HumanEval/121,HumanEval/121::413,permit_471217d22a4f4451d94a432159736fa3,6,pass,5990fd5e78eabbcc21bea9cc2787feec6855716b90a1e2233e437988a03ca397,2bb9d74ad7501886953e162263ef86477da1ec952c8e7ce4b1d88f33cb4f3c70,578f210c881245b4e1b57f8065454aec9af6f0a1255b9c3698db421aed0c8677,e05cebc18c2dab444215fb826377edb0480db72e2bf33ed776afbbc2a1d7f150,6,1,0.0,0.0017306370000369498,0.20300000000861473,2.2787972,2.4851586,2.4897799,primary,False
r070,evaluation_09,ecrc,depth_first,response_loss,HumanEval/142,HumanEval/142::285,permit_8939121826eb19041c099e8c7f716c6f,7,fail,82eb34b7409551ce5120be462cbb04a4672e9d51857bd2fc4104780b3a3d527e,e1fb028a12b9e762fff99f294b9fc59262e2004476b4f4a878641dc2659235d4,2040cfd41d138c0b63ea4868d0f828debe66b3719c140daabf6372a31d19654d,e05cebc18c2dab444215fb826377edb0480db72e2bf33ed776afbbc2a1d7f150,7,1,0.000941,0.0023176999999918735,0.20300000000861473,2.5294872,2.736259,2.7419728,primary,False
r070,evaluation_09,ecrc,depth_first,response_loss,HumanEval/142,HumanEval/142::59,permit_d9ff72ea2eba438d6e418ac2f1366c04,8,fail,11278bd58e189b0349f39d70fdd3f1d0c3bcc4cc6831617dfca0e689200f44e7,ef5509ce7ed57418dd19baca1452ee630ae39786bb65e6143319e25f157742bd,2040cfd41d138c0b63ea4868d0f828debe66b3719c140daabf6372a31d19654d,e05cebc18c2dab444215fb826377edb0480db72e2bf33ed776afbbc2a1d7f150,8,1,0.00179,0.002195923999977367,0.20300000000861473,2.781762,2.9904944,4.0201287,primary,True
r070,evaluation_09,ecrc,depth_first,response_loss,HumanEval/142,HumanEval/142::16,permit_faf4141c5736b21997d5f8b708c5bca9,9,fail,1638c28ba2c5f307e0872bb41bae802c74c4b42a391289b1479d53b00f88d26e,af46a624dfe21a7eb8904b4b0f4e3caff772aa909f442aa3fffbf7056fe0a9c9,2040cfd41d138c0b63ea4868d0f828debe66b3719c140daabf6372a31d19654d,e05cebc18c2dab444215fb826377edb0480db72e2bf33ed776afbbc2a1d7f150,9,1,0.001524,0.0019306570000026113,0.2029999999795109,4.0506478,4.2578153,4.2625468,primary,False
r070,evaluation_09,ecrc,depth_first,response_loss,HumanEval/142,HumanEval/142::62,permit_3cc84b37d9b34a268ce56b3e21c40053,10,pass,d8a60e93c3ccc6b05939eb0ba4d0fcb1ab3dc28099057dac77a0e02305bbc6be,b90c5c39c0c45880ae479d1a572d135ddda0ac5cf159bda25b6111ba7effa133,2040cfd41d138c0b63ea4868d0f828debe66b3719c140daabf6372a31d19654d,e05cebc18c2dab444215fb826377edb0480db72e2bf33ed776afbbc2a1d7f150,10,1,0.001887,0.0023310400000013942,0.2029999999795109,4.3005573,4.5080762,4.5128927,primary,False
r070,evaluation_09,ecrc,depth_first,response_loss,HumanEval/35,HumanEval/35::148,permit_a587f2ff5c1c13cc8f4eacac21294ceb,11,pass,ef39db6521317879dfda06a802bb7d1e237a9facccb24bf73ec733ec9180c350,82de2a85afd16958ee8b5320a689f52ca51404377fdef3c250a85c0464b01db2,7dc5daf7e8fc58657ccee96dc4cc8bb21a4dc4647a56b36477bacb623d4b7d2b,e05cebc18c2dab444215fb826377edb0480db72e2bf33ed776afbbc2a1d7f150,11,1,0.0,0.0018700730000205112,0.2029999999795109,4.5514757,4.7563188,4.7613885,primary,False
r070,evaluation_09,ecrc,depth_first,response_loss,HumanEval/37,HumanEval/37::48,permit_d78f5ccd37af87516c7a36803e69c52c,12,pass,5828b3545776e0971ad36c9508f5d89721e6a80c7edeabd3f6a70479739a2cd3,bb62ddeef273e9b7470d30cf815f4386176fb72385217a77ac72927f334f1a7b,250ae244cf3a26e80187ed878666cd89eca2d668bcecd7439e5ab9eb8c821f9b,e05cebc18c2dab444215fb826377edb0480db72e2bf33ed776afbbc2a1d7f150,12,1,0.0,0.0021579269999847384,0.2029999999795109,4.7991958,5.0044225,6.0353123,drain,True
r071,evaluation_09,ecrc,round_robin,response_loss,HumanEval/155,HumanEval/155::295,permit_ebb78ccb4408a4e9aa80c823d70cf5de,1,pass,3843ef3b0debc35ae969804887c37cb83347488c0cf42ca078f483dd77ac6e05,8e6f6a197aa164c3ec64a8f9b8350fccba785ab5e2c726132bd2b3ce2f85043a,34bed42ca73bf85e2e738011249cc286b6a5cc9a41c5e56eb2c477771d762526,e05cebc18c2dab444215fb826377edb0480db72e2bf33ed776afbbc2a1d7f150,1,1,0.0,0.0020681069999568535,0.20300000000861473,0.0288841,0.2376951,0.2426572,primary,False
r071,evaluation_09,ecrc,round_robin,response_loss,HumanEval/129,HumanEval/129::82,permit_ce87054f9d28da41afad9206d06a95e8,2,fail,30def1da9c9de69b224ea7a61648b18f4f03f47660346487520824e27247187b,b66081994306d6eda44046848a3861eefd8faa813fbda1dd679ae8d9bada8417,3c8bf0f86a3b83c385f57d7d5fae447ee7fe37eec39dcb61bbf3bfdda06e9299,e05cebc18c2dab444215fb826377edb0480db72e2bf33ed776afbbc2a1d7f150,2,1,0.0,0.0025266209999585953,0.20300000000861473,0.2792126,0.4839697,0.4892557,primary,False
r071,evaluation_09,ecrc,round_robin,response_loss,HumanEval/121,HumanEval/121::413,permit_471217d22a4f4451d94a432159736fa3,3,pass,cf1dbecbcc6618255a860bc1e92a05f03444c3878934fbeea0a22fb8cdc965b7,2bb9d74ad7501886953e162263ef86477da1ec952c8e7ce4b1d88f33cb4f3c70,578f210c881245b4e1b57f8065454aec9af6f0a1255b9c3698db421aed0c8677,e05cebc18c2dab444215fb826377edb0480db72e2bf33ed776afbbc2a1d7f150,3,1,0.0,0.001977465999971173,0.20300000000861473,0.5293349,0.7354214,0.7409923,primary,False
r071,evaluation_09,ecrc,round_robin,response_loss,HumanEval/142,HumanEval/142::285,permit_8939121826eb19041c099e8c7f716c6f,4,fail,1aea11793228d1dae79284e41728a8854c1146d6e288ad2ce642b355f597f058,e1fb028a12b9e762fff99f294b9fc59262e2004476b4f4a878641dc2659235d4,2040cfd41d138c0b63ea4868d0f828debe66b3719c140daabf6372a31d19654d,e05cebc18c2dab444215fb826377edb0480db72e2bf33ed776afbbc2a1d7f150,4,1,0.001395,0.0023780239999950936,0.20300000000861473,0.7794942,0.9837934,1.992828,primary,True
r071,evaluation_09,ecrc,round_robin,response_loss,HumanEval/35,HumanEval/35::148,permit_a587f2ff5c1c13cc8f4eacac21294ceb,5,pass,892b78d9f0db75d59800dfc229434081e1573e4896ac351b5f2028ff428be67a,82de2a85afd16958ee8b5320a689f52ca51404377fdef3c250a85c0464b01db2,7dc5daf7e8fc58657ccee96dc4cc8bb21a4dc4647a56b36477bacb623d4b7d2b,e05cebc18c2dab444215fb826377edb0480db72e2bf33ed776afbbc2a1d7f150,5,1,0.0,0.0019452950000413693,0.20399999999790452,2.0100041,2.2186652,2.2234957,primary,False
r071,evaluation_09,ecrc,round_robin,response_loss,HumanEval/37,HumanEval/37::48,permit_d78f5ccd37af87516c7a36803e69c52c,6,pass,7ec9ae9d2e362e45bd624a8b6f0cce43a027441ab3909775383dd5d34de2eb2c,bb62ddeef273e9b7470d30cf815f4386176fb72385217a77ac72927f334f1a7b,250ae244cf3a26e80187ed878666cd89eca2d668bcecd7439e5ab9eb8c821f9b,e05cebc18c2dab444215fb826377edb0480db72e2bf33ed776afbbc2a1d7f150,6,1,0.0009209999999999999,0.002319039999974848,0.20399999999790452,2.2613758,2.4697731,2.4750527,primary,False
r071,evaluation_09,ecrc,round_robin,response_loss,HumanEval/33,HumanEval/33::343,permit_1ae586a02c7993ccff5e43183b75afe0,7,fail,4f73d237c779893f346bb74d44d21e6b632868e5db221e704b16ab0d160e2ae0,e3b0c44298fc1c149afbf4c8996fb92427ae41e4649b934ca495991b7852b855,a3312b9a049a706dd982a490282df9a7aea24defd68a8f74f3538c76e2aaefd3,e05cebc18c2dab444215fb826377edb0480db72e2bf33ed776afbbc2a1d7f150,7,1,0.00031999999999999997,0.0022342019999541662,0.20399999999790452,2.5116066,2.7183645,2.7236864,primary,False
r071,evaluation_09,ecrc,round_robin,response_loss,HumanEval/143,HumanEval/143::207,permit_8399ac9359ccc9b75a9c9010504172aa,8,pass,c7351d535048fd18b02d4f4d68c2fa9dd4f5de00614ba9ee93a90e6fd12d5f3a,de2fc1d80f84aa697e0027234b0a63744609f54c0d19945723393fdd63661539,ffb0076ba6ea5cb0ac8742cbd81acbbca164c1266256296fae4a18bf6a162fb1,e05cebc18c2dab444215fb826377edb0480db72e2bf33ed776afbbc2a1d7f150,8,1,0.000523,0.0018575279999595296,0.21899999998277053,2.7387176,2.9453426,3.971153,primary,True
r071,evaluation_09,ecrc,round_robin,response_loss,HumanEval/129,HumanEval/129::381,permit_a8bda369e6d8782ae43d3f3e02e94067,9,fail,ba86b88d4426b770f1a2975e97ac04a40d6d57b30025fda89e9740869f0c8969,0fef2c5d6de57e41fd885c0f996f4df8edf2513987c5cb56eee1a87364b7db40,3c8bf0f86a3b83c385f57d7d5fae447ee7fe37eec39dcb61bbf3bfdda06e9299,e05cebc18c2dab444215fb826377edb0480db72e2bf33ed776afbbc2a1d7f150,9,1,0.000901,0.002510661000030723,0.20300000000861473,4.0021176,4.2091022,4.2152942,primary,False
r071,evaluation_09,ecrc,round_robin,response_loss,HumanEval/142,HumanEval/142::59,permit_d9ff72ea2eba438d6e418ac2f1366c04,10,fail,3d37bb22e0f7c3b3fd9e717f083b474095bff12cd1d314f8cd4967495198e446,ef5509ce7ed57418dd19baca1452ee630ae39786bb65e6143319e25f157742bd,2040cfd41d138c0b63ea4868d0f828debe66b3719c140daabf6372a31d19654d,e05cebc18c2dab444215fb826377edb0480db72e2bf33ed776afbbc2a1d7f150,10,1,0.0,0.002423309999983303,0.20300000000861473,4.2495105,4.4558754,4.4611634,primary,False
r071,evaluation_09,ecrc,round_robin,response_loss,HumanEval/33,HumanEval/33::352,permit_c345f7f3fc49b283b4a07ffe7d972a8a,11,fail,d40cb1e59cc317c0528df1cadf74392e197719d16053c11c29bb59bf5ed60cd8,6dd713c81f22a6ea487b17de0c062bfbec311de2042aa62b4da3a05161e192fb,a3312b9a049a706dd982a490282df9a7aea24defd68a8f74f3538c76e2aaefd3,e05cebc18c2dab444215fb826377edb0480db72e2bf33ed776afbbc2a1d7f150,11,1,0.0,0.00229970600003071,0.20300000000861473,4.4974085,4.7072998,4.7128877,primary,False
r071,evaluation_09,ecrc,round_robin,response_loss,HumanEval/129,HumanEval/129::364,permit_0674077f154c80b313b2c77406bdd926,12,fail,7315e070b0f4a69905f720296372f21fde2b9b66bba19a7cf4b13482845e0081,3c099f511928b110f4ad7423e631f50943fddde81b5c6017e4091d3e31d80c28,3c8bf0f86a3b83c385f57d7d5fae447ee7fe37eec39dcb61bbf3bfdda06e9299,e05cebc18c2dab444215fb826377edb0480db72e2bf33ed776afbbc2a1d7f150,12,1,0.000802,0.003102241000021877,0.20300000000861473,4.7475588,4.9546059,5.9878328,drain,True
r072,evaluation_09,ordinary,round_robin,response_loss,HumanEval/155,HumanEval/155::295,ordinary-permit-e0e656b2cf68e7a789c8046971b6f6b3,1,pass,ab882eea166a1fe1c17fd1754149e9cbe3e2809c8bdf912b273282e9b461f5ee,8e6f6a197aa164c3ec64a8f9b8350fccba785ab5e2c726132bd2b3ce2f85043a,34bed42ca73bf85e2e738011249cc286b6a5cc9a41c5e56eb2c477771d762526,e05cebc18c2dab444215fb826377edb0480db72e2bf33ed776afbbc2a1d7f150,1,1,0.0,0.0017790300000228854,0.21799999999348074,0.0354551,0.2441711,0.2487122,primary,False
r072,evaluation_09,ordinary,round_robin,response_loss,HumanEval/129,HumanEval/129::82,ordinary-permit-20965faa0db8575825463dbd9fd74fd6,2,fail,7e0dff4d0f5dcc7895bb16601128e306539fe4ee00eb3736662f299b0687cb0e,b66081994306d6eda44046848a3861eefd8faa813fbda1dd679ae8d9bada8417,3c8bf0f86a3b83c385f57d7d5fae447ee7fe37eec39dcb61bbf3bfdda06e9299,e05cebc18c2dab444215fb826377edb0480db72e2bf33ed776afbbc2a1d7f150,2,1,0.0,0.002614891999996871,0.20300000000861473,0.2864825,0.4956185,0.5006693,primary,False
r072,evaluation_09,ordinary,round_robin,response_loss,HumanEval/121,HumanEval/121::413,ordinary-permit-f468c6e437a3e28ffe4dd378b6260c19,3,pass,1afd1948ba812cfd1c633a03cf606646cfdb55d6402e82103c58c9a35efcfc5b,2bb9d74ad7501886953e162263ef86477da1ec952c8e7ce4b1d88f33cb4f3c70,578f210c881245b4e1b57f8065454aec9af6f0a1255b9c3698db421aed0c8677,e05cebc18c2dab444215fb826377edb0480db72e2bf33ed776afbbc2a1d7f150,3,1,0.0,0.0019792179999740256,0.20300000000861473,0.5368281,0.7439833,0.7491977,primary,False
r072,evaluation_09,ordinary,round_robin,response_loss,HumanEval/142,HumanEval/142::285,ordinary-permit-c9947181c0ae66ddf6b325cbe758eff7,4,fail,4ec5267523976b55e3fdedf4320c27112072661997f0cb2f246dc6580151858a,e1fb028a12b9e762fff99f294b9fc59262e2004476b4f4a878641dc2659235d4,2040cfd41d138c0b63ea4868d0f828debe66b3719c140daabf6372a31d19654d,e05cebc18c2dab444215fb826377edb0480db72e2bf33ed776afbbc2a1d7f150,4,1,0.000664,0.0019549030000121093,0.2029999999795109,0.7729964,0.981122,2.0118883,primary,True
r072,evaluation_09,ordinary,round_robin,response_loss,HumanEval/35,HumanEval/35::148,ordinary-permit-f05063a4be6e85d501164d116ef4c409,5,pass,b443cdbe1dae46da3263ef07d31730b31f2c0a0dcdbf8b1eb0ce949794fd72e8,82de2a85afd16958ee8b5320a689f52ca51404377fdef3c250a85c0464b01db2,7dc5daf7e8fc58657ccee96dc4cc8bb21a4dc4647a56b36477bacb623d4b7d2b,e05cebc18c2dab444215fb826377edb0480db72e2bf33ed776afbbc2a1d7f150,5,1,0.0,0.001914175999957024,0.20300000000861473,2.0417613,2.2508833,2.2557443,primary,False
r072,evaluation_09,ordinary,round_robin,response_loss,HumanEval/37,HumanEval/37::48,ordinary-permit-34e0de0934cf6d06fe1948f8335e8d15,6,pass,88b76099dbe795cab51e1a0a1f0af41fd809972f9b8fed6fa538d2755d0e9d07,bb62ddeef273e9b7470d30cf815f4386176fb72385217a77ac72927f334f1a7b,250ae244cf3a26e80187ed878666cd89eca2d668bcecd7439e5ab9eb8c821f9b,e05cebc18c2dab444215fb826377edb0480db72e2bf33ed776afbbc2a1d7f150,6,1,0.0,0.0022497410000141826,0.20300000000861473,2.2938174,2.5004626,2.5050776,primary,False
r072,evaluation_09,ordinary,round_robin,response_loss,HumanEval/33,HumanEval/33::343,ordinary-permit-ac99f1bd365f5b3f4f6481e1858727df,7,fail,8fefeca1a767c3e9df84e34fcda2f04bef836d558344bae60f4f304297395876,e3b0c44298fc1c149afbf4c8996fb92427ae41e4649b934ca495991b7852b855,a3312b9a049a706dd982a490282df9a7aea24defd68a8f74f3538c76e2aaefd3,e05cebc18c2dab444215fb826377edb0480db72e2bf33ed776afbbc2a1d7f150,7,1,0.0017749999999999999,0.0024062729999627663,0.2029999999795109,2.5293093,2.735687,2.7403768,primary,False
r072,evaluation_09,ordinary,round_robin,response_loss,HumanEval/143,HumanEval/143::207,ordinary-permit-40e162c7f2b82ab8c2eeb0654531571f,8,pass,41ffde9419e25f6527c3098af1b176d571b57ff5ef97171f6a4d3e7977a2894e,de2fc1d80f84aa697e0027234b0a63744609f54c0d19945723393fdd63661539,ffb0076ba6ea5cb0ac8742cbd81acbbca164c1266256296fae4a18bf6a162fb1,e05cebc18c2dab444215fb826377edb0480db72e2bf33ed776afbbc2a1d7f150,8,1,0.000417,0.001957698000012442,0.20399999999790452,2.7532807,2.9574426,3.9661579,primary,True
r072,evaluation_09,ordinary,round_robin,response_loss,HumanEval/129,HumanEval/129::381,ordinary-permit-f5249ffa8149efbd1ad9fcaecd233180,9,fail,88cb62765a43608e2415ec1a4efd2b917f322b881fda06d043dced250f0fe518,0fef2c5d6de57e41fd885c0f996f4df8edf2513987c5cb56eee1a87364b7db40,3c8bf0f86a3b83c385f57d7d5fae447ee7fe37eec39dcb61bbf3bfdda06e9299,e05cebc18c2dab444215fb826377edb0480db72e2bf33ed776afbbc2a1d7f150,9,1,0.0,0.0024547289999645727,0.20399999999790452,3.9958389,4.2069415,4.2112126,primary,False
r072,evaluation_09,ordinary,round_robin,response_loss,HumanEval/142,HumanEval/142::59,ordinary-permit-26eb4dac7b27d0d8487ad107ae552cb3,10,fail,bdb1fa1e6476ebbeb9a78275382a2944ab68d00665081710324227dd6705c72b,ef5509ce7ed57418dd19baca1452ee630ae39786bb65e6143319e25f157742bd,2040cfd41d138c0b63ea4868d0f828debe66b3719c140daabf6372a31d19654d,e05cebc18c2dab444215fb826377edb0480db72e2bf33ed776afbbc2a1d7f150,10,1,0.001469,0.0022378990000220256,0.21900000001187436,4.2243506,4.4471585,4.4524895,primary,False
r072,evaluation_09,ordinary,round_robin,response_loss,HumanEval/33,HumanEval/33::352,ordinary-permit-12c4b2521b49700e9e86173d76df2e4e,11,fail,30283100f9321da954e4d5f0ff7250aec68661c621a7758d0fcb016e4ca5def2,6dd713c81f22a6ea487b17de0c062bfbec311de2042aa62b4da3a05161e192fb,a3312b9a049a706dd982a490282df9a7aea24defd68a8f74f3538c76e2aaefd3,e05cebc18c2dab444215fb826377edb0480db72e2bf33ed776afbbc2a1d7f150,11,1,0.000503,0.00280719200003432,0.21900000001187436,4.4808752,4.6953795,4.7009754,primary,False
r072,evaluation_09,ordinary,round_robin,response_loss,HumanEval/129,HumanEval/129::364,ordinary-permit-b6ad37dad62d9dadacb784a5b6e7f16f,12,fail,d3b3695441a42a805393a70121d26eecb488cac16cf87f708214f46c62b88c47,3c099f511928b110f4ad7423e631f50943fddde81b5c6017e4091d3e31d80c28,3c8bf0f86a3b83c385f57d7d5fae447ee7fe37eec39dcb61bbf3bfdda06e9299,e05cebc18c2dab444215fb826377edb0480db72e2bf33ed776afbbc2a1d7f150,12,1,0.0,0.0030481879999797457,0.2029999999795109,4.7164539,4.92815,5.9520561,drain,True
r073,evaluation_10,ordinary,round_robin,response_loss,HumanEval/36,HumanEval/36::380,ordinary-permit-2ab7a45e1df081cc6f9fae62a7254123,1,pass,d9b88084aad32dc3acffb3693098dc4ba1877ff5294fec30391db0376821d532,9ce9aea0483adbabb76b0dec55889275093abd7ce1a715fe31955e2be5376d7e,33902aa28a76a3d18738481f56efa1dbf4a361328768356c6de78461113bfeee,e05cebc18c2dab444215fb826377edb0480db72e2bf33ed776afbbc2a1d7f150,1,1,0.005527,0.00787019000000555,0.21900000001187436,0.015664,0.2328042,0.2374935,primary,False
r073,evaluation_10,ordinary,round_robin,response_loss,HumanEval/59,HumanEval/59::304,ordinary-permit-9b646012f93535362f1a63c955ccc8a8,2,pass,66d266f1393536d90a4634c18f8fb45d69037597e3d245ab916e7612aa2181e1,354d2144bbef3bb7aa0ae73bcfd8807fb0368d1507e5d46f5e0d1569add79eed,3be68a49de2a44e8164f7c02a2cc07d2e3f65008f15e7cb864e73c1f1121e4fb,e05cebc18c2dab444215fb826377edb0480db72e2bf33ed776afbbc2a1d7f150,2,1,0.0,0.0020167200000287266,0.20300000000861473,0.2516535,0.461985,0.4673485,primary,False
r073,evaluation_10,ordinary,round_robin,response_loss,HumanEval/103,HumanEval/103::348,ordinary-permit-a478fb15fae71cf5062b995827fe35ff,3,fail,c04fe0d562c535770e5c25bde3d30a886fab9b1f5e6c58d038ed24206a7211de,c55ca4d12cd33246920587ac3fa4455659628025719ad20334db1066e9190a4b,ed8794511bd6318e05426f788deda86e9043e9f360f130f9d1d18403a7511dbc,e05cebc18c2dab444215fb826377edb0480db72e2bf33ed776afbbc2a1d7f150,3,1,0.000421,0.0023707759999638256,0.20300000000861473,0.4987205,0.7035679,0.7083676,primary,False
r073,evaluation_10,ordinary,round_robin,response_loss,HumanEval/151,HumanEval/151::250,ordinary-permit-e5c8f30755c00f95fc4101802c161513,4,fail,54688558ecbef15f635e6e0387ac76665fdbeb8a41711615e9ac0d6f21e83f43,2f8a56a916e0401b87e44c4523341bac31bd41323d73081dba428bcea9d451de,d7f70c9fedd17da313271b0afcb2f37a6ea21b8e54e9afeac6930597aa8216cc,e05cebc18c2dab444215fb826377edb0480db72e2bf33ed776afbbc2a1d7f150,4,1,0.0,0.002449708999961331,0.21899999998277053,0.7329663,0.9508781,1.9696905,primary,True
r073,evaluation_10,ordinary,round_robin,response_loss,HumanEval/144,HumanEval/144::273,ordinary-permit-eefb63e05ab220f500555db727e79f2a,5,pass,1ab2474c20bb73fcb9cbd6de49318c239859f89966a468e1140c4e18c09aad37,aeb653ed7f28fab44c248847d64f1ba7f93dd76c4a16e7c67564f79cee09e63d,a5fceb868500fb3360923659a9acfc676f4843bf07cbe492c02ae9f3825e12d4,e05cebc18c2dab444215fb826377edb0480db72e2bf33ed776afbbc2a1d7f150,5,1,0.002727,0.007006320000016331,0.21900000001187436,1.9994185,2.2154537,2.2204372,primary,False
r073,evaluation_10,ordinary,round_robin,response_loss,HumanEval/9,HumanEval/9::306,ordinary-permit-7986f48e55436f2be1cdedee1d7ba20a,6,pass,7d35a745721f0402838ba086accf996a8846e2705a4f58a3d624b55ee7a7ebec,34b43534c58be8cfdd8b5d79ff370ab50bd94ed7f92a0bd42dd94b532deb624b,ea4c0c4da11c45408e42bac13c6983f287ab9e228ee7c4cfb82133355791b610,e05cebc18c2dab444215fb826377edb0480db72e2bf33ed776afbbc2a1d7f150,6,1,0.0,0.0021306950000052893,0.20300000000861473,2.2480517,2.4578616,2.4629719,primary,False
r073,evaluation_10,ordinary,round_robin,response_loss,HumanEval/27,HumanEval/27::358,ordinary-permit-249f25c3b26522fa53b3f30249817c47,7,pass,3c8d7634d0035cd0168697dccf1dbf8728ff46d1515ee934b1336d79c84c9eb7,711f462a985848d76912f21ea1e623a329f82a3b293a105970b169b7a5537ca8,bae65694358203b294c7bd946f86e137b9d51e17f05011dcafe5022903b24b8d,e05cebc18c2dab444215fb826377edb0480db72e2bf33ed776afbbc2a1d7f150,7,1,0.0,0.001956505999999081,0.20300000000861473,2.4983091,2.7058013,2.7105907,primary,False
r073,evaluation_10,ordinary,round_robin,response_loss,HumanEval/32,HumanEval/32::241,ordinary-permit-7fd08eaed1eca38eaae13df4c863e12e,8,fail,5ba9e0ac53e43013d22993a0cbb683f0d2f4b3f5c4bd03277769a6271dbb0f6b,7e9b58643c429dde456750280c23598cb655ee957cfc89d49cf57b331594cdc0,49cef3f8fb8d536902e6a767e103aaf38e2c9296e3b5f0d8ec04cda853435225,e05cebc18c2dab444215fb826377edb0480db72e2bf33ed776afbbc2a1d7f150,8,1,0.052841,0.09121725200003539,0.2970000000204891,2.7481872,3.0492414,4.0764074,primary,True
r073,evaluation_10,ordinary,round_robin,response_loss,HumanEval/103,HumanEval/103::90,ordinary-permit-3f98c58c42f0826edb0e22df61d1e178,9,fail,18e4a4cf574a8400897790ad73913564e49c94c43686cf74c46c2cefc7a9e6a4,606f874a8df002538da3dab38da238e8779ae7a1b726ec3cb6c410b2c9d63b32,ed8794511bd6318e05426f788deda86e9043e9f360f130f9d1d18403a7511dbc,e05cebc18c2dab444215fb826377edb0480db72e2bf33ed776afbbc2a1d7f150,9,1,0.00139,0.002268907000029685,0.2029999999795109,4.1070689,4.3188294,4.3239416,primary,False
r073,evaluation_10,ordinary,round_robin,response_loss,HumanEval/151,HumanEval/151::57,ordinary-permit-cc3610b1c54a07dbee7d6135f3e3846b,10,pass,441b82be538e419fb0c42fee7fa2b64454e9318cd049f1dbdce58fd9a6b8ba32,bf47999ebc2d27f0163e56f7725f5a909eef4ed6477be3a6bf56832f11809fe5,d7f70c9fedd17da313271b0afcb2f37a6ea21b8e54e9afeac6930597aa8216cc,e05cebc18c2dab444215fb826377edb0480db72e2bf33ed776afbbc2a1d7f150,10,1,0.001542,0.0022243340000045464,0.2029999999795109,4.358637,4.5728811,4.5782368,primary,False
r073,evaluation_10,ordinary,round_robin,response_loss,HumanEval/32,HumanEval/32::101,ordinary-permit-87f46dc44d765ab26b641111fabc6dcc,11,fail,97555a6b79a1b26a732de1b7de73eca3ca4b3be37cd3dee2aeb87b04d83d2783,abab08d2e0a35bf350eb2258fa0755f913758be7cce6617934106d19569675e0,49cef3f8fb8d536902e6a767e103aaf38e2c9296e3b5f0d8ec04cda853435225,e05cebc18c2dab444215fb826377edb0480db72e2bf33ed776afbbc2a1d7f150,11,1,0.032387,0.03466582900000503,0.23399999999674037,4.5939603,4.8335182,4.8389349,primary,False
r073,evaluation_10,ordinary,round_robin,response_loss,HumanEval/103,HumanEval/103::485,ordinary-permit-bfe67b497200a1eff291ad96db058b1d,12,pass,268671fa7a650192f531abf038a9231b6947e43329286f09d98143e0865d69c3,cc58895103138a0f419efd5b95b4c3e88134697ce5efedb569f1ddb97fe39453,ed8794511bd6318e05426f788deda86e9043e9f360f130f9d1d18403a7511dbc,e05cebc18c2dab444215fb826377edb0480db72e2bf33ed776afbbc2a1d7f150,12,1,0.0006169999999999999,0.002146545000016431,0.20300000000861473,4.8740445,5.0834553,6.1043621,drain,True
r074,evaluation_10,ecrc,round_robin,response_loss,HumanEval/36,HumanEval/36::380,permit_a38588b58b46b6650be47304cc42b9ed,1,pass,d179a1e40d8f95782d9c30b6539d4b8c66141261ce12f63d7775cc555ffb0317,9ce9aea0483adbabb76b0dec55889275093abd7ce1a715fe31955e2be5376d7e,33902aa28a76a3d18738481f56efa1dbf4a361328768356c6de78461113bfeee,e05cebc18c2dab444215fb826377edb0480db72e2bf33ed776afbbc2a1d7f150,1,1,0.007535999999999999,0.007874039999990146,0.21900000001187436,0.0399018,0.2582374,0.2637971,primary,False
r074,evaluation_10,ecrc,round_robin,response_loss,HumanEval/59,HumanEval/59::304,permit_2fe2758e70ddb74865f622ec94f43262,2,pass,8e5ccf5ffb367b47387b2e0eeb6e32bc3579a3aefd065130d3b0dca859696925,354d2144bbef3bb7aa0ae73bcfd8807fb0368d1507e5d46f5e0d1569add79eed,3be68a49de2a44e8164f7c02a2cc07d2e3f65008f15e7cb864e73c1f1121e4fb,e05cebc18c2dab444215fb826377edb0480db72e2bf33ed776afbbc2a1d7f150,2,1,0.0,0.0018329470000253423,0.20300000000861473,0.2916546,0.5074242,0.5126177,primary,False
r074,evaluation_10,ecrc,round_robin,response_loss,HumanEval/103,HumanEval/103::348,permit_0c9a415032c9d18903ce88fb46165234,3,fail,8911460e4b4ef4f32107021da35edbf923e33bf76013981e3c955818aa1de7c0,c55ca4d12cd33246920587ac3fa4455659628025719ad20334db1066e9190a4b,ed8794511bd6318e05426f788deda86e9043e9f360f130f9d1d18403a7511dbc,e05cebc18c2dab444215fb826377edb0480db72e2bf33ed776afbbc2a1d7f150,3,1,0.000691,0.001827059999982339,0.20300000000861473,0.5408509,0.7514659,0.7564582,primary,False
r074,evaluation_10,ecrc,round_robin,response_loss,HumanEval/151,HumanEval/151::250,permit_9e93e609e3677648c1251614ff369a12,4,fail,a0a4ba94878d7484347a0cbbd553691009f908722378d561f80c47aa6aff64b3,2f8a56a916e0401b87e44c4523341bac31bd41323d73081dba428bcea9d451de,d7f70c9fedd17da313271b0afcb2f37a6ea21b8e54e9afeac6930597aa8216cc,e05cebc18c2dab444215fb826377edb0480db72e2bf33ed776afbbc2a1d7f150,4,1,0.000493,0.002245611999967423,0.20300000000861473,0.7927335,1.0038763,2.0352482,primary,True
r074,evaluation_10,ecrc,round_robin,response_loss,HumanEval/144,HumanEval/144::273,permit_628102fca27dd64e3c87211359ba514d,5,pass,f577880c3a891a6fb956defffa67b609770a19d8c0d7839dc4a1029ba661cc42,aeb653ed7f28fab44c248847d64f1ba7f93dd76c4a16e7c67564f79cee09e63d,a5fceb868500fb3360923659a9acfc676f4843bf07cbe492c02ae9f3825e12d4,e05cebc18c2dab444215fb826377edb0480db72e2bf33ed776afbbc2a1d7f150,5,1,0.000335,0.004506645999981629,0.21900000001187436,2.0652536,2.2779018,2.283384,primary,False
r074,evaluation_10,ecrc,round_robin,response_loss,HumanEval/9,HumanEval/9::306,permit_d6145d6f277164be92d5893e3ad03c74,6,pass,d4cea28748b0391ecf74598e1a114cadbf6cba6da9ce43fa7bf505a637e92538,34b43534c58be8cfdd8b5d79ff370ab50bd94ed7f92a0bd42dd94b532deb624b,ea4c0c4da11c45408e42bac13c6983f287ab9e228ee7c4cfb82133355791b610,e05cebc18c2dab444215fb826377edb0480db72e2bf33ed776afbbc2a1d7f150,6,1,0.00013,0.0022371060000523357,0.21900000001187436,2.3174964,2.5248601,2.530664,primary,False
r074,evaluation_10,ecrc,round_robin,response_loss,HumanEval/27,HumanEval/27::358,permit_f7f963aee98c2a80a03ff293794b9287,7,pass,d2016eac897e2f881409a246156384610201bb5759c0787bae69925fd5d5f792,711f462a985848d76912f21ea1e623a329f82a3b293a105970b169b7a5537ca8,bae65694358203b294c7bd946f86e137b9d51e17f05011dcafe5022903b24b8d,e05cebc18c2dab444215fb826377edb0480db72e2bf33ed776afbbc2a1d7f150,7,1,0.0,0.0017938679999929263,0.21900000001187436,2.5666867,2.7815303,2.7871295,primary,False
r074,evaluation_10,ecrc,round_robin,response_loss,HumanEval/32,HumanEval/32::241,permit_2b86b9c3d7bba14ba96b12cb5b5bfc54,8,fail,473ed247551260345665547849152d377b9b9e5cfcc2ed469b21bf0694ae29c4,7e9b58643c429dde456750280c23598cb655ee957cfc89d49cf57b331594cdc0,49cef3f8fb8d536902e6a767e103aaf38e2c9296e3b5f0d8ec04cda853435225,e05cebc18c2dab444215fb826377edb0480db72e2bf33ed776afbbc2a1d7f150,8,1,0.029469000000000002,0.033674630000007255,0.25,2.8182055,3.0592629,4.0909331,primary,True
r074,evaluation_10,ecrc,round_robin,response_loss,HumanEval/103,HumanEval/103::90,permit_bb5f9e6b105b96af36cbeb22b077b8e2,9,fail,25ad0e9d0da052eb41a443f989f366b1a2f1637b797a5229faa5f2c10bf3965c,606f874a8df002538da3dab38da238e8779ae7a1b726ec3cb6c410b2c9d63b32,ed8794511bd6318e05426f788deda86e9043e9f360f130f9d1d18403a7511dbc,e05cebc18c2dab444215fb826377edb0480db72e2bf33ed776afbbc2a1d7f150,9,1,0.0,0.002283802000022206,0.20399999999790452,4.1218436,4.3286192,4.3342619,primary,False
r074,evaluation_10,ecrc,round_robin,response_loss,HumanEval/151,HumanEval/151::57,permit_59de9a141e660447d29774e402a53fc6,10,pass,dd778d944e349305edb2ca2b54fadd7b8395f875186ea46e21a50f4dd03470ef,bf47999ebc2d27f0163e56f7725f5a909eef4ed6477be3a6bf56832f11809fe5,d7f70c9fedd17da313271b0afcb2f37a6ea21b8e54e9afeac6930597aa8216cc,e05cebc18c2dab444215fb826377edb0480db72e2bf33ed776afbbc2a1d7f150,10,1,2.9999999999999997e-05,0.002195579000044745,0.20399999999790452,4.3721472,4.578283,4.5833176,primary,False
r074,evaluation_10,ecrc,round_robin,response_loss,HumanEval/32,HumanEval/32::101,permit_7ab0767982bd3e62ca264f4d1fc20cc5,11,fail,76cb38c1aa5d64af65931f8d663af716637c27579cefa6bd99cfdb3267788bae,abab08d2e0a35bf350eb2258fa0755f913758be7cce6617934106d19569675e0,49cef3f8fb8d536902e6a767e103aaf38e2c9296e3b5f0d8ec04cda853435225,e05cebc18c2dab444215fb826377edb0480db72e2bf33ed776afbbc2a1d7f150,11,1,0.032917,0.03379613300000983,0.23499999998603016,4.6211135,4.8609958,4.8668109,primary,False
r074,evaluation_10,ecrc,round_robin,response_loss,HumanEval/103,HumanEval/103::485,permit_d7f113345406a90c28ff14b36e0adc00,12,pass,313a6dd60a146de3a8a379e8b1f9aa49d7d66fdb8ce0e19845e49e88ece53ad6,cc58895103138a0f419efd5b95b4c3e88134697ce5efedb569f1ddb97fe39453,ed8794511bd6318e05426f788deda86e9043e9f360f130f9d1d18403a7511dbc,e05cebc18c2dab444215fb826377edb0480db72e2bf33ed776afbbc2a1d7f150,12,1,0.0,0.0021542099999578568,0.2029999999795109,4.9059046,5.1134094,6.1418419,drain,True
r075,evaluation_10,ecrc,depth_first,response_loss,HumanEval/36,HumanEval/36::380,permit_a38588b58b46b6650be47304cc42b9ed,1,pass,2e6385ca3d589f9c7e0be40658a0dc190c86eb0f92ffa8a2a930bfc0994e589c,9ce9aea0483adbabb76b0dec55889275093abd7ce1a715fe31955e2be5376d7e,33902aa28a76a3d18738481f56efa1dbf4a361328768356c6de78461113bfeee,e05cebc18c2dab444215fb826377edb0480db72e2bf33ed776afbbc2a1d7f150,1,1,0.003845,0.007874310000033802,0.21799999999348074,0.0310072,0.2421906,0.2470332,primary,False
r075,evaluation_10,ecrc,depth_first,response_loss,HumanEval/59,HumanEval/59::304,permit_2fe2758e70ddb74865f622ec94f43262,2,pass,32bc94222f10fee31606c06b630eb4558f53abfe91cf9668551d0e97f6f29016,354d2144bbef3bb7aa0ae73bcfd8807fb0368d1507e5d46f5e0d1569add79eed,3be68a49de2a44e8164f7c02a2cc07d2e3f65008f15e7cb864e73c1f1121e4fb,e05cebc18c2dab444215fb826377edb0480db72e2bf33ed776afbbc2a1d7f150,2,1,0.0,0.0017105989999777194,0.21799999999348074,0.2820137,0.4896025,0.4949658,primary,False
r075,evaluation_10,ecrc,depth_first,response_loss,HumanEval/103,HumanEval/103::348,permit_0c9a415032c9d18903ce88fb46165234,3,fail,8fbb9c42ac26485a7a7b9680ccd4eb76a8aeab87f9209ad5d1d09a7d293be26f,c55ca4d12cd33246920587ac3fa4455659628025719ad20334db1066e9190a4b,ed8794511bd6318e05426f788deda86e9043e9f360f130f9d1d18403a7511dbc,e05cebc18c2dab444215fb826377edb0480db72e2bf33ed776afbbc2a1d7f150,3,1,0.0,0.002356041999973968,0.20300000000861473,0.5310955,0.7397468,0.7455765,primary,False
r075,evaluation_10,ecrc,depth_first,response_loss,HumanEval/103,HumanEval/103::90,permit_bb5f9e6b105b96af36cbeb22b077b8e2,4,fail,58e685875d7e8dc145dd4f83d952afd5e0826890c09338b1577658f7d0a6ca46,606f874a8df002538da3dab38da238e8779ae7a1b726ec3cb6c410b2c9d63b32,ed8794511bd6318e05426f788deda86e9043e9f360f130f9d1d18403a7511dbc,e05cebc18c2dab444215fb826377edb0480db72e2bf33ed776afbbc2a1d7f150,4,1,0.0018269999999999998,0.0021780789999752415,0.21799999999348074,0.7829919,0.9961796,2.0244057,primary,True
r075,evaluation_10,ecrc,depth_first,response_loss,HumanEval/103,HumanEval/103::485,permit_d7f113345406a90c28ff14b36e0adc00,5,pass,77332db86aa1cf5104ffa5f5b3925e04e1a5dfec0deb4c117b4437e2b4365730,cc58895103138a0f419efd5b95b4c3e88134697ce5efedb569f1ddb97fe39453,ed8794511bd6318e05426f788deda86e9043e9f360f130f9d1d18403a7511dbc,e05cebc18c2dab444215fb826377edb0480db72e2bf33ed776afbbc2a1d7f150,5,1,0.0,0.002196370999968167,0.20300000000861473,2.0547131,2.2614372,2.2665438,primary,False
r075,evaluation_10,ecrc,depth_first,response_loss,HumanEval/151,HumanEval/151::250,permit_9e93e609e3677648c1251614ff369a12,6,fail,932e4e6ba344109501aa0f9a78f685adb00165b200b4e2e33ad8144d7cee8c55,2f8a56a916e0401b87e44c4523341bac31bd41323d73081dba428bcea9d451de,d7f70c9fedd17da313271b0afcb2f37a6ea21b8e54e9afeac6930597aa8216cc,e05cebc18c2dab444215fb826377edb0480db72e2bf33ed776afbbc2a1d7f150,6,1,0.0008139999999999999,0.0018888769999989563,0.20300000000861473,2.3061794,2.5169632,2.5219304,primary,False
r075,evaluation_10,ecrc,depth_first,response_loss,HumanEval/151,HumanEval/151::57,permit_59de9a141e660447d29774e402a53fc6,7,pass,7ef4fd8f8802beb9d2756658e6b0e04d165a33615c1ea1a5bf78a41f69ddc099,bf47999ebc2d27f0163e56f7725f5a909eef4ed6477be3a6bf56832f11809fe5,d7f70c9fedd17da313271b0afcb2f37a6ea21b8e54e9afeac6930597aa8216cc,e05cebc18c2dab444215fb826377edb0480db72e2bf33ed776afbbc2a1d7f150,7,1,0.0,0.0020560730000056537,0.20300000000861473,2.5589124,2.7668507,2.771942,primary,False
r075,evaluation_10,ecrc,depth_first,response_loss,HumanEval/144,HumanEval/144::273,permit_628102fca27dd64e3c87211359ba514d,8,pass,48e37fd2fc0b0c2ec88984859d462c8567d1a1a101f3a994e10faa3e31db2609,aeb653ed7f28fab44c248847d64f1ba7f93dd76c4a16e7c67564f79cee09e63d,a5fceb868500fb3360923659a9acfc676f4843bf07cbe492c02ae9f3825e12d4,e05cebc18c2dab444215fb826377edb0480db72e2bf33ed776afbbc2a1d7f150,8,1,0.0028109999999999997,0.004595623999989584,0.20300000000861473,2.8101159,3.0213094,4.0308293,primary,True
r075,evaluation_10,ecrc,depth_first,response_loss,HumanEval/9,HumanEval/9::306,permit_d6145d6f277164be92d5893e3ad03c74,9,pass,db913aa0e60218a1e2e9a377426afbab9e7139fbcc3bf91e2b087d9309e51854,34b43534c58be8cfdd8b5d79ff370ab50bd94ed7f92a0bd42dd94b532deb624b,ea4c0c4da11c45408e42bac13c6983f287ab9e228ee7c4cfb82133355791b610,e05cebc18c2dab444215fb826377edb0480db72e2bf33ed776afbbc2a1d7f150,9,1,0.000153,0.002007563000006485,0.21899999998277053,4.0457245,4.2564863,4.2616029,primary,False
r075,evaluation_10,ecrc,depth_first,response_loss,HumanEval/27,HumanEval/27::358,permit_f7f963aee98c2a80a03ff293794b9287,10,pass,db567a61859a99a69a0ed53c4bb87f2230fd42f88671ef26e04f34f0f9a00adf,711f462a985848d76912f21ea1e623a329f82a3b293a105970b169b7a5537ca8,bae65694358203b294c7bd946f86e137b9d51e17f05011dcafe5022903b24b8d,e05cebc18c2dab444215fb826377edb0480db72e2bf33ed776afbbc2a1d7f150,10,1,0.0,0.001957787999970151,0.21899999998277053,4.2987787,4.5086931,4.5137836,primary,False
r075,evaluation_10,ecrc,depth_first,response_loss,HumanEval/32,HumanEval/32::241,permit_2b86b9c3d7bba14ba96b12cb5b5bfc54,11,fail,c9d1277413343efcf199bfed1534b0f8b6853f158282131146744b1428d8664c,7e9b58643c429dde456750280c23598cb655ee957cfc89d49cf57b331594cdc0,49cef3f8fb8d536902e6a767e103aaf38e2c9296e3b5f0d8ec04cda853435225,e05cebc18c2dab444215fb826377edb0480db72e2bf33ed776afbbc2a1d7f150,11,1,0.033177,0.03375130299997409,0.23499999998603016,4.54626,4.784487,4.7893951,primary,False
r075,evaluation_10,ecrc,depth_first,response_loss,HumanEval/32,HumanEval/32::101,permit_7ab0767982bd3e62ca264f4d1fc20cc5,12,fail,111f75282883a0eee6148da4faba95e15ddfde9c0b9ee19f662efa7b49a16801,abab08d2e0a35bf350eb2258fa0755f913758be7cce6617934106d19569675e0,49cef3f8fb8d536902e6a767e103aaf38e2c9296e3b5f0d8ec04cda853435225,e05cebc18c2dab444215fb826377edb0480db72e2bf33ed776afbbc2a1d7f150,12,1,0.031363999999999996,0.03413582799998949,0.23499999998603016,4.8278111,5.0656192,6.0881011,drain,True
r076,evaluation_10,ordinary,depth_first,response_loss,HumanEval/36,HumanEval/36::380,ordinary-permit-2ab7a45e1df081cc6f9fae62a7254123,1,pass,8bdbf48aa8bc66d18ac7ec6cd6739027d39fd88648409ebff4c513f5258c3101,9ce9aea0483adbabb76b0dec55889275093abd7ce1a715fe31955e2be5376d7e,33902aa28a76a3d18738481f56efa1dbf4a361328768356c6de78461113bfeee,e05cebc18c2dab444215fb826377edb0480db72e2bf33ed776afbbc2a1d7f150,1,1,0.003935,0.008167996999986826,0.21799999999348074,0.0329892,0.2473719,0.2522005,primary,False
r076,evaluation_10,ordinary,depth_first,response_loss,HumanEval/59,HumanEval/59::304,ordinary-permit-9b646012f93535362f1a63c955ccc8a8,2,pass,74799ac16422f8c5e03cce79566972007b8e7d633c0a75f19636aa00b47412b5,354d2144bbef3bb7aa0ae73bcfd8807fb0368d1507e5d46f5e0d1569add79eed,3be68a49de2a44e8164f7c02a2cc07d2e3f65008f15e7cb864e73c1f1121e4fb,e05cebc18c2dab444215fb826377edb0480db72e2bf33ed776afbbc2a1d7f150,2,1,0.0,0.00184585300002027,0.20300000000861473,0.2831737,0.4876128,0.4927129,primary,False
r076,evaluation_10,ordinary,depth_first,response_loss,HumanEval/103,HumanEval/103::348,ordinary-permit-a478fb15fae71cf5062b995827fe35ff,3,fail,c72326d0077ff727e7631fd20910deecb9c9df511485f77dd56e51efd211e851,c55ca4d12cd33246920587ac3fa4455659628025719ad20334db1066e9190a4b,ed8794511bd6318e05426f788deda86e9043e9f360f130f9d1d18403a7511dbc,e05cebc18c2dab444215fb826377edb0480db72e2bf33ed776afbbc2a1d7f150,3,1,0.0,0.002382939999961309,0.20300000000861473,0.517402,0.7273721,0.7323448,primary,False
r076,evaluation_10,ordinary,depth_first,response_loss,HumanEval/103,HumanEval/103::90,ordinary-permit-3f98c58c42f0826edb0e22df61d1e178,4,fail,d60c5a761ead8358bb0fba3fa7302a9071536780d41fe5a762a3c82e23d3fb2d,606f874a8df002538da3dab38da238e8779ae7a1b726ec3cb6c410b2c9d63b32,ed8794511bd6318e05426f788deda86e9043e9f360f130f9d1d18403a7511dbc,e05cebc18c2dab444215fb826377edb0480db72e2bf33ed776afbbc2a1d7f150,4,1,0.0,0.002123258999972677,0.20300000000861473,0.7672942,0.9723284,2.0040212,primary,True
r076,evaluation_10,ordinary,depth_first,response_loss,HumanEval/103,HumanEval/103::485,ordinary-permit-bfe67b497200a1eff291ad96db058b1d,5,pass,e234dae4919bac78ca459a47a645ee457be50675e9dbf41de721c421f0d160ba,cc58895103138a0f419efd5b95b4c3e88134697ce5efedb569f1ddb97fe39453,ed8794511bd6318e05426f788deda86e9043e9f360f130f9d1d18403a7511dbc,e05cebc18c2dab444215fb826377edb0480db72e2bf33ed776afbbc2a1d7f150,5,1,0.0,0.0021609140000009575,0.20300000000861473,2.0355871,2.2440452,2.2484346,primary,False
r076,evaluation_10,ordinary,depth_first,response_loss,HumanEval/151,HumanEval/151::250,ordinary-permit-e5c8f30755c00f95fc4101802c161513,6,fail,1a936b8195b606faf2319df871469ba2e1c007134f1452539431caee472e7be1,2f8a56a916e0401b87e44c4523341bac31bd41323d73081dba428bcea9d451de,d7f70c9fedd17da313271b0afcb2f37a6ea21b8e54e9afeac6930597aa8216cc,e05cebc18c2dab444215fb826377edb0480db72e2bf33ed776afbbc2a1d7f150,6,1,0.0,0.00206973699999935,0.20300000000861473,2.2838476,2.4905306,2.4952886,primary,False
r076,evaluation_10,ordinary,depth_first,response_loss,HumanEval/151,HumanEval/151::57,ordinary-permit-cc3610b1c54a07dbee7d6135f3e3846b,7,pass,08075c21575fa0c46d19b6dc40acd2a46df8b8609061028e14c0e532b2d20bb0,bf47999ebc2d27f0163e56f7725f5a909eef4ed6477be3a6bf56832f11809fe5,d7f70c9fedd17da313271b0afcb2f37a6ea21b8e54e9afeac6930597aa8216cc,e05cebc18c2dab444215fb826377edb0480db72e2bf33ed776afbbc2a1d7f150,7,1,0.0,0.0018817910000166194,0.20300000000861473,2.5192852,2.7278173,2.7329754,primary,False
r076,evaluation_10,ordinary,depth_first,response_loss,HumanEval/144,HumanEval/144::273,ordinary-permit-eefb63e05ab220f500555db727e79f2a,8,pass,f49028a66dc0ab9f1ecca6f097b31fca700b994ad0e501d465f2807f765f9b1e,aeb653ed7f28fab44c248847d64f1ba7f93dd76c4a16e7c67564f79cee09e63d,a5fceb868500fb3360923659a9acfc676f4843bf07cbe492c02ae9f3825e12d4,e05cebc18c2dab444215fb826377edb0480db72e2bf33ed776afbbc2a1d7f150,8,1,0.0018039999999999998,0.004552448000026743,0.20300000000861473,2.7682186,2.9793985,4.0019952,primary,True
r076,evaluation_10,ordinary,depth_first,response_loss,HumanEval/9,HumanEval/9::306,ordinary-permit-7986f48e55436f2be1cdedee1d7ba20a,9,pass,e84ad9e112fa66209da32af5bf3b1f57dfb4eb8a3384123090308219ec21299b,34b43534c58be8cfdd8b5d79ff370ab50bd94ed7f92a0bd42dd94b532deb624b,ea4c0c4da11c45408e42bac13c6983f287ab9e228ee7c4cfb82133355791b610,e05cebc18c2dab444215fb826377edb0480db72e2bf33ed776afbbc2a1d7f150,9,1,0.0,0.001872296000044571,0.20300000000861473,4.0342807,4.2429723,4.247229,primary,False
r076,evaluation_10,ordinary,depth_first,response_loss,HumanEval/27,HumanEval/27::358,ordinary-permit-249f25c3b26522fa53b3f30249817c47,10,pass,5d67e154cae985d1c023e92fdf3719d12e10aaf0af661fe5de0e1628813d0dfa,711f462a985848d76912f21ea1e623a329f82a3b293a105970b169b7a5537ca8,bae65694358203b294c7bd946f86e137b9d51e17f05011dcafe5022903b24b8d,e05cebc18c2dab444215fb826377edb0480db72e2bf33ed776afbbc2a1d7f150,10,1,0.0,0.002055909000034717,0.20300000000861473,4.2839842,4.4937715,4.4987303,primary,False
r076,evaluation_10,ordinary,depth_first,response_loss,HumanEval/32,HumanEval/32::241,ordinary-permit-7fd08eaed1eca38eaae13df4c863e12e,11,fail,66eae7a8d7fe317487b6caaf0c1de2815e6109fc8a5aa5d8809479e2117b7cce,7e9b58643c429dde456750280c23598cb655ee957cfc89d49cf57b331594cdc0,49cef3f8fb8d536902e6a767e103aaf38e2c9296e3b5f0d8ec04cda853435225,e05cebc18c2dab444215fb826377edb0480db72e2bf33ed776afbbc2a1d7f150,11,1,0.031493,0.033636607999994794,0.23399999999674037,4.5342675,4.7744406,4.7792882,primary,False
r076,evaluation_10,ordinary,depth_first,response_loss,HumanEval/32,HumanEval/32::101,ordinary-permit-87f46dc44d765ab26b641111fabc6dcc,12,fail,83b7362008e3484700a6aae4b6606903987f261f12c1485208e6bfab54b9d403,abab08d2e0a35bf350eb2258fa0755f913758be7cce6617934106d19569675e0,49cef3f8fb8d536902e6a767e103aaf38e2c9296e3b5f0d8ec04cda853435225,e05cebc18c2dab444215fb826377edb0480db72e2bf33ed776afbbc2a1d7f150,12,1,0.032268,0.03314945400001079,0.2340000000258442,4.8143428,5.0524484,6.0812889,drain,True
r077,evaluation_10,ecrc,round_robin,normal,HumanEval/36,HumanEval/36::380,permit_a38588b58b46b6650be47304cc42b9ed,1,pass,35a69fb1dfb3a3b836247e699f981b66f5b407e73aad03a18c7ce3ece2ea6417,9ce9aea0483adbabb76b0dec55889275093abd7ce1a715fe31955e2be5376d7e,33902aa28a76a3d18738481f56efa1dbf4a361328768356c6de78461113bfeee,e05cebc18c2dab444215fb826377edb0480db72e2bf33ed776afbbc2a1d7f150,1,1,0.007646,0.008170955000025515,0.21900000001187436,0.0302632,0.2463625,0.252288,primary,False
r077,evaluation_10,ecrc,round_robin,normal,HumanEval/59,HumanEval/59::304,permit_2fe2758e70ddb74865f622ec94f43262,2,pass,7a021cc52414d74f9390e465053044071967a290860adb97db23501b2e6c135f,354d2144bbef3bb7aa0ae73bcfd8807fb0368d1507e5d46f5e0d1569add79eed,3be68a49de2a44e8164f7c02a2cc07d2e3f65008f15e7cb864e73c1f1121e4fb,e05cebc18c2dab444215fb826377edb0480db72e2bf33ed776afbbc2a1d7f150,2,1,0.0013009999999999999,0.0019248870000296847,0.20300000000861473,0.2798594,0.4898034,0.4954989,primary,False
r077,evaluation_10,ecrc,round_robin,normal,HumanEval/103,HumanEval/103::348,permit_0c9a415032c9d18903ce88fb46165234,3,fail,985c87c8c8b44c83bd651bb443e1a3fcdad875ab82241d889d293ad0751d2903,c55ca4d12cd33246920587ac3fa4455659628025719ad20334db1066e9190a4b,ed8794511bd6318e05426f788deda86e9043e9f360f130f9d1d18403a7511dbc,e05cebc18c2dab444215fb826377edb0480db72e2bf33ed776afbbc2a1d7f150,3,1,0.000175,0.0022667629999659766,0.20300000000861473,0.528193,0.7355289,0.740479,primary,False
r077,evaluation_10,ecrc,round_robin,normal,HumanEval/151,HumanEval/151::250,permit_9e93e609e3677648c1251614ff369a12,4,fail,d9f5dda0d76aee5d815b673e7d22f1c30b1b52f56d10bb7eb6a73f4e1b22a008,2f8a56a916e0401b87e44c4523341bac31bd41323d73081dba428bcea9d451de,d7f70c9fedd17da313271b0afcb2f37a6ea21b8e54e9afeac6930597aa8216cc,e05cebc18c2dab444215fb826377edb0480db72e2bf33ed776afbbc2a1d7f150,4,1,0.001624,0.0022732859999905486,0.20300000000861473,0.7775337,0.9861373,0.9913815,primary,False
r077,evaluation_10,ecrc,round_robin,normal,HumanEval/144,HumanEval/144::273,permit_628102fca27dd64e3c87211359ba514d,5,pass,f767fb47e5d4088ff8121ec2afe88562b0e60fa3d77b8a411d788819929895c4,aeb653ed7f28fab44c248847d64f1ba7f93dd76c4a16e7c67564f79cee09e63d,a5fceb868500fb3360923659a9acfc676f4843bf07cbe492c02ae9f3825e12d4,e05cebc18c2dab444215fb826377edb0480db72e2bf33ed776afbbc2a1d7f150,5,1,0.0032689999999999998,0.0049158109999893895,0.20300000000861473,1.0282391,1.2352113,1.2402652,primary,False
r077,evaluation_10,ecrc,round_robin,normal,HumanEval/9,HumanEval/9::306,permit_d6145d6f277164be92d5893e3ad03c74,6,pass,50aa8a551ba47fd7dda73034a5e92ce97d994cae9788c73a43f6a0ec1fb15f67,34b43534c58be8cfdd8b5d79ff370ab50bd94ed7f92a0bd42dd94b532deb624b,ea4c0c4da11c45408e42bac13c6983f287ab9e228ee7c4cfb82133355791b610,e05cebc18c2dab444215fb826377edb0480db72e2bf33ed776afbbc2a1d7f150,6,1,0.0,0.0018462769999700868,0.20300000000861473,1.2796483,1.4880433,1.4937278,primary,False
r077,evaluation_10,ecrc,round_robin,normal,HumanEval/27,HumanEval/27::358,permit_f7f963aee98c2a80a03ff293794b9287,7,pass,dedff3aa74affd61927a609a1b17be768e7e35d246c016adbe720654513565a2,711f462a985848d76912f21ea1e623a329f82a3b293a105970b169b7a5537ca8,bae65694358203b294c7bd946f86e137b9d51e17f05011dcafe5022903b24b8d,e05cebc18c2dab444215fb826377edb0480db72e2bf33ed776afbbc2a1d7f150,7,1,0.0,0.0019484110000007604,0.20300000000861473,1.5300795,1.741303,1.7467031,primary,False
r077,evaluation_10,ecrc,round_robin,normal,HumanEval/32,HumanEval/32::241,permit_2b86b9c3d7bba14ba96b12cb5b5bfc54,8,fail,fe38f0097ceba047868bba264455285d835feb755fb38943b56cd7d87af0cda5,7e9b58643c429dde456750280c23598cb655ee957cfc89d49cf57b331594cdc0,49cef3f8fb8d536902e6a767e103aaf38e2c9296e3b5f0d8ec04cda853435225,e05cebc18c2dab444215fb826377edb0480db72e2bf33ed776afbbc2a1d7f150,8,1,0.031618999999999994,0.03258310899997241,0.235000000015134,1.7637037,2.0025088,2.0077469,primary,False
r077,evaluation_10,ecrc,round_robin,normal,HumanEval/103,HumanEval/103::90,permit_bb5f9e6b105b96af36cbeb22b077b8e2,9,fail,c7f657f7ce63ecacfad123070faee68df5d8fcb699435ead1bdd7e3915f81325,606f874a8df002538da3dab38da238e8779ae7a1b726ec3cb6c410b2c9d63b32,ed8794511bd6318e05426f788deda86e9043e9f360f130f9d1d18403a7511dbc,e05cebc18c2dab444215fb826377edb0480db72e2bf33ed776afbbc2a1d7f150,9,1,0.0,0.001906600999973307,0.20300000000861473,2.0470107,2.2511329,2.2569047,primary,False
r077,evaluation_10,ecrc,round_robin,normal,HumanEval/151,HumanEval/151::57,permit_59de9a141e660447d29774e402a53fc6,10,pass,a3881ee14c2e619c0f2ce166aeda6d2d94c99f068b66bcfd4283ac615d1075b8,bf47999ebc2d27f0163e56f7725f5a909eef4ed6477be3a6bf56832f11809fe5,d7f70c9fedd17da313271b0afcb2f37a6ea21b8e54e9afeac6930597aa8216cc,e05cebc18c2dab444215fb826377edb0480db72e2bf33ed776afbbc2a1d7f150,10,1,0.0,0.002259789999982331,0.21900000001187436,2.2722985,2.4781286,2.4833604,primary,False
r077,evaluation_10,ecrc,round_robin,normal,HumanEval/32,HumanEval/32::101,permit_7ab0767982bd3e62ca264f4d1fc20cc5,11,fail,6b7c710e00d2e84a317472540b78763d52d268730737ed39e7824ccb98516dc9,abab08d2e0a35bf350eb2258fa0755f913758be7cce6617934106d19569675e0,49cef3f8fb8d536902e6a767e103aaf38e2c9296e3b5f0d8ec04cda853435225,e05cebc18c2dab444215fb826377edb0480db72e2bf33ed776afbbc2a1d7f150,11,1,0.029486,0.0332345539999892,0.235000000015134,2.5179421,2.7586647,2.7640389,primary,False
r077,evaluation_10,ecrc,round_robin,normal,HumanEval/103,HumanEval/103::485,permit_d7f113345406a90c28ff14b36e0adc00,12,pass,b332b23195e70c6fe5e58e38158e19cfa32dc617ac9ba342fdaef0865d78361a,cc58895103138a0f419efd5b95b4c3e88134697ce5efedb569f1ddb97fe39453,ed8794511bd6318e05426f788deda86e9043e9f360f130f9d1d18403a7511dbc,e05cebc18c2dab444215fb826377edb0480db72e2bf33ed776afbbc2a1d7f150,12,1,0.0,0.0018733779999706712,0.20300000000861473,2.800805,3.0079973,3.0130275,primary,False
r077,evaluation_10,ecrc,round_robin,normal,HumanEval/32,HumanEval/32::266,permit_03101180801f97e94e06c7540d5204ab,13,fail,914cf9df1fc675cf4b0ca3f244199609722117906560c3a2b9c9e0e20185644e,8c8309c3bc481bc377ff5163de04f33ac8d65f34c8ba337ce8ef2a9d8b90485b,49cef3f8fb8d536902e6a767e103aaf38e2c9296e3b5f0d8ec04cda853435225,e05cebc18c2dab444215fb826377edb0480db72e2bf33ed776afbbc2a1d7f150,13,1,0.0008359999999999999,0.0027456939999979113,0.21799999999348074,3.0503783,3.2597991,3.2654601,primary,False
r077,evaluation_10,ecrc,round_robin,normal,HumanEval/32,HumanEval/32::461,permit_e2f048f8e3865954852292a6d3bde67b,14,fail,0062205cc84338d8e6a0749fa512cad426c26078a0acc621c9152eeaaff0adca,31bdb1643c00d6e3c1fc80f2165a1169d668fdc7dd602fd92dcbd18656f94dc2,49cef3f8fb8d536902e6a767e103aaf38e2c9296e3b5f0d8ec04cda853435225,e05cebc18c2dab444215fb826377edb0480db72e2bf33ed776afbbc2a1d7f150,14,1,0.031594,0.03363471200003687,0.25,3.3005856,3.5442347,3.5499358,primary,False
r078,evaluation_10,ordinary,round_robin,normal,HumanEval/36,HumanEval/36::380,ordinary-permit-2ab7a45e1df081cc6f9fae62a7254123,1,pass,9e2e4cc1557227f213124279fc51ce0aecf8a554b53aca6ad3dc0e885f567caa,9ce9aea0483adbabb76b0dec55889275093abd7ce1a715fe31955e2be5376d7e,33902aa28a76a3d18738481f56efa1dbf4a361328768356c6de78461113bfeee,e05cebc18c2dab444215fb826377edb0480db72e2bf33ed776afbbc2a1d7f150,1,1,0.0049,0.008031892000019525,0.21900000001187436,0.015569,0.234282,0.239259,primary,False
r078,evaluation_10,ordinary,round_robin,normal,HumanEval/59,HumanEval/59::304,ordinary-permit-9b646012f93535362f1a63c955ccc8a8,2,pass,4e7a9ac9f305f0929aae3913596f1a0ea5ab7fdb0581ed5482e94e0f711a9d09,354d2144bbef3bb7aa0ae73bcfd8807fb0368d1507e5d46f5e0d1569add79eed,3be68a49de2a44e8164f7c02a2cc07d2e3f65008f15e7cb864e73c1f1121e4fb,e05cebc18c2dab444215fb826377edb0480db72e2bf33ed776afbbc2a1d7f150,2,1,0.0,0.0017319850000490078,0.20399999999790452,0.2648677,0.4733387,0.4779559,primary,False
r078,evaluation_10,ordinary,round_robin,normal,HumanEval/103,HumanEval/103::348,ordinary-permit-a478fb15fae71cf5062b995827fe35ff,3,fail,130f36614b3fad1622e0879f25270af2dcee89fac62944923bfdf13bc061b864,c55ca4d12cd33246920587ac3fa4455659628025719ad20334db1066e9190a4b,ed8794511bd6318e05426f788deda86e9043e9f360f130f9d1d18403a7511dbc,e05cebc18c2dab444215fb826377edb0480db72e2bf33ed776afbbc2a1d7f150,3,1,0.000846,0.002129211999999825,0.21900000001187436,0.5144636,0.724256,0.729167,primary,False
r078,evaluation_10,ordinary,round_robin,normal,HumanEval/151,HumanEval/151::250,ordinary-permit-e5c8f30755c00f95fc4101802c161513,4,fail,635aae715abb0734595eb00b770afb367c714c14b347a6737e6da0187ee0c5c4,2f8a56a916e0401b87e44c4523341bac31bd41323d73081dba428bcea9d451de,d7f70c9fedd17da313271b0afcb2f37a6ea21b8e54e9afeac6930597aa8216cc,e05cebc18c2dab444215fb826377edb0480db72e2bf33ed776afbbc2a1d7f150,4,1,0.0,0.0020205160000159594,0.20300000000861473,0.7418303,0.9447368,0.9497979,primary,False
r078,evaluation_10,ordinary,round_robin,normal,HumanEval/144,HumanEval/144::273,ordinary-permit-eefb63e05ab220f500555db727e79f2a,5,pass,b18dddb4d00fb8b651c70ddde8121001a42cd6642ba686a87f4f4c6aaad9636c,aeb653ed7f28fab44c248847d64f1ba7f93dd76c4a16e7c67564f79cee09e63d,a5fceb868500fb3360923659a9acfc676f4843bf07cbe492c02ae9f3825e12d4,e05cebc18c2dab444215fb826377edb0480db72e2bf33ed776afbbc2a1d7f150,5,1,0.001224,0.004233554000052209,0.2029999999795109,0.9825514,1.1888729,1.1934098,primary,False
r078,evaluation_10,ordinary,round_robin,normal,HumanEval/9,HumanEval/9::306,ordinary-permit-7986f48e55436f2be1cdedee1d7ba20a,6,pass,5cac084ed6ce7d4a84e438496bba74823ffcd16a505388e73da218de896612c0,34b43534c58be8cfdd8b5d79ff370ab50bd94ed7f92a0bd42dd94b532deb624b,ea4c0c4da11c45408e42bac13c6983f287ab9e228ee7c4cfb82133355791b610,e05cebc18c2dab444215fb826377edb0480db72e2bf33ed776afbbc2a1d7f150,6,1,0.000523,0.0021671439999977338,0.20300000000861473,1.2172753,1.4254293,1.4303047,primary,False
r078,evaluation_10,ordinary,round_robin,normal,HumanEval/27,HumanEval/27::358,ordinary-permit-249f25c3b26522fa53b3f30249817c47,7,pass,2199d9c88b591ef0f4d2999ef1c0fb6e51f047f14ed518c8426ca20bbaddd2e5,711f462a985848d76912f21ea1e623a329f82a3b293a105970b169b7a5537ca8,bae65694358203b294c7bd946f86e137b9d51e17f05011dcafe5022903b24b8d,e05cebc18c2dab444215fb826377edb0480db72e2bf33ed776afbbc2a1d7f150,7,1,0.0,0.002019664999977522,0.21900000001187436,1.4541672,1.6632136,1.6680617,primary,False
r078,evaluation_10,ordinary,round_robin,normal,HumanEval/32,HumanEval/32::241,ordinary-permit-7fd08eaed1eca38eaae13df4c863e12e,8,fail,ef67590224f636374bbd0e44f8b71d9349c0337cc0ff15a6d904385c505ec1fd,7e9b58643c429dde456750280c23598cb655ee957cfc89d49cf57b331594cdc0,49cef3f8fb8d536902e6a767e103aaf38e2c9296e3b5f0d8ec04cda853435225,e05cebc18c2dab444215fb826377edb0480db72e2bf33ed776afbbc2a1d7f150,8,1,0.033138,0.03514501900002642,0.25,1.7040681,1.945158,1.9504377,primary,False
r078,evaluation_10,ordinary,round_robin,normal,HumanEval/103,HumanEval/103::90,ordinary-permit-3f98c58c42f0826edb0e22df61d1e178,9,fail,0af5aae1d4b7c3f87a9241e5f81146fe251a4712bf486c69e31457ad3c53e797,606f874a8df002538da3dab38da238e8779ae7a1b726ec3cb6c410b2c9d63b32,ed8794511bd6318e05426f788deda86e9043e9f360f130f9d1d18403a7511dbc,e05cebc18c2dab444215fb826377edb0480db72e2bf33ed776afbbc2a1d7f150,9,1,0.000695,0.0023921700000073542,0.21899999998277053,1.985489,2.1964342,2.201716,primary,False
r078,evaluation_10,ordinary,round_robin,normal,HumanEval/151,HumanEval/151::57,ordinary-permit-cc3610b1c54a07dbee7d6135f3e3846b,10,pass,7111e67f96460d4c571edaa6e967b0f31972b25bfb120d1f172b3e25da622bb9,bf47999ebc2d27f0163e56f7725f5a909eef4ed6477be3a6bf56832f11809fe5,d7f70c9fedd17da313271b0afcb2f37a6ea21b8e54e9afeac6930597aa8216cc,e05cebc18c2dab444215fb826377edb0480db72e2bf33ed776afbbc2a1d7f150,10,1,0.0,0.0019370079999703194,0.21899999998277053,2.2370357,2.4500554,2.455727,primary,False
r078,evaluation_10,ordinary,round_robin,normal,HumanEval/32,HumanEval/32::101,ordinary-permit-87f46dc44d765ab26b641111fabc6dcc,11,fail,247bb22a13568f33ca69ee22e8e9189e4cbe097f8cff8133a79e8c7a86e534a2,abab08d2e0a35bf350eb2258fa0755f913758be7cce6617934106d19569675e0,49cef3f8fb8d536902e6a767e103aaf38e2c9296e3b5f0d8ec04cda853435225,e05cebc18c2dab444215fb826377edb0480db72e2bf33ed776afbbc2a1d7f150,11,1,0.032031,0.034896566000043094,0.2340000000258442,2.4881204,2.7297262,2.7340853,primary,False
r078,evaluation_10,ordinary,round_robin,normal,HumanEval/103,HumanEval/103::485,ordinary-permit-bfe67b497200a1eff291ad96db058b1d,12,pass,8112e7c76eb299729baaea38d64c9a76cbf1067cdf02917bbd57d5486e260920,cc58895103138a0f419efd5b95b4c3e88134697ce5efedb569f1ddb97fe39453,ed8794511bd6318e05426f788deda86e9043e9f360f130f9d1d18403a7511dbc,e05cebc18c2dab444215fb826377edb0480db72e2bf33ed776afbbc2a1d7f150,12,1,0.001936,0.002340052000022297,0.20300000000861473,2.7722031,2.9796555,2.9843913,primary,False
r078,evaluation_10,ordinary,round_robin,normal,HumanEval/32,HumanEval/32::266,ordinary-permit-d9633677d5316aeae97cdec6d5ff379c,13,fail,7668e3cd77a1e6e3ca534df2764df446e90e382b0abfc04d7d949086b2ae4af7,8c8309c3bc481bc377ff5163de04f33ac8d65f34c8ba337ce8ef2a9d8b90485b,49cef3f8fb8d536902e6a767e103aaf38e2c9296e3b5f0d8ec04cda853435225,e05cebc18c2dab444215fb826377edb0480db72e2bf33ed776afbbc2a1d7f150,13,1,0.0019619999999999998,0.0027776950000202305,0.20399999999790452,3.0074502,3.2158178,3.2203587,primary,False
r078,evaluation_10,ordinary,round_robin,normal,HumanEval/32,HumanEval/32::461,ordinary-permit-56cd1bfc2e0607dfee2e2f9ad7493126,14,fail,d642b26d93e193c432fbb07b349e8059c08a39f433913e42bf2b000c02df0ac8,31bdb1643c00d6e3c1fc80f2165a1169d668fdc7dd602fd92dcbd18656f94dc2,49cef3f8fb8d536902e6a767e103aaf38e2c9296e3b5f0d8ec04cda853435225,e05cebc18c2dab444215fb826377edb0480db72e2bf33ed776afbbc2a1d7f150,14,1,0.030861,0.033796084999949016,0.23499999998603016,3.2583143,3.4994118,3.5039505,primary,False
r079,evaluation_10,ordinary,depth_first,normal,HumanEval/36,HumanEval/36::380,ordinary-permit-2ab7a45e1df081cc6f9fae62a7254123,1,pass,23dca0119d955e67905d3f54b744f6a23fcfda0a24bffed99358dafe19be00b5,9ce9aea0483adbabb76b0dec55889275093abd7ce1a715fe31955e2be5376d7e,33902aa28a76a3d18738481f56efa1dbf4a361328768356c6de78461113bfeee,e05cebc18c2dab444215fb826377edb0480db72e2bf33ed776afbbc2a1d7f150,1,1,0.0038659999999999996,0.00803738299998713,0.21900000001187436,0.0360804,0.2526128,0.2577551,primary,False
r079,evaluation_10,ordinary,depth_first,normal,HumanEval/59,HumanEval/59::304,ordinary-permit-9b646012f93535362f1a63c955ccc8a8,2,pass,79bc6ba04b58cee1f2eebd98d711484001bfe5376322c2d9c3e9b84554ac9746,354d2144bbef3bb7aa0ae73bcfd8807fb0368d1507e5d46f5e0d1569add79eed,3be68a49de2a44e8164f7c02a2cc07d2e3f65008f15e7cb864e73c1f1121e4fb,e05cebc18c2dab444215fb826377edb0480db72e2bf33ed776afbbc2a1d7f150,2,1,0.001589,0.0020171900000036658,0.20300000000861473,0.2869058,0.4930447,0.4985893,primary,False
r079,evaluation_10,ordinary,depth_first,normal,HumanEval/103,HumanEval/103::348,ordinary-permit-a478fb15fae71cf5062b995827fe35ff,3,fail,52732e53f24f0c27e61921a60c28fb47adb9b6ec3f1725db4d26f86d9dfea3b3,c55ca4d12cd33246920587ac3fa4455659628025719ad20334db1066e9190a4b,ed8794511bd6318e05426f788deda86e9043e9f360f130f9d1d18403a7511dbc,e05cebc18c2dab444215fb826377edb0480db72e2bf33ed776afbbc2a1d7f150,3,1,0.0018169999999999998,0.002234632000011061,0.21900000001187436,0.523312,0.7332427,0.7381633,primary,False
r079,evaluation_10,ordinary,depth_first,normal,HumanEval/103,HumanEval/103::90,ordinary-permit-3f98c58c42f0826edb0e22df61d1e178,4,fail,0e638ee2c5b75f938adc2e88b044d9ea6ea1017f490a870c12f0633c39c581ed,606f874a8df002538da3dab38da238e8779ae7a1b726ec3cb6c410b2c9d63b32,ed8794511bd6318e05426f788deda86e9043e9f360f130f9d1d18403a7511dbc,e05cebc18c2dab444215fb826377edb0480db72e2bf33ed776afbbc2a1d7f150,4,1,0.000168,0.0019332310000095276,0.21900000001187436,0.7750284,0.9891873,0.9943274,primary,False
r079,evaluation_10,ordinary,depth_first,normal,HumanEval/103,HumanEval/103::485,ordinary-permit-bfe67b497200a1eff291ad96db058b1d,5,pass,db2d55587409ee640a3448cd2c72318bbbc181c75d0f02c1f7277be0742c8d91,cc58895103138a0f419efd5b95b4c3e88134697ce5efedb569f1ddb97fe39453,ed8794511bd6318e05426f788deda86e9043e9f360f130f9d1d18403a7511dbc,e05cebc18c2dab444215fb826377edb0480db72e2bf33ed776afbbc2a1d7f150,5,1,0.0,0.002124884000011207,0.20300000000861473,1.0238746,1.2305543,1.2355818,primary,False
r079,evaluation_10,ordinary,depth_first,normal,HumanEval/151,HumanEval/151::250,ordinary-permit-e5c8f30755c00f95fc4101802c161513,6,fail,53a329f13a0c97964232d4fe5cd1c80eb94283ce46e3fabae6ee9665ef54af93,2f8a56a916e0401b87e44c4523341bac31bd41323d73081dba428bcea9d451de,d7f70c9fedd17da313271b0afcb2f37a6ea21b8e54e9afeac6930597aa8216cc,e05cebc18c2dab444215fb826377edb0480db72e2bf33ed776afbbc2a1d7f150,6,1,0.0,0.0020691190000547977,0.2029999999795109,1.249579,1.459969,1.4647091,primary,False
r079,evaluation_10,ordinary,depth_first,normal,HumanEval/151,HumanEval/151::57,ordinary-permit-cc3610b1c54a07dbee7d6135f3e3846b,7,pass,7ee4a4337b8ae61fa54594fe88ffaa2aeb26760348209a3a1ec640129baf7cfe,bf47999ebc2d27f0163e56f7725f5a909eef4ed6477be3a6bf56832f11809fe5,d7f70c9fedd17da313271b0afcb2f37a6ea21b8e54e9afeac6930597aa8216cc,e05cebc18c2dab444215fb826377edb0480db72e2bf33ed776afbbc2a1d7f150,7,1,0.0,0.002277013000025363,0.21899999998277053,1.4951503,1.7028369,1.7075967,primary,False
r079,evaluation_10,ordinary,depth_first,normal,HumanEval/144,HumanEval/144::273,ordinary-permit-eefb63e05ab220f500555db727e79f2a,8,pass,1f7e41724e753e49361dada610d93078a13822de7268611f261b41b3efb4430e,aeb653ed7f28fab44c248847d64f1ba7f93dd76c4a16e7c67564f79cee09e63d,a5fceb868500fb3360923659a9acfc676f4843bf07cbe492c02ae9f3825e12d4,e05cebc18c2dab444215fb826377edb0480db72e2bf33ed776afbbc2a1d7f150,8,1,0.0034509999999999996,0.004346322000003511,0.20300000000861473,1.7324721,1.9409501,1.9460118,primary,False
r079,evaluation_10,ordinary,depth_first,normal,HumanEval/9,HumanEval/9::306,ordinary-permit-7986f48e55436f2be1cdedee1d7ba20a,9,pass,24186cbcab2d8935b7abbe0921d7b428cda253489ce6ba99631e4e99e180bb69,34b43534c58be8cfdd8b5d79ff370ab50bd94ed7f92a0bd42dd94b532deb624b,ea4c0c4da11c45408e42bac13c6983f287ab9e228ee7c4cfb82133355791b610,e05cebc18c2dab444215fb826377edb0480db72e2bf33ed776afbbc2a1d7f150,9,1,0.001671,0.0023943560000248,0.20300000000861473,1.9805235,2.1873232,2.1922498,primary,False
r079,evaluation_10,ordinary,depth_first,normal,HumanEval/27,HumanEval/27::358,ordinary-permit-249f25c3b26522fa53b3f30249817c47,10,pass,9a56d23304eb38a3edc8f30794a81ff1d567498127c5177c4f558a997b3aca7f,711f462a985848d76912f21ea1e623a329f82a3b293a105970b169b7a5537ca8,bae65694358203b294c7bd946f86e137b9d51e17f05011dcafe5022903b24b8d,e05cebc18c2dab444215fb826377edb0480db72e2bf33ed776afbbc2a1d7f150,10,1,0.0,0.0019053890000009233,0.20399999999790452,2.2162398,2.4217157,2.4268725,primary,False
r079,evaluation_10,ordinary,depth_first,normal,HumanEval/32,HumanEval/32::241,ordinary-permit-7fd08eaed1eca38eaae13df4c863e12e,11,fail,c20c5d685f945b976f6f4d165ac9a0d7cd83d52f2308e266cdd99cdce259c187,7e9b58643c429dde456750280c23598cb655ee957cfc89d49cf57b331594cdc0,49cef3f8fb8d536902e6a767e103aaf38e2c9296e3b5f0d8ec04cda853435225,e05cebc18c2dab444215fb826377edb0480db72e2bf33ed776afbbc2a1d7f150,11,1,0.033207,0.034798140000020794,0.2340000000258442,2.4525355,2.6943811,2.700495,primary,False
r079,evaluation_10,ordinary,depth_first,normal,HumanEval/32,HumanEval/32::101,ordinary-permit-87f46dc44d765ab26b641111fabc6dcc,12,fail,2f792b1ce140dd05bb6242a1d4a5c78060a20f49c4db29624801a53ff543824b,abab08d2e0a35bf350eb2258fa0755f913758be7cce6617934106d19569675e0,49cef3f8fb8d536902e6a767e103aaf38e2c9296e3b5f0d8ec04cda853435225,e05cebc18c2dab444215fb826377edb0480db72e2bf33ed776afbbc2a1d7f150,12,1,0.029403,0.032930691999979445,0.23399999999674037,2.7352658,2.9723437,2.9777641,primary,False
r079,evaluation_10,ordinary,depth_first,normal,HumanEval/32,HumanEval/32::266,ordinary-permit-d9633677d5316aeae97cdec6d5ff379c,13,fail,b04f9b9af5a8415e037292e1bf12108fc2b31dbb0e8e856e90c00b6c9d91f080,8c8309c3bc481bc377ff5163de04f33ac8d65f34c8ba337ce8ef2a9d8b90485b,49cef3f8fb8d536902e6a767e103aaf38e2c9296e3b5f0d8ec04cda853435225,e05cebc18c2dab444215fb826377edb0480db72e2bf33ed776afbbc2a1d7f150,13,1,0.0016309999999999999,0.0025564939999753733,0.21899999998277053,2.9930722,3.2065557,3.2114164,primary,False
r079,evaluation_10,ordinary,depth_first,normal,HumanEval/32,HumanEval/32::461,ordinary-permit-56cd1bfc2e0607dfee2e2f9ad7493126,14,fail,3e8e1f07142fbd4e6673af461a6ede78151697317a4b4d6128079cf05693a743,31bdb1643c00d6e3c1fc80f2165a1169d668fdc7dd602fd92dcbd18656f94dc2,49cef3f8fb8d536902e6a767e103aaf38e2c9296e3b5f0d8ec04cda853435225,e05cebc18c2dab444215fb826377edb0480db72e2bf33ed776afbbc2a1d7f150,14,1,0.031866,0.03339979699995865,0.23399999999674037,3.235493,3.4775315,3.482486,primary,False
r080,evaluation_10,ecrc,depth_first,normal,HumanEval/36,HumanEval/36::380,permit_a38588b58b46b6650be47304cc42b9ed,1,pass,e9a4a9d4472380f5ee8f4e7adf8871986930abe85bf2f936e8860d5eae4e50d0,9ce9aea0483adbabb76b0dec55889275093abd7ce1a715fe31955e2be5376d7e,33902aa28a76a3d18738481f56efa1dbf4a361328768356c6de78461113bfeee,e05cebc18c2dab444215fb826377edb0480db72e2bf33ed776afbbc2a1d7f150,1,1,0.004154,0.008148407000021507,0.2029999999795109,0.0402981,0.2561334,0.261633,primary,False
r080,evaluation_10,ecrc,depth_first,normal,HumanEval/59,HumanEval/59::304,permit_2fe2758e70ddb74865f622ec94f43262,2,pass,2c261b7930ae58bcf57f1e51cce6f3ec3c322024fd686fe2722e8c6a71ab9b61,354d2144bbef3bb7aa0ae73bcfd8807fb0368d1507e5d46f5e0d1569add79eed,3be68a49de2a44e8164f7c02a2cc07d2e3f65008f15e7cb864e73c1f1121e4fb,e05cebc18c2dab444215fb826377edb0480db72e2bf33ed776afbbc2a1d7f150,2,1,0.0,0.0019433820000358537,0.2029999999795109,0.2879818,0.4936646,0.4988422,primary,False
r080,evaluation_10,ecrc,depth_first,normal,HumanEval/103,HumanEval/103::348,permit_0c9a415032c9d18903ce88fb46165234,3,fail,c76eb41c6d07131b1973cf1cd03cbe7897f21af5b5f3c54183f3649999f0befb,c55ca4d12cd33246920587ac3fa4455659628025719ad20334db1066e9190a4b,ed8794511bd6318e05426f788deda86e9043e9f360f130f9d1d18403a7511dbc,e05cebc18c2dab444215fb826377edb0480db72e2bf33ed776afbbc2a1d7f150,3,1,0.0,0.0019197370000370029,0.20300000000861473,0.5235365,0.7306277,0.7356377,primary,False
r080,evaluation_10,ecrc,depth_first,normal,HumanEval/103,HumanEval/103::90,permit_bb5f9e6b105b96af36cbeb22b077b8e2,4,fail,3695d4d7d4618fa9fa456f1fb13ca756c7d56621585df4b7e1fa8414e2af61d7,606f874a8df002538da3dab38da238e8779ae7a1b726ec3cb6c410b2c9d63b32,ed8794511bd6318e05426f788deda86e9043e9f360f130f9d1d18403a7511dbc,e05cebc18c2dab444215fb826377edb0480db72e2bf33ed776afbbc2a1d7f150,4,1,0.0,0.002172867000012957,0.20300000000861473,0.773967,0.9795845,0.9846818,primary,False
r080,evaluation_10,ecrc,depth_first,normal,HumanEval/103,HumanEval/103::485,permit_d7f113345406a90c28ff14b36e0adc00,5,pass,aecabcdeaf77192e540a24cfd3a6e25ee2333f76b06fe8d48d68eee828f08c6d,cc58895103138a0f419efd5b95b4c3e88134697ce5efedb569f1ddb97fe39453,ed8794511bd6318e05426f788deda86e9043e9f360f130f9d1d18403a7511dbc,e05cebc18c2dab444215fb826377edb0480db72e2bf33ed776afbbc2a1d7f150,5,1,0.0,0.0022489760000325987,0.20300000000861473,1.0001719,1.2074902,1.2131629,primary,False
r080,evaluation_10,ecrc,depth_first,normal,HumanEval/151,HumanEval/151::250,permit_9e93e609e3677648c1251614ff369a12,6,fail,5e54fa824f10cb974da2a4f08935fd7842d4226eadc748f4538169caa32fc985,2f8a56a916e0401b87e44c4523341bac31bd41323d73081dba428bcea9d451de,d7f70c9fedd17da313271b0afcb2f37a6ea21b8e54e9afeac6930597aa8216cc,e05cebc18c2dab444215fb826377edb0480db72e2bf33ed776afbbc2a1d7f150,6,1,0.0,0.0021480089999954544,0.20300000000861473,1.2458163,1.4523516,1.4573221,primary,False
r080,evaluation_10,ecrc,depth_first,normal,HumanEval/151,HumanEval/151::57,permit_59de9a141e660447d29774e402a53fc6,7,pass,3b7b7e52e9695523101a4f09ab39934a58b0acbe05a031504c8585a121165ebf,bf47999ebc2d27f0163e56f7725f5a909eef4ed6477be3a6bf56832f11809fe5,d7f70c9fedd17da313271b0afcb2f37a6ea21b8e54e9afeac6930597aa8216cc,e05cebc18c2dab444215fb826377edb0480db72e2bf33ed776afbbc2a1d7f150,7,1,0.000495,0.0022312459999511702,0.2029999999795109,1.4737487,1.6821783,1.6872495,primary,False
r080,evaluation_10,ecrc,depth_first,normal,HumanEval/144,HumanEval/144::273,permit_628102fca27dd64e3c87211359ba514d,8,pass,dd83df39ae7ed90077b797e37c95ab91f667d72f32459432a7f34fd1520a55a8,aeb653ed7f28fab44c248847d64f1ba7f93dd76c4a16e7c67564f79cee09e63d,a5fceb868500fb3360923659a9acfc676f4843bf07cbe492c02ae9f3825e12d4,e05cebc18c2dab444215fb826377edb0480db72e2bf33ed776afbbc2a1d7f150,8,1,0.001779,0.004231136000043989,0.20300000000861473,1.7165857,1.9258775,1.93079,primary,False
r080,evaluation_10,ecrc,depth_first,normal,HumanEval/9,HumanEval/9::306,permit_d6145d6f277164be92d5893e3ad03c74,9,pass,dece5aa443dc3075aba3096d32db4a1a7aee2037982bc2955706f34293cc23db,34b43534c58be8cfdd8b5d79ff370ab50bd94ed7f92a0bd42dd94b532deb624b,ea4c0c4da11c45408e42bac13c6983f287ab9e228ee7c4cfb82133355791b610,e05cebc18c2dab444215fb826377edb0480db72e2bf33ed776afbbc2a1d7f150,9,1,0.000739,0.0021226120000505944,0.20300000000861473,1.9685761,2.1774679,2.1830369,primary,False
r080,evaluation_10,ecrc,depth_first,normal,HumanEval/27,HumanEval/27::358,permit_f7f963aee98c2a80a03ff293794b9287,10,pass,96e61a09435594a13bca126c4dca38b18de4c43442c0514a7774d0a68d7337ed,711f462a985848d76912f21ea1e623a329f82a3b293a105970b169b7a5537ca8,bae65694358203b294c7bd946f86e137b9d51e17f05011dcafe5022903b24b8d,e05cebc18c2dab444215fb826377edb0480db72e2bf33ed776afbbc2a1d7f150,10,1,0.0,0.0018455370000083349,0.20300000000861473,2.2190806,2.4263677,2.4312453,primary,False
r080,evaluation_10,ecrc,depth_first,normal,HumanEval/32,HumanEval/32::241,permit_2b86b9c3d7bba14ba96b12cb5b5bfc54,11,fail,32be81fab3af38eaf2e2dfdd41a2c9110b06cb52e0c3ed790ab2133f5b59906e,7e9b58643c429dde456750280c23598cb655ee957cfc89d49cf57b331594cdc0,49cef3f8fb8d536902e6a767e103aaf38e2c9296e3b5f0d8ec04cda853435225,e05cebc18c2dab444215fb826377edb0480db72e2bf33ed776afbbc2a1d7f150,11,1,0.033523,0.0377120649999938,0.25,2.4689714,2.7121886,2.7172487,primary,False
r080,evaluation_10,ecrc,depth_first,normal,HumanEval/32,HumanEval/32::101,permit_7ab0767982bd3e62ca264f4d1fc20cc5,12,fail,4a427be88a94db10157a258f71306beccec77377d67141b22b26fa9312b01e55,abab08d2e0a35bf350eb2258fa0755f913758be7cce6617934106d19569675e0,49cef3f8fb8d536902e6a767e103aaf38e2c9296e3b5f0d8ec04cda853435225,e05cebc18c2dab444215fb826377edb0480db72e2bf33ed776afbbc2a1d7f150,12,1,0.030184,0.03413424699999723,0.25,2.7530948,2.9924658,2.9976923,primary,False
r080,evaluation_10,ecrc,depth_first,normal,HumanEval/32,HumanEval/32::266,permit_03101180801f97e94e06c7540d5204ab,13,fail,dad18639a64f22223f2188e52f98bf568c493d4b2b59ee9075c71d75477508c7,8c8309c3bc481bc377ff5163de04f33ac8d65f34c8ba337ce8ef2a9d8b90485b,49cef3f8fb8d536902e6a767e103aaf38e2c9296e3b5f0d8ec04cda853435225,e05cebc18c2dab444215fb826377edb0480db72e2bf33ed776afbbc2a1d7f150,13,1,0.000544,0.0024175789999958397,0.2029999999795109,3.0368146,3.2462996,3.2513087,primary,False
r080,evaluation_10,ecrc,depth_first,normal,HumanEval/32,HumanEval/32::461,permit_e2f048f8e3865954852292a6d3bde67b,14,fail,7e6ac9d25a99d3c2b7f1e7511b2cdfef689f7b10ffc9d80f74f4560f878e8e0d,31bdb1643c00d6e3c1fc80f2165a1169d668fdc7dd602fd92dcbd18656f94dc2,49cef3f8fb8d536902e6a767e103aaf38e2c9296e3b5f0d8ec04cda853435225,e05cebc18c2dab444215fb826377edb0480db72e2bf33ed776afbbc2a1d7f150,14,1,0.031056999999999998,0.03388612800000601,0.23499999998603016,3.2883412,3.5278729,3.5328738,primary,False
r081,evaluation_11,ecrc,depth_first,normal,HumanEval/150,HumanEval/150::229,permit_a523bd39849299d5363d59210b0fe24d,1,pass,8fc52b27b4d0acf0e2476d54994d8e164bc98fb73a1a91b68c7f728c7e4b5220,fcb2bf3d9f9ed882cb4b8e628510e61497500180a4ace3fca3c8900f9fec8755,a7dd0a06d29c18d633d4aaa9d2cc3d4efdf7919005c3dbaa7475dfc5bc14e9b2,e05cebc18c2dab444215fb826377edb0480db72e2bf33ed776afbbc2a1d7f150,1,1,0.000972,0.002294796999990467,0.2029999999795109,0.0323446,0.2460041,0.2513753,primary,False
r081,evaluation_11,ecrc,depth_first,normal,HumanEval/61,HumanEval/61::273,permit_aa55c29a0f04194c100a9b92d1a7ebca,2,pass,cd2863d4e2f663bfc739291b345a6630c14f6d8c13b46338e39426d4ef3eb595,ffb3d464e13dba0c1259e8e8471acd79f41e75a323ac489819173477e5241dda,3d0bcc3602ccf26ba196dcc802b5154d15cdaf2eba88012bdbfb14223efe98aa,e05cebc18c2dab444215fb826377edb0480db72e2bf33ed776afbbc2a1d7f150,2,1,0.0008169999999999999,0.0019313899999815476,0.2029999999795109,0.2835031,0.4931098,0.4979461,primary,False
r081,evaluation_11,ecrc,depth_first,normal,HumanEval/71,HumanEval/71::253,permit_31f560aa97571af09e03f60d22226e4e,3,pass,79fe7c9bd231a2b3c7bc7f0f5d0d18181ec622d57c07306896f2a13feb50e4f2,dc733872259b818b47102c84715086571998c236f3072413f9022b0bf6a361ef,05b33c941e48da9d270340ea9eb7ab06b8a653dbce5cc8964afb8548a9975239,e05cebc18c2dab444215fb826377edb0480db72e2bf33ed776afbbc2a1d7f150,3,1,0.0,0.002010718999997607,0.2029999999795109,0.5350701,0.7424999,0.7479325,primary,False
r081,evaluation_11,ecrc,depth_first,normal,HumanEval/79,HumanEval/79::142,permit_5c3bd654105756d9d76f474de9583037,4,pass,1afbc1c286dba44421f00617fbde4721880f9a10d04855086b5b3cb9dff1a93c,a6dbe53a3c39611271c0186f8b0e3079fdc541455e68ff5b2580f8784ebb387c,8ecd4106617d428266a2a5d19cb226e3f9248f26465865de9543d4f4986550d7,e05cebc18c2dab444215fb826377edb0480db72e2bf33ed776afbbc2a1d7f150,4,1,0.001233,0.0019277719999877263,0.2029999999795109,0.7868645,0.9931449,0.9981174,primary,False
r081,evaluation_11,ecrc,depth_first,normal,HumanEval/17,HumanEval/17::57,permit_5fc792e9a9b707df7f34b1bb7caa2151,5,fail,c3327e0f468496cc9707e0f3827e815be100d37939bef018c022f9e6dd006cbe,97c67ac66e15c251f6c1b5f13bfbb7155c887457fd82a5a2864fb55c40195357,6576ad3386416662c75a27317f741a8053aadc096fcb3bb91acb1dc527b52a29,e05cebc18c2dab444215fb826377edb0480db72e2bf33ed776afbbc2a1d7f150,5,1,0.0,0.002350722000016958,0.2029999999795109,1.0359738,1.2426405,1.2481845,primary,False
r081,evaluation_11,ecrc,depth_first,normal,HumanEval/17,HumanEval/17::68,permit_78665fb553a415160fb40e1953aa1b4a,6,fail,1e4e4bb15f21bb1040c8f2775709e797ce785dc783c62e2b96cc0eb29145d06c,23db4798942094e379ba40995729d7665d3ea860c0ac2269d9f6946a227b2fe0,6576ad3386416662c75a27317f741a8053aadc096fcb3bb91acb1dc527b52a29,e05cebc18c2dab444215fb826377edb0480db72e2bf33ed776afbbc2a1d7f150,6,1,0.0,0.002180072999976801,0.2029999999795109,1.2869858,1.4945093,1.5001107,primary,False
r081,evaluation_11,ecrc,depth_first,normal,HumanEval/17,HumanEval/17::131,permit_c2559f22fc306c36fe7d56d8267418a4,7,pass,53198e3a68f817d33b43580d8009bd41349fb19e5234df7c9c831aa617ecc395,82870ef8b8a1b58bdfab71012dc70a5c9d2cd7d153c6cc8597c0d3890ca563f7,6576ad3386416662c75a27317f741a8053aadc096fcb3bb91acb1dc527b52a29,e05cebc18c2dab444215fb826377edb0480db72e2bf33ed776afbbc2a1d7f150,7,1,0.0,0.0022159869999995863,0.2029999999795109,1.5392735,1.7464757,1.7514714,primary,False
r081,evaluation_11,ecrc,depth_first,normal,HumanEval/89,HumanEval/89::326,permit_e96c748148a72968ac42799417071c31,8,pass,2264b45a10002fccab061ead65f635ea2b6254268beca2b8a98f1950a2b74f58,d20b014d4578647c366a07753411f96e095a3789624489f1278c2e7576c51cc7,2a6d53aeef52f41faf1c09a016f166312bc2b9fd65e58a4873444ef72866341a,e05cebc18c2dab444215fb826377edb0480db72e2bf33ed776afbbc2a1d7f150,8,1,0.0,0.0021915909999847827,0.20300000000861473,1.7660373,1.9721633,1.9773717,primary,False
r081,evaluation_11,ecrc,depth_first,normal,HumanEval/51,HumanEval/51::267,permit_7b27f9451b41c980388e30f9c1194101,9,pass,9452098b14841be57bd9affd7552b9062eb20bca56bee9fe3f6527da3557537b,38519d5c4560fcaefc3467969831c8082253329df861d8e1eef5a99fb4251125,111a2db1ee8ffecc33db50782428fccd0e154fb6f5f5a2fe37edf48413fba187,e05cebc18c2dab444215fb826377edb0480db72e2bf33ed776afbbc2a1d7f150,9,1,0.0,0.0020643350000000282,0.20399999999790452,2.0100847,2.2151505,2.2206121,primary,False
r081,evaluation_11,ecrc,depth_first,normal,HumanEval/107,HumanEval/107::120,permit_e9dfc6f702041f40dc2a320c45e77dfa,10,pass,97424674ebac57ce733ade4b53b594ffe3249635528d8bb3c91d025f5a44806b,8bc568fb9c37fd5ef7a8beb82171230c58672b2ecd449b2fdc21f618da36e79e,c04275d70a6fa3d43c9effb3f2a0f62751c0093ec94aa66d3f935422acbc8b10,e05cebc18c2dab444215fb826377edb0480db72e2bf33ed776afbbc2a1d7f150,10,1,0.0,0.0023038019999717108,0.21900000001187436,2.2603101,2.474303,2.479872,primary,False
r082,evaluation_11,ordinary,depth_first,normal,HumanEval/150,HumanEval/150::229,ordinary-permit-ee5312f983d5eb5e6cdea360abd4c8f2,1,pass,e83f6e60e8f3b2e5f6f9fac4a2332a0063b1244fd3d28c461eab02830fc801e3,fcb2bf3d9f9ed882cb4b8e628510e61497500180a4ace3fca3c8900f9fec8755,a7dd0a06d29c18d633d4aaa9d2cc3d4efdf7919005c3dbaa7475dfc5bc14e9b2,e05cebc18c2dab444215fb826377edb0480db72e2bf33ed776afbbc2a1d7f150,1,1,0.0012879999999999999,0.001900137999996332,0.2029999999795109,0.0267323,0.2313624,0.2364353,primary,False
r082,evaluation_11,ordinary,depth_first,normal,HumanEval/61,HumanEval/61::273,ordinary-permit-2d19b5949dead884a600656cbcecd223,2,pass,d89a69a70b3c50f8da62dc9cb5e12999e36e33f84e86413e669fe6f89b781b05,ffb3d464e13dba0c1259e8e8471acd79f41e75a323ac489819173477e5241dda,3d0bcc3602ccf26ba196dcc802b5154d15cdaf2eba88012bdbfb14223efe98aa,e05cebc18c2dab444215fb826377edb0480db72e2bf33ed776afbbc2a1d7f150,2,1,0.000914,0.002164198999992095,0.20300000000861473,0.26185,0.4676354,0.4722006,primary,False
r082,evaluation_11,ordinary,depth_first,normal,HumanEval/71,HumanEval/71::253,ordinary-permit-b6c81fbaa2a2e14e991400b50bfefc16,3,pass,578b6b9d4c8c56d1d2b9aff952a6cdfdca6304f920750f70d17f2f6c625363a1,dc733872259b818b47102c84715086571998c236f3072413f9022b0bf6a361ef,05b33c941e48da9d270340ea9eb7ab06b8a653dbce5cc8964afb8548a9975239,e05cebc18c2dab444215fb826377edb0480db72e2bf33ed776afbbc2a1d7f150,3,1,0.001821,0.0022106379999513592,0.21899999998277053,0.5101787,0.7230306,0.7280937,primary,False
r082,evaluation_11,ordinary,depth_first,normal,HumanEval/79,HumanEval/79::142,ordinary-permit-56cb32a2fbad9028505aa28a0fa2457e,4,pass,4c829eb4fa6b5390e89a32ab93b8a55ef6d559a95e29e15676ea9302c5e48bd2,a6dbe53a3c39611271c0186f8b0e3079fdc541455e68ff5b2580f8784ebb387c,8ecd4106617d428266a2a5d19cb226e3f9248f26465865de9543d4f4986550d7,e05cebc18c2dab444215fb826377edb0480db72e2bf33ed776afbbc2a1d7f150,4,1,0.0,0.0019362680000085675,0.20300000000861473,0.7594686,0.9688749,0.9734233,primary,False
r082,evaluation_11,ordinary,depth_first,normal,HumanEval/17,HumanEval/17::57,ordinary-permit-b83cf225e15c0a383a1f9806ddcf8839,5,fail,a17472c56e46ff4105139aca7e8d7db2ba35f268f6df57aab19cbe0e04c87915,97c67ac66e15c251f6c1b5f13bfbb7155c887457fd82a5a2864fb55c40195357,6576ad3386416662c75a27317f741a8053aadc096fcb3bb91acb1dc527b52a29,e05cebc18c2dab444215fb826377edb0480db72e2bf33ed776afbbc2a1d7f150,5,1,0.000396,0.002083026000036625,0.20300000000861473,1.0093801,1.2160876,1.220575,primary,False
r082,evaluation_11,ordinary,depth_first,normal,HumanEval/17,HumanEval/17::68,ordinary-permit-4fb36a4c4c47b8b5e256f0be60406f81,6,fail,2bc7c54cddca0f720d28cb1922034e89c1c4350c4f613ad1520ee06c528dfbb2,23db4798942094e379ba40995729d7665d3ea860c0ac2269d9f6946a227b2fe0,6576ad3386416662c75a27317f741a8053aadc096fcb3bb91acb1dc527b52a29,e05cebc18c2dab444215fb826377edb0480db72e2bf33ed776afbbc2a1d7f150,6,1,0.000508,0.002103324000017892,0.20300000000861473,1.2585785,1.4684682,1.4734657,primary,False
r082,evaluation_11,ordinary,depth_first,normal,HumanEval/17,HumanEval/17::131,ordinary-permit-efff7acd85c2c103118aac6bd48c2bec,7,pass,98ebeaa862a549c56f329b3976fc99755479661d895956fd5f95fb95e2d2ef9d,82870ef8b8a1b58bdfab71012dc70a5c9d2cd7d153c6cc8597c0d3890ca563f7,6576ad3386416662c75a27317f741a8053aadc096fcb3bb91acb1dc527b52a29,e05cebc18c2dab444215fb826377edb0480db72e2bf33ed776afbbc2a1d7f150,7,1,0.000338,0.00217927400001372,0.20300000000861473,1.5083256,1.7160906,1.7206772,primary,False
r082,evaluation_11,ordinary,depth_first,normal,HumanEval/89,HumanEval/89::326,ordinary-permit-e524539f352bec670608da580575cd91,8,pass,9d2341b86f39fce68b3aa9a2625ac5a6444855ac0f33ce42f0959118c4dcf757,d20b014d4578647c366a07753411f96e095a3789624489f1278c2e7576c51cc7,2a6d53aeef52f41faf1c09a016f166312bc2b9fd65e58a4873444ef72866341a,e05cebc18c2dab444215fb826377edb0480db72e2bf33ed776afbbc2a1d7f150,8,1,2.6e-05,0.0020623920000275575,0.20399999999790452,1.7434995,1.9495852,1.9549129,primary,False
r082,evaluation_11,ordinary,depth_first,normal,HumanEval/51,HumanEval/51::267,ordinary-permit-74ad5692206443648954b2b05a961de4,9,pass,0b84f99e032955d9819a1a333026bb527b6df7186eec354ff4c12f5e7e59c61e,38519d5c4560fcaefc3467969831c8082253329df861d8e1eef5a99fb4251125,111a2db1ee8ffecc33db50782428fccd0e154fb6f5f5a2fe37edf48413fba187,e05cebc18c2dab444215fb826377edb0480db72e2bf33ed776afbbc2a1d7f150,9,1,0.0,0.0019110810000029232,0.20399999999790452,1.9914119,2.1989659,2.2038971,primary,False
r082,evaluation_11,ordinary,depth_first,normal,HumanEval/107,HumanEval/107::120,ordinary-permit-ac58546fbfa30b7d47d54038bfef4300,10,pass,3371bd85318316b8316095c60bec55d0be3cf64a1af467b4e4a3a7ef16e4dfa6,8bc568fb9c37fd5ef7a8beb82171230c58672b2ecd449b2fdc21f618da36e79e,c04275d70a6fa3d43c9effb3f2a0f62751c0093ec94aa66d3f935422acbc8b10,e05cebc18c2dab444215fb826377edb0480db72e2bf33ed776afbbc2a1d7f150,10,1,0.001517,0.002167334999967352,0.20399999999790452,2.2410375,2.4478225,2.4524617,primary,False
r083,evaluation_11,ordinary,round_robin,normal,HumanEval/150,HumanEval/150::229,ordinary-permit-ee5312f983d5eb5e6cdea360abd4c8f2,1,pass,3c22fdac492e8e9641591a1603b89ad9aa9ed2a6ef1fd1c32d772723893fe5aa,fcb2bf3d9f9ed882cb4b8e628510e61497500180a4ace3fca3c8900f9fec8755,a7dd0a06d29c18d633d4aaa9d2cc3d4efdf7919005c3dbaa7475dfc5bc14e9b2,e05cebc18c2dab444215fb826377edb0480db72e2bf33ed776afbbc2a1d7f150,1,1,0.0,0.002059392000035132,0.2029999999795109,0.0377376,0.250206,0.2556234,primary,False
r083,evaluation_11,ordinary,round_robin,normal,HumanEval/61,HumanEval/61::273,ordinary-permit-2d19b5949dead884a600656cbcecd223,2,pass,24b912d0127c80e2860674bc4322e0f3255d674d99daffc46b188d0501263179,ffb3d464e13dba0c1259e8e8471acd79f41e75a323ac489819173477e5241dda,3d0bcc3602ccf26ba196dcc802b5154d15cdaf2eba88012bdbfb14223efe98aa,e05cebc18c2dab444215fb826377edb0480db72e2bf33ed776afbbc2a1d7f150,2,1,0.0,0.0021391719999996894,0.2029999999795109,0.288559,0.4934151,0.498471,primary,False
r083,evaluation_11,ordinary,round_robin,normal,HumanEval/71,HumanEval/71::253,ordinary-permit-b6c81fbaa2a2e14e991400b50bfefc16,3,pass,294503fc4bca24b85e51fbaf4a59587c37da292e2a600c071c018697a56afbde,dc733872259b818b47102c84715086571998c236f3072413f9022b0bf6a361ef,05b33c941e48da9d270340ea9eb7ab06b8a653dbce5cc8964afb8548a9975239,e05cebc18c2dab444215fb826377edb0480db72e2bf33ed776afbbc2a1d7f150,3,1,0.0,0.0020126080000295588,0.20300000000861473,0.5241775,0.7305013,0.7357098,primary,False
r083,evaluation_11,ordinary,round_robin,normal,HumanEval/79,HumanEval/79::142,ordinary-permit-56cb32a2fbad9028505aa28a0fa2457e,4,pass,370465312c7d0f9b55c1878b7d7d6062efa8c9e6f8bcdceeecea138a41ac0612,a6dbe53a3c39611271c0186f8b0e3079fdc541455e68ff5b2580f8784ebb387c,8ecd4106617d428266a2a5d19cb226e3f9248f26465865de9543d4f4986550d7,e05cebc18c2dab444215fb826377edb0480db72e2bf33ed776afbbc2a1d7f150,4,1,0.000367,0.0020228610000003755,0.20300000000861473,0.773998,0.9846029,0.9903367,primary,False
r083,evaluation_11,ordinary,round_robin,normal,HumanEval/17,HumanEval/17::57,ordinary-permit-b83cf225e15c0a383a1f9806ddcf8839,5,fail,aec20adbe6914a183a55977db86a9562eca2d14f14777bd95cf92c311a6ab13b,97c67ac66e15c251f6c1b5f13bfbb7155c887457fd82a5a2864fb55c40195357,6576ad3386416662c75a27317f741a8053aadc096fcb3bb91acb1dc527b52a29,e05cebc18c2dab444215fb826377edb0480db72e2bf33ed776afbbc2a1d7f150,5,1,0.0,0.002064018999988093,0.20300000000861473,1.0247857,1.2338187,1.2388831,primary,False
r083,evaluation_11,ordinary,round_robin,normal,HumanEval/89,HumanEval/89::326,ordinary-permit-e524539f352bec670608da580575cd91,6,pass,79c8af04a118a0b231b127f858a169847afa822f2e48b7879dfe6f325b4c5b0f,d20b014d4578647c366a07753411f96e095a3789624489f1278c2e7576c51cc7,2a6d53aeef52f41faf1c09a016f166312bc2b9fd65e58a4873444ef72866341a,e05cebc18c2dab444215fb826377edb0480db72e2bf33ed776afbbc2a1d7f150,6,1,0.0,0.00198129899996502,0.20300000000861473,1.2751463,1.4843559,1.4900921,primary,False
r083,evaluation_11,ordinary,round_robin,normal,HumanEval/51,HumanEval/51::267,ordinary-permit-74ad5692206443648954b2b05a961de4,7,pass,b8eccd0a40bff01ca462db29672336ae8ea9bc2ca191612ac361c3e4888a71e2,38519d5c4560fcaefc3467969831c8082253329df861d8e1eef5a99fb4251125,111a2db1ee8ffecc33db50782428fccd0e154fb6f5f5a2fe37edf48413fba187,e05cebc18c2dab444215fb826377edb0480db72e2bf33ed776afbbc2a1d7f150,7,1,0.001473,0.0019708230000219373,0.20399999999790452,1.5046194,1.714382,1.7196317,primary,False
r083,evaluation_11,ordinary,round_robin,normal,HumanEval/107,HumanEval/107::120,ordinary-permit-ac58546fbfa30b7d47d54038bfef4300,8,pass,5d6803f850002ce613fd84bc2390b292142af26d4ea449657d4add88149364df,8bc568fb9c37fd5ef7a8beb82171230c58672b2ecd449b2fdc21f618da36e79e,c04275d70a6fa3d43c9effb3f2a0f62751c0093ec94aa66d3f935422acbc8b10,e05cebc18c2dab444215fb826377edb0480db72e2bf33ed776afbbc2a1d7f150,8,1,0.001401,0.0021735130000024583,0.20300000000861473,1.7442953,1.9505709,1.955725,primary,False
r083,evaluation_11,ordinary,round_robin,normal,HumanEval/17,HumanEval/17::68,ordinary-permit-4fb36a4c4c47b8b5e256f0be60406f81,9,fail,359a5cf952959fe1b6aff558d3d57158c7203a8e3cbd77ed5814666c2118bc0f,23db4798942094e379ba40995729d7665d3ea860c0ac2269d9f6946a227b2fe0,6576ad3386416662c75a27317f741a8053aadc096fcb3bb91acb1dc527b52a29,e05cebc18c2dab444215fb826377edb0480db72e2bf33ed776afbbc2a1d7f150,9,1,0.0,0.002354549000017414,0.2029999999795109,1.9800043,2.1881001,2.1931183,primary,False
r083,evaluation_11,ordinary,round_robin,normal,HumanEval/17,HumanEval/17::131,ordinary-permit-efff7acd85c2c103118aac6bd48c2bec,10,pass,6cc58b892c59608c28d348199ba0ec3dd137c9e9fec4796b8defc201c38e23de,82870ef8b8a1b58bdfab71012dc70a5c9d2cd7d153c6cc8597c0d3890ca563f7,6576ad3386416662c75a27317f741a8053aadc096fcb3bb91acb1dc527b52a29,e05cebc18c2dab444215fb826377edb0480db72e2bf33ed776afbbc2a1d7f150,10,1,0.0,0.0021205380000424157,0.2029999999795109,2.2303203,2.4365866,2.4413479,primary,False
r084,evaluation_11,ecrc,round_robin,normal,HumanEval/150,HumanEval/150::229,permit_a523bd39849299d5363d59210b0fe24d,1,pass,0ea72daa702b6d2eff6fc8e60d52f68e8bb810defa752f7680937b382dc006b4,fcb2bf3d9f9ed882cb4b8e628510e61497500180a4ace3fca3c8900f9fec8755,a7dd0a06d29c18d633d4aaa9d2cc3d4efdf7919005c3dbaa7475dfc5bc14e9b2,e05cebc18c2dab444215fb826377edb0480db72e2bf33ed776afbbc2a1d7f150,1,1,0.001539,0.0019373259999611037,0.21899999998277053,0.0482199,0.2566718,0.2612698,primary,False
r084,evaluation_11,ecrc,round_robin,normal,HumanEval/61,HumanEval/61::273,permit_aa55c29a0f04194c100a9b92d1a7ebca,2,pass,544160615ff261c5ac5eb261af5265ebc4e074ed836e3ca509b8517fbd51169c,ffb3d464e13dba0c1259e8e8471acd79f41e75a323ac489819173477e5241dda,3d0bcc3602ccf26ba196dcc802b5154d15cdaf2eba88012bdbfb14223efe98aa,e05cebc18c2dab444215fb826377edb0480db72e2bf33ed776afbbc2a1d7f150,2,1,0.0,0.0019236039999555032,0.20300000000861473,0.2975526,0.5056795,0.510053,primary,False
r084,evaluation_11,ecrc,round_robin,normal,HumanEval/71,HumanEval/71::253,permit_31f560aa97571af09e03f60d22226e4e,3,pass,c6134fa7586eb92072b3fb3b903862e9e1ffd2be82b7a32289f4eef3048eb274,dc733872259b818b47102c84715086571998c236f3072413f9022b0bf6a361ef,05b33c941e48da9d270340ea9eb7ab06b8a653dbce5cc8964afb8548a9975239,e05cebc18c2dab444215fb826377edb0480db72e2bf33ed776afbbc2a1d7f150,3,1,0.0,0.0019552030000227205,0.2029999999795109,0.5542643,0.762274,0.7668525,primary,False
r084,evaluation_11,ecrc,round_robin,normal,HumanEval/79,HumanEval/79::142,permit_5c3bd654105756d9d76f474de9583037,4,pass,b2673755a14ceb4008d9c60457e8bea8e96d945bc78e82cf001659b1f6d66858,a6dbe53a3c39611271c0186f8b0e3079fdc541455e68ff5b2580f8784ebb387c,8ecd4106617d428266a2a5d19cb226e3f9248f26465865de9543d4f4986550d7,e05cebc18c2dab444215fb826377edb0480db72e2bf33ed776afbbc2a1d7f150,4,1,0.00010899999999999999,0.0022096250000345208,0.2029999999795109,0.8138803,1.0174464,1.0225494,primary,False
r084,evaluation_11,ecrc,round_robin,normal,HumanEval/17,HumanEval/17::57,permit_5fc792e9a9b707df7f34b1bb7caa2151,5,fail,7ca4d61da512cbd364b5db45cc657054a35dd07858355c6ac8aa64c4633d7144,97c67ac66e15c251f6c1b5f13bfbb7155c887457fd82a5a2864fb55c40195357,6576ad3386416662c75a27317f741a8053aadc096fcb3bb91acb1dc527b52a29,e05cebc18c2dab444215fb826377edb0480db72e2bf33ed776afbbc2a1d7f150,5,1,0.0019299999999999999,0.002493333000018083,0.21799999999348074,1.0641987,1.2724322,1.2765722,primary,False
r084,evaluation_11,ecrc,round_robin,normal,HumanEval/89,HumanEval/89::326,permit_e96c748148a72968ac42799417071c31,6,pass,2b361a97d1a8bf2c486ab39224ee1b0c56439cf7e3ffa06ef64c9e93f94d0406,d20b014d4578647c366a07753411f96e095a3789624489f1278c2e7576c51cc7,2a6d53aeef52f41faf1c09a016f166312bc2b9fd65e58a4873444ef72866341a,e05cebc18c2dab444215fb826377edb0480db72e2bf33ed776afbbc2a1d7f150,6,1,0.0,0.001966651000032016,0.2029999999795109,1.3137388,1.5198865,1.5241601,primary,False
r084,evaluation_11,ecrc,round_robin,normal,HumanEval/51,HumanEval/51::267,permit_7b27f9451b41c980388e30f9c1194101,7,pass,02eeef1c6056a9eb2c336ba0d4b5e469dd0e9d5a008f725badfd8ca8b89d77e4,38519d5c4560fcaefc3467969831c8082253329df861d8e1eef5a99fb4251125,111a2db1ee8ffecc33db50782428fccd0e154fb6f5f5a2fe37edf48413fba187,e05cebc18c2dab444215fb826377edb0480db72e2bf33ed776afbbc2a1d7f150,7,1,0.0,0.0019266389999756939,0.2029999999795109,1.5630529,1.7700361,1.7747776,primary,False
r084,evaluation_11,ecrc,round_robin,normal,HumanEval/107,HumanEval/107::120,permit_e9dfc6f702041f40dc2a320c45e77dfa,8,pass,7b76ef81121f19e56536af7e3fed30c0ecbfb380139bb3e18fb0aff01122ae47,8bc568fb9c37fd5ef7a8beb82171230c58672b2ecd449b2fdc21f618da36e79e,c04275d70a6fa3d43c9effb3f2a0f62751c0093ec94aa66d3f935422acbc8b10,e05cebc18c2dab444215fb826377edb0480db72e2bf33ed776afbbc2a1d7f150,8,1,0.0,0.0018407199999614932,0.21899999998277053,1.7971782,2.0049477,2.009922,primary,False
r084,evaluation_11,ecrc,round_robin,normal,HumanEval/17,HumanEval/17::68,permit_78665fb553a415160fb40e1953aa1b4a,9,fail,66918de873e98c1fb8597bda04926009604f99f5508d0447950fe627b1b2e2fe,23db4798942094e379ba40995729d7665d3ea860c0ac2269d9f6946a227b2fe0,6576ad3386416662c75a27317f741a8053aadc096fcb3bb91acb1dc527b52a29,e05cebc18c2dab444215fb826377edb0480db72e2bf33ed776afbbc2a1d7f150,9,1,0.001444,0.0022841459999654035,0.20300000000861473,2.0488772,2.2556404,2.2602713,primary,False
r084,evaluation_11,ecrc,round_robin,normal,HumanEval/17,HumanEval/17::131,permit_c2559f22fc306c36fe7d56d8267418a4,10,pass,b404b360b47dad21b2411bb9697e1f0317d5da91698be575bea65da0745d9575,82870ef8b8a1b58bdfab71012dc70a5c9d2cd7d153c6cc8597c0d3890ca563f7,6576ad3386416662c75a27317f741a8053aadc096fcb3bb91acb1dc527b52a29,e05cebc18c2dab444215fb826377edb0480db72e2bf33ed776afbbc2a1d7f150,10,1,0.001612,0.002322549999973944,0.20300000000861473,2.2982445,2.5001965,2.5052202,primary,False
r085,evaluation_11,ordinary,depth_first,response_loss,HumanEval/150,HumanEval/150::229,ordinary-permit-ee5312f983d5eb5e6cdea360abd4c8f2,1,pass,d842b76e5f066cb9aac8f894c3579df7f7a184a556168dd253e82f4ac774f9aa,fcb2bf3d9f9ed882cb4b8e628510e61497500180a4ace3fca3c8900f9fec8755,a7dd0a06d29c18d633d4aaa9d2cc3d4efdf7919005c3dbaa7475dfc5bc14e9b2,e05cebc18c2dab444215fb826377edb0480db72e2bf33ed776afbbc2a1d7f150,1,1,0.0,0.00221822099996416,0.21900000001187436,0.0488125,0.2578633,0.2619515,primary,False
r085,evaluation_11,ordinary,depth_first,response_loss,HumanEval/61,HumanEval/61::273,ordinary-permit-2d19b5949dead884a600656cbcecd223,2,pass,5d90b88d1a4c4bff41821a7c3faf68c45683f709317abc039dfab5d691b9959d,ffb3d464e13dba0c1259e8e8471acd79f41e75a323ac489819173477e5241dda,3d0bcc3602ccf26ba196dcc802b5154d15cdaf2eba88012bdbfb14223efe98aa,e05cebc18c2dab444215fb826377edb0480db72e2bf33ed776afbbc2a1d7f150,2,1,0.00020099999999999998,0.002122880999991139,0.20300000000861473,0.2989325,0.5021673,0.5076931,primary,False
r085,evaluation_11,ordinary,depth_first,response_loss,HumanEval/71,HumanEval/71::253,ordinary-permit-b6c81fbaa2a2e14e991400b50bfefc16,3,pass,4d0bf0be2709e6e5cc8bbacca5e7145aaf2b35af37334f0b2c9a59240f6e81a7,dc733872259b818b47102c84715086571998c236f3072413f9022b0bf6a361ef,05b33c941e48da9d270340ea9eb7ab06b8a653dbce5cc8964afb8548a9975239,e05cebc18c2dab444215fb826377edb0480db72e2bf33ed776afbbc2a1d7f150,3,1,0.0,0.00223817300002338,0.21900000001187436,0.5330143,0.7493503,0.7533167,primary,False
r085,evaluation_11,ordinary,depth_first,response_loss,HumanEval/79,HumanEval/79::142,ordinary-permit-56cb32a2fbad9028505aa28a0fa2457e,4,pass,71ef54c98087019ce7a6ddfb2484867553500afe134a1662a8b547a86ba0dd3b,a6dbe53a3c39611271c0186f8b0e3079fdc541455e68ff5b2580f8784ebb387c,8ecd4106617d428266a2a5d19cb226e3f9248f26465865de9543d4f4986550d7,e05cebc18c2dab444215fb826377edb0480db72e2bf33ed776afbbc2a1d7f150,4,1,0.0,0.0019329710000306477,0.21900000001187436,0.7841322,0.9943767,2.0252296,primary,True
r085,evaluation_11,ordinary,depth_first,response_loss,HumanEval/17,HumanEval/17::57,ordinary-permit-b83cf225e15c0a383a1f9806ddcf8839,5,fail,676b4ee123fd8133cb4cfe1228ba6a7de2806994c51338fcd7714f00d585529c,97c67ac66e15c251f6c1b5f13bfbb7155c887457fd82a5a2864fb55c40195357,6576ad3386416662c75a27317f741a8053aadc096fcb3bb91acb1dc527b52a29,e05cebc18c2dab444215fb826377edb0480db72e2bf33ed776afbbc2a1d7f150,5,1,0.00198,0.0023429369999803384,0.20300000000861473,2.0561305,2.2648114,2.2695068,primary,False
r085,evaluation_11,ordinary,depth_first,response_loss,HumanEval/17,HumanEval/17::68,ordinary-permit-4fb36a4c4c47b8b5e256f0be60406f81,6,fail,323a750834a9fd87070fdfa40afc88679825edba92c037de57939636f4a16961,23db4798942094e379ba40995729d7665d3ea860c0ac2269d9f6946a227b2fe0,6576ad3386416662c75a27317f741a8053aadc096fcb3bb91acb1dc527b52a29,e05cebc18c2dab444215fb826377edb0480db72e2bf33ed776afbbc2a1d7f150,6,1,0.001681,0.002483142000016869,0.20300000000861473,2.3070639,2.5126166,2.5168257,primary,False
r085,evaluation_11,ordinary,depth_first,response_loss,HumanEval/17,HumanEval/17::131,ordinary-permit-efff7acd85c2c103118aac6bd48c2bec,7,pass,5fa5f5335b694136950f1a547137430390409e6b368f1972d5ad196ccf908d86,82870ef8b8a1b58bdfab71012dc70a5c9d2cd7d153c6cc8597c0d3890ca563f7,6576ad3386416662c75a27317f741a8053aadc096fcb3bb91acb1dc527b52a29,e05cebc18c2dab444215fb826377edb0480db72e2bf33ed776afbbc2a1d7f150,7,1,0.0,0.002173395999989225,0.20300000000861473,2.5412037,2.7514611,2.7553585,primary,False
r085,evaluation_11,ordinary,depth_first,response_loss,HumanEval/89,HumanEval/89::326,ordinary-permit-e524539f352bec670608da580575cd91,8,pass,99f08f0b3066393b0034d4130647d122e5d45892428b29dfda18e545bbac8f1f,d20b014d4578647c366a07753411f96e095a3789624489f1278c2e7576c51cc7,2a6d53aeef52f41faf1c09a016f166312bc2b9fd65e58a4873444ef72866341a,e05cebc18c2dab444215fb826377edb0480db72e2bf33ed776afbbc2a1d7f150,8,1,0.0,0.0019763829999988047,0.20300000000861473,2.7785775,2.9864859,4.015613,primary,True
r085,evaluation_11,ordinary,depth_first,response_loss,HumanEval/51,HumanEval/51::267,ordinary-permit-74ad5692206443648954b2b05a961de4,9,pass,4267417c030cb35526a3fbbcb8672a29328d2e2cb8e8d5af6857020fc7f2e0d4,38519d5c4560fcaefc3467969831c8082253329df861d8e1eef5a99fb4251125,111a2db1ee8ffecc33db50782428fccd0e154fb6f5f5a2fe37edf48413fba187,e05cebc18c2dab444215fb826377edb0480db72e2bf33ed776afbbc2a1d7f150,9,1,6.9e-05,0.0018744409999840173,0.20300000000861473,4.0470363,4.2538307,4.2582822,primary,False
r085,evaluation_11,ordinary,depth_first,response_loss,HumanEval/107,HumanEval/107::120,ordinary-permit-ac58546fbfa30b7d47d54038bfef4300,10,pass,6547440985c35c9de77d407f49df34c1e6b1bb3a712cd05673efd57b84498527,8bc568fb9c37fd5ef7a8beb82171230c58672b2ecd449b2fdc21f618da36e79e,c04275d70a6fa3d43c9effb3f2a0f62751c0093ec94aa66d3f935422acbc8b10,e05cebc18c2dab444215fb826377edb0480db72e2bf33ed776afbbc2a1d7f150,10,1,0.0,0.001992794999978287,0.20300000000861473,4.2810921,4.4862593,4.4908699,primary,False
r086,evaluation_11,ecrc,depth_first,response_loss,HumanEval/150,HumanEval/150::229,permit_a523bd39849299d5363d59210b0fe24d,1,pass,dbde491dd70610e4ebafbb7a8d2f0593c94705cd213cace91ba3d7bbc2239148,fcb2bf3d9f9ed882cb4b8e628510e61497500180a4ace3fca3c8900f9fec8755,a7dd0a06d29c18d633d4aaa9d2cc3d4efdf7919005c3dbaa7475dfc5bc14e9b2,e05cebc18c2dab444215fb826377edb0480db72e2bf33ed776afbbc2a1d7f150,1,1,0.00012299999999999998,0.0019783609999990404,0.21900000001187436,0.0256125,0.2335992,0.2377262,primary,False
r086,evaluation_11,ecrc,depth_first,response_loss,HumanEval/61,HumanEval/61::273,permit_aa55c29a0f04194c100a9b92d1a7ebca,2,pass,04e3548fc230f00bacef493d46bd0dd85b750e9fd39b89f1ebb1ae6d34ae21a3,ffb3d464e13dba0c1259e8e8471acd79f41e75a323ac489819173477e5241dda,3d0bcc3602ccf26ba196dcc802b5154d15cdaf2eba88012bdbfb14223efe98aa,e05cebc18c2dab444215fb826377edb0480db72e2bf33ed776afbbc2a1d7f150,2,1,0.000283,0.0021458639999991647,0.20300000000861473,0.277383,0.4848917,0.489899,primary,False
r086,evaluation_11,ecrc,depth_first,response_loss,HumanEval/71,HumanEval/71::253,permit_31f560aa97571af09e03f60d22226e4e,3,pass,9ae2ab3c1204c686456081bd0c444a38efd7cee7951cbf7cefe248c0d904d8fc,dc733872259b818b47102c84715086571998c236f3072413f9022b0bf6a361ef,05b33c941e48da9d270340ea9eb7ab06b8a653dbce5cc8964afb8548a9975239,e05cebc18c2dab444215fb826377edb0480db72e2bf33ed776afbbc2a1d7f150,3,1,0.0,0.002014351000013903,0.20300000000861473,0.5301426,0.7396631,0.744225,primary,False
r086,evaluation_11,ecrc,depth_first,response_loss,HumanEval/79,HumanEval/79::142,permit_5c3bd654105756d9d76f474de9583037,4,pass,55065b2fbcbee50e9050555e6e9a7dcb613d52bdae462ec2dc6896389647a971,a6dbe53a3c39611271c0186f8b0e3079fdc541455e68ff5b2580f8784ebb387c,8ecd4106617d428266a2a5d19cb226e3f9248f26465865de9543d4f4986550d7,e05cebc18c2dab444215fb826377edb0480db72e2bf33ed776afbbc2a1d7f150,4,1,0.0010869999999999999,0.0020008949999805736,0.20300000000861473,0.7833234,0.9888857,2.0202713,primary,True
r086,evaluation_11,ecrc,depth_first,response_loss,HumanEval/17,HumanEval/17::57,permit_5fc792e9a9b707df7f34b1bb7caa2151,5,fail,b73b969a49c35f320ded2f599839a41b02ba47c42263ede0e1b308ee5340c982,97c67ac66e15c251f6c1b5f13bfbb7155c887457fd82a5a2864fb55c40195357,6576ad3386416662c75a27317f741a8053aadc096fcb3bb91acb1dc527b52a29,e05cebc18c2dab444215fb826377edb0480db72e2bf33ed776afbbc2a1d7f150,5,1,0.0,0.0025416490000225167,0.2029999999795109,2.0489545,2.2584406,2.2629302,primary,False
r086,evaluation_11,ecrc,depth_first,response_loss,HumanEval/17,HumanEval/17::68,permit_78665fb553a415160fb40e1953aa1b4a,6,fail,e4d64669d37a410999e87ed549374f8b8b68db671b28ad20d25f33f82fed6a12,23db4798942094e379ba40995729d7665d3ea860c0ac2269d9f6946a227b2fe0,6576ad3386416662c75a27317f741a8053aadc096fcb3bb91acb1dc527b52a29,e05cebc18c2dab444215fb826377edb0480db72e2bf33ed776afbbc2a1d7f150,6,1,0.001594,0.002195788999983961,0.2029999999795109,2.2979169,2.5040053,2.5086052,primary,False
r086,evaluation_11,ecrc,depth_first,response_loss,HumanEval/17,HumanEval/17::131,permit_c2559f22fc306c36fe7d56d8267418a4,7,pass,828cc864591965622f3498f083b0a0c38df32b747b84608ff67be927453b41ca,82870ef8b8a1b58bdfab71012dc70a5c9d2cd7d153c6cc8597c0d3890ca563f7,6576ad3386416662c75a27317f741a8053aadc096fcb3bb91acb1dc527b52a29,e05cebc18c2dab444215fb826377edb0480db72e2bf33ed776afbbc2a1d7f150,7,1,0.0,0.002253553999992164,0.2029999999795109,2.5479815,2.7561116,2.7614906,primary,False
r086,evaluation_11,ecrc,depth_first,response_loss,HumanEval/89,HumanEval/89::326,permit_e96c748148a72968ac42799417071c31,8,pass,3524d5ef01662d03075fa2883d1f3c5082ec5dce7d12a80a54d78ef1714a3ab9,d20b014d4578647c366a07753411f96e095a3789624489f1278c2e7576c51cc7,2a6d53aeef52f41faf1c09a016f166312bc2b9fd65e58a4873444ef72866341a,e05cebc18c2dab444215fb826377edb0480db72e2bf33ed776afbbc2a1d7f150,8,1,0.0,0.0021359350000125232,0.2029999999795109,2.7991964,3.0025801,4.0298074,primary,True
r086,evaluation_11,ecrc,depth_first,response_loss,HumanEval/51,HumanEval/51::267,permit_7b27f9451b41c980388e30f9c1194101,9,pass,05236c1a926502e4ab60e2b44fa70757b4db63092bb6a1c500efd38a2f26ae69,38519d5c4560fcaefc3467969831c8082253329df861d8e1eef5a99fb4251125,111a2db1ee8ffecc33db50782428fccd0e154fb6f5f5a2fe37edf48413fba187,e05cebc18c2dab444215fb826377edb0480db72e2bf33ed776afbbc2a1d7f150,9,1,0.001423,0.0020428959999776453,0.20300000000861473,4.0605165,4.2682192,4.2724573,primary,False
r086,evaluation_11,ecrc,depth_first,response_loss,HumanEval/107,HumanEval/107::120,permit_e9dfc6f702041f40dc2a320c45e77dfa,10,pass,a6e64a053755248f1c451b5ccd8054ec473223166758b576f81d603b4a063b41,8bc568fb9c37fd5ef7a8beb82171230c58672b2ecd449b2fdc21f618da36e79e,c04275d70a6fa3d43c9effb3f2a0f62751c0093ec94aa66d3f935422acbc8b10,e05cebc18c2dab444215fb826377edb0480db72e2bf33ed776afbbc2a1d7f150,10,1,0.0,0.0020453739999766185,0.20300000000861473,4.3101328,4.515122,4.5194535,primary,False
r087,evaluation_11,ecrc,round_robin,response_loss,HumanEval/150,HumanEval/150::229,permit_a523bd39849299d5363d59210b0fe24d,1,pass,faf704d2c6eed107a9ccb8a6018054ec8ab0258e773fd3520a84d8ad7e4dac96,fcb2bf3d9f9ed882cb4b8e628510e61497500180a4ace3fca3c8900f9fec8755,a7dd0a06d29c18d633d4aaa9d2cc3d4efdf7919005c3dbaa7475dfc5bc14e9b2,e05cebc18c2dab444215fb826377edb0480db72e2bf33ed776afbbc2a1d7f150,1,1,0.001433,0.002141132000019752,0.20300000000861473,0.0398199,0.2496159,0.2547841,primary,False
r087,evaluation_11,ecrc,round_robin,response_loss,HumanEval/61,HumanEval/61::273,permit_aa55c29a0f04194c100a9b92d1a7ebca,2,pass,f46d310e8e88436abae64ef4275d89528141c1437de6f5e0a70082c57d340267,ffb3d464e13dba0c1259e8e8471acd79f41e75a323ac489819173477e5241dda,3d0bcc3602ccf26ba196dcc802b5154d15cdaf2eba88012bdbfb14223efe98aa,e05cebc18c2dab444215fb826377edb0480db72e2bf33ed776afbbc2a1d7f150,2,1,0.000173,0.00185242399999197,0.20300000000861473,0.2897821,0.5010069,0.5062586,primary,False
r087,evaluation_11,ecrc,round_robin,response_loss,HumanEval/71,HumanEval/71::253,permit_31f560aa97571af09e03f60d22226e4e,3,pass,dd53741ffd872bbff8b3333a1f590ec813c508a6641af69fdd43f1180de55bfa,dc733872259b818b47102c84715086571998c236f3072413f9022b0bf6a361ef,05b33c941e48da9d270340ea9eb7ab06b8a653dbce5cc8964afb8548a9975239,e05cebc18c2dab444215fb826377edb0480db72e2bf33ed776afbbc2a1d7f150,3,1,0.0,0.0021943269999837867,0.20300000000861473,0.5389163,0.7473129,0.751926,primary,False
r087,evaluation_11,ecrc,round_robin,response_loss,HumanEval/79,HumanEval/79::142,permit_5c3bd654105756d9d76f474de9583037,4,pass,7d09f39032c148e8bfb0e4df0170ae05f9419f35dc83623c6ad5c5af88d885c3,a6dbe53a3c39611271c0186f8b0e3079fdc541455e68ff5b2580f8784ebb387c,8ecd4106617d428266a2a5d19cb226e3f9248f26465865de9543d4f4986550d7,e05cebc18c2dab444215fb826377edb0480db72e2bf33ed776afbbc2a1d7f150,4,1,0.0,0.0020048179999889726,0.20300000000861473,0.7901485,0.9952474,2.0201529,primary,True
r087,evaluation_11,ecrc,round_robin,response_loss,HumanEval/17,HumanEval/17::57,permit_5fc792e9a9b707df7f34b1bb7caa2151,5,fail,3d9443344af0d9dc56255688934854ad6e389128260b2b883b751e5081bf163a,97c67ac66e15c251f6c1b5f13bfbb7155c887457fd82a5a2864fb55c40195357,6576ad3386416662c75a27317f741a8053aadc096fcb3bb91acb1dc527b52a29,e05cebc18c2dab444215fb826377edb0480db72e2bf33ed776afbbc2a1d7f150,5,1,0.0,0.002110588000050484,0.21899999998277053,2.0493678,2.258146,2.2625696,primary,False
r087,evaluation_11,ecrc,round_robin,response_loss,HumanEval/89,HumanEval/89::326,permit_e96c748148a72968ac42799417071c31,6,pass,07cc93cee24171af669148b481e1d1f89b92446b9540d38822ddee4f92f9bf20,d20b014d4578647c366a07753411f96e095a3789624489f1278c2e7576c51cc7,2a6d53aeef52f41faf1c09a016f166312bc2b9fd65e58a4873444ef72866341a,e05cebc18c2dab444215fb826377edb0480db72e2bf33ed776afbbc2a1d7f150,6,1,0.000651,0.0021150719999809553,0.21899999998277053,2.3006594,2.5088517,2.5145762,primary,False
r087,evaluation_11,ecrc,round_robin,response_loss,HumanEval/51,HumanEval/51::267,permit_7b27f9451b41c980388e30f9c1194101,7,pass,14fe14c12bc53a6115bcee17d7d86defe5a72e144e1c92bd1b128782cda47c3a,38519d5c4560fcaefc3467969831c8082253329df861d8e1eef5a99fb4251125,111a2db1ee8ffecc33db50782428fccd0e154fb6f5f5a2fe37edf48413fba187,e05cebc18c2dab444215fb826377edb0480db72e2bf33ed776afbbc2a1d7f150,7,1,0.0,0.0019122269999911623,0.21899999998277053,2.5502857,2.7589791,2.7637104,primary,False
r087,evaluation_11,ecrc,round_robin,response_loss,HumanEval/107,HumanEval/107::120,permit_e9dfc6f702041f40dc2a320c45e77dfa,8,pass,b8cc2d1523df3092a679b0faebe2780ac6fa385e92f79c5659d5aab35b4d90ed,8bc568fb9c37fd5ef7a8beb82171230c58672b2ecd449b2fdc21f618da36e79e,c04275d70a6fa3d43c9effb3f2a0f62751c0093ec94aa66d3f935422acbc8b10,e05cebc18c2dab444215fb826377edb0480db72e2bf33ed776afbbc2a1d7f150,8,1,0.0,0.0017935569999849577,0.21899999998277053,2.8003563,3.005951,4.0142185,primary,True
r087,evaluation_11,ecrc,round_robin,response_loss,HumanEval/17,HumanEval/17::68,permit_78665fb553a415160fb40e1953aa1b4a,9,fail,2b1ce7251fa5878fbeadf18c512aec0297011b5a0a6958474ba78e36360ce765,23db4798942094e379ba40995729d7665d3ea860c0ac2269d9f6946a227b2fe0,6576ad3386416662c75a27317f741a8053aadc096fcb3bb91acb1dc527b52a29,e05cebc18c2dab444215fb826377edb0480db72e2bf33ed776afbbc2a1d7f150,9,1,0.0,0.0021231220000004214,0.20300000000861473,4.04037,4.2457537,4.2499643,primary,False
r087,evaluation_11,ecrc,round_robin,response_loss,HumanEval/17,HumanEval/17::131,permit_c2559f22fc306c36fe7d56d8267418a4,10,pass,4f7607a4d318465d7033a7ab8a5939c1b36db4cad83ebb82721b5df7ba918328,82870ef8b8a1b58bdfab71012dc70a5c9d2cd7d153c6cc8597c0d3890ca563f7,6576ad3386416662c75a27317f741a8053aadc096fcb3bb91acb1dc527b52a29,e05cebc18c2dab444215fb826377edb0480db72e2bf33ed776afbbc2a1d7f150,10,1,0.0,0.0020156080000219845,0.20300000000861473,4.2895155,4.4960404,4.5005258,primary,False
r088,evaluation_11,ordinary,round_robin,response_loss,HumanEval/150,HumanEval/150::229,ordinary-permit-ee5312f983d5eb5e6cdea360abd4c8f2,1,pass,e0e6bddf453b03a47098cf21b5297906711f4edb26aa093c8f40248bb314aec9,fcb2bf3d9f9ed882cb4b8e628510e61497500180a4ace3fca3c8900f9fec8755,a7dd0a06d29c18d633d4aaa9d2cc3d4efdf7919005c3dbaa7475dfc5bc14e9b2,e05cebc18c2dab444215fb826377edb0480db72e2bf33ed776afbbc2a1d7f150,1,1,0.0,0.0018558760000360053,0.20300000000861473,0.033002,0.2430874,0.2472933,primary,False
r088,evaluation_11,ordinary,round_robin,response_loss,HumanEval/61,HumanEval/61::273,ordinary-permit-2d19b5949dead884a600656cbcecd223,2,pass,37ab245bccce9386e8d01022b09433b9bb52ace996310b55620c3399d2aa6e8b,ffb3d464e13dba0c1259e8e8471acd79f41e75a323ac489819173477e5241dda,3d0bcc3602ccf26ba196dcc802b5154d15cdaf2eba88012bdbfb14223efe98aa,e05cebc18c2dab444215fb826377edb0480db72e2bf33ed776afbbc2a1d7f150,2,1,0.0,0.0021672159999752694,0.20300000000861473,0.2829844,0.4899489,0.4939318,primary,False
r088,evaluation_11,ordinary,round_robin,response_loss,HumanEval/71,HumanEval/71::253,ordinary-permit-b6c81fbaa2a2e14e991400b50bfefc16,3,pass,d14d1d338e227dbe3aa8e380cc4c79ea979159f565bea10d42fc6b614e18adf2,dc733872259b818b47102c84715086571998c236f3072413f9022b0bf6a361ef,05b33c941e48da9d270340ea9eb7ab06b8a653dbce5cc8964afb8548a9975239,e05cebc18c2dab444215fb826377edb0480db72e2bf33ed776afbbc2a1d7f150,3,1,0.001619,0.0020143859999848246,0.2029999999795109,0.5174438,0.7235191,0.7277525,primary,False
r088,evaluation_11,ordinary,round_robin,response_loss,HumanEval/79,HumanEval/79::142,ordinary-permit-56cb32a2fbad9028505aa28a0fa2457e,4,pass,67b8e86f8a3e7f638f6f611be88ae20f8f133ecf1f25ef163311a56a1d3890b4,a6dbe53a3c39611271c0186f8b0e3079fdc541455e68ff5b2580f8784ebb387c,8ecd4106617d428266a2a5d19cb226e3f9248f26465865de9543d4f4986550d7,e05cebc18c2dab444215fb826377edb0480db72e2bf33ed776afbbc2a1d7f150,4,1,0.00077,0.0018012120000321374,0.20300000000861473,0.7515181,0.9570703,1.9827537,primary,True
r088,evaluation_11,ordinary,round_robin,response_loss,HumanEval/17,HumanEval/17::57,ordinary-permit-b83cf225e15c0a383a1f9806ddcf8839,5,fail,fa707d2e10ffc6c891fd5c89785dfc03125ba8b9199071bb65b49809c13ac213,97c67ac66e15c251f6c1b5f13bfbb7155c887457fd82a5a2864fb55c40195357,6576ad3386416662c75a27317f741a8053aadc096fcb3bb91acb1dc527b52a29,e05cebc18c2dab444215fb826377edb0480db72e2bf33ed776afbbc2a1d7f150,5,1,0.001803,0.0024987290000240137,0.20300000000861473,2.0131308,2.2194167,2.2235624,primary,False
r088,evaluation_11,ordinary,round_robin,response_loss,HumanEval/89,HumanEval/89::326,ordinary-permit-e524539f352bec670608da580575cd91,6,pass,9175f1c9b941bab0d701d75d9e770ed1f7eacda72a2eaa02f923a7058bc2afb1,d20b014d4578647c366a07753411f96e095a3789624489f1278c2e7576c51cc7,2a6d53aeef52f41faf1c09a016f166312bc2b9fd65e58a4873444ef72866341a,e05cebc18c2dab444215fb826377edb0480db72e2bf33ed776afbbc2a1d7f150,6,1,0.001356,0.0021420059999854857,0.20300000000861473,2.2503841,2.4558102,2.4602019,primary,False
r088,evaluation_11,ordinary,round_robin,response_loss,HumanEval/51,HumanEval/51::267,ordinary-permit-74ad5692206443648954b2b05a961de4,7,pass,6f8d9a6a04caf115af75bea6c09be1e85fe1d4868bb9b9bf3dd0022de98cbacd,38519d5c4560fcaefc3467969831c8082253329df861d8e1eef5a99fb4251125,111a2db1ee8ffecc33db50782428fccd0e154fb6f5f5a2fe37edf48413fba187,e05cebc18c2dab444215fb826377edb0480db72e2bf33ed776afbbc2a1d7f150,7,1,0.0,0.002274429000010514,0.20399999999790452,2.4857755,2.6896003,2.6942326,primary,False
r088,evaluation_11,ordinary,round_robin,response_loss,HumanEval/107,HumanEval/107::120,ordinary-permit-ac58546fbfa30b7d47d54038bfef4300,8,pass,9e171d27c6728096ccc798290eeb915024894da612d6979822ff3bcf27c3295c,8bc568fb9c37fd5ef7a8beb82171230c58672b2ecd449b2fdc21f618da36e79e,c04275d70a6fa3d43c9effb3f2a0f62751c0093ec94aa66d3f935422acbc8b10,e05cebc18c2dab444215fb826377edb0480db72e2bf33ed776afbbc2a1d7f150,8,1,0.0013289999999999999,0.0023467930000151682,0.20300000000861473,2.7198748,2.9252472,3.9464275,primary,True
r088,evaluation_11,ordinary,round_robin,response_loss,HumanEval/17,HumanEval/17::68,ordinary-permit-4fb36a4c4c47b8b5e256f0be60406f81,9,fail,e30dc48f5b516c2701093d2879cc3e28ed7611bd8d26f7bbd857f0486749d639,23db4798942094e379ba40995729d7665d3ea860c0ac2269d9f6946a227b2fe0,6576ad3386416662c75a27317f741a8053aadc096fcb3bb91acb1dc527b52a29,e05cebc18c2dab444215fb826377edb0480db72e2bf33ed776afbbc2a1d7f150,9,1,0.0,0.0020089079999934256,0.20300000000861473,3.9769954,4.1853056,4.1898355,primary,False
r088,evaluation_11,ordinary,round_robin,response_loss,HumanEval/17,HumanEval/17::131,ordinary-permit-efff7acd85c2c103118aac6bd48c2bec,10,pass,e92d5f8d2e13b5ed4bc29b2a174e83b528177a96ebd27b2fff660dbb9156d145,82870ef8b8a1b58bdfab71012dc70a5c9d2cd7d153c6cc8597c0d3890ca563f7,6576ad3386416662c75a27317f741a8053aadc096fcb3bb91acb1dc527b52a29,e05cebc18c2dab444215fb826377edb0480db72e2bf33ed776afbbc2a1d7f150,10,1,0.0,0.0023612400000274647,0.2029999999795109,4.2031392,4.4109714,4.4161602,primary,False
r089,evaluation_12,ordinary,round_robin,response_loss,HumanEval/5,HumanEval/5::339,ordinary-permit-0d4091b097e09ea039f0334c244f8d8a,1,pass,8a2e2d948d0e80bb3bd2f2bf548b24c00d6afdf451345e48cbc481cd33c61f5e,9f4986ebea6cc09e1903f0fef7e134dc9334ebdbaa43777291eb863d777302da,09f028312e9703cb8fe5f9a5027ab5ec540e79dd5525a318fa209bff1fcd15cb,e05cebc18c2dab444215fb826377edb0480db72e2bf33ed776afbbc2a1d7f150,1,1,0.0,0.0020688869999503368,0.20300000000861473,0.0324925,0.2401929,0.2442662,primary,False
r089,evaluation_12,ordinary,round_robin,response_loss,HumanEval/124,HumanEval/124::26,ordinary-permit-5c92cc00c67ab60ef61ce1d8986edd5d,2,pass,0c1c91688676fc8a526bdbed830f3d2c3e890a358435b8748f64f20f0ae6cf92,4afc798659a4e1d73c4b31c26c32d4672f5a2edeb912e9c7ddc3af76e9619ef4,ff9afad746277abef0ed591648d05a19880007bcf5275ed9b26c23971dba965a,e05cebc18c2dab444215fb826377edb0480db72e2bf33ed776afbbc2a1d7f150,2,1,0.003998,0.005647921999980099,0.21900000001187436,0.2815839,0.4914399,0.4963692,primary,False
r089,evaluation_12,ordinary,round_robin,response_loss,HumanEval/84,HumanEval/84::453,ordinary-permit-387b51a4986da23769b81834da568407,3,fail,7b9938146146183a15260530d217f7ca64b93195c8514ad51a92cb59c77befa7,aedb97b8cb7993e575e23656987e3f5437c7832d8b3904c41f5dbfd8105078f5,c0ab4f329fda3e16f9dbeb2828d7eed398ebccddb1a9afe55ff0265fb5ccbadd,e05cebc18c2dab444215fb826377edb0480db72e2bf33ed776afbbc2a1d7f150,3,1,0.0,0.0019874829999935173,0.20300000000861473,0.5311226,0.7373969,0.7417518,primary,False
r089,evaluation_12,ordinary,round_robin,response_loss,HumanEval/6,HumanEval/6::205,ordinary-permit-6d17cdc3eed322a1a99284f63c9871ef,4,pass,a1ccd61997af02b14ef79ee6175dc340f6a848328b4d3fb200a2fada371680e1,25c9f4269991de93da47e40e384c03510ee7577e19558bfee054b1eb9081f784,e7a9b53bdd50882991a3fa59c4f725da48e260f3125a2aa9d520a2358cc011f9,e05cebc18c2dab444215fb826377edb0480db72e2bf33ed776afbbc2a1d7f150,4,1,0.0,0.002257824000025721,0.2029999999795109,0.7655625,0.9739821,1.9989315,primary,True
r089,evaluation_12,ordinary,round_robin,response_loss,HumanEval/44,HumanEval/44::412,ordinary-permit-4441cecf3f662fa95cf63f3bc8560984,5,pass,1445db908405cf0921d32608d05b3ee10b9852e3897409684fa10009c8118fda,bd707a3d5cf066688a212d572b2c0b4803b62a9dcbd4a0016e4f35a060bdae18,098dc0733ee8b84a8b6355401504277ed445fbbb852f79414371f9556fd5280f,e05cebc18c2dab444215fb826377edb0480db72e2bf33ed776afbbc2a1d7f150,5,1,0.0,0.001969508999991376,0.20300000000861473,2.0297654,2.2398414,2.2446419,primary,False
r089,evaluation_12,ordinary,round_robin,response_loss,HumanEval/137,HumanEval/137::270,ordinary-permit-67e6720a712bd0b1418dd8473048fb6b,6,fail,60b5a65541c606ad901090b148584fa29cdd28bce459e0af4046028458d7cf35,1741ffe2b6e14f339397a712b651a797afc1440a51889e009399ecb8dffbb42f,173e2ce0e8513b4b40ff51139fefb1e08e9049b030141d28a737161870716079,e05cebc18c2dab444215fb826377edb0480db72e2bf33ed776afbbc2a1d7f150,6,1,0.000771,0.00219732000005024,0.20300000000861473,2.2788992,2.4872309,2.491412,primary,False
r089,evaluation_12,ordinary,round_robin,response_loss,HumanEval/154,HumanEval/154::92,ordinary-permit-a1372ad338983e2331165a7b8345c059,7,pass,b83a2400c47208e63949131953b1c6bc45d448ab7bb3ae78adf3343711c009cd,7eb3db03c3289a3b7211f5856daaabd95d3f77eb03db52405b511352cb7a1fb3,9b6a13dc5b01296724052e42a0378610fc65930a080d2dcdaa4d3b5dd0e5c351,e05cebc18c2dab444215fb826377edb0480db72e2bf33ed776afbbc2a1d7f150,7,1,0.0,0.0020670079999831614,0.20300000000861473,2.5283615,2.7333596,2.7377371,primary,False
r089,evaluation_12,ordinary,round_robin,response_loss,HumanEval/118,HumanEval/118::176,ordinary-permit-a267128fda754958a508cea569a052be,8,fail,fd6169d1c459f685c23bac3414bd64fea2700f58471090a255b83cb107261216,bd8d9fe92e89cb41cea44e40fd991f30bc922f191d1e71665995c6bff88b168c,b6ed64e2e08ffce24505fce94245c099531fa5c1cf2e1bcb7e1cdec1b56fe766,e05cebc18c2dab444215fb826377edb0480db72e2bf33ed776afbbc2a1d7f150,8,1,0.000983,0.0021574749999899723,0.2029999999795109,2.7636467,2.9716065,3.9794271,primary,True
r089,evaluation_12,ordinary,round_robin,response_loss,HumanEval/84,HumanEval/84::498,ordinary-permit-3831cda7d9c24a5d12eaed18e39f4165,9,fail,b756369159d535c5d9281c0791391ef3ba695882d7dadb5a44b35b5d7dc7cb11,e3b0c44298fc1c149afbf4c8996fb92427ae41e4649b934ca495991b7852b855,c0ab4f329fda3e16f9dbeb2828d7eed398ebccddb1a9afe55ff0265fb5ccbadd,e05cebc18c2dab444215fb826377edb0480db72e2bf33ed776afbbc2a1d7f150,9,1,0.0,0.001986992999945869,0.21799999999348074,4.0029022,4.2100775,4.214922,primary,False
r089,evaluation_12,ordinary,round_robin,response_loss,HumanEval/137,HumanEval/137::104,ordinary-permit-d6c4af68ab15d9ca5a0b5b83e9cb08d2,10,fail,9a7af4e04796eb2fa3f5af508414bc0150b168a31b5a21c1cb757d489aab493b,5bcc0521e8d4ee20c68f423f51cb9335ff9debafdf13de722c2dacfe99e80bbf,173e2ce0e8513b4b40ff51139fefb1e08e9049b030141d28a737161870716079,e05cebc18c2dab444215fb826377edb0480db72e2bf33ed776afbbc2a1d7f150,10,1,0.0,0.0018534150000277805,0.20300000000861473,4.2396365,4.4488206,4.4533766,primary,False
r089,evaluation_12,ordinary,round_robin,response_loss,HumanEval/118,HumanEval/118::349,ordinary-permit-bef4528d999ecb7993b1d045a56e96ec,11,fail,bc1fe6217bf5dbaa5c44ae361de4b8805abad9cc9ee82a4a8b30d1c1760f9086,ff1a73ea0ce372dac59ff2f678bae1cec873f0b8d0d0862288a60ab9712ad3a5,b6ed64e2e08ffce24505fce94245c099531fa5c1cf2e1bcb7e1cdec1b56fe766,e05cebc18c2dab444215fb826377edb0480db72e2bf33ed776afbbc2a1d7f150,11,1,0.000691,0.0021846480000249358,0.20300000000861473,4.4666748,4.6761367,4.6808777,primary,False
r089,evaluation_12,ordinary,round_robin,response_loss,HumanEval/84,HumanEval/84::275,ordinary-permit-f7a5ce04e6ea974863576cafc40830bd,12,fail,4d64bb36b06d37985901c57ced9b909740e4cba8939e1a34fbfc11ae81dc2c27,9f0c78874c41d63014ff90241e20cd7c375b73b8e61637efe8ff5f88a77c53d3,c0ab4f329fda3e16f9dbeb2828d7eed398ebccddb1a9afe55ff0265fb5ccbadd,e05cebc18c2dab444215fb826377edb0480db72e2bf33ed776afbbc2a1d7f150,12,1,0.0,0.0020193649999669105,0.20300000000861473,4.7090377,4.9210551,5.9477386,drain,True
r090,evaluation_12,ecrc,round_robin,response_loss,HumanEval/5,HumanEval/5::339,permit_9599260bfc960232105a28b1158bd8e2,1,pass,5c04a7ba8e41bfdd4fcefb6cddf949623bdc8689636fa897bea45f14e63bd8b5,9f4986ebea6cc09e1903f0fef7e134dc9334ebdbaa43777291eb863d777302da,09f028312e9703cb8fe5f9a5027ab5ec540e79dd5525a318fa209bff1fcd15cb,e05cebc18c2dab444215fb826377edb0480db72e2bf33ed776afbbc2a1d7f150,1,1,0.0,0.0025129559999754747,0.20300000000861473,0.0175175,0.2191528,0.2242234,primary,False
r090,evaluation_12,ecrc,round_robin,response_loss,HumanEval/124,HumanEval/124::26,permit_8a7f14ed5120250cc2ad8443874460a5,2,pass,37df2cd01bf34286c48e3fbe07ed9c3994614e6a5ec8ecf67ee7f319dc7f240e,4afc798659a4e1d73c4b31c26c32d4672f5a2edeb912e9c7ddc3af76e9619ef4,ff9afad746277abef0ed591648d05a19880007bcf5275ed9b26c23971dba965a,e05cebc18c2dab444215fb826377edb0480db72e2bf33ed776afbbc2a1d7f150,2,1,0.0034319999999999997,0.005042134999996506,0.20300000000861473,0.2508431,0.4640119,0.4691519,primary,False
r090,evaluation_12,ecrc,round_robin,response_loss,HumanEval/84,HumanEval/84::453,permit_96a3dfc9cce53e8c1f0c0e8171a2fe2f,3,fail,ea724c0cb961c406300b998a56cab54da7586669e59ecbba0b4adaa07f72501d,aedb97b8cb7993e575e23656987e3f5437c7832d8b3904c41f5dbfd8105078f5,c0ab4f329fda3e16f9dbeb2828d7eed398ebccddb1a9afe55ff0265fb5ccbadd,e05cebc18c2dab444215fb826377edb0480db72e2bf33ed776afbbc2a1d7f150,3,1,0.000277,0.0019324649999816756,0.20300000000861473,0.4864358,0.6962896,0.7011075,primary,False
r090,evaluation_12,ecrc,round_robin,response_loss,HumanEval/6,HumanEval/6::205,permit_60eb9314fe539439238d5ae01cb44c24,4,pass,4a04294fc35485caa981f03d9a380c12808a55d996a499476fc819d008456a9a,25c9f4269991de93da47e40e384c03510ee7577e19558bfee054b1eb9081f784,e7a9b53bdd50882991a3fa59c4f725da48e260f3125a2aa9d520a2358cc011f9,e05cebc18c2dab444215fb826377edb0480db72e2bf33ed776afbbc2a1d7f150,4,1,0.0,0.0023918750000007094,0.20300000000861473,0.7336791,0.9419226,1.9740378,primary,True
r090,evaluation_12,ecrc,round_robin,response_loss,HumanEval/44,HumanEval/44::412,permit_b48e8520ea090247e7a717cd124159bc,5,pass,2cc3d5b0b6ea983f33d9dac7bc6975dbe7b8226cc3eca31dac23739e57a2a433,bd707a3d5cf066688a212d572b2c0b4803b62a9dcbd4a0016e4f35a060bdae18,098dc0733ee8b84a8b6355401504277ed445fbbb852f79414371f9556fd5280f,e05cebc18c2dab444215fb826377edb0480db72e2bf33ed776afbbc2a1d7f150,5,1,0.00042199999999999996,0.0019283230000155527,0.20300000000861473,2.0042354,2.208912,2.2133362,primary,False
r090,evaluation_12,ecrc,round_robin,response_loss,HumanEval/137,HumanEval/137::270,permit_3f1d674ce666bba4eed6ab807c0b66aa,6,fail,bf226df69a63eede8f33038593a9a0c4e6720f43b97563991ee1903b84d00c95,1741ffe2b6e14f339397a712b651a797afc1440a51889e009399ecb8dffbb42f,173e2ce0e8513b4b40ff51139fefb1e08e9049b030141d28a737161870716079,e05cebc18c2dab444215fb826377edb0480db72e2bf33ed776afbbc2a1d7f150,6,1,0.0,0.0019031140000151936,0.20300000000861473,2.253081,2.4563958,2.4614997,primary,False
r090,evaluation_12,ecrc,round_robin,response_loss,HumanEval/154,HumanEval/154::92,permit_12f348a4ce08835577242bfcd96c3094,7,pass,439b276516e3df79b1a9e5a62f85b902c538761ad574f5741301d13a3472b3ad,7eb3db03c3289a3b7211f5856daaabd95d3f77eb03db52405b511352cb7a1fb3,9b6a13dc5b01296724052e42a0378610fc65930a080d2dcdaa4d3b5dd0e5c351,e05cebc18c2dab444215fb826377edb0480db72e2bf33ed776afbbc2a1d7f150,7,1,0.001218,0.0018702120000284594,0.20300000000861473,2.4905352,2.6993735,2.7052349,primary,False
r090,evaluation_12,ecrc,round_robin,response_loss,HumanEval/118,HumanEval/118::176,permit_bd9127882fa1daf5b5944bfac3d41a23,8,fail,ef2ccc65efb046eea0f7bde5df215c9a00f48c9fe6227610319879abb9cb8820,bd8d9fe92e89cb41cea44e40fd991f30bc922f191d1e71665995c6bff88b168c,b6ed64e2e08ffce24505fce94245c099531fa5c1cf2e1bcb7e1cdec1b56fe766,e05cebc18c2dab444215fb826377edb0480db72e2bf33ed776afbbc2a1d7f150,8,1,0.0,0.0019682630000374957,0.20300000000861473,2.7408701,2.9493792,3.9758987,primary,True
r090,evaluation_12,ecrc,round_robin,response_loss,HumanEval/84,HumanEval/84::498,permit_fb8a871f3bc10b4f8f25c19dab720565,9,fail,a00666f82ff6e21c1b6f8f22b7c6a221f01789a490b55da344fc1b7a1333db76,e3b0c44298fc1c149afbf4c8996fb92427ae41e4649b934ca495991b7852b855,c0ab4f329fda3e16f9dbeb2828d7eed398ebccddb1a9afe55ff0265fb5ccbadd,e05cebc18c2dab444215fb826377edb0480db72e2bf33ed776afbbc2a1d7f150,9,1,0.0,0.002049612000007528,0.20300000000861473,4.0068462,4.214549,4.2189958,primary,False
r090,evaluation_12,ecrc,round_robin,response_loss,HumanEval/137,HumanEval/137::104,permit_05c069c602ded07aabd86680d87eb18a,10,fail,a329c716ee775f8f1d18b69c18b56fad03d7e8b79b2c83927a1616ffbbe6d248,5bcc0521e8d4ee20c68f423f51cb9335ff9debafdf13de722c2dacfe99e80bbf,173e2ce0e8513b4b40ff51139fefb1e08e9049b030141d28a737161870716079,e05cebc18c2dab444215fb826377edb0480db72e2bf33ed776afbbc2a1d7f150,10,1,0.0,0.0020764619999908973,0.20300000000861473,4.2572439,4.4643058,4.4689993,primary,False
r090,evaluation_12,ecrc,round_robin,response_loss,HumanEval/118,HumanEval/118::349,permit_27c59841e2859861fec62e02b913e4f0,11,fail,f108fadc31c71420f3e9dd94b9534df6371964239fbafcb20568f312373e37a8,ff1a73ea0ce372dac59ff2f678bae1cec873f0b8d0d0862288a60ab9712ad3a5,b6ed64e2e08ffce24505fce94245c099531fa5c1cf2e1bcb7e1cdec1b56fe766,e05cebc18c2dab444215fb826377edb0480db72e2bf33ed776afbbc2a1d7f150,11,1,0.000444,0.002050803999964046,0.21900000001187436,4.5073116,4.7164191,4.7205653,primary,False
r090,evaluation_12,ecrc,round_robin,response_loss,HumanEval/84,HumanEval/84::275,permit_8a3276f1776850e4702f658bde984073,12,fail,1356e2e52a828452b70cff9934707e9956feaaebeedeae3ff0cd8b7b0c6d8e5f,9f0c78874c41d63014ff90241e20cd7c375b73b8e61637efe8ff5f88a77c53d3,c0ab4f329fda3e16f9dbeb2828d7eed398ebccddb1a9afe55ff0265fb5ccbadd,e05cebc18c2dab444215fb826377edb0480db72e2bf33ed776afbbc2a1d7f150,12,1,0.0,0.002082213999983651,0.21900000001187436,4.7573696,4.9711334,6.0044106,drain,True
r091,evaluation_12,ecrc,depth_first,response_loss,HumanEval/5,HumanEval/5::339,permit_9599260bfc960232105a28b1158bd8e2,1,pass,513c3fe6311911183412c59216ea25aafb76fcb7d34d38f7ec68c53712be804d,9f4986ebea6cc09e1903f0fef7e134dc9334ebdbaa43777291eb863d777302da,09f028312e9703cb8fe5f9a5027ab5ec540e79dd5525a318fa209bff1fcd15cb,e05cebc18c2dab444215fb826377edb0480db72e2bf33ed776afbbc2a1d7f150,1,1,0.000584,0.0021594559999584817,0.20399999999790452,0.0293526,0.2379731,0.2424061,primary,False
r091,evaluation_12,ecrc,depth_first,response_loss,HumanEval/124,HumanEval/124::26,permit_8a7f14ed5120250cc2ad8443874460a5,2,pass,986526cf4f79c5a1df0ea1a98a1f3c40e1f1ffa0ae26ead787caaa9db814b590,4afc798659a4e1d73c4b31c26c32d4672f5a2edeb912e9c7ddc3af76e9619ef4,ff9afad746277abef0ed591648d05a19880007bcf5275ed9b26c23971dba965a,e05cebc18c2dab444215fb826377edb0480db72e2bf33ed776afbbc2a1d7f150,2,1,0.003737,0.00504525100001274,0.20399999999790452,0.2791954,0.4896754,0.4941656,primary,False
r091,evaluation_12,ecrc,depth_first,response_loss,HumanEval/84,HumanEval/84::453,permit_96a3dfc9cce53e8c1f0c0e8171a2fe2f,3,fail,2db4ad4c778a2ba59b17a485922ae48055913cd028c7a808fa1cc0bbd23d9ccf,aedb97b8cb7993e575e23656987e3f5437c7832d8b3904c41f5dbfd8105078f5,c0ab4f329fda3e16f9dbeb2828d7eed398ebccddb1a9afe55ff0265fb5ccbadd,e05cebc18c2dab444215fb826377edb0480db72e2bf33ed776afbbc2a1d7f150,3,1,0.0,0.0021364259999927526,0.20399999999790452,0.5298268,0.737346,0.7418227,primary,False
r091,evaluation_12,ecrc,depth_first,response_loss,HumanEval/84,HumanEval/84::498,permit_fb8a871f3bc10b4f8f25c19dab720565,4,fail,4c333dce77a62513b2edcf9e05eb57e40d73f6ac2d8db96c117e60df28aad905,e3b0c44298fc1c149afbf4c8996fb92427ae41e4649b934ca495991b7852b855,c0ab4f329fda3e16f9dbeb2828d7eed398ebccddb1a9afe55ff0265fb5ccbadd,e05cebc18c2dab444215fb826377edb0480db72e2bf33ed776afbbc2a1d7f150,4,1,0.0,0.0019126519999872471,0.20399999999790452,0.7794046,0.991295,2.0183647,primary,True
r091,evaluation_12,ecrc,depth_first,response_loss,HumanEval/84,HumanEval/84::275,permit_8a3276f1776850e4702f658bde984073,5,fail,f5f358a3002c87bdcbddaf4a2d24a39a2ebef4a64696a29c429e0c897a15776c,9f0c78874c41d63014ff90241e20cd7c375b73b8e61637efe8ff5f88a77c53d3,c0ab4f329fda3e16f9dbeb2828d7eed398ebccddb1a9afe55ff0265fb5ccbadd,e05cebc18c2dab444215fb826377edb0480db72e2bf33ed776afbbc2a1d7f150,5,1,0.0,0.002085314999987986,0.21899999998277053,2.0475893,2.257163,2.2623025,primary,False
r091,evaluation_12,ecrc,depth_first,response_loss,HumanEval/84,HumanEval/84::266,permit_62c68b00c9fff0b75b82e6c3e8981189,6,fail,882978298154221fb9aa106f0df06d3e36e172a61b37f7097ed55924ce0b8654,e3b0c44298fc1c149afbf4c8996fb92427ae41e4649b934ca495991b7852b855,c0ab4f329fda3e16f9dbeb2828d7eed398ebccddb1a9afe55ff0265fb5ccbadd,e05cebc18c2dab444215fb826377edb0480db72e2bf33ed776afbbc2a1d7f150,6,1,0.001516,0.0020368619999544535,0.20300000000861473,2.2976323,2.506816,2.5124943,primary,False
r091,evaluation_12,ecrc,depth_first,response_loss,HumanEval/6,HumanEval/6::205,permit_60eb9314fe539439238d5ae01cb44c24,7,pass,dcc687775f817032f461d9db80dcaf8c8f7801f57f228a25151e0b9ea12ed22d,25c9f4269991de93da47e40e384c03510ee7577e19558bfee054b1eb9081f784,e7a9b53bdd50882991a3fa59c4f725da48e260f3125a2aa9d520a2358cc011f9,e05cebc18c2dab444215fb826377edb0480db72e2bf33ed776afbbc2a1d7f150,7,1,5.6999999999999996e-05,0.0023131199999966157,0.20300000000861473,2.5478335,2.7561806,2.7611474,primary,False
r091,evaluation_12,ecrc,depth_first,response_loss,HumanEval/44,HumanEval/44::412,permit_b48e8520ea090247e7a717cd124159bc,8,pass,f76c6888219c428cd7472c25a4939a0ac39c99dcb7e7855398370d0bb3d43bc6,bd707a3d5cf066688a212d572b2c0b4803b62a9dcbd4a0016e4f35a060bdae18,098dc0733ee8b84a8b6355401504277ed445fbbb852f79414371f9556fd5280f,e05cebc18c2dab444215fb826377edb0480db72e2bf33ed776afbbc2a1d7f150,8,1,0.0,0.0019251559999702295,0.20300000000861473,2.7971257,3.006696,4.0336631,primary,True
r091,evaluation_12,ecrc,depth_first,response_loss,HumanEval/137,HumanEval/137::270,permit_3f1d674ce666bba4eed6ab807c0b66aa,9,fail,bac62581894ac3d6b7b80552871dd6e32e0b156bd205e98aec08baf5634b3054,1741ffe2b6e14f339397a712b651a797afc1440a51889e009399ecb8dffbb42f,173e2ce0e8513b4b40ff51139fefb1e08e9049b030141d28a737161870716079,e05cebc18c2dab444215fb826377edb0480db72e2bf33ed776afbbc2a1d7f150,9,1,0.001777,0.002206954999962818,0.21799999999348074,4.0661511,4.2825394,4.2874619,primary,False
r091,evaluation_12,ecrc,depth_first,response_loss,HumanEval/137,HumanEval/137::104,permit_05c069c602ded07aabd86680d87eb18a,10,fail,0eb68a3113fe068f75df483fd6d819ebe931ff0b732548d3a074d6ab46308fc2,5bcc0521e8d4ee20c68f423f51cb9335ff9debafdf13de722c2dacfe99e80bbf,173e2ce0e8513b4b40ff51139fefb1e08e9049b030141d28a737161870716079,e05cebc18c2dab444215fb826377edb0480db72e2bf33ed776afbbc2a1d7f150,10,1,4.4e-05,0.0018836690000512135,0.2029999999795109,4.3176844,4.5234487,4.5279076,primary,False
r091,evaluation_12,ecrc,depth_first,response_loss,HumanEval/137,HumanEval/137::222,permit_020418edb183fb52bc778a1f19836613,11,fail,22dc6c018598510b364e1f73fdb6216c5e02b318f319f60a49e754b791ff57b0,dc5b2d3e29bfa9f03c5b98b4e385c2076ef381b70927bc54f4f116113f4ca37c,173e2ce0e8513b4b40ff51139fefb1e08e9049b030141d28a737161870716079,e05cebc18c2dab444215fb826377edb0480db72e2bf33ed776afbbc2a1d7f150,11,1,0.0,0.002345862999959536,0.20300000000861473,4.5425791,4.7475283,4.752873,primary,False
r091,evaluation_12,ecrc,depth_first,response_loss,HumanEval/137,HumanEval/137::73,permit_1d797b5ba61cb33ebb9135da08ac40cd,12,fail,1ecef497d047a928a34ed8cd3b90b0b19d0336b88b872376f61a5bfb7419599f,9039fb014ed90d94b6141f149ce62857f9fc1f0acc3ad98cb67ee7236015ca29,173e2ce0e8513b4b40ff51139fefb1e08e9049b030141d28a737161870716079,e05cebc18c2dab444215fb826377edb0480db72e2bf33ed776afbbc2a1d7f150,12,1,0.0,0.002231902000005448,0.21900000001187436,4.7857952,4.9936523,6.0200895,drain,True
r092,evaluation_12,ordinary,depth_first,response_loss,HumanEval/5,HumanEval/5::339,ordinary-permit-0d4091b097e09ea039f0334c244f8d8a,1,pass,33323d97ac8ba52701559e26654d4d4646b090f945095eed04932e8625ea2917,9f4986ebea6cc09e1903f0fef7e134dc9334ebdbaa43777291eb863d777302da,09f028312e9703cb8fe5f9a5027ab5ec540e79dd5525a318fa209bff1fcd15cb,e05cebc18c2dab444215fb826377edb0480db72e2bf33ed776afbbc2a1d7f150,1,1,0.0,0.0022112089999950513,0.21799999999348074,0.0138994,0.2219567,0.2266492,primary,False
r092,evaluation_12,ordinary,depth_first,response_loss,HumanEval/124,HumanEval/124::26,ordinary-permit-5c92cc00c67ab60ef61ce1d8986edd5d,2,pass,2d33aac78d0ed92c2a47ef52ec194c84be96225aee9b2e0a3288e79b1c1bbeff,4afc798659a4e1d73c4b31c26c32d4672f5a2edeb912e9c7ddc3af76e9619ef4,ff9afad746277abef0ed591648d05a19880007bcf5275ed9b26c23971dba965a,e05cebc18c2dab444215fb826377edb0480db72e2bf33ed776afbbc2a1d7f150,2,1,0.0013319999999999999,0.005123513999990337,0.21799999999348074,0.2617352,0.4708727,0.47579,primary,False
r092,evaluation_12,ordinary,depth_first,response_loss,HumanEval/84,HumanEval/84::453,ordinary-permit-387b51a4986da23769b81834da568407,3,fail,b29910aa677718bbeb459178a08a3fea121d517fe516d5fc384400b716505956,aedb97b8cb7993e575e23656987e3f5437c7832d8b3904c41f5dbfd8105078f5,c0ab4f329fda3e16f9dbeb2828d7eed398ebccddb1a9afe55ff0265fb5ccbadd,e05cebc18c2dab444215fb826377edb0480db72e2bf33ed776afbbc2a1d7f150,3,1,0.000962,0.0018190399999866713,0.2029999999795109,0.5126842,0.7191988,0.7240501,primary,False
r092,evaluation_12,ordinary,depth_first,response_loss,HumanEval/84,HumanEval/84::498,ordinary-permit-3831cda7d9c24a5d12eaed18e39f4165,4,fail,c2d9ff5b3cb1b123728e0cc12d0fdff1ef55b656907fe8c1b5d9c019d396c5e2,e3b0c44298fc1c149afbf4c8996fb92427ae41e4649b934ca495991b7852b855,c0ab4f329fda3e16f9dbeb2828d7eed398ebccddb1a9afe55ff0265fb5ccbadd,e05cebc18c2dab444215fb826377edb0480db72e2bf33ed776afbbc2a1d7f150,4,1,0.001689,0.002506887999970786,0.2029999999795109,0.7607753,0.967975,1.9938237,primary,True
r092,evaluation_12,ordinary,depth_first,response_loss,HumanEval/84,HumanEval/84::275,ordinary-permit-f7a5ce04e6ea974863576cafc40830bd,5,fail,8573dbe7d1210ddadc298cc8d1fcf0841a97d1bb370d24cad0793dc671cc4ffc,9f0c78874c41d63014ff90241e20cd7c375b73b8e61637efe8ff5f88a77c53d3,c0ab4f329fda3e16f9dbeb2828d7eed398ebccddb1a9afe55ff0265fb5ccbadd,e05cebc18c2dab444215fb826377edb0480db72e2bf33ed776afbbc2a1d7f150,5,1,0.0,0.002150578999987829,0.20300000000861473,2.0226839,2.2285816,2.2331432,primary,False
r092,evaluation_12,ordinary,depth_first,response_loss,HumanEval/84,HumanEval/84::266,ordinary-permit-e6a56470d0867d3bf9cd638cb7b0656d,6,fail,7178718b3555202bc13dd920fe12ff4c36126d4c032b38493d62c550f3275015,e3b0c44298fc1c149afbf4c8996fb92427ae41e4649b934ca495991b7852b855,c0ab4f329fda3e16f9dbeb2828d7eed398ebccddb1a9afe55ff0265fb5ccbadd,e05cebc18c2dab444215fb826377edb0480db72e2bf33ed776afbbc2a1d7f150,6,1,0.0,0.0019467170000098122,0.2029999999795109,2.2576623,2.4617466,2.4669063,primary,False
r092,evaluation_12,ordinary,depth_first,response_loss,HumanEval/6,HumanEval/6::205,ordinary-permit-6d17cdc3eed322a1a99284f63c9871ef,7,pass,6c5c59858c57ba50d44bf4bce005ddd91d828f719bdf75cf87b79f0ff06294a4,25c9f4269991de93da47e40e384c03510ee7577e19558bfee054b1eb9081f784,e7a9b53bdd50882991a3fa59c4f725da48e260f3125a2aa9d520a2358cc011f9,e05cebc18c2dab444215fb826377edb0480db72e2bf33ed776afbbc2a1d7f150,7,1,0.0,0.002403458000003411,0.20300000000861473,2.4944109,2.7029973,2.7077953,primary,False
r092,evaluation_12,ordinary,depth_first,response_loss,HumanEval/44,HumanEval/44::412,ordinary-permit-4441cecf3f662fa95cf63f3bc8560984,8,pass,49fec9e2962637bceca2f74cb3b9f9baf781e5d1debaafe31c1468c9b84d1ac6,bd707a3d5cf066688a212d572b2c0b4803b62a9dcbd4a0016e4f35a060bdae18,098dc0733ee8b84a8b6355401504277ed445fbbb852f79414371f9556fd5280f,e05cebc18c2dab444215fb826377edb0480db72e2bf33ed776afbbc2a1d7f150,8,1,0.0,0.0021991759999764326,0.20300000000861473,2.7466936,2.9532531,3.983255,primary,True
r092,evaluation_12,ordinary,depth_first,response_loss,HumanEval/137,HumanEval/137::270,ordinary-permit-67e6720a712bd0b1418dd8473048fb6b,9,fail,0a61e4c6aecc99172984bb2ab47df7d1c0746088fa007552db727d092bf180e6,1741ffe2b6e14f339397a712b651a797afc1440a51889e009399ecb8dffbb42f,173e2ce0e8513b4b40ff51139fefb1e08e9049b030141d28a737161870716079,e05cebc18c2dab444215fb826377edb0480db72e2bf33ed776afbbc2a1d7f150,9,1,0.0,0.0022728280000023915,0.21799999999348074,4.0142039,4.221935,4.2265873,primary,False
r092,evaluation_12,ordinary,depth_first,response_loss,HumanEval/137,HumanEval/137::104,ordinary-permit-d6c4af68ab15d9ca5a0b5b83e9cb08d2,10,fail,a1a3dce4dc45d94e6270a13f09900f3bc1b15eb5d3d032c94356236265ee4296,5bcc0521e8d4ee20c68f423f51cb9335ff9debafdf13de722c2dacfe99e80bbf,173e2ce0e8513b4b40ff51139fefb1e08e9049b030141d28a737161870716079,e05cebc18c2dab444215fb826377edb0480db72e2bf33ed776afbbc2a1d7f150,10,1,0.0,0.0023671390000004067,0.2029999999795109,4.2638339,4.468649,4.4737884,primary,False
r092,evaluation_12,ordinary,depth_first,response_loss,HumanEval/137,HumanEval/137::222,ordinary-permit-0c0bb38d8acfcacb76d8948be8a7d60c,11,fail,912e6ed99438bc5de8776ad3a3aec4568c3e1eb2c8b2d97c80dd7c70308416c0,dc5b2d3e29bfa9f03c5b98b4e385c2076ef381b70927bc54f4f116113f4ca37c,173e2ce0e8513b4b40ff51139fefb1e08e9049b030141d28a737161870716079,e05cebc18c2dab444215fb826377edb0480db72e2bf33ed776afbbc2a1d7f150,11,1,0.0,0.0020508740000195758,0.2029999999795109,4.4990881,4.7050688,4.7094308,primary,False
r092,evaluation_12,ordinary,depth_first,response_loss,HumanEval/137,HumanEval/137::73,ordinary-permit-6743e5c1e1a27dbe56f8bea47cd96ab5,12,fail,8ffccbb73d433efe6c46b3824869227f1192492f8227e86f317d558e631f8e2d,9039fb014ed90d94b6141f149ce62857f9fc1f0acc3ad98cb67ee7236015ca29,173e2ce0e8513b4b40ff51139fefb1e08e9049b030141d28a737161870716079,e05cebc18c2dab444215fb826377edb0480db72e2bf33ed776afbbc2a1d7f150,12,1,0.0008929999999999999,0.0023949509999852125,0.21899999998277053,4.7462388,4.9537288,5.979532,drain,True
r093,evaluation_12,ecrc,round_robin,normal,HumanEval/5,HumanEval/5::339,permit_9599260bfc960232105a28b1158bd8e2,1,pass,7048f9b8029130f4a22fb37813af0dab89eb7196ba2c31fdd8813a691b546e5b,9f4986ebea6cc09e1903f0fef7e134dc9334ebdbaa43777291eb863d777302da,09f028312e9703cb8fe5f9a5027ab5ec540e79dd5525a318fa209bff1fcd15cb,e05cebc18c2dab444215fb826377edb0480db72e2bf33ed776afbbc2a1d7f150,1,1,0.00025299999999999997,0.001994116000048507,0.21900000001187436,0.0334419,0.2418526,0.24653,primary,False
r093,evaluation_12,ecrc,round_robin,normal,HumanEval/124,HumanEval/124::26,permit_8a7f14ed5120250cc2ad8443874460a5,2,pass,33eaff18939e081c49e36960ed2d5364fcbb02d93f231015caa9dbb6eca095eb,4afc798659a4e1d73c4b31c26c32d4672f5a2edeb912e9c7ddc3af76e9619ef4,ff9afad746277abef0ed591648d05a19880007bcf5275ed9b26c23971dba965a,e05cebc18c2dab444215fb826377edb0480db72e2bf33ed776afbbc2a1d7f150,2,1,0.004117,0.004574278000006871,0.21900000001187436,0.2840332,0.4925877,0.4984134,primary,False
r093,evaluation_12,ecrc,round_robin,normal,HumanEval/84,HumanEval/84::453,permit_96a3dfc9cce53e8c1f0c0e8171a2fe2f,3,fail,a9524c0a9642fda00705766460169c26da181b27255d7b50888148cb16f2174e,aedb97b8cb7993e575e23656987e3f5437c7832d8b3904c41f5dbfd8105078f5,c0ab4f329fda3e16f9dbeb2828d7eed398ebccddb1a9afe55ff0265fb5ccbadd,e05cebc18c2dab444215fb826377edb0480db72e2bf33ed776afbbc2a1d7f150,3,1,0.0,0.0021402840000064316,0.20300000000861473,0.534644,0.7396133,0.7448929,primary,False
r093,evaluation_12,ecrc,round_robin,normal,HumanEval/6,HumanEval/6::205,permit_60eb9314fe539439238d5ae01cb44c24,4,pass,cf918d73876bd750124d7dffdde097ca5886a510c75f4f92d4da3760f9b27635,25c9f4269991de93da47e40e384c03510ee7577e19558bfee054b1eb9081f784,e7a9b53bdd50882991a3fa59c4f725da48e260f3125a2aa9d520a2358cc011f9,e05cebc18c2dab444215fb826377edb0480db72e2bf33ed776afbbc2a1d7f150,4,1,0.0,0.002301498999997875,0.20300000000861473,0.7840157,0.9906078,0.9957717,primary,False
r093,evaluation_12,ecrc,round_robin,normal,HumanEval/44,HumanEval/44::412,permit_b48e8520ea090247e7a717cd124159bc,5,pass,638dc40014153c4870788b045b6eb546d7710d69c4ba5a2669214e02f4fcb078,bd707a3d5cf066688a212d572b2c0b4803b62a9dcbd4a0016e4f35a060bdae18,098dc0733ee8b84a8b6355401504277ed445fbbb852f79414371f9556fd5280f,e05cebc18c2dab444215fb826377edb0480db72e2bf33ed776afbbc2a1d7f150,5,1,0.0,0.00178098899999668,0.21900000001187436,1.0347086,1.2414102,1.2460601,primary,False
r093,evaluation_12,ecrc,round_robin,normal,HumanEval/137,HumanEval/137::270,permit_3f1d674ce666bba4eed6ab807c0b66aa,6,fail,9369ff47eb28def27477503b27972296c52d10f1684782312b8be44cbd0231c1,1741ffe2b6e14f339397a712b651a797afc1440a51889e009399ecb8dffbb42f,173e2ce0e8513b4b40ff51139fefb1e08e9049b030141d28a737161870716079,e05cebc18c2dab444215fb826377edb0480db72e2bf33ed776afbbc2a1d7f150,6,1,0.0,0.0022423770000159493,0.20300000000861473,1.2849949,1.4901231,1.4957276,primary,False
r093,evaluation_12,ecrc,round_robin,normal,HumanEval/154,HumanEval/154::92,permit_12f348a4ce08835577242bfcd96c3094,7,pass,bbbe37a9ed13d8d436e95e6ede5f623751d8450d61edf1a5665e7754886f68d6,7eb3db03c3289a3b7211f5856daaabd95d3f77eb03db52405b511352cb7a1fb3,9b6a13dc5b01296724052e42a0378610fc65930a080d2dcdaa4d3b5dd0e5c351,e05cebc18c2dab444215fb826377edb0480db72e2bf33ed776afbbc2a1d7f150,7,1,0.0006079999999999999,0.0017553249999764375,0.20300000000861473,1.5213177,1.7290507,1.7344108,primary,False
r093,evaluation_12,ecrc,round_robin,normal,HumanEval/118,HumanEval/118::176,permit_bd9127882fa1daf5b5944bfac3d41a23,8,fail,018df8294e3adc18d0cf20c88a7b1623dc63a1da488b8ab40d750b59bc7b78b5,bd8d9fe92e89cb41cea44e40fd991f30bc922f191d1e71665995c6bff88b168c,b6ed64e2e08ffce24505fce94245c099531fa5c1cf2e1bcb7e1cdec1b56fe766,e05cebc18c2dab444215fb826377edb0480db72e2bf33ed776afbbc2a1d7f150,8,1,0.001503,0.0019654220000120404,0.21799999999348074,1.7520662,1.9597671,1.9655241,primary,False
r093,evaluation_12,ecrc,round_robin,normal,HumanEval/84,HumanEval/84::498,permit_fb8a871f3bc10b4f8f25c19dab720565,9,fail,1f995501d8928a97e3424e7d1b9ea7c5219542bf915d0286e839e31c6e2b09ae,e3b0c44298fc1c149afbf4c8996fb92427ae41e4649b934ca495991b7852b855,c0ab4f329fda3e16f9dbeb2828d7eed398ebccddb1a9afe55ff0265fb5ccbadd,e05cebc18c2dab444215fb826377edb0480db72e2bf33ed776afbbc2a1d7f150,9,1,0.0,0.0019782459999646562,0.2029999999795109,1.9933224,2.198428,2.2041701,primary,False
r093,evaluation_12,ecrc,round_robin,normal,HumanEval/137,HumanEval/137::104,permit_05c069c602ded07aabd86680d87eb18a,10,fail,6edc49a3b772c69a5df0b2a2772ac89e43c714295b26b46939c81bdc8f8ac681,5bcc0521e8d4ee20c68f423f51cb9335ff9debafdf13de722c2dacfe99e80bbf,173e2ce0e8513b4b40ff51139fefb1e08e9049b030141d28a737161870716079,e05cebc18c2dab444215fb826377edb0480db72e2bf33ed776afbbc2a1d7f150,10,1,0.0,0.0019013610000229164,0.20300000000861473,2.2290309,2.4344945,2.4398243,primary,False
r093,evaluation_12,ecrc,round_robin,normal,HumanEval/118,HumanEval/118::349,permit_27c59841e2859861fec62e02b913e4f0,11,fail,848dcc4d597e559f5e06622d240616e1ce8232417cace2d2ad64daa9b180e211,ff1a73ea0ce372dac59ff2f678bae1cec873f0b8d0d0862288a60ab9712ad3a5,b6ed64e2e08ffce24505fce94245c099531fa5c1cf2e1bcb7e1cdec1b56fe766,e05cebc18c2dab444215fb826377edb0480db72e2bf33ed776afbbc2a1d7f150,11,1,0.0,0.002144660999988446,0.20300000000861473,2.4818067,2.686092,2.6913491,primary,False
r093,evaluation_12,ecrc,round_robin,normal,HumanEval/84,HumanEval/84::275,permit_8a3276f1776850e4702f658bde984073,12,fail,265eaff9cf46c4de03be4d38133a79301a39f785cc9af0a51bcffc0332dcbbb4,9f0c78874c41d63014ff90241e20cd7c375b73b8e61637efe8ff5f88a77c53d3,c0ab4f329fda3e16f9dbeb2828d7eed398ebccddb1a9afe55ff0265fb5ccbadd,e05cebc18c2dab444215fb826377edb0480db72e2bf33ed776afbbc2a1d7f150,12,1,0.000235,0.0020925329999954556,0.20300000000861473,2.7323546,2.9377843,2.9426614,primary,False
r093,evaluation_12,ecrc,round_robin,normal,HumanEval/137,HumanEval/137::222,permit_020418edb183fb52bc778a1f19836613,13,fail,14c62b9be7889cf0cc86604b53c09b30947016a5da54a0d201a80f7d4526ae6d,dc5b2d3e29bfa9f03c5b98b4e385c2076ef381b70927bc54f4f116113f4ca37c,173e2ce0e8513b4b40ff51139fefb1e08e9049b030141d28a737161870716079,e05cebc18c2dab444215fb826377edb0480db72e2bf33ed776afbbc2a1d7f150,13,1,0.001838,0.002341193999995994,0.20399999999790452,2.9707403,3.1773221,3.1824178,primary,False
r093,evaluation_12,ecrc,round_robin,normal,HumanEval/118,HumanEval/118::42,permit_eb15b9fb8a8dca53ae99c12d5c432031,14,fail,c50f2db1346f7f641b25d65f3e87f443edb7b2c8d88c7c746d9320c3da3db186,c5bb304b7e463af7710845780c1add7fdf86353d764e7600a1ea2d7f8449ed2f,b6ed64e2e08ffce24505fce94245c099531fa5c1cf2e1bcb7e1cdec1b56fe766,e05cebc18c2dab444215fb826377edb0480db72e2bf33ed776afbbc2a1d7f150,14,1,0.0,0.001823804000025575,0.21900000001187436,3.2224382,3.4294168,3.4346282,primary,False
r093,evaluation_12,ecrc,round_robin,normal,HumanEval/84,HumanEval/84::266,permit_62c68b00c9fff0b75b82e6c3e8981189,15,fail,4c01a6112724a858675fd6868062df5ea73e8743968aa34d02dc5f96be222f0c,e3b0c44298fc1c149afbf4c8996fb92427ae41e4649b934ca495991b7852b855,c0ab4f329fda3e16f9dbeb2828d7eed398ebccddb1a9afe55ff0265fb5ccbadd,e05cebc18c2dab444215fb826377edb0480db72e2bf33ed776afbbc2a1d7f150,15,1,0.0,0.001919814999951086,0.1879999999946449,3.4741222,3.6782548,3.6835574,primary,False
r093,evaluation_12,ecrc,round_robin,normal,HumanEval/137,HumanEval/137::73,permit_1d797b5ba61cb33ebb9135da08ac40cd,16,fail,95e8c8ca615173126537c0a43ca278da880abdf5b3324e472d7dc560078e090e,9039fb014ed90d94b6141f149ce62857f9fc1f0acc3ad98cb67ee7236015ca29,173e2ce0e8513b4b40ff51139fefb1e08e9049b030141d28a737161870716079,e05cebc18c2dab444215fb826377edb0480db72e2bf33ed776afbbc2a1d7f150,16,1,0.0,0.001980118999995284,0.20300000000861473,3.7235386,3.9319008,3.9369559,primary,False
r094,evaluation_12,ordinary,round_robin,normal,HumanEval/5,HumanEval/5::339,ordinary-permit-0d4091b097e09ea039f0334c244f8d8a,1,pass,c13a10015a79833b191d7292fa38e957a3518fd5903af9aa9c89379c2dcbf40c,9f4986ebea6cc09e1903f0fef7e134dc9334ebdbaa43777291eb863d777302da,09f028312e9703cb8fe5f9a5027ab5ec540e79dd5525a318fa209bff1fcd15cb,e05cebc18c2dab444215fb826377edb0480db72e2bf33ed776afbbc2a1d7f150,1,1,0.0,0.0021767719999843393,0.21900000001187436,0.0357895,0.2452634,0.2500553,primary,False
r094,evaluation_12,ordinary,round_robin,normal,HumanEval/124,HumanEval/124::26,ordinary-permit-5c92cc00c67ab60ef61ce1d8986edd5d,2,pass,cfd5d7c5046495fdbceed6cbad838782d28b86dcbd98c6c5c96f4515f3b54199,4afc798659a4e1d73c4b31c26c32d4672f5a2edeb912e9c7ddc3af76e9619ef4,ff9afad746277abef0ed591648d05a19880007bcf5275ed9b26c23971dba965a,e05cebc18c2dab444215fb826377edb0480db72e2bf33ed776afbbc2a1d7f150,2,1,0.003972,0.004963500000030763,0.21900000001187436,0.2862336,0.4934449,0.4982743,primary,False
r094,evaluation_12,ordinary,round_robin,normal,HumanEval/84,HumanEval/84::453,ordinary-permit-387b51a4986da23769b81834da568407,3,fail,755971806e5cce96e540e62e431b5a85154da1aaf35987e0b9939f053d865dd1,aedb97b8cb7993e575e23656987e3f5437c7832d8b3904c41f5dbfd8105078f5,c0ab4f329fda3e16f9dbeb2828d7eed398ebccddb1a9afe55ff0265fb5ccbadd,e05cebc18c2dab444215fb826377edb0480db72e2bf33ed776afbbc2a1d7f150,3,1,0.000572,0.0021295730000474578,0.21900000001187436,0.536473,0.7465216,0.7516998,primary,False
r094,evaluation_12,ordinary,round_robin,normal,HumanEval/6,HumanEval/6::205,ordinary-permit-6d17cdc3eed322a1a99284f63c9871ef,4,pass,41381f6654c68e4ea085cbe6734f846cd5f14734c388dde67c6fb8364004a882,25c9f4269991de93da47e40e384c03510ee7577e19558bfee054b1eb9081f784,e7a9b53bdd50882991a3fa59c4f725da48e260f3125a2aa9d520a2358cc011f9,e05cebc18c2dab444215fb826377edb0480db72e2bf33ed776afbbc2a1d7f150,4,1,0.001488,0.0020502680000049622,0.20300000000861473,0.7869842,0.9925555,0.9973185,primary,False
r094,evaluation_12,ordinary,round_robin,normal,HumanEval/44,HumanEval/44::412,ordinary-permit-4441cecf3f662fa95cf63f3bc8560984,5,pass,5e57bc84f30e59ae6ab6406e335a08fdf52577f26be87d5d01b21b7628023a93,bd707a3d5cf066688a212d572b2c0b4803b62a9dcbd4a0016e4f35a060bdae18,098dc0733ee8b84a8b6355401504277ed445fbbb852f79414371f9556fd5280f,e05cebc18c2dab444215fb826377edb0480db72e2bf33ed776afbbc2a1d7f150,5,1,0.0005239999999999999,0.0019578569999794126,0.20300000000861473,1.0227073,1.2290392,1.233529,primary,False
r094,evaluation_12,ordinary,round_robin,normal,HumanEval/137,HumanEval/137::270,ordinary-permit-67e6720a712bd0b1418dd8473048fb6b,6,fail,c7e181973a697f8e47fc8f3a4a979d224e10054fc4d1ef6c0698805d13bc294a,1741ffe2b6e14f339397a712b651a797afc1440a51889e009399ecb8dffbb42f,173e2ce0e8513b4b40ff51139fefb1e08e9049b030141d28a737161870716079,e05cebc18c2dab444215fb826377edb0480db72e2bf33ed776afbbc2a1d7f150,6,1,7.5e-05,0.001963317999980063,0.2029999999795109,1.2574901,1.4627335,1.4677161,primary,False
r094,evaluation_12,ordinary,round_robin,normal,HumanEval/154,HumanEval/154::92,ordinary-permit-a1372ad338983e2331165a7b8345c059,7,pass,ce5b215157b93c05489dd20442e1e7b41589d0ea67a6e9dfcdf571b89289bf25,7eb3db03c3289a3b7211f5856daaabd95d3f77eb03db52405b511352cb7a1fb3,9b6a13dc5b01296724052e42a0378610fc65930a080d2dcdaa4d3b5dd0e5c351,e05cebc18c2dab444215fb826377edb0480db72e2bf33ed776afbbc2a1d7f150,7,1,0.0,0.0017866239999762001,0.20300000000861473,1.4942178,1.7002148,1.7048509,primary,False
r094,evaluation_12,ordinary,round_robin,normal,HumanEval/118,HumanEval/118::176,ordinary-permit-a267128fda754958a508cea569a052be,8,fail,d6fdbf741940c136374c60ae519dffdfb4b4a72ed186a31d0e1b495e73499337,bd8d9fe92e89cb41cea44e40fd991f30bc922f191d1e71665995c6bff88b168c,b6ed64e2e08ffce24505fce94245c099531fa5c1cf2e1bcb7e1cdec1b56fe766,e05cebc18c2dab444215fb826377edb0480db72e2bf33ed776afbbc2a1d7f150,8,1,0.00014099999999999998,0.0021434649999605426,0.20399999999790452,1.729904,1.9352824,1.9408725,primary,False
r094,evaluation_12,ordinary,round_robin,normal,HumanEval/84,HumanEval/84::498,ordinary-permit-3831cda7d9c24a5d12eaed18e39f4165,9,fail,ec7a78c0b6a203f3f367e1a7303367580d43043fc17134bdccd7d207238e35e9,e3b0c44298fc1c149afbf4c8996fb92427ae41e4649b934ca495991b7852b855,c0ab4f329fda3e16f9dbeb2828d7eed398ebccddb1a9afe55ff0265fb5ccbadd,e05cebc18c2dab444215fb826377edb0480db72e2bf33ed776afbbc2a1d7f150,9,1,0.0,0.0017659039999671222,0.2029999999795109,1.9543323,2.1647413,2.1701854,primary,False
r094,evaluation_12,ordinary,round_robin,normal,HumanEval/137,HumanEval/137::104,ordinary-permit-d6c4af68ab15d9ca5a0b5b83e9cb08d2,10,fail,fd86e65ff75f04b73652c9c0403b5dc87d6d387df97094a244c2898bf3fc6f2a,5bcc0521e8d4ee20c68f423f51cb9335ff9debafdf13de722c2dacfe99e80bbf,173e2ce0e8513b4b40ff51139fefb1e08e9049b030141d28a737161870716079,e05cebc18c2dab444215fb826377edb0480db72e2bf33ed776afbbc2a1d7f150,10,1,7.2e-05,0.0018750419999946644,0.2029999999795109,2.201696,2.4061994,2.410899,primary,False
r094,evaluation_12,ordinary,round_robin,normal,HumanEval/118,HumanEval/118::349,ordinary-permit-bef4528d999ecb7993b1d045a56e96ec,11,fail,1a2f41f50ad5d3d308f79f133e116c313a65c460e4d9638b5eebab0310a43bf9,ff1a73ea0ce372dac59ff2f678bae1cec873f0b8d0d0862288a60ab9712ad3a5,b6ed64e2e08ffce24505fce94245c099531fa5c1cf2e1bcb7e1cdec1b56fe766,e05cebc18c2dab444215fb826377edb0480db72e2bf33ed776afbbc2a1d7f150,11,1,0.0,0.0019153470000219386,0.20300000000861473,2.4358021,2.641112,2.6463314,primary,False
r094,evaluation_12,ordinary,round_robin,normal,HumanEval/84,HumanEval/84::275,ordinary-permit-f7a5ce04e6ea974863576cafc40830bd,12,fail,5b5c9f0c085224b53a27a360ef2c14aa2727b0c6cf381b1ca9a34f77632a892f,9f0c78874c41d63014ff90241e20cd7c375b73b8e61637efe8ff5f88a77c53d3,c0ab4f329fda3e16f9dbeb2828d7eed398ebccddb1a9afe55ff0265fb5ccbadd,e05cebc18c2dab444215fb826377edb0480db72e2bf33ed776afbbc2a1d7f150,12,1,0.00041299999999999996,0.0019573470000295856,0.20300000000861473,2.6739512,2.8789121,2.8837279,primary,False
r094,evaluation_12,ordinary,round_robin,normal,HumanEval/137,HumanEval/137::222,ordinary-permit-0c0bb38d8acfcacb76d8948be8a7d60c,13,fail,5b75d71fa0288915a1d112137d833b9efcf031b7f34c56c463446ce2a35cc6a7,dc5b2d3e29bfa9f03c5b98b4e385c2076ef381b70927bc54f4f116113f4ca37c,173e2ce0e8513b4b40ff51139fefb1e08e9049b030141d28a737161870716079,e05cebc18c2dab444215fb826377edb0480db72e2bf33ed776afbbc2a1d7f150,13,1,0.0,0.0022211979999724463,0.20300000000861473,2.9088513,3.1164564,3.1209981,primary,False
r094,evaluation_12,ordinary,round_robin,normal,HumanEval/118,HumanEval/118::42,ordinary-permit-90d0afab566308f90ccccec350b993d7,14,fail,ee0395562ceb9680b3797cb53809d998ca9d66295e11de28cd9ebfb6f6e6f920,c5bb304b7e463af7710845780c1add7fdf86353d764e7600a1ea2d7f8449ed2f,b6ed64e2e08ffce24505fce94245c099531fa5c1cf2e1bcb7e1cdec1b56fe766,e05cebc18c2dab444215fb826377edb0480db72e2bf33ed776afbbc2a1d7f150,14,1,0.0,0.0020319280000080653,0.20300000000861473,3.1587752,3.3645818,3.3692537,primary,False
r094,evaluation_12,ordinary,round_robin,normal,HumanEval/84,HumanEval/84::266,ordinary-permit-e6a56470d0867d3bf9cd638cb7b0656d,15,fail,df5e5fd0bdf4be99c5bb6af0550ef41a98f8468db45595dc7ea47b25554ba4ec,e3b0c44298fc1c149afbf4c8996fb92427ae41e4649b934ca495991b7852b855,c0ab4f329fda3e16f9dbeb2828d7eed398ebccddb1a9afe55ff0265fb5ccbadd,e05cebc18c2dab444215fb826377edb0480db72e2bf33ed776afbbc2a1d7f150,15,1,0.0006349999999999999,0.0018922639999914281,0.2029999999795109,3.3931811,3.599405,3.6048131,primary,False
r094,evaluation_12,ordinary,round_robin,normal,HumanEval/137,HumanEval/137::73,ordinary-permit-6743e5c1e1a27dbe56f8bea47cd96ab5,16,fail,ddb0e153ee4f3cf4922cfc49d507fc38d7d8a8047fb658c3edf1a1d783f45ba2,9039fb014ed90d94b6141f149ce62857f9fc1f0acc3ad98cb67ee7236015ca29,173e2ce0e8513b4b40ff51139fefb1e08e9049b030141d28a737161870716079,e05cebc18c2dab444215fb826377edb0480db72e2bf33ed776afbbc2a1d7f150,16,1,0.0009609999999999999,0.002198313999997481,0.21899999998277053,3.6292951,3.8376676,3.8420743,primary,False
r095,evaluation_12,ordinary,depth_first,normal,HumanEval/5,HumanEval/5::339,ordinary-permit-0d4091b097e09ea039f0334c244f8d8a,1,pass,bf02f66c37f4b8336a2ac2fe8b5e7fb6144e724a26c9bac231020498a087fb77,9f4986ebea6cc09e1903f0fef7e134dc9334ebdbaa43777291eb863d777302da,09f028312e9703cb8fe5f9a5027ab5ec540e79dd5525a318fa209bff1fcd15cb,e05cebc18c2dab444215fb826377edb0480db72e2bf33ed776afbbc2a1d7f150,1,1,0.00174,0.0021529580000105852,0.20300000000861473,0.0312363,0.2363114,0.2409456,primary,False
r095,evaluation_12,ordinary,depth_first,normal,HumanEval/124,HumanEval/124::26,ordinary-permit-5c92cc00c67ab60ef61ce1d8986edd5d,2,pass,45d15db5a4d7c02bb8dc006168abdb858703bb3063f0130d74fa1c92a76dedc3,4afc798659a4e1d73c4b31c26c32d4672f5a2edeb912e9c7ddc3af76e9619ef4,ff9afad746277abef0ed591648d05a19880007bcf5275ed9b26c23971dba965a,e05cebc18c2dab444215fb826377edb0480db72e2bf33ed776afbbc2a1d7f150,2,1,0.001516,0.005097925000029591,0.21799999999348074,0.2646566,0.4825469,0.4872151,primary,False
r095,evaluation_12,ordinary,depth_first,normal,HumanEval/84,HumanEval/84::453,ordinary-permit-387b51a4986da23769b81834da568407,3,fail,aad658af01cac3f773e8615d2452f42d3603067d4ad5203ceaea1a0bba65ec7f,aedb97b8cb7993e575e23656987e3f5437c7832d8b3904c41f5dbfd8105078f5,c0ab4f329fda3e16f9dbeb2828d7eed398ebccddb1a9afe55ff0265fb5ccbadd,e05cebc18c2dab444215fb826377edb0480db72e2bf33ed776afbbc2a1d7f150,3,1,0.0,0.0021972619999814924,0.2029999999795109,0.5139785,0.7180757,0.7224115,primary,False
r095,evaluation_12,ordinary,depth_first,normal,HumanEval/84,HumanEval/84::498,ordinary-permit-3831cda7d9c24a5d12eaed18e39f4165,4,fail,b9499734abca02d377d5e65e637e28813084f6cc6d20e24559957ec0e4a28dc2,e3b0c44298fc1c149afbf4c8996fb92427ae41e4649b934ca495991b7852b855,c0ab4f329fda3e16f9dbeb2828d7eed398ebccddb1a9afe55ff0265fb5ccbadd,e05cebc18c2dab444215fb826377edb0480db72e2bf33ed776afbbc2a1d7f150,4,1,0.0,0.0018296139999733896,0.20300000000861473,0.7449847,0.9484797,0.9531047,primary,False
r095,evaluation_12,ordinary,depth_first,normal,HumanEval/84,HumanEval/84::275,ordinary-permit-f7a5ce04e6ea974863576cafc40830bd,5,fail,b87f586f9936c623909809af211c2503408c221230886bd20e50b8348fe1524d,9f0c78874c41d63014ff90241e20cd7c375b73b8e61637efe8ff5f88a77c53d3,c0ab4f329fda3e16f9dbeb2828d7eed398ebccddb1a9afe55ff0265fb5ccbadd,e05cebc18c2dab444215fb826377edb0480db72e2bf33ed776afbbc2a1d7f150,5,1,0.0,0.0020749299999920368,0.20399999999790452,0.9793988,1.186552,1.1909474,primary,False
r095,evaluation_12,ordinary,depth_first,normal,HumanEval/84,HumanEval/84::266,ordinary-permit-e6a56470d0867d3bf9cd638cb7b0656d,6,fail,51f4fe68cbc15747be272d92a2cb1e700af0b3a93162e2355ccb1d1ec9ecca24,e3b0c44298fc1c149afbf4c8996fb92427ae41e4649b934ca495991b7852b855,c0ab4f329fda3e16f9dbeb2828d7eed398ebccddb1a9afe55ff0265fb5ccbadd,e05cebc18c2dab444215fb826377edb0480db72e2bf33ed776afbbc2a1d7f150,6,1,0.0009519999999999999,0.0017106650000187074,0.20399999999790452,1.2289854,1.4360738,1.4408867,primary,False
r095,evaluation_12,ordinary,depth_first,normal,HumanEval/6,HumanEval/6::205,ordinary-permit-6d17cdc3eed322a1a99284f63c9871ef,7,pass,3f4928d1166174ef1b4184064ffbd471cbf1d4b4e7c9de3e18279a94334661ee,25c9f4269991de93da47e40e384c03510ee7577e19558bfee054b1eb9081f784,e7a9b53bdd50882991a3fa59c4f725da48e260f3125a2aa9d520a2358cc011f9,e05cebc18c2dab444215fb826377edb0480db72e2bf33ed776afbbc2a1d7f150,7,1,0.0,0.002317688999994516,0.20399999999790452,1.4776733,1.6824137,1.68725,primary,False
r095,evaluation_12,ordinary,depth_first,normal,HumanEval/44,HumanEval/44::412,ordinary-permit-4441cecf3f662fa95cf63f3bc8560984,8,pass,0d36d98ac4ac24d24ee932cd09d396de69c16bc530d5c6833786998107d05179,bd707a3d5cf066688a212d572b2c0b4803b62a9dcbd4a0016e4f35a060bdae18,098dc0733ee8b84a8b6355401504277ed445fbbb852f79414371f9556fd5280f,e05cebc18c2dab444215fb826377edb0480db72e2bf33ed776afbbc2a1d7f150,8,1,0.0,0.0020325499999671592,0.2029999999795109,1.7002028,1.9068643,1.9123946,primary,False
r095,evaluation_12,ordinary,depth_first,normal,HumanEval/137,HumanEval/137::270,ordinary-permit-67e6720a712bd0b1418dd8473048fb6b,9,fail,88418072c77c27f652ec4bcc1a90f966cd782545e87ec150c96258f215ca223e,1741ffe2b6e14f339397a712b651a797afc1440a51889e009399ecb8dffbb42f,173e2ce0e8513b4b40ff51139fefb1e08e9049b030141d28a737161870716079,e05cebc18c2dab444215fb826377edb0480db72e2bf33ed776afbbc2a1d7f150,9,1,0.0,0.0024751089999881515,0.2029999999795109,1.9472258,2.1550395,2.1598571,primary,False
r095,evaluation_12,ordinary,depth_first,normal,HumanEval/137,HumanEval/137::104,ordinary-permit-d6c4af68ab15d9ca5a0b5b83e9cb08d2,10,fail,f2b09808e17824c9cf03b1637d4efe16f01bbd50e2a12c6f170b6b104c29cfd9,5bcc0521e8d4ee20c68f423f51cb9335ff9debafdf13de722c2dacfe99e80bbf,173e2ce0e8513b4b40ff51139fefb1e08e9049b030141d28a737161870716079,e05cebc18c2dab444215fb826377edb0480db72e2bf33ed776afbbc2a1d7f150,10,1,0.000133,0.0019515859999614804,0.2029999999795109,2.1985105,2.4039944,2.4089124,primary,False
r095,evaluation_12,ordinary,depth_first,normal,HumanEval/137,HumanEval/137::222,ordinary-permit-0c0bb38d8acfcacb76d8948be8a7d60c,11,fail,614745e43445b902ad104405f9088c73fc80f8ee40dbcc56278cc2bdc297ec01,dc5b2d3e29bfa9f03c5b98b4e385c2076ef381b70927bc54f4f116113f4ca37c,173e2ce0e8513b4b40ff51139fefb1e08e9049b030141d28a737161870716079,e05cebc18c2dab444215fb826377edb0480db72e2bf33ed776afbbc2a1d7f150,11,1,0.0,0.00223857600002475,0.21799999999348074,2.4340656,2.6439814,2.6495434,primary,False
r095,evaluation_12,ordinary,depth_first,normal,HumanEval/137,HumanEval/137::73,ordinary-permit-6743e5c1e1a27dbe56f8bea47cd96ab5,12,fail,78c43d73f96c794f0ff057b1c1f06a002f835ec485884b10725463f3f9ebaf63,9039fb014ed90d94b6141f149ce62857f9fc1f0acc3ad98cb67ee7236015ca29,173e2ce0e8513b4b40ff51139fefb1e08e9049b030141d28a737161870716079,e05cebc18c2dab444215fb826377edb0480db72e2bf33ed776afbbc2a1d7f150,12,1,0.0,0.0021281510000221715,0.21799999999348074,2.6854041,2.8950444,2.8998626,primary,False
r095,evaluation_12,ordinary,depth_first,normal,HumanEval/154,HumanEval/154::92,ordinary-permit-a1372ad338983e2331165a7b8345c059,13,pass,e497892b06217e9c503ff5612f479ccbb97f4aec23d4724b32d167477cc17998,7eb3db03c3289a3b7211f5856daaabd95d3f77eb03db52405b511352cb7a1fb3,9b6a13dc5b01296724052e42a0378610fc65930a080d2dcdaa4d3b5dd0e5c351,e05cebc18c2dab444215fb826377edb0480db72e2bf33ed776afbbc2a1d7f150,13,1,0.0005059999999999999,0.0021892010000215123,0.21799999999348074,2.9365612,3.144724,3.1495381,primary,False
r095,evaluation_12,ordinary,depth_first,normal,HumanEval/118,HumanEval/118::176,ordinary-permit-a267128fda754958a508cea569a052be,14,fail,59be24b75e740efc518900e0430525a116b5cb22fd0fb43b6d3695390ca92168,bd8d9fe92e89cb41cea44e40fd991f30bc922f191d1e71665995c6bff88b168c,b6ed64e2e08ffce24505fce94245c099531fa5c1cf2e1bcb7e1cdec1b56fe766,e05cebc18c2dab444215fb826377edb0480db72e2bf33ed776afbbc2a1d7f150,14,1,0.00021099999999999998,0.0021485350000034487,0.21900000001187436,3.1731065,3.3804106,3.3855163,primary,False
r095,evaluation_12,ordinary,depth_first,normal,HumanEval/118,HumanEval/118::349,ordinary-permit-bef4528d999ecb7993b1d045a56e96ec,15,fail,ea41ec1b56eac0a56714eabcd5c791060f5a7af38d2bb2642897258d2a319084,ff1a73ea0ce372dac59ff2f678bae1cec873f0b8d0d0862288a60ab9712ad3a5,b6ed64e2e08ffce24505fce94245c099531fa5c1cf2e1bcb7e1cdec1b56fe766,e05cebc18c2dab444215fb826377edb0480db72e2bf33ed776afbbc2a1d7f150,15,1,0.0,0.0023058710000327665,0.20300000000861473,3.4096891,3.6178412,3.6224876,primary,False
r095,evaluation_12,ordinary,depth_first,normal,HumanEval/118,HumanEval/118::42,ordinary-permit-90d0afab566308f90ccccec350b993d7,16,fail,406df04e82a3fbbaf94e605a179d9815fe6bfd002a8b2717ed2ea73a46b99043,c5bb304b7e463af7710845780c1add7fdf86353d764e7600a1ea2d7f8449ed2f,b6ed64e2e08ffce24505fce94245c099531fa5c1cf2e1bcb7e1cdec1b56fe766,e05cebc18c2dab444215fb826377edb0480db72e2bf33ed776afbbc2a1d7f150,16,1,0.0,0.0018819740000139973,0.20300000000861473,3.6462387,3.8550061,3.8595903,primary,False
r096,evaluation_12,ecrc,depth_first,normal,HumanEval/5,HumanEval/5::339,permit_9599260bfc960232105a28b1158bd8e2,1,pass,31e235d33e3a0330a88306a401a0d57f5f847de9997096f985ca26c3de2dc27c,9f4986ebea6cc09e1903f0fef7e134dc9334ebdbaa43777291eb863d777302da,09f028312e9703cb8fe5f9a5027ab5ec540e79dd5525a318fa209bff1fcd15cb,e05cebc18c2dab444215fb826377edb0480db72e2bf33ed776afbbc2a1d7f150,1,1,0.0,0.001991382000028352,0.20300000000861473,0.0326359,0.2418961,0.2466896,primary,False
r096,evaluation_12,ecrc,depth_first,normal,HumanEval/124,HumanEval/124::26,permit_8a7f14ed5120250cc2ad8443874460a5,2,pass,771054c1367e2d8aa5d00158258331a1628655d2b202ff0b5cb957cdea057ce6,4afc798659a4e1d73c4b31c26c32d4672f5a2edeb912e9c7ddc3af76e9619ef4,ff9afad746277abef0ed591648d05a19880007bcf5275ed9b26c23971dba965a,e05cebc18c2dab444215fb826377edb0480db72e2bf33ed776afbbc2a1d7f150,2,1,0.001084,0.004885576999981822,0.21799999999348074,0.2844227,0.4931972,0.4984649,primary,False
r096,evaluation_12,ecrc,depth_first,normal,HumanEval/84,HumanEval/84::453,permit_96a3dfc9cce53e8c1f0c0e8171a2fe2f,3,fail,1a3d4352c7bc60fe26ba10dd1647632729ffb90ee5a8fd536b9fcddd11d40efa,aedb97b8cb7993e575e23656987e3f5437c7832d8b3904c41f5dbfd8105078f5,c0ab4f329fda3e16f9dbeb2828d7eed398ebccddb1a9afe55ff0265fb5ccbadd,e05cebc18c2dab444215fb826377edb0480db72e2bf33ed776afbbc2a1d7f150,3,1,0.001349,0.0018777220000174566,0.21799999999348074,0.5347075,0.7435484,0.7494959,primary,False
r096,evaluation_12,ecrc,depth_first,normal,HumanEval/84,HumanEval/84::498,permit_fb8a871f3bc10b4f8f25c19dab720565,4,fail,bd5cdb67ff6bd2c2e6f4ec0ad22f6f6171ddc9049972ab4f63d44b108387742d,e3b0c44298fc1c149afbf4c8996fb92427ae41e4649b934ca495991b7852b855,c0ab4f329fda3e16f9dbeb2828d7eed398ebccddb1a9afe55ff0265fb5ccbadd,e05cebc18c2dab444215fb826377edb0480db72e2bf33ed776afbbc2a1d7f150,4,1,2.9999999999999997e-05,0.001918552000006457,0.21799999999348074,0.7868811,0.9964673,1.0017647,primary,False
r096,evaluation_12,ecrc,depth_first,normal,HumanEval/84,HumanEval/84::275,permit_8a3276f1776850e4702f658bde984073,5,fail,371283a2a5b19a6e9ad0c327e4d4717bc3284d2e108119575f69bee2fc6109c3,9f0c78874c41d63014ff90241e20cd7c375b73b8e61637efe8ff5f88a77c53d3,c0ab4f329fda3e16f9dbeb2828d7eed398ebccddb1a9afe55ff0265fb5ccbadd,e05cebc18c2dab444215fb826377edb0480db72e2bf33ed776afbbc2a1d7f150,5,1,0.001099,0.0019216089999645192,0.20300000000861473,1.0373297,1.2427651,1.2479886,primary,False
r096,evaluation_12,ecrc,depth_first,normal,HumanEval/84,HumanEval/84::266,permit_62c68b00c9fff0b75b82e6c3e8981189,6,fail,e1e37f0e1a7fb0cfb1761a1b417a58dbc3bc02878d89c5f22b5257b00fb97141,e3b0c44298fc1c149afbf4c8996fb92427ae41e4649b934ca495991b7852b855,c0ab4f329fda3e16f9dbeb2828d7eed398ebccddb1a9afe55ff0265fb5ccbadd,e05cebc18c2dab444215fb826377edb0480db72e2bf33ed776afbbc2a1d7f150,6,1,0.00022899999999999998,0.0019078740000395555,0.20300000000861473,1.2735105,1.4788244,1.4840259,primary,False
r096,evaluation_12,ecrc,depth_first,normal,HumanEval/6,HumanEval/6::205,permit_60eb9314fe539439238d5ae01cb44c24,7,pass,b1cb74346a94d02a01de03f00478dd83a48d6b331ad6b5c9a4595325ba464bb2,25c9f4269991de93da47e40e384c03510ee7577e19558bfee054b1eb9081f784,e7a9b53bdd50882991a3fa59c4f725da48e260f3125a2aa9d520a2358cc011f9,e05cebc18c2dab444215fb826377edb0480db72e2bf33ed776afbbc2a1d7f150,7,1,0.0,0.0019226620000267758,0.20300000000861473,1.5251252,1.7325152,1.73729,primary,False
r096,evaluation_12,ecrc,depth_first,normal,HumanEval/44,HumanEval/44::412,permit_b48e8520ea090247e7a717cd124159bc,8,pass,7d6580c5a406d7c9335900b454f81e15ed67674e3dfde90c48a1ca5bde2fc198,bd707a3d5cf066688a212d572b2c0b4803b62a9dcbd4a0016e4f35a060bdae18,098dc0733ee8b84a8b6355401504277ed445fbbb852f79414371f9556fd5280f,e05cebc18c2dab444215fb826377edb0480db72e2bf33ed776afbbc2a1d7f150,8,1,0.0,0.0020187739999641963,0.20300000000861473,1.7535778,1.960196,1.965363,primary,False
r096,evaluation_12,ecrc,depth_first,normal,HumanEval/137,HumanEval/137::270,permit_3f1d674ce666bba4eed6ab807c0b66aa,9,fail,a87f6fe61bb1086aac351c3f591c57fb34f95317285a35ed2642793cee995d9e,1741ffe2b6e14f339397a712b651a797afc1440a51889e009399ecb8dffbb42f,173e2ce0e8513b4b40ff51139fefb1e08e9049b030141d28a737161870716079,e05cebc18c2dab444215fb826377edb0480db72e2bf33ed776afbbc2a1d7f150,9,1,0.0,0.0022244630000045618,0.20300000000861473,2.0088731,2.2132501,2.2179689,primary,False
r096,evaluation_12,ecrc,depth_first,normal,HumanEval/137,HumanEval/137::104,permit_05c069c602ded07aabd86680d87eb18a,10,fail,0bcbf9e5872d50ea5ca74496bc0ca0c0bf101bb47754f04f35fce4306c5c565a,5bcc0521e8d4ee20c68f423f51cb9335ff9debafdf13de722c2dacfe99e80bbf,173e2ce0e8513b4b40ff51139fefb1e08e9049b030141d28a737161870716079,e05cebc18c2dab444215fb826377edb0480db72e2bf33ed776afbbc2a1d7f150,10,1,0.001439,0.00183398799998713,0.1870000000053551,2.2577736,2.4617413,2.467315,primary,False
r096,evaluation_12,ecrc,depth_first,normal,HumanEval/137,HumanEval/137::222,permit_020418edb183fb52bc778a1f19836613,11,fail,afcc1527bb08ee8939bbcd4ca5f16996afb5ce9067d54231266bc02672fb9bce,dc5b2d3e29bfa9f03c5b98b4e385c2076ef381b70927bc54f4f116113f4ca37c,173e2ce0e8513b4b40ff51139fefb1e08e9049b030141d28a737161870716079,e05cebc18c2dab444215fb826377edb0480db72e2bf33ed776afbbc2a1d7f150,11,1,0.0012959999999999998,0.0018613959999811414,0.20300000000861473,2.4951629,2.702268,2.7071871,primary,False
r096,evaluation_12,ecrc,depth_first,normal,HumanEval/137,HumanEval/137::73,permit_1d797b5ba61cb33ebb9135da08ac40cd,12,fail,5091093bd10e5fce2091dfa02cd247d56f5c85a08ec7fef2f5d42fd32f44fac6,9039fb014ed90d94b6141f149ce62857f9fc1f0acc3ad98cb67ee7236015ca29,173e2ce0e8513b4b40ff51139fefb1e08e9049b030141d28a737161870716079,e05cebc18c2dab444215fb826377edb0480db72e2bf33ed776afbbc2a1d7f150,12,1,0.001155,0.0023170390000473162,0.20300000000861473,2.7451326,2.9524555,2.9579175,primary,False
r096,evaluation_12,ecrc,depth_first,normal,HumanEval/154,HumanEval/154::92,permit_12f348a4ce08835577242bfcd96c3094,13,pass,54a9e74718717dd357dac613fe11d5463aecc516b4e5acbdb77475cbff5e9f2c,7eb3db03c3289a3b7211f5856daaabd95d3f77eb03db52405b511352cb7a1fb3,9b6a13dc5b01296724052e42a0378610fc65930a080d2dcdaa4d3b5dd0e5c351,e05cebc18c2dab444215fb826377edb0480db72e2bf33ed776afbbc2a1d7f150,13,1,0.0,0.0020434200000067904,0.20300000000861473,2.9972755,3.2082286,3.2136423,primary,False
r096,evaluation_12,ecrc,depth_first,normal,HumanEval/118,HumanEval/118::176,permit_bd9127882fa1daf5b5944bfac3d41a23,14,fail,c66b2f3f76cc7dceb386444c8dc5b166df3056006f224d566923a328049ca0d5,bd8d9fe92e89cb41cea44e40fd991f30bc922f191d1e71665995c6bff88b168c,b6ed64e2e08ffce24505fce94245c099531fa5c1cf2e1bcb7e1cdec1b56fe766,e05cebc18c2dab444215fb826377edb0480db72e2bf33ed776afbbc2a1d7f150,14,1,0.0,0.002265517000012096,0.20300000000861473,3.2462522,3.452806,3.4577265,primary,False
r096,evaluation_12,ecrc,depth_first,normal,HumanEval/118,HumanEval/118::349,permit_27c59841e2859861fec62e02b913e4f0,15,fail,ce18146d6dbaa3f6c4149a01662ce1acae96e4720c71c49583ca21eb4fb47dbc,ff1a73ea0ce372dac59ff2f678bae1cec873f0b8d0d0862288a60ab9712ad3a5,b6ed64e2e08ffce24505fce94245c099531fa5c1cf2e1bcb7e1cdec1b56fe766,e05cebc18c2dab444215fb826377edb0480db72e2bf33ed776afbbc2a1d7f150,15,1,0.0,0.0019402240000090387,0.20300000000861473,3.4972091,3.7050896,3.7105758,primary,False
r096,evaluation_12,ecrc,depth_first,normal,HumanEval/118,HumanEval/118::42,permit_eb15b9fb8a8dca53ae99c12d5c432031,16,fail,39f3c0832ffd24df20ce376811e5d4981d15c64ce95197042c19239806f47188,c5bb304b7e463af7710845780c1add7fdf86353d764e7600a1ea2d7f8449ed2f,b6ed64e2e08ffce24505fce94245c099531fa5c1cf2e1bcb7e1cdec1b56fe766,e05cebc18c2dab444215fb826377edb0480db72e2bf33ed776afbbc2a1d7f150,16,1,0.00043999999999999996,0.0020461309999859623,0.20300000000861473,3.7450406,3.9513841,3.9560781,primary,False
r097,evaluation_13,ecrc,depth_first,normal,HumanEval/12,HumanEval/12::358,permit_7b6296deef1839fa88a256571dc18659,1,pass,470b078194b4e7c9803f2c9affbaa90e4a1fa6c6832d91d26480291cc1c18939,6c3c4d371ec930df8f0191b3861eeac47b3d928d8fd146affc133ef5f0bac634,f663d4b7a999dc1823d4ee46497271f6052abf4d4cf972f6ed4af84811a5af4b,e05cebc18c2dab444215fb826377edb0480db72e2bf33ed776afbbc2a1d7f150,1,1,0.001664,0.002218151000022317,0.20300000000861473,0.0251921,0.2311865,0.2363273,primary,False
r097,evaluation_13,ecrc,depth_first,normal,HumanEval/94,HumanEval/94::317,permit_a6b4059371536f19f6e23e280e18ce14,2,fail,3bb23e8081ab640c6a83a8cadc487015e0ceb6c20502deee9065f6fe1214a8fe,e3b0c44298fc1c149afbf4c8996fb92427ae41e4649b934ca495991b7852b855,10a8de80ac47f1fa5705097171a203ecc68f865490c69b9ceafbf025b5ff346a,e05cebc18c2dab444215fb826377edb0480db72e2bf33ed776afbbc2a1d7f150,2,1,0.0,0.0019694259999596397,0.20300000000861473,0.2721494,0.4784,0.4834639,primary,False
r097,evaluation_13,ecrc,depth_first,normal,HumanEval/94,HumanEval/94::177,permit_2c9997ee8f39604f9a6125bedc9e86c4,3,fail,9565d3ff62020e10143fda2dba807f115bc8c0c09657e98711d53572324cd5cb,e3b0c44298fc1c149afbf4c8996fb92427ae41e4649b934ca495991b7852b855,10a8de80ac47f1fa5705097171a203ecc68f865490c69b9ceafbf025b5ff346a,e05cebc18c2dab444215fb826377edb0480db72e2bf33ed776afbbc2a1d7f150,3,1,0.0,0.002190986000016437,0.20300000000861473,0.5203382,0.7292314,0.7354523,primary,False
r097,evaluation_13,ecrc,depth_first,normal,HumanEval/94,HumanEval/94::212,permit_bc30d4b14f962abd4083b27119ee354a,4,fail,97f884472a1c4ea101f92a142fc6b9ca95f5c2eaf050dec4e5e6accad874434e,e3b0c44298fc1c149afbf4c8996fb92427ae41e4649b934ca495991b7852b855,10a8de80ac47f1fa5705097171a203ecc68f865490c69b9ceafbf025b5ff346a,e05cebc18c2dab444215fb826377edb0480db72e2bf33ed776afbbc2a1d7f150,4,1,0.0014579999999999999,0.002114736000009998,0.20300000000861473,0.7662939,0.9708243,0.976129,primary,False
r097,evaluation_13,ecrc,depth_first,normal,HumanEval/94,HumanEval/94::423,permit_08db1bb49398136d8f63b4620bbbd530,5,fail,025569cbb19a39312c95ba9a36921fcdf28c5ef9d581b3d8fc9e392c840ed122,e3b0c44298fc1c149afbf4c8996fb92427ae41e4649b934ca495991b7852b855,10a8de80ac47f1fa5705097171a203ecc68f865490c69b9ceafbf025b5ff346a,e05cebc18c2dab444215fb826377edb0480db72e2bf33ed776afbbc2a1d7f150,5,1,0.000385,0.001958115000036287,0.20300000000861473,1.0155048,1.2232452,1.2280963,primary,False
r097,evaluation_13,ecrc,depth_first,normal,HumanEval/134,HumanEval/134::235,permit_bd729328dc617520ad56ab092fde73ad,6,fail,4f416dd49f17bd4d84f130b2cd8939be062ad14718adf598745e7511aed1e133,d9fd03bd51701710880a1cf962303f917a8c23e2e579c2dcf31fab49b0338d76,926943a1defd8c7c2fe1e14cb131e0acc221485eb728cc7c855ba71e063c88d5,e05cebc18c2dab444215fb826377edb0480db72e2bf33ed776afbbc2a1d7f150,6,1,0.0,0.0019716150000022026,0.20300000000861473,1.2440248,1.4484989,1.4537627,primary,False
r097,evaluation_13,ecrc,depth_first,normal,HumanEval/134,HumanEval/134::348,permit_41f73512eeb47a80faff95524c6d8c28,7,fail,7c0e650fd2250d2f30a089e554d629b60df9abdd1d1cd0daae3e6fb0950fdd25,0196d2a21e70cd8ccefc30fcc85249122c232359ba7c016eb8cbb10685bfb062,926943a1defd8c7c2fe1e14cb131e0acc221485eb728cc7c855ba71e063c88d5,e05cebc18c2dab444215fb826377edb0480db72e2bf33ed776afbbc2a1d7f150,7,1,0.000685,0.0018269000000259439,0.21799999999348074,1.4886109,1.6957452,1.7003849,primary,False
r097,evaluation_13,ecrc,depth_first,normal,HumanEval/134,HumanEval/134::82,permit_d73941000ef016aeda2aad5d8ab03bd4,8,fail,e9bdd5b4ddeaf066c133cdb6097376652dd256d094f063880d6b7aa7c3e42498,e4a983a44af068acfe4bc9839f8834ee34d0a12aa58935609a36adc28fe4331e,926943a1defd8c7c2fe1e14cb131e0acc221485eb728cc7c855ba71e063c88d5,e05cebc18c2dab444215fb826377edb0480db72e2bf33ed776afbbc2a1d7f150,8,1,0.0011149999999999999,0.0019512769999892043,0.2029999999795109,1.7378689,1.9434874,1.9482648,primary,False
r097,evaluation_13,ecrc,depth_first,normal,HumanEval/134,HumanEval/134::182,permit_3b5fb24544e74b94393493554575f250,9,fail,f4b72de8365ae68418a450d9f29368e3da452220df2668aa7bf1e67cd37f865b,2865dea7be3071f7035bb4691bc1baf9a52248cc87e6a1bec141c3eda4be0599,926943a1defd8c7c2fe1e14cb131e0acc221485eb728cc7c855ba71e063c88d5,e05cebc18c2dab444215fb826377edb0480db72e2bf33ed776afbbc2a1d7f150,9,1,0.0,0.0018205279999961022,0.2029999999795109,1.9868985,2.1945272,2.1996212,primary,False
r097,evaluation_13,ecrc,depth_first,normal,HumanEval/96,HumanEval/96::151,permit_6347229604031e19f327cc95c3b2c686,10,timeout,0bf86afd48cdf9c9f329f1d571982fd79ba98b0552a0a4c36cb7b2c49c7c9f55,86b2d4dd5d0afe939d981702a78172fd298458e8d3ce38d71ca95390ed2a60d9,9da8a8f49ebceea2e14b68704ce0d735a7bc732ed325a3812055db99c43902f6,e05cebc18c2dab444215fb826377edb0480db72e2bf33ed776afbbc2a1d7f150,10,1,2.997899,3.000551993999977,3.202999999979511,2.2244135,5.4352497,5.4409103,primary,False
r098,evaluation_13,ordinary,depth_first,normal,HumanEval/12,HumanEval/12::358,ordinary-permit-4318e23833d654d9123d142b6fb3cde6,1,pass,853567b392fd8e3a0771a57f36884aa05c5d7a64f129d3e3772d79a37442cad1,6c3c4d371ec930df8f0191b3861eeac47b3d928d8fd146affc133ef5f0bac634,f663d4b7a999dc1823d4ee46497271f6052abf4d4cf972f6ed4af84811a5af4b,e05cebc18c2dab444215fb826377edb0480db72e2bf33ed776afbbc2a1d7f150,1,1,0.0,0.0020658070000081352,0.20300000000861473,0.0245876,0.2294664,0.2340891,primary,False
r098,evaluation_13,ordinary,depth_first,normal,HumanEval/94,HumanEval/94::317,ordinary-permit-f3797b47907baf6c24da345a72a476d1,2,fail,fdd1f61c40eaa4a0f420cd74c8b70af6ca480b6e0d5bfe6f82c0f9c8c3cf783b,e3b0c44298fc1c149afbf4c8996fb92427ae41e4649b934ca495991b7852b855,10a8de80ac47f1fa5705097171a203ecc68f865490c69b9ceafbf025b5ff346a,e05cebc18c2dab444215fb826377edb0480db72e2bf33ed776afbbc2a1d7f150,2,1,0.001236,0.0018053350000286628,0.2029999999795109,0.2459934,0.4522979,0.4567259,primary,False
r098,evaluation_13,ordinary,depth_first,normal,HumanEval/94,HumanEval/94::177,ordinary-permit-3093a1945ab7dd8aa0b03f966c839145,3,fail,7ef54b4dab3a8432776b00e1cf5254581953b0347ba283d1798b07a98fad2456,e3b0c44298fc1c149afbf4c8996fb92427ae41e4649b934ca495991b7852b855,10a8de80ac47f1fa5705097171a203ecc68f865490c69b9ceafbf025b5ff346a,e05cebc18c2dab444215fb826377edb0480db72e2bf33ed776afbbc2a1d7f150,3,1,0.0009069999999999999,0.0022601999999665168,0.20300000000861473,0.482209,0.6888628,0.6936504,primary,False
r098,evaluation_13,ordinary,depth_first,normal,HumanEval/94,HumanEval/94::212,ordinary-permit-0e6a51d0cd75be7396316f41c34cbfe8,4,fail,07db9bbba71c19f08c4810dfb8c935d03c8bb32f60a5f0cd3ff41f46e2523f8a,e3b0c44298fc1c149afbf4c8996fb92427ae41e4649b934ca495991b7852b855,10a8de80ac47f1fa5705097171a203ecc68f865490c69b9ceafbf025b5ff346a,e05cebc18c2dab444215fb826377edb0480db72e2bf33ed776afbbc2a1d7f150,4,1,0.0005409999999999999,0.002589284000009684,0.20399999999790452,0.7176703,0.9254445,0.9300494,primary,False
r098,evaluation_13,ordinary,depth_first,normal,HumanEval/94,HumanEval/94::423,ordinary-permit-4ec69b1bccc01f8e6725a7c8986d6707,5,fail,43fbeb2fe53540aa78bc2a7d314d009766b0ec703bc5a5a349a9b1e408518a4c,e3b0c44298fc1c149afbf4c8996fb92427ae41e4649b934ca495991b7852b855,10a8de80ac47f1fa5705097171a203ecc68f865490c69b9ceafbf025b5ff346a,e05cebc18c2dab444215fb826377edb0480db72e2bf33ed776afbbc2a1d7f150,5,1,0.0,0.002176015000031839,0.20300000000861473,0.9538367,1.1607443,1.1656261,primary,False
r098,evaluation_13,ordinary,depth_first,normal,HumanEval/134,HumanEval/134::235,ordinary-permit-1429b87c138c7612118ce16302b0c4d5,6,fail,60d847e86c6f057ef1c62c201ecb79c14500aa4bf9afa6d745d72de8a1f07129,d9fd03bd51701710880a1cf962303f917a8c23e2e579c2dcf31fab49b0338d76,926943a1defd8c7c2fe1e14cb131e0acc221485eb728cc7c855ba71e063c88d5,e05cebc18c2dab444215fb826377edb0480db72e2bf33ed776afbbc2a1d7f150,6,1,0.0,0.002002122999954281,0.21799999999348074,1.1791132,1.3873024,1.3919319,primary,False
r098,evaluation_13,ordinary,depth_first,normal,HumanEval/134,HumanEval/134::348,ordinary-permit-b5b7c7423c4615f8fa7734ff0d9fc774,7,fail,2c44111f570293abb91187150206129df3c88d8c4cb56277cf6d1675ffd79d49,0196d2a21e70cd8ccefc30fcc85249122c232359ba7c016eb8cbb10685bfb062,926943a1defd8c7c2fe1e14cb131e0acc221485eb728cc7c855ba71e063c88d5,e05cebc18c2dab444215fb826377edb0480db72e2bf33ed776afbbc2a1d7f150,7,1,0.0,0.0018574410000269381,0.20300000000861473,1.4276223,1.6341269,1.6389833,primary,False
r098,evaluation_13,ordinary,depth_first,normal,HumanEval/134,HumanEval/134::82,ordinary-permit-350cd5f8ae9f93bafdd78a0753187314,8,fail,c9c297bba941d3522c137020076430333f74de54e9ee3a2f2b5e77e863438785,e4a983a44af068acfe4bc9839f8834ee34d0a12aa58935609a36adc28fe4331e,926943a1defd8c7c2fe1e14cb131e0acc221485eb728cc7c855ba71e063c88d5,e05cebc18c2dab444215fb826377edb0480db72e2bf33ed776afbbc2a1d7f150,8,1,8.999999999999999e-05,0.002417497999999796,0.20300000000861473,1.6642717,1.8696971,1.8742447,primary,False
r098,evaluation_13,ordinary,depth_first,normal,HumanEval/134,HumanEval/134::182,ordinary-permit-675c9bce2e28cf5346b8ff8ede073298,9,fail,5fe9374ad6eee01c2c14794827662ad2c1d83c8f5ff46df11d59a4e100aa1e3e,2865dea7be3071f7035bb4691bc1baf9a52248cc87e6a1bec141c3eda4be0599,926943a1defd8c7c2fe1e14cb131e0acc221485eb728cc7c855ba71e063c88d5,e05cebc18c2dab444215fb826377edb0480db72e2bf33ed776afbbc2a1d7f150,9,1,0.0,0.0017933369999809656,0.20300000000861473,1.8875054,2.0956622,2.101058,primary,False
r098,evaluation_13,ordinary,depth_first,normal,HumanEval/96,HumanEval/96::151,ordinary-permit-988eddefd56482b0da514c4755aaf408,10,timeout,eb612bd46ec3d9df1a69421aced821f90f527673903729628790b1d047bf04d9,86b2d4dd5d0afe939d981702a78172fd298458e8d3ce38d71ca95390ed2a60d9,9da8a8f49ebceea2e14b68704ce0d735a7bc732ed325a3812055db99c43902f6,e05cebc18c2dab444215fb826377edb0480db72e2bf33ed776afbbc2a1d7f150,10,1,2.997712,3.000553279999963,3.2030000000086147,2.1158881,5.3234361,5.32786,primary,False
r099,evaluation_13,ordinary,round_robin,normal,HumanEval/12,HumanEval/12::358,ordinary-permit-4318e23833d654d9123d142b6fb3cde6,1,pass,3c7bda2cc8f812d137baec5c21e2ae63eb7aabb96cb867045dc91ecba0e1dd07,6c3c4d371ec930df8f0191b3861eeac47b3d928d8fd146affc133ef5f0bac634,f663d4b7a999dc1823d4ee46497271f6052abf4d4cf972f6ed4af84811a5af4b,e05cebc18c2dab444215fb826377edb0480db72e2bf33ed776afbbc2a1d7f150,1,1,0.0,0.0020458949999806464,0.20300000000861473,0.0306108,0.2408869,0.2457891,primary,False
r099,evaluation_13,ordinary,round_robin,normal,HumanEval/94,HumanEval/94::317,ordinary-permit-f3797b47907baf6c24da345a72a476d1,2,fail,d8d522d92618c951610b997f90077bd77efe710640056b8edd22752c5cc836fd,e3b0c44298fc1c149afbf4c8996fb92427ae41e4649b934ca495991b7852b855,10a8de80ac47f1fa5705097171a203ecc68f865490c69b9ceafbf025b5ff346a,e05cebc18c2dab444215fb826377edb0480db72e2bf33ed776afbbc2a1d7f150,2,1,0.0007909999999999999,0.00190874600002644,0.20300000000861473,0.2822045,0.4901667,0.4947817,primary,False
r099,evaluation_13,ordinary,round_robin,normal,HumanEval/134,HumanEval/134::235,ordinary-permit-1429b87c138c7612118ce16302b0c4d5,3,fail,6b99cbb6f1ecdd418e513a56b447688eb4623f42baa392fbfab7d7e296093fb2,d9fd03bd51701710880a1cf962303f917a8c23e2e579c2dcf31fab49b0338d76,926943a1defd8c7c2fe1e14cb131e0acc221485eb728cc7c855ba71e063c88d5,e05cebc18c2dab444215fb826377edb0480db72e2bf33ed776afbbc2a1d7f150,3,1,0.0,0.0019282220000036432,0.20300000000861473,0.5084414,0.7135086,0.7181079,primary,False
r099,evaluation_13,ordinary,round_robin,normal,HumanEval/96,HumanEval/96::151,ordinary-permit-988eddefd56482b0da514c4755aaf408,4,timeout,dbd85f8f2c1468812cefb6edb952b8ddf4f218ed5879c0486daf5ae34f1bcc64,86b2d4dd5d0afe939d981702a78172fd298458e8d3ce38d71ca95390ed2a60d9,9da8a8f49ebceea2e14b68704ce0d735a7bc732ed325a3812055db99c43902f6,e05cebc18c2dab444215fb826377edb0480db72e2bf33ed776afbbc2a1d7f150,4,1,2.9993819999999998,3.000525577000019,3.2030000000086147,0.7561482,3.9643739,3.968945,primary,False
r099,evaluation_13,ordinary,round_robin,normal,HumanEval/99,HumanEval/99::19,ordinary-permit-dea13810d0044ebb455a777e1cd509ba,5,fail,5e66dbe315ff0aeaa1ce3b5c5ee15bd82d5ce15e09a0279c143b60fd92e72fe1,41220b1bfd606f56d932ee0c68e333c194a80e96ad3613b95412c988c06a1aa0,335d47c0d505521cf7ab7f93901f8bdbb9f182eeccb971a0b3aaf34bd247972a,e05cebc18c2dab444215fb826377edb0480db72e2bf33ed776afbbc2a1d7f150,5,1,0.0,0.0020509490000222286,0.21900000001187436,3.997553,4.204286,4.2092309,primary,False
r099,evaluation_13,ordinary,round_robin,normal,HumanEval/158,HumanEval/158::17,ordinary-permit-cb771bdf0b3ff6b7f1acef6f4c040a05,6,pass,ceadb9c5f5173b54b9e333588953d7c231d7c352d6da68a8b5a02442be9105cc,ee729905f7654e5c60633269c036fff32e48bdccc42e0ce9709ff64954c9b7c5,9d23b1f5a8fcc2621fd7c857862fe1c012b87477f57aff3708dd56fef336754d,e05cebc18c2dab444215fb826377edb0480db72e2bf33ed776afbbc2a1d7f150,6,1,0.001467,0.0019129639999846404,0.20399999999790452,4.2337895,4.4415576,4.4457604,primary,False
r099,evaluation_13,ordinary,round_robin,normal,HumanEval/105,HumanEval/105::307,ordinary-permit-abc76ee340cbb5b326a9ef3167da4e3f,7,pass,e051ff804eae016235df1c2d5a60111916e15c13a03b5d2fbd8982efc01a0c0d,13905ed338f6d1aac55c433e3c02e14f4e73b667920755480c068b3f427f5aed,1e8744745f4128305ea87913180192eb93dfe84ea6db3a78940fbd2559f1fb83,e05cebc18c2dab444215fb826377edb0480db72e2bf33ed776afbbc2a1d7f150,7,1,0.0,0.0022526480000237825,0.20399999999790452,4.484198,4.6926424,4.6975776,primary,False
r099,evaluation_13,ordinary,round_robin,normal,HumanEval/117,HumanEval/117::432,ordinary-permit-92c57cc2655be2d02ea9902e07b37dac,8,pass,a605a05e80a5e4bf8290938498fef9ae6dcff1b333beeeeb567f9ea00b9a8589,3eac16e2fd0b4198dc9b0ebc4ed6f9dcd0db068efa81bedaf11037157d44d53e,073d08c2c275dda769ad16c5b82c4e3c40cd1d78190498c7a80ab3e0c244dfee,e05cebc18c2dab444215fb826377edb0480db72e2bf33ed776afbbc2a1d7f150,8,1,0.0,0.0020321289999856162,0.20399999999790452,4.73352,4.9416665,4.9462637,primary,False
r099,evaluation_13,ordinary,round_robin,normal,HumanEval/94,HumanEval/94::177,ordinary-permit-3093a1945ab7dd8aa0b03f966c839145,9,fail,ab37b29dcdc052eefdc24b984eef02e279b8ffa8bd40cd8fccefd6587feb35e7,e3b0c44298fc1c149afbf4c8996fb92427ae41e4649b934ca495991b7852b855,10a8de80ac47f1fa5705097171a203ecc68f865490c69b9ceafbf025b5ff346a,e05cebc18c2dab444215fb826377edb0480db72e2bf33ed776afbbc2a1d7f150,9,1,0.0,0.0020806379999953606,0.20399999999790452,4.9838619,5.1922583,5.1971028,primary,False
r100,evaluation_13,ecrc,round_robin,normal,HumanEval/12,HumanEval/12::358,permit_7b6296deef1839fa88a256571dc18659,1,pass,b43fdaee3f495a3f8fd446d9def23033c2b6dd43572f09b41025b276b0febaf2,6c3c4d371ec930df8f0191b3861eeac47b3d928d8fd146affc133ef5f0bac634,f663d4b7a999dc1823d4ee46497271f6052abf4d4cf972f6ed4af84811a5af4b,e05cebc18c2dab444215fb826377edb0480db72e2bf33ed776afbbc2a1d7f150,1,1,0.0,0.0021687290000045323,0.21899999998277053,0.029743,0.2416447,0.2475579,primary,False
r100,evaluation_13,ecrc,round_robin,normal,HumanEval/94,HumanEval/94::317,permit_a6b4059371536f19f6e23e280e18ce14,2,fail,b564c1ee4bbdbaa4c9e62c3a0ece9e954d34dec35c3159aa5013d68bd391b218,e3b0c44298fc1c149afbf4c8996fb92427ae41e4649b934ca495991b7852b855,10a8de80ac47f1fa5705097171a203ecc68f865490c69b9ceafbf025b5ff346a,e05cebc18c2dab444215fb826377edb0480db72e2bf33ed776afbbc2a1d7f150,2,1,0.0,0.002048641999977008,0.20300000000861473,0.2775886,0.4829995,0.488267,primary,False
r100,evaluation_13,ecrc,round_robin,normal,HumanEval/134,HumanEval/134::235,permit_bd729328dc617520ad56ab092fde73ad,3,fail,1ccaac521a5195b2c4b5aed84e9dfe8b7042175446a2b77961dc9ec904f75350,d9fd03bd51701710880a1cf962303f917a8c23e2e579c2dcf31fab49b0338d76,926943a1defd8c7c2fe1e14cb131e0acc221485eb728cc7c855ba71e063c88d5,e05cebc18c2dab444215fb826377edb0480db72e2bf33ed776afbbc2a1d7f150,3,1,0.0,0.0021830769999837685,0.20300000000861473,0.5291313,0.7340201,0.7392327,primary,False
r100,evaluation_13,ecrc,round_robin,normal,HumanEval/96,HumanEval/96::151,permit_6347229604031e19f327cc95c3b2c686,4,timeout,a617e83e6a8b6995780a08f9fdbe737ef76cad795d2a6caefae73afc6d06af07,86b2d4dd5d0afe939d981702a78172fd298458e8d3ce38d71ca95390ed2a60d9,9da8a8f49ebceea2e14b68704ce0d735a7bc732ed325a3812055db99c43902f6,e05cebc18c2dab444215fb826377edb0480db72e2bf33ed776afbbc2a1d7f150,4,1,2.997902,3.000517860000002,3.2030000000086147,0.7797776,3.9802143,3.9849463,primary,False
r100,evaluation_13,ecrc,round_robin,normal,HumanEval/99,HumanEval/99::19,permit_912b832da3a56e6e780299009a1589c1,5,fail,b92e5d816d62672daed49a502b26de812b3a62257a117e19b721ed045103ca58,41220b1bfd606f56d932ee0c68e333c194a80e96ad3613b95412c988c06a1aa0,335d47c0d505521cf7ab7f93901f8bdbb9f182eeccb971a0b3aaf34bd247972a,e05cebc18c2dab444215fb826377edb0480db72e2bf33ed776afbbc2a1d7f150,5,1,0.001161,0.002105467999967914,0.20399999999790452,4.001345,4.2121653,4.2173012,primary,False
r100,evaluation_13,ecrc,round_robin,normal,HumanEval/158,HumanEval/158::17,permit_1e14344575ad88a2f0100e63687b488e,6,pass,aa52fa4f487102c31330bcb857815f1806f2435b3f74806d1c4bc6846c149ef4,ee729905f7654e5c60633269c036fff32e48bdccc42e0ce9709ff64954c9b7c5,9d23b1f5a8fcc2621fd7c857862fe1c012b87477f57aff3708dd56fef336754d,e05cebc18c2dab444215fb826377edb0480db72e2bf33ed776afbbc2a1d7f150,6,1,0.0,0.002062014999978601,0.20399999999790452,4.251629,4.4592793,4.4651743,primary,False
r100,evaluation_13,ecrc,round_robin,normal,HumanEval/105,HumanEval/105::307,permit_89e11f4ea722e93c015db57ace5e33a0,7,pass,73a2b5f4315aa63cd689fe1a7257f73de011f6fc5a28a075f19f184dfd9eb099,13905ed338f6d1aac55c433e3c02e14f4e73b667920755480c068b3f427f5aed,1e8744745f4128305ea87913180192eb93dfe84ea6db3a78940fbd2559f1fb83,e05cebc18c2dab444215fb826377edb0480db72e2bf33ed776afbbc2a1d7f150,7,1,0.0,0.002261692999979914,0.21899999998277053,4.483325,4.6954953,4.7007201,primary,False
r100,evaluation_13,ecrc,round_robin,normal,HumanEval/117,HumanEval/117::432,permit_e4af544c91fb5b65c16ca705a8ec994a,8,pass,b444af56db48e87046f91269bd3efa4d99ce00d814620890d117ab2a7f68c41a,3eac16e2fd0b4198dc9b0ebc4ed6f9dcd0db068efa81bedaf11037157d44d53e,073d08c2c275dda769ad16c5b82c4e3c40cd1d78190498c7a80ab3e0c244dfee,e05cebc18c2dab444215fb826377edb0480db72e2bf33ed776afbbc2a1d7f150,8,1,0.0,0.002219798999988143,0.21799999999348074,4.71707,4.9269924,4.932078,primary,False
r100,evaluation_13,ecrc,round_robin,normal,HumanEval/94,HumanEval/94::177,permit_2c9997ee8f39604f9a6125bedc9e86c4,9,fail,12c90188d50b6bc25a84dce84b8203ef9f8571a3ac0f2bf40e2df7dfd3265685,e3b0c44298fc1c149afbf4c8996fb92427ae41e4649b934ca495991b7852b855,10a8de80ac47f1fa5705097171a203ecc68f865490c69b9ceafbf025b5ff346a,e05cebc18c2dab444215fb826377edb0480db72e2bf33ed776afbbc2a1d7f150,9,1,0.000455,0.001935431999982029,0.21799999999348074,4.9675129,5.1772942,5.1821018,primary,False
r101,evaluation_13,ordinary,depth_first,response_loss,HumanEval/12,HumanEval/12::358,ordinary-permit-4318e23833d654d9123d142b6fb3cde6,1,pass,9717c82cdc1fd9b0ab4ca63e16c61349135ef7d24fca7619e0cc8174c0de9d49,6c3c4d371ec930df8f0191b3861eeac47b3d928d8fd146affc133ef5f0bac634,f663d4b7a999dc1823d4ee46497271f6052abf4d4cf972f6ed4af84811a5af4b,e05cebc18c2dab444215fb826377edb0480db72e2bf33ed776afbbc2a1d7f150,1,1,0.0,0.002232157999969786,0.21900000001187436,0.0327439,0.2430161,0.2479632,primary,False
r101,evaluation_13,ordinary,depth_first,response_loss,HumanEval/94,HumanEval/94::317,ordinary-permit-f3797b47907baf6c24da345a72a476d1,2,fail,b370c2e16da1c80f963ba8bca306b745a2d506ee5f3b3967debc742c6736b6b0,e3b0c44298fc1c149afbf4c8996fb92427ae41e4649b934ca495991b7852b855,10a8de80ac47f1fa5705097171a203ecc68f865490c69b9ceafbf025b5ff346a,e05cebc18c2dab444215fb826377edb0480db72e2bf33ed776afbbc2a1d7f150,2,1,0.0,0.0021936649999929614,0.20399999999790452,0.2844056,0.4912712,0.4961142,primary,False
r101,evaluation_13,ordinary,depth_first,response_loss,HumanEval/94,HumanEval/94::177,ordinary-permit-3093a1945ab7dd8aa0b03f966c839145,3,fail,15f944d338de05866c28bb9524d04f068f1bc251a8c869595c034c8e8a96bbca,e3b0c44298fc1c149afbf4c8996fb92427ae41e4649b934ca495991b7852b855,10a8de80ac47f1fa5705097171a203ecc68f865490c69b9ceafbf025b5ff346a,e05cebc18c2dab444215fb826377edb0480db72e2bf33ed776afbbc2a1d7f150,3,1,0.0,0.0022218629999883888,0.20300000000861473,0.5202421,0.7271101,0.7318078,primary,False
r101,evaluation_13,ordinary,depth_first,response_loss,HumanEval/94,HumanEval/94::212,ordinary-permit-0e6a51d0cd75be7396316f41c34cbfe8,4,fail,bb299d528b56dc0e7c29f309c3ece804e8f8a567824aec906c8353109373bc95,e3b0c44298fc1c149afbf4c8996fb92427ae41e4649b934ca495991b7852b855,10a8de80ac47f1fa5705097171a203ecc68f865490c69b9ceafbf025b5ff346a,e05cebc18c2dab444215fb826377edb0480db72e2bf33ed776afbbc2a1d7f150,4,1,0.000535,0.002283916000010322,0.20300000000861473,0.7692589,0.9766064,2.0079742,primary,True
r101,evaluation_13,ordinary,depth_first,response_loss,HumanEval/94,HumanEval/94::423,ordinary-permit-4ec69b1bccc01f8e6725a7c8986d6707,5,fail,ccaefef0783b0044208862e223e72e44cbf7b5a377275f942912c51d2ab8eadc,e3b0c44298fc1c149afbf4c8996fb92427ae41e4649b934ca495991b7852b855,10a8de80ac47f1fa5705097171a203ecc68f865490c69b9ceafbf025b5ff346a,e05cebc18c2dab444215fb826377edb0480db72e2bf33ed776afbbc2a1d7f150,5,1,0.0,0.0018694609999556633,0.20399999999790452,2.0381681,2.2426599,2.2475204,primary,False
r101,evaluation_13,ordinary,depth_first,response_loss,HumanEval/134,HumanEval/134::235,ordinary-permit-1429b87c138c7612118ce16302b0c4d5,6,fail,8b31d0dffb443a7949cd5708eb36604473f81a56d84427fc6d2411b2cd3477d8,d9fd03bd51701710880a1cf962303f917a8c23e2e579c2dcf31fab49b0338d76,926943a1defd8c7c2fe1e14cb131e0acc221485eb728cc7c855ba71e063c88d5,e05cebc18c2dab444215fb826377edb0480db72e2bf33ed776afbbc2a1d7f150,6,1,0.0009839999999999998,0.00224142600001187,0.20300000000861473,2.2737258,2.4796649,2.4848226,primary,False
r101,evaluation_13,ordinary,depth_first,response_loss,HumanEval/134,HumanEval/134::348,ordinary-permit-b5b7c7423c4615f8fa7734ff0d9fc774,7,fail,08cbbab5686d1d9517f50861937d416b5ffddd2eb8f6597ae4d8a65ef30cd55b,0196d2a21e70cd8ccefc30fcc85249122c232359ba7c016eb8cbb10685bfb062,926943a1defd8c7c2fe1e14cb131e0acc221485eb728cc7c855ba71e063c88d5,e05cebc18c2dab444215fb826377edb0480db72e2bf33ed776afbbc2a1d7f150,7,1,0.0,0.0021748849999880804,0.20300000000861473,2.5239541,2.73045,2.7351062,primary,False
r101,evaluation_13,ordinary,depth_first,response_loss,HumanEval/134,HumanEval/134::82,ordinary-permit-350cd5f8ae9f93bafdd78a0753187314,8,fail,be1c6b3e40f2712397d3f3fbf17f6ae3eafa63d34b1ca45f2ffd12f935c65d73,e4a983a44af068acfe4bc9839f8834ee34d0a12aa58935609a36adc28fe4331e,926943a1defd8c7c2fe1e14cb131e0acc221485eb728cc7c855ba71e063c88d5,e05cebc18c2dab444215fb826377edb0480db72e2bf33ed776afbbc2a1d7f150,8,1,0.0,0.001777747999994972,0.20300000000861473,2.7481926,2.9528086,3.9837538,primary,True
r101,evaluation_13,ordinary,depth_first,response_loss,HumanEval/134,HumanEval/134::182,ordinary-permit-675c9bce2e28cf5346b8ff8ede073298,9,fail,531177e260237d063a9e95273fab175b4ad7d2fc54d1616daa6ea8f0e02ddece,2865dea7be3071f7035bb4691bc1baf9a52248cc87e6a1bec141c3eda4be0599,926943a1defd8c7c2fe1e14cb131e0acc221485eb728cc7c855ba71e063c88d5,e05cebc18c2dab444215fb826377edb0480db72e2bf33ed776afbbc2a1d7f150,9,1,0.0,0.002170701000011377,0.21899999998277053,4.0131471,4.2252467,4.2301313,primary,False
r101,evaluation_13,ordinary,depth_first,response_loss,HumanEval/96,HumanEval/96::151,ordinary-permit-988eddefd56482b0da514c4755aaf408,10,timeout,d773666dfb205fd821d17c458c37180656af2feef5d721a167f4e4816c33be5f,86b2d4dd5d0afe939d981702a78172fd298458e8d3ce38d71ca95390ed2a60d9,9da8a8f49ebceea2e14b68704ce0d735a7bc732ed325a3812055db99c43902f6,e05cebc18c2dab444215fb826377edb0480db72e2bf33ed776afbbc2a1d7f150,10,1,2.997866,3.000564234999956,3.2030000000086147,4.2433776,7.4517234,7.4567826,primary,False
r102,evaluation_13,ecrc,depth_first,response_loss,HumanEval/12,HumanEval/12::358,permit_7b6296deef1839fa88a256571dc18659,1,pass,4e3159a54bdce7fb07e9e2fb81c57c33349c05a272f705f3d036440c2e95be6e,6c3c4d371ec930df8f0191b3861eeac47b3d928d8fd146affc133ef5f0bac634,f663d4b7a999dc1823d4ee46497271f6052abf4d4cf972f6ed4af84811a5af4b,e05cebc18c2dab444215fb826377edb0480db72e2bf33ed776afbbc2a1d7f150,1,1,0.001272,0.0022778599999924154,0.20399999999790452,0.0401217,0.250236,0.25581,primary,False
r102,evaluation_13,ecrc,depth_first,response_loss,HumanEval/94,HumanEval/94::317,permit_a6b4059371536f19f6e23e280e18ce14,2,fail,c2666947e5d33e29a970f5a23f82b721d34c5a168bcf6025e0f9f490f5806daa,e3b0c44298fc1c149afbf4c8996fb92427ae41e4649b934ca495991b7852b855,10a8de80ac47f1fa5705097171a203ecc68f865490c69b9ceafbf025b5ff346a,e05cebc18c2dab444215fb826377edb0480db72e2bf33ed776afbbc2a1d7f150,2,1,0.0,0.0022533569999723113,0.21900000001187436,0.2869748,0.5005419,0.5060764,primary,False
r102,evaluation_13,ecrc,depth_first,response_loss,HumanEval/94,HumanEval/94::177,permit_2c9997ee8f39604f9a6125bedc9e86c4,3,fail,f6983b011f783166c586e8f3e94be8cc3b5838bc282ff10548a11f8f0169478c,e3b0c44298fc1c149afbf4c8996fb92427ae41e4649b934ca495991b7852b855,10a8de80ac47f1fa5705097171a203ecc68f865490c69b9ceafbf025b5ff346a,e05cebc18c2dab444215fb826377edb0480db72e2bf33ed776afbbc2a1d7f150,3,1,0.000865,0.0019778160000214484,0.2029999999795109,0.5221072,0.7260564,0.7309408,primary,False
r102,evaluation_13,ecrc,depth_first,response_loss,HumanEval/94,HumanEval/94::212,permit_bc30d4b14f962abd4083b27119ee354a,4,fail,15f0aa013df59dd4f5422056e59ce544c8a4cb52039a5cfe1d479114f8f56c41,e3b0c44298fc1c149afbf4c8996fb92427ae41e4649b934ca495991b7852b855,10a8de80ac47f1fa5705097171a203ecc68f865490c69b9ceafbf025b5ff346a,e05cebc18c2dab444215fb826377edb0480db72e2bf33ed776afbbc2a1d7f150,4,1,2.6e-05,0.0019878420000054575,0.20300000000861473,0.7578195,0.9618816,1.9912398,primary,True
r102,evaluation_13,ecrc,depth_first,response_loss,HumanEval/94,HumanEval/94::423,permit_08db1bb49398136d8f63b4620bbbd530,5,fail,b0e6825657544e7b9715db71e25b745f41825255727fdd8fc975b32d80f316d3,e3b0c44298fc1c149afbf4c8996fb92427ae41e4649b934ca495991b7852b855,10a8de80ac47f1fa5705097171a203ecc68f865490c69b9ceafbf025b5ff346a,e05cebc18c2dab444215fb826377edb0480db72e2bf33ed776afbbc2a1d7f150,5,1,0.0012469999999999998,0.0023169080000116082,0.2029999999795109,2.0213433,2.2295615,2.2348758,primary,False
r102,evaluation_13,ecrc,depth_first,response_loss,HumanEval/134,HumanEval/134::235,permit_bd729328dc617520ad56ab092fde73ad,6,fail,75f06fe615c941ddd36c666f4183cd1150b86e4a99cbda3a6e8d892d352b887a,d9fd03bd51701710880a1cf962303f917a8c23e2e579c2dcf31fab49b0338d76,926943a1defd8c7c2fe1e14cb131e0acc221485eb728cc7c855ba71e063c88d5,e05cebc18c2dab444215fb826377edb0480db72e2bf33ed776afbbc2a1d7f150,6,1,0.0,0.0021515349999958744,0.2029999999795109,2.2692343,2.477086,2.482315,primary,False
r102,evaluation_13,ecrc,depth_first,response_loss,HumanEval/134,HumanEval/134::348,permit_41f73512eeb47a80faff95524c6d8c28,7,fail,04be360cbd1f4b7393182ade68db37a38a57493e496aff913ae6643ceff723da,0196d2a21e70cd8ccefc30fcc85249122c232359ba7c016eb8cbb10685bfb062,926943a1defd8c7c2fe1e14cb131e0acc221485eb728cc7c855ba71e063c88d5,e05cebc18c2dab444215fb826377edb0480db72e2bf33ed776afbbc2a1d7f150,7,1,0.0,0.002044553000018823,0.21899999998277053,2.5205841,2.7315241,2.7372311,primary,False
r102,evaluation_13,ecrc,depth_first,response_loss,HumanEval/134,HumanEval/134::82,permit_d73941000ef016aeda2aad5d8ab03bd4,8,fail,ccd13ce5ee5a31f85ced4113d25ac1159fbaf65da8dc5c171acba717c6f3cbbb,e4a983a44af068acfe4bc9839f8834ee34d0a12aa58935609a36adc28fe4331e,926943a1defd8c7c2fe1e14cb131e0acc221485eb728cc7c855ba71e063c88d5,e05cebc18c2dab444215fb826377edb0480db72e2bf33ed776afbbc2a1d7f150,8,1,0.0,0.001870602999986204,0.21799999999348074,2.7545444,2.9655327,3.9982398,primary,True
r102,evaluation_13,ecrc,depth_first,response_loss,HumanEval/134,HumanEval/134::182,permit_3b5fb24544e74b94393493554575f250,9,fail,976bff7192451be58681bbee62300082cc8bbc1ee1d6cea4809467503b44542d,2865dea7be3071f7035bb4691bc1baf9a52248cc87e6a1bec141c3eda4be0599,926943a1defd8c7c2fe1e14cb131e0acc221485eb728cc7c855ba71e063c88d5,e05cebc18c2dab444215fb826377edb0480db72e2bf33ed776afbbc2a1d7f150,9,1,0.0,0.0018582550000019182,0.20300000000861473,4.0290765,4.2367248,4.2416522,primary,False
r102,evaluation_13,ecrc,depth_first,response_loss,HumanEval/96,HumanEval/96::151,permit_6347229604031e19f327cc95c3b2c686,10,timeout,479702ab84f167d6a0fe528cf137a15081f4f9758068eac7f3c95049e195d75a,86b2d4dd5d0afe939d981702a78172fd298458e8d3ce38d71ca95390ed2a60d9,9da8a8f49ebceea2e14b68704ce0d735a7bc732ed325a3812055db99c43902f6,e05cebc18c2dab444215fb826377edb0480db72e2bf33ed776afbbc2a1d7f150,10,1,2.997719,3.000553040999989,3.2030000000086147,4.2809618,7.4863857,7.4914725,primary,False
r103,evaluation_13,ecrc,round_robin,response_loss,HumanEval/12,HumanEval/12::358,permit_7b6296deef1839fa88a256571dc18659,1,pass,f5ba5c5ffd6620070d2fa65d739adad19dca43cf02882bcbcb6ebfa6e2fd5e73,6c3c4d371ec930df8f0191b3861eeac47b3d928d8fd146affc133ef5f0bac634,f663d4b7a999dc1823d4ee46497271f6052abf4d4cf972f6ed4af84811a5af4b,e05cebc18c2dab444215fb826377edb0480db72e2bf33ed776afbbc2a1d7f150,1,1,0.0,0.002183855999987827,0.20300000000861473,0.032282,0.2410766,0.2460062,primary,False
r103,evaluation_13,ecrc,round_robin,response_loss,HumanEval/94,HumanEval/94::317,permit_a6b4059371536f19f6e23e280e18ce14,2,fail,34ebc68c7519adc2b4911b6b7aeb2e2c48f35b6ded27e8cccd494f9fbe9a433d,e3b0c44298fc1c149afbf4c8996fb92427ae41e4649b934ca495991b7852b855,10a8de80ac47f1fa5705097171a203ecc68f865490c69b9ceafbf025b5ff346a,e05cebc18c2dab444215fb826377edb0480db72e2bf33ed776afbbc2a1d7f150,2,1,0.00139,0.0023113319999765736,0.20300000000861473,0.2833544,0.4936013,0.499715,primary,False
r103,evaluation_13,ecrc,round_robin,response_loss,HumanEval/134,HumanEval/134::235,permit_bd729328dc617520ad56ab092fde73ad,3,fail,0019643e67e2c2d02ce346a2ff839d21fb3d9d41c968cd3ca145501189ca7b07,d9fd03bd51701710880a1cf962303f917a8c23e2e579c2dcf31fab49b0338d76,926943a1defd8c7c2fe1e14cb131e0acc221485eb728cc7c855ba71e063c88d5,e05cebc18c2dab444215fb826377edb0480db72e2bf33ed776afbbc2a1d7f150,3,1,0.0,0.0019801400000005742,0.20300000000861473,0.5343827,0.7440665,0.7490518,primary,False
r103,evaluation_13,ecrc,round_robin,response_loss,HumanEval/96,HumanEval/96::151,permit_6347229604031e19f327cc95c3b2c686,4,timeout,eccfccb2bc5c7bb79f8878ed379b6763dd78757bcacd1d0e3bfc65e44df842a9,86b2d4dd5d0afe939d981702a78172fd298458e8d3ce38d71ca95390ed2a60d9,9da8a8f49ebceea2e14b68704ce0d735a7bc732ed325a3812055db99c43902f6,e05cebc18c2dab444215fb826377edb0480db72e2bf33ed776afbbc2a1d7f150,4,1,2.998001,3.000644517000012,3.2030000000086147,0.7857272,3.9932378,5.0132614,primary,True
r104,evaluation_13,ordinary,round_robin,response_loss,HumanEval/12,HumanEval/12::358,ordinary-permit-4318e23833d654d9123d142b6fb3cde6,1,pass,e76bd0d8e00bea38b743bcc21f613b3e8f658f56e6976559c1fb76b947f38a61,6c3c4d371ec930df8f0191b3861eeac47b3d928d8fd146affc133ef5f0bac634,f663d4b7a999dc1823d4ee46497271f6052abf4d4cf972f6ed4af84811a5af4b,e05cebc18c2dab444215fb826377edb0480db72e2bf33ed776afbbc2a1d7f150,1,1,0.0,0.002202871999998024,0.21900000001187436,0.0322407,0.2424334,0.2467408,primary,False
r104,evaluation_13,ordinary,round_robin,response_loss,HumanEval/94,HumanEval/94::317,ordinary-permit-f3797b47907baf6c24da345a72a476d1,2,fail,6f0a451d2cb879502e00e9c5da51f44fe9753a1adbfcf06841659206f7a720e0,e3b0c44298fc1c149afbf4c8996fb92427ae41e4649b934ca495991b7852b855,10a8de80ac47f1fa5705097171a203ecc68f865490c69b9ceafbf025b5ff346a,e05cebc18c2dab444215fb826377edb0480db72e2bf33ed776afbbc2a1d7f150,2,1,0.001046,0.001988143999994918,0.21900000001187436,0.2827164,0.492527,0.4978497,primary,False
r104,evaluation_13,ordinary,round_robin,response_loss,HumanEval/134,HumanEval/134::235,ordinary-permit-1429b87c138c7612118ce16302b0c4d5,3,fail,39144148328aeaa3fa1bc6f34be38901d4a5436e856d7b88b5b5aeee062c28a9,d9fd03bd51701710880a1cf962303f917a8c23e2e579c2dcf31fab49b0338d76,926943a1defd8c7c2fe1e14cb131e0acc221485eb728cc7c855ba71e063c88d5,e05cebc18c2dab444215fb826377edb0480db72e2bf33ed776afbbc2a1d7f150,3,1,0.0,0.0020257879999689976,0.21900000001187436,0.5333186,0.7425609,0.748147,primary,False
r104,evaluation_13,ordinary,round_robin,response_loss,HumanEval/96,HumanEval/96::151,ordinary-permit-988eddefd56482b0da514c4755aaf408,4,timeout,09c447a8a45c3017574c0e62e7da24020a26ac3e3755fdb9948eb313caf8d3a8,86b2d4dd5d0afe939d981702a78172fd298458e8d3ce38d71ca95390ed2a60d9,9da8a8f49ebceea2e14b68704ce0d735a7bc732ed325a3812055db99c43902f6,e05cebc18c2dab444215fb826377edb0480db72e2bf33ed776afbbc2a1d7f150,4,1,2.997218,3.000515613999994,3.2190000000118744,0.7832071,3.9928039,5.0026261,primary,True
r105,evaluation_14,ordinary,round_robin,response_loss,HumanEval/131,HumanEval/131::102,ordinary-permit-e646e2db6c10a98499f2052054e0ccc3,1,fail,69ce1d680dbc6c0b6c2c7651134a87f808051c539b22984c3300cbb6548db5b6,5296b1072384376e3b6a4c5dfce3c98bdd864f48275e065f80c8e3e91282073f,2b532c8d7b408ecf6d296bf286a0da24209404d0ada95976fe0c36371c811e27,e05cebc18c2dab444215fb826377edb0480db72e2bf33ed776afbbc2a1d7f150,1,1,0.001452,0.002034293000008347,0.2029999999795109,0.0370733,0.2473472,0.2523936,primary,False
r105,evaluation_14,ordinary,round_robin,response_loss,HumanEval/30,HumanEval/30::234,ordinary-permit-187a7e6b1aa0357a4a111e01dcb28cbb,2,pass,65871d6a1c1c9dee7de44adac66a7544057c54544fce12846877efb0bbf25440,8c8b6aac934b29e28f545345712e71b07f6f1bb8bbcd604d30ae7e54558cc0c3,d78a9b6734b14542b371812c9ffd5ae96f45cfef09e50dfbef804ccd23209288,e05cebc18c2dab444215fb826377edb0480db72e2bf33ed776afbbc2a1d7f150,2,1,0.0,0.002035635000027014,0.2029999999795109,0.2889507,0.4974027,0.5020542,primary,False
r105,evaluation_14,ordinary,round_robin,response_loss,HumanEval/43,HumanEval/43::447,ordinary-permit-d91b5917b24cf362f416eff8a477a4c6,3,pass,313bd1c258c2d5cfe7cbb324b3e25d1e11ec495b316a596b41b4df2b4da25c08,c501443f5fc30704e035616ce415c364197e1de5750cbcec06ca1451caec77c4,27824ed8f2004af0c66edf293f5db9eb16558b5533574b0f70344b5c3719914c,e05cebc18c2dab444215fb826377edb0480db72e2bf33ed776afbbc2a1d7f150,3,1,0.001263,0.0018700719999742432,0.2029999999795109,0.5397215,0.747455,0.7521881,primary,False
r105,evaluation_14,ordinary,round_robin,response_loss,HumanEval/156,HumanEval/156::13,ordinary-permit-6c9cf7d58dc0bc01728a4150b0894164,4,pass,8372c404ab9e0faf4ab5e8b4bb3b69fbedb9a5ee5201e1e3984f8f215104d819,c8054d4b931a9558d053041392d1982cb77fc46f83c4f8244b825c81b785a4b3,4dd41d6b05167be606331ae01c0b549421a3b5124fe457ecf17b5e809d3e0b19,e05cebc18c2dab444215fb826377edb0480db72e2bf33ed776afbbc2a1d7f150,4,1,0.000493,0.0019847990000130267,0.2029999999795109,0.790111,0.9926115,2.0218694,primary,True
r105,evaluation_14,ordinary,round_robin,response_loss,HumanEval/29,HumanEval/29::97,ordinary-permit-eca928ea0914c50dfbe89b05e0c18bf1,5,pass,490ce1f4be5cda6f8b686a241edddd930bacf90815d0cafd0e21867b95f5a509,76bf588515d4b1c2534af3da67e21034f36a6382cdd10d6720fdae17d815ebdb,9a8b1ce14654166499b901763884822e6ed09c454f249a165f0c13d8027bed53,e05cebc18c2dab444215fb826377edb0480db72e2bf33ed776afbbc2a1d7f150,5,1,0.000869,0.0019850099999985105,0.20300000000861473,2.0529026,2.2616626,2.2663444,primary,False
r105,evaluation_14,ordinary,round_robin,response_loss,HumanEval/50,HumanEval/50::274,ordinary-permit-ea689fc6696ec80fea27ef9ef4458123,6,fail,79df539f329df093f3e5aa9b7ff67b2d719ba02d0223e5e7cca491f4135ef275,82c1802f30d008c36d80aac8d26ede3d7b259eee95ee0e29533ddacf3eb9c819,5466f7e21f97e8da8a6119cad9c4d0e2304d3ac97889b2e5fbbc6e832c79b5ff,e05cebc18c2dab444215fb826377edb0480db72e2bf33ed776afbbc2a1d7f150,6,1,0.00067,0.003157465000015236,0.20300000000861473,2.3036574,2.5134995,2.5187553,primary,False
r105,evaluation_14,ordinary,round_robin,response_loss,HumanEval/3,HumanEval/3::451,ordinary-permit-76000826946f6ad17c19836bffec4bfd,7,pass,80ea41fbd6f6867e9f644853d2a31f0da6b59d73171a8ab91e06967af6c8262f,451bcd094ea074d596198577e06d4789fa51365e3514696dde5e887efdd18c33,40b6760bdaa3d5c213303b7021e563f8561c1466d46bfbdf25eee5591a7b9aa8,e05cebc18c2dab444215fb826377edb0480db72e2bf33ed776afbbc2a1d7f150,7,1,0.0005589999999999999,0.002352419999965605,0.20300000000861473,2.5525107,2.756598,2.7615694,primary,False
r105,evaluation_14,ordinary,round_robin,response_loss,HumanEval/138,HumanEval/138::200,ordinary-permit-259304bead7f02adfb0827c49865e9ff,8,fail,29d1de9aa2351c0df49bc84885b81d8ea9ec2a36ce48bee33a855dd04b08a0f5,aefc25b7f87948850d3c7ba004db860656e20823a81251d516ad3a6a65674693,a07d6bd77a0f8d0c716c727d6c8fabe1324f9fd58f7c04b2f144e2d762f0a717,e05cebc18c2dab444215fb826377edb0480db72e2bf33ed776afbbc2a1d7f150,8,1,0.00124,0.0019164029999956256,0.2029999999795109,2.7867662,2.9918349,4.0212518,primary,True
r105,evaluation_14,ordinary,round_robin,response_loss,HumanEval/131,HumanEval/131::283,ordinary-permit-7ff21acb01568de3c401e33711c1eb86,9,fail,6aa78538ae33be1d5ee574941b62f70cd54dbaf52e8a6019403e361d6599ce38,18b4840351275c30a038509a60473d2df4a4ea7f73cc7d938621cfeccc07fba8,2b532c8d7b408ecf6d296bf286a0da24209404d0ada95976fe0c36371c811e27,e05cebc18c2dab444215fb826377edb0480db72e2bf33ed776afbbc2a1d7f150,9,1,0.000645,0.002017621000049985,0.20300000000861473,4.0522229,4.2560534,4.2605488,primary,False
r105,evaluation_14,ordinary,round_robin,response_loss,HumanEval/50,HumanEval/50::9,ordinary-permit-3f974adc1adda15177e605ab1251e40d,10,fail,55408571f39b7b978d060510ac803b57cbb104e02f735e361e1688eeecb609b8,7d933b52acc99aec8eb83818689f5eb922350f5c15b1f35c7732e8214cb788dc,5466f7e21f97e8da8a6119cad9c4d0e2304d3ac97889b2e5fbbc6e832c79b5ff,e05cebc18c2dab444215fb826377edb0480db72e2bf33ed776afbbc2a1d7f150,10,1,0.0,0.0031924159999903168,0.2029999999795109,4.285684,4.4960085,4.5014043,primary,False
r105,evaluation_14,ordinary,round_robin,response_loss,HumanEval/138,HumanEval/138::57,ordinary-permit-fb77b37611a95ce3605c25eded6aaa04,11,pass,06ee4cbee4befc8b8a6cc770c1b3eda2b605b2b4d3ad97bca227688981c43abd,ab4aa8bd8f4e047c2115c773d0510a91b743c333f7f2684eab1c2148e131cb3b,a07d6bd77a0f8d0c716c727d6c8fabe1324f9fd58f7c04b2f144e2d762f0a717,e05cebc18c2dab444215fb826377edb0480db72e2bf33ed776afbbc2a1d7f150,11,1,0.00018099999999999998,0.0021758710000199244,0.2029999999795109,4.5366686,4.7445795,4.7494855,primary,False
r105,evaluation_14,ordinary,round_robin,response_loss,HumanEval/131,HumanEval/131::18,ordinary-permit-54a6659f207ef81cf59321ff7060d8fd,12,fail,7415aa110209eb1354f4a0875be77b58f8665d5099634c04db5b6c82992177ce,73d4976f86189f5e61c133e90b8efbacd5e34fad00fdc11a97a70be5c052325e,2b532c8d7b408ecf6d296bf286a0da24209404d0ada95976fe0c36371c811e27,e05cebc18c2dab444215fb826377edb0480db72e2bf33ed776afbbc2a1d7f150,12,1,0.001339,0.0021372880000285477,0.2029999999795109,4.7836173,4.9921636,6.0231907,drain,True
r106,evaluation_14,ecrc,round_robin,response_loss,HumanEval/131,HumanEval/131::102,permit_02a6e9d3066b23d4011fb3d66c95ad14,1,fail,128f73366f9cf0c5b08e70176b9a46558df5956ebb0481180f65ad4a4f1bef3c,5296b1072384376e3b6a4c5dfce3c98bdd864f48275e065f80c8e3e91282073f,2b532c8d7b408ecf6d296bf286a0da24209404d0ada95976fe0c36371c811e27,e05cebc18c2dab444215fb826377edb0480db72e2bf33ed776afbbc2a1d7f150,1,1,0.0,0.0019252750000759988,0.20300000000861473,0.031661,0.2354482,0.2405269,primary,False
r106,evaluation_14,ecrc,round_robin,response_loss,HumanEval/30,HumanEval/30::234,permit_7c54f87590ba4653a72d536089262da7,2,pass,b410d9edefbcfc21b183f43f8dd209bc60495626013b857304be812302ce6675,8c8b6aac934b29e28f545345712e71b07f6f1bb8bbcd604d30ae7e54558cc0c3,d78a9b6734b14542b371812c9ffd5ae96f45cfef09e50dfbef804ccd23209288,e05cebc18c2dab444215fb826377edb0480db72e2bf33ed776afbbc2a1d7f150,2,1,0.00015999999999999999,0.001878322000038679,0.20399999999790452,0.2560825,0.4660458,0.4717573,primary,False
r106,evaluation_14,ecrc,round_robin,response_loss,HumanEval/43,HumanEval/43::447,permit_be0871992987cf9a79d4e3c66b71cd6f,3,pass,52f154e2f83257e848e2717d3448b92f298ca40f234eda6e6137f925756e760a,c501443f5fc30704e035616ce415c364197e1de5750cbcec06ca1451caec77c4,27824ed8f2004af0c66edf293f5db9eb16558b5533574b0f70344b5c3719914c,e05cebc18c2dab444215fb826377edb0480db72e2bf33ed776afbbc2a1d7f150,3,1,0.0,0.0020842470000843605,0.21900000001187436,0.5018285,0.711015,0.7166664,primary,False
r106,evaluation_14,ecrc,round_robin,response_loss,HumanEval/156,HumanEval/156::13,permit_cda17ea454066ef0afd3655398479335,4,pass,3b82d8d45f9ac5269d695d0e56d546a8c9aae52a46b3a9b2deb357598975f656,c8054d4b931a9558d053041392d1982cb77fc46f83c4f8244b825c81b785a4b3,4dd41d6b05167be606331ae01c0b549421a3b5124fe457ecf17b5e809d3e0b19,e05cebc18c2dab444215fb826377edb0480db72e2bf33ed776afbbc2a1d7f150,4,1,0.0,0.0019448369999963688,0.21900000001187436,0.7523899,0.9603985,1.9945473,primary,True
r106,evaluation_14,ecrc,round_robin,response_loss,HumanEval/29,HumanEval/29::97,permit_2fd4822d1ac98fa5da3fb9a31b51399d,5,pass,8cba022e7b626cd005fecefc8a656c05767ca8dbf71ed788f1e5693b80b2da3e,76bf588515d4b1c2534af3da67e21034f36a6382cdd10d6720fdae17d815ebdb,9a8b1ce14654166499b901763884822e6ed09c454f249a165f0c13d8027bed53,e05cebc18c2dab444215fb826377edb0480db72e2bf33ed776afbbc2a1d7f150,5,1,0.00020099999999999998,0.0027910669999755555,0.20300000000861473,2.0248538,2.2302329,2.235108,primary,False
r106,evaluation_14,ecrc,round_robin,response_loss,HumanEval/50,HumanEval/50::274,permit_6398c2d13d0c84f86b73086f975785ee,6,fail,9d910986fcf3f51b307b9ca1981b341a0ebb1c597c1c20c0ad345c201983d194,82c1802f30d008c36d80aac8d26ede3d7b259eee95ee0e29533ddacf3eb9c819,5466f7e21f97e8da8a6119cad9c4d0e2304d3ac97889b2e5fbbc6e832c79b5ff,e05cebc18c2dab444215fb826377edb0480db72e2bf33ed776afbbc2a1d7f150,6,1,0.0,0.0028115759999991496,0.20300000000861473,2.2750988,2.4836855,2.4886653,primary,False
r106,evaluation_14,ecrc,round_robin,response_loss,HumanEval/3,HumanEval/3::451,permit_e3cd3739f321eb4e424f20874e61aa3d,7,pass,f7b6f1a2d789f1317f5e3bf3d8fff7a6da5f9292d7fdfda85b76863adca860c4,451bcd094ea074d596198577e06d4789fa51365e3514696dde5e887efdd18c33,40b6760bdaa3d5c213303b7021e563f8561c1466d46bfbdf25eee5591a7b9aa8,e05cebc18c2dab444215fb826377edb0480db72e2bf33ed776afbbc2a1d7f150,7,1,0.000732,0.002268306000019038,0.20300000000861473,2.526079,2.7373272,2.742927,primary,False
r106,evaluation_14,ecrc,round_robin,response_loss,HumanEval/138,HumanEval/138::200,permit_2f61755bbca206234c85f29616fef8a7,8,fail,4b5ac37dc0aecf1821c97ccd6da9deb09988141fa4d30628b1b546995fc990c1,aefc25b7f87948850d3c7ba004db860656e20823a81251d516ad3a6a65674693,a07d6bd77a0f8d0c716c727d6c8fabe1324f9fd58f7c04b2f144e2d762f0a717,e05cebc18c2dab444215fb826377edb0480db72e2bf33ed776afbbc2a1d7f150,8,1,0.0,0.0021509230000447133,0.20300000000861473,2.7765042,2.9828444,4.0117605,primary,True
r106,evaluation_14,ecrc,round_robin,response_loss,HumanEval/131,HumanEval/131::283,permit_59d19251cba9ebc60e19dbffb9c0bfad,9,fail,562abacb3d2ad8f62f689e9f476a87057989212841239dae6fea67892b15beb9,18b4840351275c30a038509a60473d2df4a4ea7f73cc7d938621cfeccc07fba8,2b532c8d7b408ecf6d296bf286a0da24209404d0ada95976fe0c36371c811e27,e05cebc18c2dab444215fb826377edb0480db72e2bf33ed776afbbc2a1d7f150,9,1,3.1e-05,0.001907813000002534,0.20300000000861473,4.02774,4.2347122,4.2400833,primary,False
r106,evaluation_14,ecrc,round_robin,response_loss,HumanEval/50,HumanEval/50::9,permit_d175df1470162221a1d195ecc36cbde2,10,fail,80d2ffa10daff59a6519e3f2512415eaacc9ba76e804a5316fc59ab50d6d23a8,7d933b52acc99aec8eb83818689f5eb922350f5c15b1f35c7732e8214cb788dc,5466f7e21f97e8da8a6119cad9c4d0e2304d3ac97889b2e5fbbc6e832c79b5ff,e05cebc18c2dab444215fb826377edb0480db72e2bf33ed776afbbc2a1d7f150,10,1,0.002332,0.0031990390000373736,0.20300000000861473,4.276445,4.4854789,4.4906545,primary,False
r106,evaluation_14,ecrc,round_robin,response_loss,HumanEval/138,HumanEval/138::57,permit_b02971f21c891bc93e34d0bc060844ca,11,pass,c9e544b6729359cde31619e2faa55d629642f223167307774f1f26d65a245959,ab4aa8bd8f4e047c2115c773d0510a91b743c333f7f2684eab1c2148e131cb3b,a07d6bd77a0f8d0c716c727d6c8fabe1324f9fd58f7c04b2f144e2d762f0a717,e05cebc18c2dab444215fb826377edb0480db72e2bf33ed776afbbc2a1d7f150,11,1,0.0,0.002036516999964988,0.20300000000861473,4.5261743,4.7326687,4.7377164,primary,False
r106,evaluation_14,ecrc,round_robin,response_loss,HumanEval/131,HumanEval/131::18,permit_d575cb6451693e644ed97054556f10ed,12,fail,0cb18ecd3a8d0e8ed612f989637234a7f9e07a2f62689557e28c1cf66eb7a27c,73d4976f86189f5e61c133e90b8efbacd5e34fad00fdc11a97a70be5c052325e,2b532c8d7b408ecf6d296bf286a0da24209404d0ada95976fe0c36371c811e27,e05cebc18c2dab444215fb826377edb0480db72e2bf33ed776afbbc2a1d7f150,12,1,0.0,0.0020834059999970123,0.20300000000861473,4.7763266,4.9890143,6.0237804,drain,True
r107,evaluation_14,ecrc,depth_first,response_loss,HumanEval/131,HumanEval/131::102,permit_02a6e9d3066b23d4011fb3d66c95ad14,1,fail,a449c645e67d3802ecf0297f90064e31ede8d750c71c59be4cdce5c2749ac06f,5296b1072384376e3b6a4c5dfce3c98bdd864f48275e065f80c8e3e91282073f,2b532c8d7b408ecf6d296bf286a0da24209404d0ada95976fe0c36371c811e27,e05cebc18c2dab444215fb826377edb0480db72e2bf33ed776afbbc2a1d7f150,1,1,0.0011149999999999999,0.0020579869999437506,0.20300000000861473,0.0284879,0.2366458,0.24207,primary,False
r107,evaluation_14,ecrc,depth_first,response_loss,HumanEval/131,HumanEval/131::283,permit_59d19251cba9ebc60e19dbffb9c0bfad,2,fail,d04d8c14294eca8887baa865f0d2e3e72c2c2f36b927f570af25e4bf57acf786,18b4840351275c30a038509a60473d2df4a4ea7f73cc7d938621cfeccc07fba8,2b532c8d7b408ecf6d296bf286a0da24209404d0ada95976fe0c36371c811e27,e05cebc18c2dab444215fb826377edb0480db72e2bf33ed776afbbc2a1d7f150,2,1,0.0,0.0020736830000487316,0.20300000000861473,0.2789903,0.4862239,0.4914351,primary,False
r107,evaluation_14,ecrc,depth_first,response_loss,HumanEval/131,HumanEval/131::18,permit_d575cb6451693e644ed97054556f10ed,3,fail,a89239db9801dcc792cc0426227732307e8409962f4bec5a8886fdf9e5826ee1,73d4976f86189f5e61c133e90b8efbacd5e34fad00fdc11a97a70be5c052325e,2b532c8d7b408ecf6d296bf286a0da24209404d0ada95976fe0c36371c811e27,e05cebc18c2dab444215fb826377edb0480db72e2bf33ed776afbbc2a1d7f150,3,1,0.0,0.0021389949999957025,0.20300000000861473,0.5305366,0.7350712,0.7402965,primary,False
r107,evaluation_14,ecrc,depth_first,response_loss,HumanEval/131,HumanEval/131::340,permit_a0e0307fbdd0c06df90dab6f36db3239,4,fail,5287775f53c75241cd5aea2a8c70b84b37d566318250c041d2d02778f38a48c4,97160a338d9786a3a2853d6790f528dcf48b63866db42e6a372a6eda8ca10635,2b532c8d7b408ecf6d296bf286a0da24209404d0ada95976fe0c36371c811e27,e05cebc18c2dab444215fb826377edb0480db72e2bf33ed776afbbc2a1d7f150,4,1,0.000601,0.002202114999931837,0.21900000001187436,0.7566208,0.9685365,2.0006253,primary,True
r107,evaluation_14,ecrc,depth_first,response_loss,HumanEval/30,HumanEval/30::234,permit_7c54f87590ba4653a72d536089262da7,5,pass,13a9488f7a00f32e60e89155f6971d05bb4e472ad568217d5d676681164f15a2,8c8b6aac934b29e28f545345712e71b07f6f1bb8bbcd604d30ae7e54558cc0c3,d78a9b6734b14542b371812c9ffd5ae96f45cfef09e50dfbef804ccd23209288,e05cebc18c2dab444215fb826377edb0480db72e2bf33ed776afbbc2a1d7f150,5,1,0.0016099999999999999,0.002208709000001363,0.20300000000861473,2.0310356,2.2356982,2.2415183,primary,False
r107,evaluation_14,ecrc,depth_first,response_loss,HumanEval/43,HumanEval/43::447,permit_be0871992987cf9a79d4e3c66b71cd6f,6,pass,a4595d135dc94bf429ecf9364826ad9d35de4d3dd3cbe5b6389453e9d86191f9,c501443f5fc30704e035616ce415c364197e1de5750cbcec06ca1451caec77c4,27824ed8f2004af0c66edf293f5db9eb16558b5533574b0f70344b5c3719914c,e05cebc18c2dab444215fb826377edb0480db72e2bf33ed776afbbc2a1d7f150,6,1,0.001591,0.002151405000063278,0.20300000000861473,2.2795166,2.4876833,2.4935317,primary,False
r107,evaluation_14,ecrc,depth_first,response_loss,HumanEval/156,HumanEval/156::13,permit_cda17ea454066ef0afd3655398479335,7,pass,8ab48d2f44b9caeb11d595bc520a3621d19aa2b29fbd7dace1a7fbb11d8e63fc,c8054d4b931a9558d053041392d1982cb77fc46f83c4f8244b825c81b785a4b3,4dd41d6b05167be606331ae01c0b549421a3b5124fe457ecf17b5e809d3e0b19,e05cebc18c2dab444215fb826377edb0480db72e2bf33ed776afbbc2a1d7f150,7,1,0.000618,0.0021591189999980998,0.20300000000861473,2.5286913,2.736567,2.7413709,primary,False
r107,evaluation_14,ecrc,depth_first,response_loss,HumanEval/29,HumanEval/29::97,permit_2fd4822d1ac98fa5da3fb9a31b51399d,8,pass,e11ee531768a5581e1dd8c4543dc22f508ce352e0c1dc5d4333fd435dd61e16e,76bf588515d4b1c2534af3da67e21034f36a6382cdd10d6720fdae17d815ebdb,9a8b1ce14654166499b901763884822e6ed09c454f249a165f0c13d8027bed53,e05cebc18c2dab444215fb826377edb0480db72e2bf33ed776afbbc2a1d7f150,8,1,0.0,0.0021203860000014174,0.20300000000861473,2.7798888,2.9857728,4.0169277,primary,True
r107,evaluation_14,ecrc,depth_first,response_loss,HumanEval/50,HumanEval/50::274,permit_6398c2d13d0c84f86b73086f975785ee,9,fail,a9b8857e0fa0e4ba98c888194a1cf4ca2faf21d54241d2c78b34fed76a0cb726,82c1802f30d008c36d80aac8d26ede3d7b259eee95ee0e29533ddacf3eb9c819,5466f7e21f97e8da8a6119cad9c4d0e2304d3ac97889b2e5fbbc6e832c79b5ff,e05cebc18c2dab444215fb826377edb0480db72e2bf33ed776afbbc2a1d7f150,9,1,0.0006929999999999999,0.0030130470000813148,0.2029999999795109,4.04654,4.2565532,4.2616099,primary,False
r107,evaluation_14,ecrc,depth_first,response_loss,HumanEval/50,HumanEval/50::9,permit_d175df1470162221a1d195ecc36cbde2,10,fail,2ad98c9c52827eb82594278925c643213f9e4dc42e09d8b4788e52c67a9b3a26,7d933b52acc99aec8eb83818689f5eb922350f5c15b1f35c7732e8214cb788dc,5466f7e21f97e8da8a6119cad9c4d0e2304d3ac97889b2e5fbbc6e832c79b5ff,e05cebc18c2dab444215fb826377edb0480db72e2bf33ed776afbbc2a1d7f150,10,1,0.000913,0.003204808999953457,0.2029999999795109,4.2947549,4.500097,4.5048378,primary,False
r107,evaluation_14,ecrc,depth_first,response_loss,HumanEval/50,HumanEval/50::355,permit_5d600408ccaf89d186f37cb76ee67d3b,11,fail,06e83e1d553074acca6a2632602162958d6132842831108902baa19ed1b991b9,75ef4b9750e2339667c501501795abd158a952a2e99ffbade144a6da518c6cf6,5466f7e21f97e8da8a6119cad9c4d0e2304d3ac97889b2e5fbbc6e832c79b5ff,e05cebc18c2dab444215fb826377edb0480db72e2bf33ed776afbbc2a1d7f150,11,1,0.000383,0.0027841779999562277,0.20300000000861473,4.521207,4.7290589,4.7341666,primary,False
r107,evaluation_14,ecrc,depth_first,response_loss,HumanEval/50,HumanEval/50::425,permit_4f0c8352afff15bdffd2b0c738dd9be8,12,fail,d091cc3c84280cc5ad01ab8d3a670e0d3be2cc9379fd4ed5fcd189f64637eb8c,2ac9efa74bd12d5dd6057361f867f24accb6f8cba0d0f7648a3cc0e5dff1f28b,5466f7e21f97e8da8a6119cad9c4d0e2304d3ac97889b2e5fbbc6e832c79b5ff,e05cebc18c2dab444215fb826377edb0480db72e2bf33ed776afbbc2a1d7f150,12,1,0.00047099999999999996,0.0031403980000277443,0.20300000000861473,4.7643454,4.9701289,5.9972985,drain,True
r108,evaluation_14,ordinary,depth_first,response_loss,HumanEval/131,HumanEval/131::102,ordinary-permit-e646e2db6c10a98499f2052054e0ccc3,1,fail,345111f9e1562c1578fbb9410097d770f2f47d23b4f34745c2433f40c2291b89,5296b1072384376e3b6a4c5dfce3c98bdd864f48275e065f80c8e3e91282073f,2b532c8d7b408ecf6d296bf286a0da24209404d0ada95976fe0c36371c811e27,e05cebc18c2dab444215fb826377edb0480db72e2bf33ed776afbbc2a1d7f150,1,1,0.001127,0.0020972620000065945,0.20300000000861473,0.0338506,0.2400925,0.2446026,primary,False
r108,evaluation_14,ordinary,depth_first,response_loss,HumanEval/131,HumanEval/131::283,ordinary-permit-7ff21acb01568de3c401e33711c1eb86,2,fail,fa06e9a8af4b2f1a1036211bc0e6f85693bdd6b5e9cad70d2ab4a9144c372d50,18b4840351275c30a038509a60473d2df4a4ea7f73cc7d938621cfeccc07fba8,2b532c8d7b408ecf6d296bf286a0da24209404d0ada95976fe0c36371c811e27,e05cebc18c2dab444215fb826377edb0480db72e2bf33ed776afbbc2a1d7f150,2,1,0.0,0.00230050699997264,0.20300000000861473,0.2836912,0.4911291,0.49595,primary,False
r108,evaluation_14,ordinary,depth_first,response_loss,HumanEval/131,HumanEval/131::18,ordinary-permit-54a6659f207ef81cf59321ff7060d8fd,3,fail,8175c64996cbd1a8068cf781543df260c0c9c2ad2538517639ac793400207d38,73d4976f86189f5e61c133e90b8efbacd5e34fad00fdc11a97a70be5c052325e,2b532c8d7b408ecf6d296bf286a0da24209404d0ada95976fe0c36371c811e27,e05cebc18c2dab444215fb826377edb0480db72e2bf33ed776afbbc2a1d7f150,3,1,0.0,0.0017848300000196105,0.20300000000861473,0.5339334,0.7422563,0.7469598,primary,False
r108,evaluation_14,ordinary,depth_first,response_loss,HumanEval/131,HumanEval/131::340,ordinary-permit-93084edfe6614630f4be948521b7c973,4,fail,4f37c3e4e8b35fc0d354deefd7cdf97483485809d1feef5366e1f7bc11967426,97160a338d9786a3a2853d6790f528dcf48b63866db42e6a372a6eda8ca10635,2b532c8d7b408ecf6d296bf286a0da24209404d0ada95976fe0c36371c811e27,e05cebc18c2dab444215fb826377edb0480db72e2bf33ed776afbbc2a1d7f150,4,1,0.000489,0.00211876299999858,0.2029999999795109,0.7699175,0.9768379,1.9972807,primary,True
r108,evaluation_14,ordinary,depth_first,response_loss,HumanEval/30,HumanEval/30::234,ordinary-permit-187a7e6b1aa0357a4a111e01dcb28cbb,5,pass,7739ef41027cd30faa488a46e082da6336b92fa8d1f623b6dd2d8b65e6168454,8c8b6aac934b29e28f545345712e71b07f6f1bb8bbcd604d30ae7e54558cc0c3,d78a9b6734b14542b371812c9ffd5ae96f45cfef09e50dfbef804ccd23209288,e05cebc18c2dab444215fb826377edb0480db72e2bf33ed776afbbc2a1d7f150,5,1,0.0,0.0017741309999337318,0.2029999999795109,2.0283587,2.2302771,2.2348461,primary,False
r108,evaluation_14,ordinary,depth_first,response_loss,HumanEval/43,HumanEval/43::447,ordinary-permit-d91b5917b24cf362f416eff8a477a4c6,6,pass,7a70af4c46e9418830d1092ec0e57f6f73560890e660282fb9982301b83f022d,c501443f5fc30704e035616ce415c364197e1de5750cbcec06ca1451caec77c4,27824ed8f2004af0c66edf293f5db9eb16558b5533574b0f70344b5c3719914c,e05cebc18c2dab444215fb826377edb0480db72e2bf33ed776afbbc2a1d7f150,6,1,0.0,0.0021111689999315786,0.20300000000861473,2.2646042,2.4705762,2.4755907,primary,False
r108,evaluation_14,ordinary,depth_first,response_loss,HumanEval/156,HumanEval/156::13,ordinary-permit-6c9cf7d58dc0bc01728a4150b0894164,7,pass,cba8c6e5bd89c23527d2a0870c189071aef6047dd0894e0ea4c5378e40ce6047,c8054d4b931a9558d053041392d1982cb77fc46f83c4f8244b825c81b785a4b3,4dd41d6b05167be606331ae01c0b549421a3b5124fe457ecf17b5e809d3e0b19,e05cebc18c2dab444215fb826377edb0480db72e2bf33ed776afbbc2a1d7f150,7,1,0.000513,0.0022439040000108434,0.20300000000861473,2.5016722,2.7070867,2.7122989,primary,False
r108,evaluation_14,ordinary,depth_first,response_loss,HumanEval/29,HumanEval/29::97,ordinary-permit-eca928ea0914c50dfbe89b05e0c18bf1,8,pass,b06584898d132b5076dc4d91a77d85494bdc4e588af04ef227bd68fb82c1f07a,76bf588515d4b1c2534af3da67e21034f36a6382cdd10d6720fdae17d815ebdb,9a8b1ce14654166499b901763884822e6ed09c454f249a165f0c13d8027bed53,e05cebc18c2dab444215fb826377edb0480db72e2bf33ed776afbbc2a1d7f150,8,1,0.002072,0.0024460220000719346,0.20300000000861473,2.7359156,2.9410318,3.9623724,primary,True
r108,evaluation_14,ordinary,depth_first,response_loss,HumanEval/50,HumanEval/50::274,ordinary-permit-ea689fc6696ec80fea27ef9ef4458123,9,fail,658ac67d21a6cb1b8bc4bc83d0a238974cd9f1905a8c6fb0be2d3b0cf36672de,82c1802f30d008c36d80aac8d26ede3d7b259eee95ee0e29533ddacf3eb9c819,5466f7e21f97e8da8a6119cad9c4d0e2304d3ac97889b2e5fbbc6e832c79b5ff,e05cebc18c2dab444215fb826377edb0480db72e2bf33ed776afbbc2a1d7f150,9,1,0.0,0.003222944000071948,0.20300000000861473,3.9768109,4.1829792,4.1874134,primary,False
r108,evaluation_14,ordinary,depth_first,response_loss,HumanEval/50,HumanEval/50::9,ordinary-permit-3f974adc1adda15177e605ab1251e40d,10,fail,51b6d87e51dae374f996d241bc7450614d2651c57fd8e98131c00f3b7c8366a0,7d933b52acc99aec8eb83818689f5eb922350f5c15b1f35c7732e8214cb788dc,5466f7e21f97e8da8a6119cad9c4d0e2304d3ac97889b2e5fbbc6e832c79b5ff,e05cebc18c2dab444215fb826377edb0480db72e2bf33ed776afbbc2a1d7f150,10,1,0.0019509999999999998,0.003374117000021215,0.2029999999795109,4.2127338,4.4212219,4.4265536,primary,False
r108,evaluation_14,ordinary,depth_first,response_loss,HumanEval/50,HumanEval/50::355,ordinary-permit-cf5afe40628ceb294900ced2c44747e9,11,fail,aba3acf3fa28814fcbc9f23da5e1d554b49e6e0853953964015305b6aac576bd,75ef4b9750e2339667c501501795abd158a952a2e99ffbade144a6da518c6cf6,5466f7e21f97e8da8a6119cad9c4d0e2304d3ac97889b2e5fbbc6e832c79b5ff,e05cebc18c2dab444215fb826377edb0480db72e2bf33ed776afbbc2a1d7f150,11,1,0.0,0.0033902310000257785,0.21899999998277053,4.4505664,4.6588668,4.6641413,primary,False
r108,evaluation_14,ordinary,depth_first,response_loss,HumanEval/50,HumanEval/50::425,ordinary-permit-0c59d814b72aaaea58de61ed77b314e3,12,fail,ccc4ece33d6680d99ade890a36174427176c32a0cf74036538728ccc38f90482,2ac9efa74bd12d5dd6057361f867f24accb6f8cba0d0f7648a3cc0e5dff1f28b,5466f7e21f97e8da8a6119cad9c4d0e2304d3ac97889b2e5fbbc6e832c79b5ff,e05cebc18c2dab444215fb826377edb0480db72e2bf33ed776afbbc2a1d7f150,12,1,0.0,0.002840180000021064,0.21899999998277053,4.7028317,4.9113621,5.932039,drain,True
r109,evaluation_14,ecrc,round_robin,normal,HumanEval/131,HumanEval/131::102,permit_02a6e9d3066b23d4011fb3d66c95ad14,1,fail,16ed73823074748f5e6cf587c23d00f4caa0f78a14ed7e85e7c89bccfafcc93e,5296b1072384376e3b6a4c5dfce3c98bdd864f48275e065f80c8e3e91282073f,2b532c8d7b408ecf6d296bf286a0da24209404d0ada95976fe0c36371c811e27,e05cebc18c2dab444215fb826377edb0480db72e2bf33ed776afbbc2a1d7f150,1,1,0.0,0.002102316999980758,0.20300000000861473,0.0412343,0.2490165,0.2538198,primary,False
r109,evaluation_14,ecrc,round_robin,normal,HumanEval/30,HumanEval/30::234,permit_7c54f87590ba4653a72d536089262da7,2,pass,43c45512b8d03c7497c213b9f76df37f64da47536a91f1226e5683673def09d4,8c8b6aac934b29e28f545345712e71b07f6f1bb8bbcd604d30ae7e54558cc0c3,d78a9b6734b14542b371812c9ffd5ae96f45cfef09e50dfbef804ccd23209288,e05cebc18c2dab444215fb826377edb0480db72e2bf33ed776afbbc2a1d7f150,2,1,0.0006569999999999999,0.0021251260000099137,0.20300000000861473,0.2899814,0.4997015,0.5048558,primary,False
r109,evaluation_14,ecrc,round_robin,normal,HumanEval/43,HumanEval/43::447,permit_be0871992987cf9a79d4e3c66b71cd6f,3,pass,69da39e9a8383a0825e48556522d0d7c0b7a4edb2b5d870178cbdcebd0c3661d,c501443f5fc30704e035616ce415c364197e1de5750cbcec06ca1451caec77c4,27824ed8f2004af0c66edf293f5db9eb16558b5533574b0f70344b5c3719914c,e05cebc18c2dab444215fb826377edb0480db72e2bf33ed776afbbc2a1d7f150,3,1,0.0,0.0019261830000232294,0.20300000000861473,0.5392833,0.7493864,0.7544724,primary,False
r109,evaluation_14,ecrc,round_robin,normal,HumanEval/156,HumanEval/156::13,permit_cda17ea454066ef0afd3655398479335,4,pass,e84a2e27bd7b3b5aa4925a0b568b3c349aa0be788452f01395dba1b003ebf4d1,c8054d4b931a9558d053041392d1982cb77fc46f83c4f8244b825c81b785a4b3,4dd41d6b05167be606331ae01c0b549421a3b5124fe457ecf17b5e809d3e0b19,e05cebc18c2dab444215fb826377edb0480db72e2bf33ed776afbbc2a1d7f150,4,1,0.0008529999999999999,0.002342026999940572,0.20300000000861473,0.7881807,0.9962587,1.0007758,primary,False
r109,evaluation_14,ecrc,round_robin,normal,HumanEval/29,HumanEval/29::97,permit_2fd4822d1ac98fa5da3fb9a31b51399d,5,pass,be21ea489c20d9e03a2d947d5a59862410b914357163c5d6c727e6c00058aa15,76bf588515d4b1c2534af3da67e21034f36a6382cdd10d6720fdae17d815ebdb,9a8b1ce14654166499b901763884822e6ed09c454f249a165f0c13d8027bed53,e05cebc18c2dab444215fb826377edb0480db72e2bf33ed776afbbc2a1d7f150,5,1,0.001658,0.0022101609999936045,0.20300000000861473,1.0402197,1.2475404,1.2525471,primary,False
r109,evaluation_14,ecrc,round_robin,normal,HumanEval/50,HumanEval/50::274,permit_6398c2d13d0c84f86b73086f975785ee,6,fail,017234172a62230a697fd2cfddcd74401c2827d4204bb05898588525d926407b,82c1802f30d008c36d80aac8d26ede3d7b259eee95ee0e29533ddacf3eb9c819,5466f7e21f97e8da8a6119cad9c4d0e2304d3ac97889b2e5fbbc6e832c79b5ff,e05cebc18c2dab444215fb826377edb0480db72e2bf33ed776afbbc2a1d7f150,6,1,0.00029299999999999997,0.003147922999914954,0.20300000000861473,1.2906757,1.497622,1.5028427,primary,False
r109,evaluation_14,ecrc,round_robin,normal,HumanEval/3,HumanEval/3::451,permit_e3cd3739f321eb4e424f20874e61aa3d,7,pass,0b610f79327458886512691eb5a6b1d57b6b4aad5bda7b4cc9dcc86190d93103,451bcd094ea074d596198577e06d4789fa51365e3514696dde5e887efdd18c33,40b6760bdaa3d5c213303b7021e563f8561c1466d46bfbdf25eee5591a7b9aa8,e05cebc18c2dab444215fb826377edb0480db72e2bf33ed776afbbc2a1d7f150,7,1,0.001709,0.002130825999984154,0.20300000000861473,1.5419407,1.7510873,1.756041,primary,False
r109,evaluation_14,ecrc,round_robin,normal,HumanEval/138,HumanEval/138::200,permit_2f61755bbca206234c85f29616fef8a7,8,fail,cabdffc29fc9bfa9bfbff792dcfeb93436e0b79ce60474e90286ffd4631072cd,aefc25b7f87948850d3c7ba004db860656e20823a81251d516ad3a6a65674693,a07d6bd77a0f8d0c716c727d6c8fabe1324f9fd58f7c04b2f144e2d762f0a717,e05cebc18c2dab444215fb826377edb0480db72e2bf33ed776afbbc2a1d7f150,8,1,0.0,0.0020618260000446753,0.21799999999348074,1.7946364,2.007632,2.0129065,primary,False
r109,evaluation_14,ecrc,round_robin,normal,HumanEval/131,HumanEval/131::283,permit_59d19251cba9ebc60e19dbffb9c0bfad,9,fail,4093469307c7168ef42a72bdb63130e2525698ea25d3e092befdb593f1902683,18b4840351275c30a038509a60473d2df4a4ea7f73cc7d938621cfeccc07fba8,2b532c8d7b408ecf6d296bf286a0da24209404d0ada95976fe0c36371c811e27,e05cebc18c2dab444215fb826377edb0480db72e2bf33ed776afbbc2a1d7f150,9,1,0.000278,0.0021216779999804203,0.21799999999348074,2.0447842,2.258333,2.263461,primary,False
r109,evaluation_14,ecrc,round_robin,normal,HumanEval/50,HumanEval/50::9,permit_d175df1470162221a1d195ecc36cbde2,10,fail,85a75284357df71796954818aebf6402f5d0357cd9b57df594df7dfa3401c0e8,7d933b52acc99aec8eb83818689f5eb922350f5c15b1f35c7732e8214cb788dc,5466f7e21f97e8da8a6119cad9c4d0e2304d3ac97889b2e5fbbc6e832c79b5ff,e05cebc18c2dab444215fb826377edb0480db72e2bf33ed776afbbc2a1d7f150,10,1,0.0,0.0029009950000045137,0.21799999999348074,2.2969112,2.5071209,2.5128076,primary,False
r109,evaluation_14,ecrc,round_robin,normal,HumanEval/138,HumanEval/138::57,permit_b02971f21c891bc93e34d0bc060844ca,11,pass,81948a33f17e5d5fc84547be872dcebbf9cc15d05c361953dcf1f1c2b78266ce,ab4aa8bd8f4e047c2115c773d0510a91b743c333f7f2684eab1c2148e131cb3b,a07d6bd77a0f8d0c716c727d6c8fabe1324f9fd58f7c04b2f144e2d762f0a717,e05cebc18c2dab444215fb826377edb0480db72e2bf33ed776afbbc2a1d7f150,11,1,0.000184,0.0020476880000614983,0.21799999999348074,2.5479918,2.7566322,2.7618959,primary,False
r109,evaluation_14,ecrc,round_robin,normal,HumanEval/131,HumanEval/131::18,permit_d575cb6451693e644ed97054556f10ed,12,fail,eeeb8dca7020b535445b678773f6d9b1d97b53d0b62c8859744848585ffede96,73d4976f86189f5e61c133e90b8efbacd5e34fad00fdc11a97a70be5c052325e,2b532c8d7b408ecf6d296bf286a0da24209404d0ada95976fe0c36371c811e27,e05cebc18c2dab444215fb826377edb0480db72e2bf33ed776afbbc2a1d7f150,12,1,0.000585,0.00204576500004805,0.21799999999348074,2.7960796,3.0044751,3.0094004,primary,False
r109,evaluation_14,ecrc,round_robin,normal,HumanEval/50,HumanEval/50::355,permit_5d600408ccaf89d186f37cb76ee67d3b,13,fail,76338bccfbcdd0fda212445c8ae3a6c71b113105fbe8eb672b131364ec64dbfd,75ef4b9750e2339667c501501795abd158a952a2e99ffbade144a6da518c6cf6,5466f7e21f97e8da8a6119cad9c4d0e2304d3ac97889b2e5fbbc6e832c79b5ff,e05cebc18c2dab444215fb826377edb0480db72e2bf33ed776afbbc2a1d7f150,13,1,0.0,0.0032274980000011055,0.20300000000861473,3.0246038,3.2342772,3.2396963,primary,False
r109,evaluation_14,ecrc,round_robin,normal,HumanEval/131,HumanEval/131::340,permit_a0e0307fbdd0c06df90dab6f36db3239,14,fail,2119514087782f2cf385485f0999a3cd35f2c63e539be2258eac3e3467d85214,97160a338d9786a3a2853d6790f528dcf48b63866db42e6a372a6eda8ca10635,2b532c8d7b408ecf6d296bf286a0da24209404d0ada95976fe0c36371c811e27,e05cebc18c2dab444215fb826377edb0480db72e2bf33ed776afbbc2a1d7f150,14,1,0.001207,0.002089097000066431,0.21900000001187436,3.2803174,3.4880857,3.493139,primary,False
r109,evaluation_14,ecrc,round_robin,normal,HumanEval/50,HumanEval/50::425,permit_4f0c8352afff15bdffd2b0c738dd9be8,15,fail,8dbdae4f82686b4e82761881bddcf7127646bfc8263dd0f2469bd00ed52d8a0f,2ac9efa74bd12d5dd6057361f867f24accb6f8cba0d0f7648a3cc0e5dff1f28b,5466f7e21f97e8da8a6119cad9c4d0e2304d3ac97889b2e5fbbc6e832c79b5ff,e05cebc18c2dab444215fb826377edb0480db72e2bf33ed776afbbc2a1d7f150,15,1,0.0,0.0030193979999921794,0.20300000000861473,3.5097192,3.7187205,3.7233797,primary,False
r110,evaluation_14,ordinary,round_robin,normal,HumanEval/131,HumanEval/131::102,ordinary-permit-e646e2db6c10a98499f2052054e0ccc3,1,fail,4daf4f0dfbd77879aa56da3fac9bb3219a56323448419c5d36a891e3186b44c9,5296b1072384376e3b6a4c5dfce3c98bdd864f48275e065f80c8e3e91282073f,2b532c8d7b408ecf6d296bf286a0da24209404d0ada95976fe0c36371c811e27,e05cebc18c2dab444215fb826377edb0480db72e2bf33ed776afbbc2a1d7f150,1,1,0.001576,0.0021901329999991503,0.20300000000861473,0.0299443,0.2420899,0.2471052,primary,False
r110,evaluation_14,ordinary,round_robin,normal,HumanEval/30,HumanEval/30::234,ordinary-permit-187a7e6b1aa0357a4a111e01dcb28cbb,2,pass,90f5ca47e9cadcfc8a04ea2d66a3cb6ae02051ff16cb41e28270e0b5de7ec02e,8c8b6aac934b29e28f545345712e71b07f6f1bb8bbcd604d30ae7e54558cc0c3,d78a9b6734b14542b371812c9ffd5ae96f45cfef09e50dfbef804ccd23209288,e05cebc18c2dab444215fb826377edb0480db72e2bf33ed776afbbc2a1d7f150,2,1,0.0,0.001999221000005491,0.21900000001187436,0.2622332,0.4720351,0.4774375,primary,False
r110,evaluation_14,ordinary,round_robin,normal,HumanEval/43,HumanEval/43::447,ordinary-permit-d91b5917b24cf362f416eff8a477a4c6,3,pass,693402a2b7af6f244ca296d7ef55bfce017a1de75e9a8f1bc33d6c37f4724cff,c501443f5fc30704e035616ce415c364197e1de5750cbcec06ca1451caec77c4,27824ed8f2004af0c66edf293f5db9eb16558b5533574b0f70344b5c3719914c,e05cebc18c2dab444215fb826377edb0480db72e2bf33ed776afbbc2a1d7f150,3,1,4.9999999999999996e-05,0.0018650130000423815,0.20300000000861473,0.5014668,0.7104333,0.7158048,primary,False
r110,evaluation_14,ordinary,round_robin,normal,HumanEval/156,HumanEval/156::13,ordinary-permit-6c9cf7d58dc0bc01728a4150b0894164,4,pass,9f97785a52191584a9e7cd8b132d108ff730b698534aaeade8e48c5ac55394a3,c8054d4b931a9558d053041392d1982cb77fc46f83c4f8244b825c81b785a4b3,4dd41d6b05167be606331ae01c0b549421a3b5124fe457ecf17b5e809d3e0b19,e05cebc18c2dab444215fb826377edb0480db72e2bf33ed776afbbc2a1d7f150,4,1,0.0,0.0019196160000092277,0.20300000000861473,0.7497465,0.9555047,0.9599418,primary,False
r110,evaluation_14,ordinary,round_robin,normal,HumanEval/29,HumanEval/29::97,ordinary-permit-eca928ea0914c50dfbe89b05e0c18bf1,5,pass,337cf661ec151bb3749be4bd79fd566270865fbc0e04416f78e3cb655ff9e539,76bf588515d4b1c2534af3da67e21034f36a6382cdd10d6720fdae17d815ebdb,9a8b1ce14654166499b901763884822e6ed09c454f249a165f0c13d8027bed53,e05cebc18c2dab444215fb826377edb0480db72e2bf33ed776afbbc2a1d7f150,5,1,0.0007509999999999999,0.0018956460000936204,0.20300000000861473,0.9983361,1.2068022,1.2116029,primary,False
r110,evaluation_14,ordinary,round_robin,normal,HumanEval/50,HumanEval/50::274,ordinary-permit-ea689fc6696ec80fea27ef9ef4458123,6,fail,9cba8c6a3ecb9cebc08de2f707977c8b7fe6f8bb6dc3547b35643f48061141a3,82c1802f30d008c36d80aac8d26ede3d7b259eee95ee0e29533ddacf3eb9c819,5466f7e21f97e8da8a6119cad9c4d0e2304d3ac97889b2e5fbbc6e832c79b5ff,e05cebc18c2dab444215fb826377edb0480db72e2bf33ed776afbbc2a1d7f150,6,1,0.000578,0.003030013000056897,0.20300000000861473,1.2482177,1.4547306,1.4594924,primary,False
r110,evaluation_14,ordinary,round_robin,normal,HumanEval/3,HumanEval/3::451,ordinary-permit-76000826946f6ad17c19836bffec4bfd,7,pass,92dbfb5b828137cbaf1b4abd82cbe26dca7d590782d395d227d29dface347041,451bcd094ea074d596198577e06d4789fa51365e3514696dde5e887efdd18c33,40b6760bdaa3d5c213303b7021e563f8561c1466d46bfbdf25eee5591a7b9aa8,e05cebc18c2dab444215fb826377edb0480db72e2bf33ed776afbbc2a1d7f150,7,1,9.4e-05,0.002266968999947494,0.2029999999795109,1.4841201,1.6909459,1.6960322,primary,False
r110,evaluation_14,ordinary,round_robin,normal,HumanEval/138,HumanEval/138::200,ordinary-permit-259304bead7f02adfb0827c49865e9ff,8,fail,1666af6f4364cf8c797c473d8295979171723d98700fdef02229f4f77f76dced,aefc25b7f87948850d3c7ba004db860656e20823a81251d516ad3a6a65674693,a07d6bd77a0f8d0c716c727d6c8fabe1324f9fd58f7c04b2f144e2d762f0a717,e05cebc18c2dab444215fb826377edb0480db72e2bf33ed776afbbc2a1d7f150,8,1,0.0014939999999999999,0.001974190000055387,0.2029999999795109,1.7349019,1.9447099,1.949591,primary,False
r110,evaluation_14,ordinary,round_robin,normal,HumanEval/131,HumanEval/131::283,ordinary-permit-7ff21acb01568de3c401e33711c1eb86,9,fail,d1d08fe068d72645fab24826cbdb03d52e194ca6db9d55fa66a27092636c47fb,18b4840351275c30a038509a60473d2df4a4ea7f73cc7d938621cfeccc07fba8,2b532c8d7b408ecf6d296bf286a0da24209404d0ada95976fe0c36371c811e27,e05cebc18c2dab444215fb826377edb0480db72e2bf33ed776afbbc2a1d7f150,9,1,0.000158,0.0021085829999947237,0.2029999999795109,1.9848855,2.1899926,2.1950898,primary,False
r110,evaluation_14,ordinary,round_robin,normal,HumanEval/50,HumanEval/50::9,ordinary-permit-3f974adc1adda15177e605ab1251e40d,10,fail,f85e35e07321577217093ee4702c95384a21302420b9c57bb6ab4ec229897475,7d933b52acc99aec8eb83818689f5eb922350f5c15b1f35c7732e8214cb788dc,5466f7e21f97e8da8a6119cad9c4d0e2304d3ac97889b2e5fbbc6e832c79b5ff,e05cebc18c2dab444215fb826377edb0480db72e2bf33ed776afbbc2a1d7f150,10,1,0.0013679999999999999,0.0033374800000274263,0.20300000000861473,2.2182782,2.4316637,2.4374585,primary,False
r110,evaluation_14,ordinary,round_robin,normal,HumanEval/138,HumanEval/138::57,ordinary-permit-fb77b37611a95ce3605c25eded6aaa04,11,pass,83591ecf3390ada8c152e902ff5b98ee44fe8203e66928ee36dfd71d4b909061,ab4aa8bd8f4e047c2115c773d0510a91b743c333f7f2684eab1c2148e131cb3b,a07d6bd77a0f8d0c716c727d6c8fabe1324f9fd58f7c04b2f144e2d762f0a717,e05cebc18c2dab444215fb826377edb0480db72e2bf33ed776afbbc2a1d7f150,11,1,0.0,0.0020251749999715685,0.20300000000861473,2.4726925,2.6804639,2.6855229,primary,False
r110,evaluation_14,ordinary,round_robin,normal,HumanEval/131,HumanEval/131::18,ordinary-permit-54a6659f207ef81cf59321ff7060d8fd,12,fail,5449607324bf60f6535d0cb9ca48deb024eb84ffeb3f6ae7854e57b81652bf29,73d4976f86189f5e61c133e90b8efbacd5e34fad00fdc11a97a70be5c052325e,2b532c8d7b408ecf6d296bf286a0da24209404d0ada95976fe0c36371c811e27,e05cebc18c2dab444215fb826377edb0480db72e2bf33ed776afbbc2a1d7f150,12,1,0.0,0.0017368600000509105,0.20300000000861473,2.7230404,2.932482,2.9369937,primary,False
r110,evaluation_14,ordinary,round_robin,normal,HumanEval/50,HumanEval/50::355,ordinary-permit-cf5afe40628ceb294900ced2c44747e9,13,fail,62abcffc3a7c983268046e161cdf4b3e88155d874cb705b1056d20a87903e126,75ef4b9750e2339667c501501795abd158a952a2e99ffbade144a6da518c6cf6,5466f7e21f97e8da8a6119cad9c4d0e2304d3ac97889b2e5fbbc6e832c79b5ff,e05cebc18c2dab444215fb826377edb0480db72e2bf33ed776afbbc2a1d7f150,13,1,0.0,0.0033295760000555674,0.20300000000861473,2.9716331,3.1799567,3.1844533,primary,False
r110,evaluation_14,ordinary,round_robin,normal,HumanEval/131,HumanEval/131::340,ordinary-permit-93084edfe6614630f4be948521b7c973,14,fail,d7c873d09ed02439f3c0ed44ac193138776dd8aae3302337ed96da3c369da44b,97160a338d9786a3a2853d6790f528dcf48b63866db42e6a372a6eda8ca10635,2b532c8d7b408ecf6d296bf286a0da24209404d0ada95976fe0c36371c811e27,e05cebc18c2dab444215fb826377edb0480db72e2bf33ed776afbbc2a1d7f150,14,1,0.0,0.0022565799999938463,0.20399999999790452,3.2079731,3.4157743,3.4206724,primary,False
r110,evaluation_14,ordinary,round_robin,normal,HumanEval/50,HumanEval/50::425,ordinary-permit-0c59d814b72aaaea58de61ed77b314e3,15,fail,b6b34bc77f461382fa3670b0e272e05ca345147515a9bb0183c338db153d8666,2ac9efa74bd12d5dd6057361f867f24accb6f8cba0d0f7648a3cc0e5dff1f28b,5466f7e21f97e8da8a6119cad9c4d0e2304d3ac97889b2e5fbbc6e832c79b5ff,e05cebc18c2dab444215fb826377edb0480db72e2bf33ed776afbbc2a1d7f150,15,1,0.0021969999999999997,0.002976287000024058,0.20300000000861473,3.4433259,3.6541413,3.6585965,primary,False
r111,evaluation_14,ordinary,depth_first,normal,HumanEval/131,HumanEval/131::102,ordinary-permit-e646e2db6c10a98499f2052054e0ccc3,1,fail,6f7c5b22b78326145fa88a36f7b4c1eed0799483b2b121cbccbcd6965eac11c3,5296b1072384376e3b6a4c5dfce3c98bdd864f48275e065f80c8e3e91282073f,2b532c8d7b408ecf6d296bf286a0da24209404d0ada95976fe0c36371c811e27,e05cebc18c2dab444215fb826377edb0480db72e2bf33ed776afbbc2a1d7f150,1,1,0.001305,0.001849572999958582,0.20300000000861473,0.0343103,0.2429263,0.2476972,primary,False
r111,evaluation_14,ordinary,depth_first,normal,HumanEval/131,HumanEval/131::283,ordinary-permit-7ff21acb01568de3c401e33711c1eb86,2,fail,4dbe09a6361bcb3674349befa5ddaaa1aa8e16a8b4f0a29c3fcf648f46b9507e,18b4840351275c30a038509a60473d2df4a4ea7f73cc7d938621cfeccc07fba8,2b532c8d7b408ecf6d296bf286a0da24209404d0ada95976fe0c36371c811e27,e05cebc18c2dab444215fb826377edb0480db72e2bf33ed776afbbc2a1d7f150,2,1,0.0,0.001963522999972156,0.20399999999790452,0.2609045,0.4700784,0.4754168,primary,False
r111,evaluation_14,ordinary,depth_first,normal,HumanEval/131,HumanEval/131::18,ordinary-permit-54a6659f207ef81cf59321ff7060d8fd,3,fail,a2406673a2300ea298bac676a0c1b31146053cba2614ed319003daa15a4be6a3,73d4976f86189f5e61c133e90b8efbacd5e34fad00fdc11a97a70be5c052325e,2b532c8d7b408ecf6d296bf286a0da24209404d0ada95976fe0c36371c811e27,e05cebc18c2dab444215fb826377edb0480db72e2bf33ed776afbbc2a1d7f150,3,1,0.0,0.0019044709999889164,0.2029999999795109,0.4891907,0.6964259,0.7010927,primary,False
r111,evaluation_14,ordinary,depth_first,normal,HumanEval/131,HumanEval/131::340,ordinary-permit-93084edfe6614630f4be948521b7c973,4,fail,123079b7dcc1e567ed06898787dae95701e2e3a5c06fed334b60948f8cccd625,97160a338d9786a3a2853d6790f528dcf48b63866db42e6a372a6eda8ca10635,2b532c8d7b408ecf6d296bf286a0da24209404d0ada95976fe0c36371c811e27,e05cebc18c2dab444215fb826377edb0480db72e2bf33ed776afbbc2a1d7f150,4,1,0.0,0.0018837370000710507,0.21899999998277053,0.7369785,0.9482432,0.9533052,primary,False
r111,evaluation_14,ordinary,depth_first,normal,HumanEval/30,HumanEval/30::234,ordinary-permit-187a7e6b1aa0357a4a111e01dcb28cbb,5,pass,3acf3e5e7736382d084bf15385bb70f2ab6bc2b4312ae74c38c76a45048d9204,8c8b6aac934b29e28f545345712e71b07f6f1bb8bbcd604d30ae7e54558cc0c3,d78a9b6734b14542b371812c9ffd5ae96f45cfef09e50dfbef804ccd23209288,e05cebc18c2dab444215fb826377edb0480db72e2bf33ed776afbbc2a1d7f150,5,1,0.0,0.0020865319999074927,0.21899999998277053,0.988054,1.1985872,1.2036303,primary,False
r111,evaluation_14,ordinary,depth_first,normal,HumanEval/43,HumanEval/43::447,ordinary-permit-d91b5917b24cf362f416eff8a477a4c6,6,pass,9fe7c2c13fa11f239fcce77d11ae78b02084fe06157a96f46bfeb973426ef3e8,c501443f5fc30704e035616ce415c364197e1de5750cbcec06ca1451caec77c4,27824ed8f2004af0c66edf293f5db9eb16558b5533574b0f70344b5c3719914c,e05cebc18c2dab444215fb826377edb0480db72e2bf33ed776afbbc2a1d7f150,6,1,0.0,0.002194349999967926,0.2029999999795109,1.2365491,1.4441262,1.449447,primary,False
r111,evaluation_14,ordinary,depth_first,normal,HumanEval/156,HumanEval/156::13,ordinary-permit-6c9cf7d58dc0bc01728a4150b0894164,7,pass,dc15e58a27c7f1fbd7d6d9e1e53af339ac0e14601b524ee3a4bcdc56a4946093,c8054d4b931a9558d053041392d1982cb77fc46f83c4f8244b825c81b785a4b3,4dd41d6b05167be606331ae01c0b549421a3b5124fe457ecf17b5e809d3e0b19,e05cebc18c2dab444215fb826377edb0480db72e2bf33ed776afbbc2a1d7f150,7,1,0.0016519999999999998,0.0020179419999521997,0.2029999999795109,1.4878284,1.694465,1.6995422,primary,False
r111,evaluation_14,ordinary,depth_first,normal,HumanEval/29,HumanEval/29::97,ordinary-permit-eca928ea0914c50dfbe89b05e0c18bf1,8,pass,cf7eca5d910f1cfd29e8c9ebfe6751b9dfc859a59dde867ae42f61cc5cc27112,76bf588515d4b1c2534af3da67e21034f36a6382cdd10d6720fdae17d815ebdb,9a8b1ce14654166499b901763884822e6ed09c454f249a165f0c13d8027bed53,e05cebc18c2dab444215fb826377edb0480db72e2bf33ed776afbbc2a1d7f150,8,1,0.0,0.002178456000024198,0.2029999999795109,1.7383888,1.9440867,1.9487757,primary,False
r111,evaluation_14,ordinary,depth_first,normal,HumanEval/50,HumanEval/50::274,ordinary-permit-ea689fc6696ec80fea27ef9ef4458123,9,fail,4cf47aa96963a353eca775a4535538fe99eb96e30f66bd342daa642c64d3cb27,82c1802f30d008c36d80aac8d26ede3d7b259eee95ee0e29533ddacf3eb9c819,5466f7e21f97e8da8a6119cad9c4d0e2304d3ac97889b2e5fbbc6e832c79b5ff,e05cebc18c2dab444215fb826377edb0480db72e2bf33ed776afbbc2a1d7f150,9,1,0.0017729999999999998,0.003409391999980471,0.2029999999795109,1.9877514,2.1949213,2.1999476,primary,False
r111,evaluation_14,ordinary,depth_first,normal,HumanEval/50,HumanEval/50::9,ordinary-permit-3f974adc1adda15177e605ab1251e40d,10,fail,3077feeef876108ae41b2201628892da9306345a216e97c3929f7d6e1f57e8bd,7d933b52acc99aec8eb83818689f5eb922350f5c15b1f35c7732e8214cb788dc,5466f7e21f97e8da8a6119cad9c4d0e2304d3ac97889b2e5fbbc6e832c79b5ff,e05cebc18c2dab444215fb826377edb0480db72e2bf33ed776afbbc2a1d7f150,10,1,0.001112,0.002858364000076108,0.21899999998277053,2.2376966,2.4465597,2.4513878,primary,False
r111,evaluation_14,ordinary,depth_first,normal,HumanEval/50,HumanEval/50::355,ordinary-permit-cf5afe40628ceb294900ced2c44747e9,11,fail,65fc279bf8ed2eba3a1ec992d73902a8617f1ef64588bb0e04dc9bd4ca5b7fe5,75ef4b9750e2339667c501501795abd158a952a2e99ffbade144a6da518c6cf6,5466f7e21f97e8da8a6119cad9c4d0e2304d3ac97889b2e5fbbc6e832c79b5ff,e05cebc18c2dab444215fb826377edb0480db72e2bf33ed776afbbc2a1d7f150,11,1,0.002613,0.0031591389999903186,0.21899999998277053,2.4890838,2.6991275,2.7046962,primary,False
r111,evaluation_14,ordinary,depth_first,normal,HumanEval/50,HumanEval/50::425,ordinary-permit-0c59d814b72aaaea58de61ed77b314e3,12,fail,9d2d813cbb6134cf1f026a76faf681eaa35dc4d19c91c97c199feaa8738da01e,2ac9efa74bd12d5dd6057361f867f24accb6f8cba0d0f7648a3cc0e5dff1f28b,5466f7e21f97e8da8a6119cad9c4d0e2304d3ac97889b2e5fbbc6e832c79b5ff,e05cebc18c2dab444215fb826377edb0480db72e2bf33ed776afbbc2a1d7f150,12,1,0.0019149999999999998,0.0028986170000280254,0.21899999998277053,2.7377305,2.9472295,2.9529625,primary,False
r111,evaluation_14,ordinary,depth_first,normal,HumanEval/3,HumanEval/3::451,ordinary-permit-76000826946f6ad17c19836bffec4bfd,13,pass,63309a0c8b6f174f8c26f34dfdb05d272ea4c609c30c15e395bf5ba110f5d07d,451bcd094ea074d596198577e06d4789fa51365e3514696dde5e887efdd18c33,40b6760bdaa3d5c213303b7021e563f8561c1466d46bfbdf25eee5591a7b9aa8,e05cebc18c2dab444215fb826377edb0480db72e2bf33ed776afbbc2a1d7f150,13,1,0.0,0.0024199839999710093,0.21899999998277053,2.99058,3.2060409,3.2114608,primary,False
r111,evaluation_14,ordinary,depth_first,normal,HumanEval/138,HumanEval/138::200,ordinary-permit-259304bead7f02adfb0827c49865e9ff,14,fail,dd1308b23249b735170e1d7a9ef0a4afb9f7fc414e16fb5c7a9c9b897894b214,aefc25b7f87948850d3c7ba004db860656e20823a81251d516ad3a6a65674693,a07d6bd77a0f8d0c716c727d6c8fabe1324f9fd58f7c04b2f144e2d762f0a717,e05cebc18c2dab444215fb826377edb0480db72e2bf33ed776afbbc2a1d7f150,14,1,0.0,0.0019452340000043478,0.21899999998277053,3.2386097,3.4537563,3.4589256,primary,False
r111,evaluation_14,ordinary,depth_first,normal,HumanEval/138,HumanEval/138::57,ordinary-permit-fb77b37611a95ce3605c25eded6aaa04,15,pass,151d06be7ae01f9cef348f1ac2c38f9cce9f18e4080c91b234c47e7fe90c9a34,ab4aa8bd8f4e047c2115c773d0510a91b743c333f7f2684eab1c2148e131cb3b,a07d6bd77a0f8d0c716c727d6c8fabe1324f9fd58f7c04b2f144e2d762f0a717,e05cebc18c2dab444215fb826377edb0480db72e2bf33ed776afbbc2a1d7f150,15,1,0.000758,0.002195177999965381,0.21799999999348074,3.4731191,3.6834102,3.6878111,primary,False
r112,evaluation_14,ecrc,depth_first,normal,HumanEval/131,HumanEval/131::102,permit_02a6e9d3066b23d4011fb3d66c95ad14,1,fail,0f5c476aaafcd027868bfaaa82600baa5f7e6426778256308cdbb1da7a593cbd,5296b1072384376e3b6a4c5dfce3c98bdd864f48275e065f80c8e3e91282073f,2b532c8d7b408ecf6d296bf286a0da24209404d0ada95976fe0c36371c811e27,e05cebc18c2dab444215fb826377edb0480db72e2bf33ed776afbbc2a1d7f150,1,1,0.0,0.0020288690000143106,0.20399999999790452,0.0365642,0.245475,0.2509142,primary,False
r112,evaluation_14,ecrc,depth_first,normal,HumanEval/131,HumanEval/131::283,permit_59d19251cba9ebc60e19dbffb9c0bfad,2,fail,20923af9c80695295f20a9da4b8a6421977bb64ad310fc7acc016ce285054cb3,18b4840351275c30a038509a60473d2df4a4ea7f73cc7d938621cfeccc07fba8,2b532c8d7b408ecf6d296bf286a0da24209404d0ada95976fe0c36371c811e27,e05cebc18c2dab444215fb826377edb0480db72e2bf33ed776afbbc2a1d7f150,2,1,0.0,0.0019152869999743416,0.20300000000861473,0.2662283,0.4746951,0.4802748,primary,False
r112,evaluation_14,ecrc,depth_first,normal,HumanEval/131,HumanEval/131::18,permit_d575cb6451693e644ed97054556f10ed,3,fail,f5bab2258adf69045f88aa211c1a838a12414bffe7d2470cabc45e2c77054d64,73d4976f86189f5e61c133e90b8efbacd5e34fad00fdc11a97a70be5c052325e,2b532c8d7b408ecf6d296bf286a0da24209404d0ada95976fe0c36371c811e27,e05cebc18c2dab444215fb826377edb0480db72e2bf33ed776afbbc2a1d7f150,3,1,0.0,0.002071633000014117,0.20300000000861473,0.5189284,0.7292042,0.7343604,primary,False
r112,evaluation_14,ecrc,depth_first,normal,HumanEval/131,HumanEval/131::340,permit_a0e0307fbdd0c06df90dab6f36db3239,4,fail,6575da29347f6cef9b3c8a66bd4b94eb04f96bebb2b13a25881005f550a83d9f,97160a338d9786a3a2853d6790f528dcf48b63866db42e6a372a6eda8ca10635,2b532c8d7b408ecf6d296bf286a0da24209404d0ada95976fe0c36371c811e27,e05cebc18c2dab444215fb826377edb0480db72e2bf33ed776afbbc2a1d7f150,4,1,0.0,0.0018287080000618516,0.20300000000861473,0.7692074,0.9764378,0.9815302,primary,False
r112,evaluation_14,ecrc,depth_first,normal,HumanEval/30,HumanEval/30::234,permit_7c54f87590ba4653a72d536089262da7,5,pass,760f48df08d5e342367c0c23c3945800e0d257f5d48626b01f97fae67602f353,8c8b6aac934b29e28f545345712e71b07f6f1bb8bbcd604d30ae7e54558cc0c3,d78a9b6734b14542b371812c9ffd5ae96f45cfef09e50dfbef804ccd23209288,e05cebc18c2dab444215fb826377edb0480db72e2bf33ed776afbbc2a1d7f150,5,1,0.0,0.001777091000008113,0.2029999999795109,0.9981586,1.2034007,1.2083863,primary,False
r112,evaluation_14,ecrc,depth_first,normal,HumanEval/43,HumanEval/43::447,permit_be0871992987cf9a79d4e3c66b71cd6f,6,pass,be0857c6d4d57fcc6fcd0935e336a61d3b07b1749279845ea66b72fccf37aa00,c501443f5fc30704e035616ce415c364197e1de5750cbcec06ca1451caec77c4,27824ed8f2004af0c66edf293f5db9eb16558b5533574b0f70344b5c3719914c,e05cebc18c2dab444215fb826377edb0480db72e2bf33ed776afbbc2a1d7f150,6,1,0.0,0.0023641389999511375,0.21799999999348074,1.2403255,1.4532118,1.4587561,primary,False
r112,evaluation_14,ecrc,depth_first,normal,HumanEval/156,HumanEval/156::13,permit_cda17ea454066ef0afd3655398479335,7,pass,061d6d5f10ed77ac6663875d8f42668337f76a0ac379b62d167ea01fd128fcc3,c8054d4b931a9558d053041392d1982cb77fc46f83c4f8244b825c81b785a4b3,4dd41d6b05167be606331ae01c0b549421a3b5124fe457ecf17b5e809d3e0b19,e05cebc18c2dab444215fb826377edb0480db72e2bf33ed776afbbc2a1d7f150,7,1,0.0,0.0021186730000408716,0.20300000000861473,1.4780091,1.6850803,1.6898644,primary,False
r112,evaluation_14,ecrc,depth_first,normal,HumanEval/29,HumanEval/29::97,permit_2fd4822d1ac98fa5da3fb9a31b51399d,8,pass,c067daa40efe1a803868be8ac43c98061bf8548257549c823119cc36db689221,76bf588515d4b1c2534af3da67e21034f36a6382cdd10d6720fdae17d815ebdb,9a8b1ce14654166499b901763884822e6ed09c454f249a165f0c13d8027bed53,e05cebc18c2dab444215fb826377edb0480db72e2bf33ed776afbbc2a1d7f150,8,1,0.0,0.001831430000038381,0.21900000001187436,1.7282348,1.9368055,1.9422819,primary,False
r112,evaluation_14,ecrc,depth_first,normal,HumanEval/50,HumanEval/50::274,permit_6398c2d13d0c84f86b73086f975785ee,9,fail,49959ce1817a9a2e7583b9bb54b341d981ab9aad5f232b9802b2641bc7211d6a,82c1802f30d008c36d80aac8d26ede3d7b259eee95ee0e29533ddacf3eb9c819,5466f7e21f97e8da8a6119cad9c4d0e2304d3ac97889b2e5fbbc6e832c79b5ff,e05cebc18c2dab444215fb826377edb0480db72e2bf33ed776afbbc2a1d7f150,9,1,0.0,0.0031541939999897295,0.21900000001187436,1.978963,2.1900984,2.1952641,primary,False
r112,evaluation_14,ecrc,depth_first,normal,HumanEval/50,HumanEval/50::9,permit_d175df1470162221a1d195ecc36cbde2,10,fail,593658db294e99f9c05998a959a8ff3d4b30fdc46e5326b44db84e0db510c21a,7d933b52acc99aec8eb83818689f5eb922350f5c15b1f35c7732e8214cb788dc,5466f7e21f97e8da8a6119cad9c4d0e2304d3ac97889b2e5fbbc6e832c79b5ff,e05cebc18c2dab444215fb826377edb0480db72e2bf33ed776afbbc2a1d7f150,10,1,0.0,0.00311560600005123,0.20300000000861473,2.2305137,2.4382895,2.4429044,primary,False
r112,evaluation_14,ecrc,depth_first,normal,HumanEval/50,HumanEval/50::355,permit_5d600408ccaf89d186f37cb76ee67d3b,11,fail,f308027fcc26bb2db4f9777891ba58a8731ed5ad984d261516003a4d0f9cbba8,75ef4b9750e2339667c501501795abd158a952a2e99ffbade144a6da518c6cf6,5466f7e21f97e8da8a6119cad9c4d0e2304d3ac97889b2e5fbbc6e832c79b5ff,e05cebc18c2dab444215fb826377edb0480db72e2bf33ed776afbbc2a1d7f150,11,1,0.0,0.0030529189999697337,0.20300000000861473,2.4811155,2.6913951,2.6971274,primary,False
r112,evaluation_14,ecrc,depth_first,normal,HumanEval/50,HumanEval/50::425,permit_4f0c8352afff15bdffd2b0c738dd9be8,12,fail,80ab2b15cc11cb3d4b7a88ef881bab0857ae98dfda4ae2ee40cebab520ffb507,2ac9efa74bd12d5dd6057361f867f24accb6f8cba0d0f7648a3cc0e5dff1f28b,5466f7e21f97e8da8a6119cad9c4d0e2304d3ac97889b2e5fbbc6e832c79b5ff,e05cebc18c2dab444215fb826377edb0480db72e2bf33ed776afbbc2a1d7f150,12,1,0.0,0.003143340000065109,0.20300000000861473,2.7311915,2.939422,2.945445,primary,False
r112,evaluation_14,ecrc,depth_first,normal,HumanEval/3,HumanEval/3::451,permit_e3cd3739f321eb4e424f20874e61aa3d,13,pass,d8424e516f4931e2f314257eedb79ec2b4254e6d9b6770902743b8840d686c88,451bcd094ea074d596198577e06d4789fa51365e3514696dde5e887efdd18c33,40b6760bdaa3d5c213303b7021e563f8561c1466d46bfbdf25eee5591a7b9aa8,e05cebc18c2dab444215fb826377edb0480db72e2bf33ed776afbbc2a1d7f150,13,1,0.000873,0.0019323239999948782,0.20300000000861473,2.9832572,3.1907327,3.1955445,primary,False
r112,evaluation_14,ecrc,depth_first,normal,HumanEval/138,HumanEval/138::200,permit_2f61755bbca206234c85f29616fef8a7,14,fail,d2c42fcef43e7d9f1c110550cf384fc391a89791a4255471aa2def0b0a4dc46c,aefc25b7f87948850d3c7ba004db860656e20823a81251d516ad3a6a65674693,a07d6bd77a0f8d0c716c727d6c8fabe1324f9fd58f7c04b2f144e2d762f0a717,e05cebc18c2dab444215fb826377edb0480db72e2bf33ed776afbbc2a1d7f150,14,1,0.0,0.0018641060000845755,0.20300000000861473,3.2330374,3.4371898,3.442387,primary,False
r112,evaluation_14,ecrc,depth_first,normal,HumanEval/138,HumanEval/138::57,permit_b02971f21c891bc93e34d0bc060844ca,15,pass,e45cf9b7235545b88eb870014b61ef9911a48f76e975741766ced45fb624e74d,ab4aa8bd8f4e047c2115c773d0510a91b743c333f7f2684eab1c2148e131cb3b,a07d6bd77a0f8d0c716c727d6c8fabe1324f9fd58f7c04b2f144e2d762f0a717,e05cebc18c2dab444215fb826377edb0480db72e2bf33ed776afbbc2a1d7f150,15,1,0.0,0.001977495000005547,0.20300000000861473,3.4683032,3.6819934,3.6878571,primary,False
r113,evaluation_15,ecrc,depth_first,normal,HumanEval/66,HumanEval/66::68,permit_ab39c278885dbac3f010bfefe5d4ff8c,1,pass,de477d55ede9c485057a012fe0409507ab0f3b8b87e1110fb967edbdda98fd70,cea7a94ce575636df94bb080d92116603325847a4fdab1318697410092135ba9,b4070be2953c9340eed279afea505fc164fcb3d050889fc9d712e8caa60ac39c,e05cebc18c2dab444215fb826377edb0480db72e2bf33ed776afbbc2a1d7f150,1,1,0.0007549999999999999,0.0019587229999160627,0.20300000000861473,0.0358273,0.2453255,0.250025,primary,False
r113,evaluation_15,ecrc,depth_first,normal,HumanEval/7,HumanEval/7::114,permit_c3da3f5081305b23344a03a841040f3c,2,pass,5673656c43562c598c8c00611478e160ae697ab98140756970d5846d951395d4,9448404955150d7a49103de0f80203e046b12f24af8e05347f01cefcd31d056d,151e83d8e61801a06d5b4c6813497111954a8e53235d8c484027bfefd057f751,e05cebc18c2dab444215fb826377edb0480db72e2bf33ed776afbbc2a1d7f150,2,1,0.0,0.00199580599996807,0.20300000000861473,0.2882531,0.4983094,0.5039269,primary,False
r113,evaluation_15,ecrc,depth_first,normal,HumanEval/2,HumanEval/2::464,permit_5327f4d2f34112de18d29a0c4f06accc,3,pass,0b58e87017b880f39fdafd6c209ec2b2e9ecce7db3f84776e50f5c5efdbb0b80,5ff0753cf6f8c874ffb722d69f98d2dbd1a4ca482761d0a622a6e548761f3f04,6a39b8fb5ea92472f27a2b8b305abe517547f20a3cd824f4de73fb7e0f4b7934,e05cebc18c2dab444215fb826377edb0480db72e2bf33ed776afbbc2a1d7f150,3,1,0.0,0.0018137260000230526,0.20300000000861473,0.5380419,0.7455439,0.750438,primary,False
r113,evaluation_15,ecrc,depth_first,normal,HumanEval/152,HumanEval/152::38,permit_766cac81e9878c9e73a91c4ad81d6c3c,4,pass,40e24da4ac440ef7df33df49df84294af3d5421a70ebf0c4e98553a7cde29e59,318b66f5f6fdf4f3696d065da5a0f101937ad40c6bbca683caae1ee2c61df21b,b55ad71f470f8dbc3ff9d88063f0c9323ceb9037e20ea7cc852eb40bcd82b6b8,e05cebc18c2dab444215fb826377edb0480db72e2bf33ed776afbbc2a1d7f150,4,1,0.0,0.002137693000008767,0.20300000000861473,0.787757,0.9966902,1.0020385,primary,False
r113,evaluation_15,ecrc,depth_first,normal,HumanEval/10,HumanEval/10::41,permit_d65989c3d762250af97c191282d25f60,5,fail,4559921e3c9c7a3f23475a954d42ef5d854be778493a1934fec237b64c6d1aa3,ef9ea2b7a8fa27c48ff968464acc560c9ad9f63f387f4425eef45020dc85b0fb,8ed1f1e7d98af11f081c8721fff6c8761721bca17312125ad76e6f2aec77198a,e05cebc18c2dab444215fb826377edb0480db72e2bf33ed776afbbc2a1d7f150,5,1,0.0,0.0018069829999376452,0.20300000000861473,1.0388074,1.2470964,1.2521604,primary,False
r113,evaluation_15,ecrc,depth_first,normal,HumanEval/10,HumanEval/10::258,permit_7a6d44f8338fd464e919a10e1dfa3f07,6,fail,68fbd93e289ab8ec5fb0f67ed661679a3dccf791cd0332eb3533c06b99d91a92,0d6a909afb657ed5a6ae556d9cd9ad26d2804647dd8a1744815cd27670ed9ece,8ed1f1e7d98af11f081c8721fff6c8761721bca17312125ad76e6f2aec77198a,e05cebc18c2dab444215fb826377edb0480db72e2bf33ed776afbbc2a1d7f150,6,1,1.501112,1.503447938000022,1.7030000000086147,1.2876197,3.0006958,3.0054471,primary,False
r113,evaluation_15,ecrc,depth_first,normal,HumanEval/10,HumanEval/10::146,permit_b32eaee836d3994418a027d46ab4d1b0,7,fail,80dda425f7aba423a222bbb620284b63e132beb74f77fc9877ac2308835a8f81,26d35d069047690fbee0dcfdbde74e6a3450f512adaaf3214c13ad28df3c3df0,8ed1f1e7d98af11f081c8721fff6c8761721bca17312125ad76e6f2aec77198a,e05cebc18c2dab444215fb826377edb0480db72e2bf33ed776afbbc2a1d7f150,7,1,0.000628,0.0021235319999277635,0.20300000000861473,3.0416577,3.2491055,3.2537454,primary,False
r113,evaluation_15,ecrc,depth_first,normal,HumanEval/10,HumanEval/10::259,permit_5da61601aa57a4cb7622c13216b51dc0,8,fail,54e2cdd0249420d7b4c5fe462241637903b712be1eb3cb6bdf658455df1d12d0,3b31e1ad74ec9f04c634bf5f6a6883abbcb96134c8f216097b1cc5eb85733883,8ed1f1e7d98af11f081c8721fff6c8761721bca17312125ad76e6f2aec77198a,e05cebc18c2dab444215fb826377edb0480db72e2bf33ed776afbbc2a1d7f150,8,1,0.0,0.0020169299999679424,0.20300000000861473,3.2910724,3.4993724,3.5045591,primary,False
r113,evaluation_15,ecrc,depth_first,normal,HumanEval/139,HumanEval/139::50,permit_50deb35f620d187c2b9b43d936dcb2ac,9,pass,8c070623858fac207adccf195fb16fa1470b6a4a67296d37998e3f3ece4e41b7,eae3b029382112e1397398e292aca2a12a04533629ac62ff13404b7c31f97363,62bc9d1047eb5858d8845c70d2b1a83e333ff27d956113a27880f004742861fb,e05cebc18c2dab444215fb826377edb0480db72e2bf33ed776afbbc2a1d7f150,9,1,0.0,0.0022244330000376067,0.20300000000861473,3.540866,3.7470177,3.7520797,primary,False
r113,evaluation_15,ecrc,depth_first,normal,HumanEval/90,HumanEval/90::203,permit_d8917bc518f3bafb0d4e2e17e538caa2,10,pass,e4a78b888fd38f3517a5b39700c08bace448dfda086b640607d90d7777c5dd7c,d65ca83b4ed4954a0ba36b576075b7abeae18f22278e560d305fd67b559ac27a,73fc10fa016bbc8b6c50589c13ad3cf144d7f31cb5abd484b2354c972b62228b,e05cebc18c2dab444215fb826377edb0480db72e2bf33ed776afbbc2a1d7f150,10,1,0.001346,0.0020969320000858716,0.20300000000861473,3.7910393,4.0013137,4.0062255,primary,False
r113,evaluation_15,ecrc,depth_first,normal,HumanEval/88,HumanEval/88::0,permit_cae4c01e313c5dd5f76474865379e081,11,fail,6ba4e875589374f54f928fdd81c71ef992d16aed3cfbebe067604b34c3254bc5,517cebe5ede91adf65320c0bf8c174d141da9c5c57e5baa533c65d119f5087c9,93f1fd720c6d153bbcab3aab67d4b10f4bd62bd3deb88f1fe09e54f74df3f1a5,e05cebc18c2dab444215fb826377edb0480db72e2bf33ed776afbbc2a1d7f150,11,1,0.0,0.0020011399999475543,0.20300000000861473,4.0408354,4.2523857,4.257738,primary,False
r113,evaluation_15,ecrc,depth_first,normal,HumanEval/88,HumanEval/88::315,permit_e202901dc5619f9cb65008c93c622b92,12,pass,89a025b7928e698e277926253456dc9b42f4633a85944628982daed5ad9282f4,13e4fa37bbd751e888537b365bb3a0b5c4c2e7b5abc8c2d6c8972724957e527f,93f1fd720c6d153bbcab3aab67d4b10f4bd62bd3deb88f1fe09e54f74df3f1a5,e05cebc18c2dab444215fb826377edb0480db72e2bf33ed776afbbc2a1d7f150,12,1,0.0,0.001963748999969539,0.20300000000861473,4.2920157,4.5021557,4.5075371,primary,False
r114,evaluation_15,ordinary,depth_first,normal,HumanEval/66,HumanEval/66::68,ordinary-permit-227b6c68c5f1d14834495e9a520c0700,1,pass,22e4859d255f9f8dc59caff85b0d0d4feffde2180aa90e79e6e612d4437ea4dc,cea7a94ce575636df94bb080d92116603325847a4fdab1318697410092135ba9,b4070be2953c9340eed279afea505fc164fcb3d050889fc9d712e8caa60ac39c,e05cebc18c2dab444215fb826377edb0480db72e2bf33ed776afbbc2a1d7f150,1,1,0.0,0.0018792899999198198,0.21900000001187436,0.0160415,0.2246941,0.2297014,primary,False
r114,evaluation_15,ordinary,depth_first,normal,HumanEval/7,HumanEval/7::114,ordinary-permit-7ac7f8cd1add80b8da4a42d723f3fc22,2,pass,f6f1a29d4104213ceeb0713dd4a96fbfce6fdd0dc07358605e8aab43aacabcb7,9448404955150d7a49103de0f80203e046b12f24af8e05347f01cefcd31d056d,151e83d8e61801a06d5b4c6813497111954a8e53235d8c484027bfefd057f751,e05cebc18c2dab444215fb826377edb0480db72e2bf33ed776afbbc2a1d7f150,2,1,0.0,0.002328660999978638,0.21900000001187436,0.2650621,0.4730834,0.4777584,primary,False
r114,evaluation_15,ordinary,depth_first,normal,HumanEval/2,HumanEval/2::464,ordinary-permit-217125fcc7c4be9566f0bc17239fe62b,3,pass,4c10f738d03d40ce9aed64be171830b6a87c70a1641109225c0a7d2c9d421ed5,5ff0753cf6f8c874ffb722d69f98d2dbd1a4ca482761d0a622a6e548761f3f04,6a39b8fb5ea92472f27a2b8b305abe517547f20a3cd824f4de73fb7e0f4b7934,e05cebc18c2dab444215fb826377edb0480db72e2bf33ed776afbbc2a1d7f150,3,1,0.001091,0.001971063000041795,0.20399999999790452,0.5019551,0.7101177,0.7142567,primary,False
r114,evaluation_15,ordinary,depth_first,normal,HumanEval/152,HumanEval/152::38,ordinary-permit-87914fcf3ef90f43939b306c848e9dc0,4,pass,caf3e7279a0614d4ac64d4eb6e1c997a251dc90c7343cf58c068fc27f28e5ad9,318b66f5f6fdf4f3696d065da5a0f101937ad40c6bbca683caae1ee2c61df21b,b55ad71f470f8dbc3ff9d88063f0c9323ceb9037e20ea7cc852eb40bcd82b6b8,e05cebc18c2dab444215fb826377edb0480db72e2bf33ed776afbbc2a1d7f150,4,1,0.00086,0.0022251790001064364,0.20399999999790452,0.7517624,0.9576836,0.9621417,primary,False
r114,evaluation_15,ordinary,depth_first,normal,HumanEval/10,HumanEval/10::41,ordinary-permit-8f8a66a396c73668b83572b6b75641a8,5,fail,fff332a11a9304ba5d1af3708eecfda6ddfe7f082c88c646c1cfdf3a49cc32c1,ef9ea2b7a8fa27c48ff968464acc560c9ad9f63f387f4425eef45020dc85b0fb,8ed1f1e7d98af11f081c8721fff6c8761721bca17312125ad76e6f2aec77198a,e05cebc18c2dab444215fb826377edb0480db72e2bf33ed776afbbc2a1d7f150,5,1,0.0,0.002031085999988136,0.21900000001187436,0.9998232,1.2070192,1.2117075,primary,False
r114,evaluation_15,ordinary,depth_first,normal,HumanEval/10,HumanEval/10::258,ordinary-permit-822f3d1627bac86a478c95ea71e2cdf4,6,fail,69e61020ddb3ec674ac601b7e3ad1d87ba8703a3b3db771933d9f46653d025a1,0d6a909afb657ed5a6ae556d9cd9ad26d2804647dd8a1744815cd27670ed9ece,8ed1f1e7d98af11f081c8721fff6c8761721bca17312125ad76e6f2aec77198a,e05cebc18c2dab444215fb826377edb0480db72e2bf33ed776afbbc2a1d7f150,6,1,1.501109,1.5047911200000499,1.7190000000118744,1.2504692,2.9628957,2.9676835,primary,False
r114,evaluation_15,ordinary,depth_first,normal,HumanEval/10,HumanEval/10::146,ordinary-permit-727ab54a5a24509fe4a3ecb65246625e,7,fail,3c4fd24efddd8cc509b785c2df4bbbaf921fabcd0cbde63828c193c85142612e,26d35d069047690fbee0dcfdbde74e6a3450f512adaaf3214c13ad28df3c3df0,8ed1f1e7d98af11f081c8721fff6c8761721bca17312125ad76e6f2aec77198a,e05cebc18c2dab444215fb826377edb0480db72e2bf33ed776afbbc2a1d7f150,7,1,0.001298,0.0019156240000484104,0.20300000000861473,2.9922431,3.2012728,3.2055979,primary,False
r114,evaluation_15,ordinary,depth_first,normal,HumanEval/10,HumanEval/10::259,ordinary-permit-dcdb09b1f62760531ad6f42e1ba15e0a,8,fail,88dbfa075803324cc951cbb1b343db3be5e705679105cb255e1d9592533457b2,3b31e1ad74ec9f04c634bf5f6a6883abbcb96134c8f216097b1cc5eb85733883,8ed1f1e7d98af11f081c8721fff6c8761721bca17312125ad76e6f2aec77198a,e05cebc18c2dab444215fb826377edb0480db72e2bf33ed776afbbc2a1d7f150,8,1,0.0016749999999999998,0.002167325000073106,0.21900000001187436,3.2427036,3.4627488,3.4679791,primary,False
r114,evaluation_15,ordinary,depth_first,normal,HumanEval/139,HumanEval/139::50,ordinary-permit-a5d7e7a032bbd586b52f5f2227526efb,9,pass,061e78d610e39667ff79a62aaa91d904631f6b269778753b42505566c4486cd4,eae3b029382112e1397398e292aca2a12a04533629ac62ff13404b7c31f97363,62bc9d1047eb5858d8845c70d2b1a83e333ff27d956113a27880f004742861fb,e05cebc18c2dab444215fb826377edb0480db72e2bf33ed776afbbc2a1d7f150,9,1,0.0,0.0020353950000071563,0.20300000000861473,3.4925804,3.7007709,3.7050799,primary,False
r114,evaluation_15,ordinary,depth_first,normal,HumanEval/90,HumanEval/90::203,ordinary-permit-1861cf135283f3c42034f42fb57c79ad,10,pass,630cae4cf6aff66be3853ad4d9af3a9aa27758e70e34e3d0a57a9c8971b10988,d65ca83b4ed4954a0ba36b576075b7abeae18f22278e560d305fd67b559ac27a,73fc10fa016bbc8b6c50589c13ad3cf144d7f31cb5abd484b2354c972b62228b,e05cebc18c2dab444215fb826377edb0480db72e2bf33ed776afbbc2a1d7f150,10,1,0.0,0.0018594019999227385,0.21799999999348074,3.7195013,3.9302341,3.9359775,primary,False
r114,evaluation_15,ordinary,depth_first,normal,HumanEval/88,HumanEval/88::0,ordinary-permit-012f8ecdd9d5e1c96fda5f21323eed74,11,fail,ec1aa3cdd5bdd9aa55eb70e741e263cc8fd170985e47f1073210f4ddba252950,517cebe5ede91adf65320c0bf8c174d141da9c5c57e5baa533c65d119f5087c9,93f1fd720c6d153bbcab3aab67d4b10f4bd62bd3deb88f1fe09e54f74df3f1a5,e05cebc18c2dab444215fb826377edb0480db72e2bf33ed776afbbc2a1d7f150,11,1,0.0,0.002252044999977443,0.21900000001187436,3.9516514,4.1598169,4.1651618,primary,False
r114,evaluation_15,ordinary,depth_first,normal,HumanEval/88,HumanEval/88::315,ordinary-permit-fb095a7a17e834e15f285906d69160b2,12,pass,f9664409aa1f628af219ee3391605bb552104d5f1ce30b90ec6959e6b4916b19,13e4fa37bbd751e888537b365bb3a0b5c4c2e7b5abc8c2d6c8972724957e527f,93f1fd720c6d153bbcab3aab67d4b10f4bd62bd3deb88f1fe09e54f74df3f1a5,e05cebc18c2dab444215fb826377edb0480db72e2bf33ed776afbbc2a1d7f150,12,1,0.0018839999999999998,0.002325304999999389,0.20300000000861473,4.1985726,4.4062538,4.4114266,primary,False
r115,evaluation_15,ordinary,round_robin,normal,HumanEval/66,HumanEval/66::68,ordinary-permit-227b6c68c5f1d14834495e9a520c0700,1,pass,11eb73a8636ef4a2bd78b5694271c9e62864a9204e9db800ae50c65ae0accac5,cea7a94ce575636df94bb080d92116603325847a4fdab1318697410092135ba9,b4070be2953c9340eed279afea505fc164fcb3d050889fc9d712e8caa60ac39c,e05cebc18c2dab444215fb826377edb0480db72e2bf33ed776afbbc2a1d7f150,1,1,0.0,0.001754332999894359,0.21899999998277053,0.0383469,0.2461537,0.2508199,primary,False
r115,evaluation_15,ordinary,round_robin,normal,HumanEval/7,HumanEval/7::114,ordinary-permit-7ac7f8cd1add80b8da4a42d723f3fc22,2,pass,e0bdedd1c137edd0ebc7c50fedae39da57e7e257cf7fc5ccbe967e2a077d2370,9448404955150d7a49103de0f80203e046b12f24af8e05347f01cefcd31d056d,151e83d8e61801a06d5b4c6813497111954a8e53235d8c484027bfefd057f751,e05cebc18c2dab444215fb826377edb0480db72e2bf33ed776afbbc2a1d7f150,2,1,0.00046699999999999997,0.0019837979999692834,0.2029999999795109,0.2877928,0.496479,0.5013896,primary,False
r115,evaluation_15,ordinary,round_robin,normal,HumanEval/2,HumanEval/2::464,ordinary-permit-217125fcc7c4be9566f0bc17239fe62b,3,pass,ac33e9aa15b09dff69e9a26c973c49e3cc22765ee1706ff673c0e69efd6115ce,5ff0753cf6f8c874ffb722d69f98d2dbd1a4ca482761d0a622a6e548761f3f04,6a39b8fb5ea92472f27a2b8b305abe517547f20a3cd824f4de73fb7e0f4b7934,e05cebc18c2dab444215fb826377edb0480db72e2bf33ed776afbbc2a1d7f150,3,1,0.0,0.0017941379999228957,0.2029999999795109,0.5379591,0.7420568,0.7468514,primary,False
r115,evaluation_15,ordinary,round_robin,normal,HumanEval/152,HumanEval/152::38,ordinary-permit-87914fcf3ef90f43939b306c848e9dc0,4,pass,14a0ae8ac755814124b6bd62038e1ec9ad9b211c7b1953ee8378c2fd0c52b6c5,318b66f5f6fdf4f3696d065da5a0f101937ad40c6bbca683caae1ee2c61df21b,b55ad71f470f8dbc3ff9d88063f0c9323ceb9037e20ea7cc852eb40bcd82b6b8,e05cebc18c2dab444215fb826377edb0480db72e2bf33ed776afbbc2a1d7f150,4,1,0.000208,0.0019160079999664958,0.20300000000861473,0.7601572,0.9678924,0.9730939,primary,False
r115,evaluation_15,ordinary,round_robin,normal,HumanEval/10,HumanEval/10::41,ordinary-permit-8f8a66a396c73668b83572b6b75641a8,5,fail,6940997f5b8f3beabcceac0f19c95e12d3c73b84458a9a70ceab275e131d1f22,ef9ea2b7a8fa27c48ff968464acc560c9ad9f63f387f4425eef45020dc85b0fb,8ed1f1e7d98af11f081c8721fff6c8761721bca17312125ad76e6f2aec77198a,e05cebc18c2dab444215fb826377edb0480db72e2bf33ed776afbbc2a1d7f150,5,1,0.000825,0.002170341000010012,0.21900000001187436,1.004164,1.217573,1.2229145,primary,False
r115,evaluation_15,ordinary,round_robin,normal,HumanEval/139,HumanEval/139::50,ordinary-permit-a5d7e7a032bbd586b52f5f2227526efb,6,pass,6302286a62d246620eae7bec68aedd51cf8a05d4e0d34c4fa647f3733c2687aa,eae3b029382112e1397398e292aca2a12a04533629ac62ff13404b7c31f97363,62bc9d1047eb5858d8845c70d2b1a83e333ff27d956113a27880f004742861fb,e05cebc18c2dab444215fb826377edb0480db72e2bf33ed776afbbc2a1d7f150,6,1,0.0,0.0018785789999355984,0.21900000001187436,1.2536618,1.4679352,1.4730368,primary,False
r115,evaluation_15,ordinary,round_robin,normal,HumanEval/90,HumanEval/90::203,ordinary-permit-1861cf135283f3c42034f42fb57c79ad,7,pass,e78b1d665f57238b51c9805cdf9182dd33f628779923deb8a9270ec8cfb59f72,d65ca83b4ed4954a0ba36b576075b7abeae18f22278e560d305fd67b559ac27a,73fc10fa016bbc8b6c50589c13ad3cf144d7f31cb5abd484b2354c972b62228b,e05cebc18c2dab444215fb826377edb0480db72e2bf33ed776afbbc2a1d7f150,7,1,0.0,0.0020424129999128127,0.235000000015134,1.4869828,1.7200196,1.7250709,primary,False
r115,evaluation_15,ordinary,round_robin,normal,HumanEval/88,HumanEval/88::0,ordinary-permit-012f8ecdd9d5e1c96fda5f21323eed74,8,fail,27f3786739754254d3ad98dfbd7e906482bdef66e763fe3ef0435464eab9697c,517cebe5ede91adf65320c0bf8c174d141da9c5c57e5baa533c65d119f5087c9,93f1fd720c6d153bbcab3aab67d4b10f4bd62bd3deb88f1fe09e54f74df3f1a5,e05cebc18c2dab444215fb826377edb0480db72e2bf33ed776afbbc2a1d7f150,8,1,0.000699,0.002294164999966597,0.21900000001187436,1.7532993,1.9695053,1.9746251,primary,False
r115,evaluation_15,ordinary,round_robin,normal,HumanEval/10,HumanEval/10::258,ordinary-permit-822f3d1627bac86a478c95ea71e2cdf4,9,fail,6bf0a8127e9d45585bb968ee22f8231263f4e2bc575d07a58e3d8e9fb5d717bb,0d6a909afb657ed5a6ae556d9cd9ad26d2804647dd8a1744815cd27670ed9ece,8ed1f1e7d98af11f081c8721fff6c8761721bca17312125ad76e6f2aec77198a,e05cebc18c2dab444215fb826377edb0480db72e2bf33ed776afbbc2a1d7f150,9,1,1.5416560000000001,1.5449356940000598,1.75,2.0013857,3.757468,3.7627828,primary,False
r115,evaluation_15,ordinary,round_robin,normal,HumanEval/88,HumanEval/88::315,ordinary-permit-fb095a7a17e834e15f285906d69160b2,10,pass,ad3d10dd403b02626a8f6e1a94579ee8ad8de36da0f76f27427475a9c8510e3d,13e4fa37bbd751e888537b365bb3a0b5c4c2e7b5abc8c2d6c8972724957e527f,93f1fd720c6d153bbcab3aab67d4b10f4bd62bd3deb88f1fe09e54f74df3f1a5,e05cebc18c2dab444215fb826377edb0480db72e2bf33ed776afbbc2a1d7f150,10,1,0.001359,0.0023080060000211233,0.20300000000861473,3.7940569,4.0105366,4.0157303,primary,False
r115,evaluation_15,ordinary,round_robin,normal,HumanEval/10,HumanEval/10::146,ordinary-permit-727ab54a5a24509fe4a3ecb65246625e,11,fail,d2de46024f1ff3b4709047fd61e09f1cfeb6b2382e5028dd1260721fec6113a6,26d35d069047690fbee0dcfdbde74e6a3450f512adaaf3214c13ad28df3c3df0,8ed1f1e7d98af11f081c8721fff6c8761721bca17312125ad76e6f2aec77198a,e05cebc18c2dab444215fb826377edb0480db72e2bf33ed776afbbc2a1d7f150,11,1,0.0,0.002146675999938452,0.20300000000861473,4.0435296,4.2491984,4.2539851,primary,False
r115,evaluation_15,ordinary,round_robin,normal,HumanEval/10,HumanEval/10::259,ordinary-permit-dcdb09b1f62760531ad6f42e1ba15e0a,12,fail,56136607754eaca425bd4c7c69fba7d44e654daaf60afc1fbfbf07c697ca5558,3b31e1ad74ec9f04c634bf5f6a6883abbcb96134c8f216097b1cc5eb85733883,8ed1f1e7d98af11f081c8721fff6c8761721bca17312125ad76e6f2aec77198a,e05cebc18c2dab444215fb826377edb0480db72e2bf33ed776afbbc2a1d7f150,12,1,0.001437,0.002041947000066102,0.20300000000861473,4.2928465,4.4992383,4.504162,primary,False
r116,evaluation_15,ecrc,round_robin,normal,HumanEval/66,HumanEval/66::68,permit_ab39c278885dbac3f010bfefe5d4ff8c,1,pass,6b45f312b9dcba6728f2491f0b42fd58d9319060af73d7351f2bbf5516264424,cea7a94ce575636df94bb080d92116603325847a4fdab1318697410092135ba9,b4070be2953c9340eed279afea505fc164fcb3d050889fc9d712e8caa60ac39c,e05cebc18c2dab444215fb826377edb0480db72e2bf33ed776afbbc2a1d7f150,1,1,0.0,0.0020317980000754687,0.20300000000861473,0.0344916,0.2447473,0.2503202,primary,False
r116,evaluation_15,ecrc,round_robin,normal,HumanEval/7,HumanEval/7::114,permit_c3da3f5081305b23344a03a841040f3c,2,pass,c57aa1b4b4623104427fbe10b54de4d9267ec92831915f7959941fe4d7f34be1,9448404955150d7a49103de0f80203e046b12f24af8e05347f01cefcd31d056d,151e83d8e61801a06d5b4c6813497111954a8e53235d8c484027bfefd057f751,e05cebc18c2dab444215fb826377edb0480db72e2bf33ed776afbbc2a1d7f150,2,1,0.001282,0.002059652000070855,0.20300000000861473,0.2830428,0.4946606,0.4999914,primary,False
r116,evaluation_15,ecrc,round_robin,normal,HumanEval/2,HumanEval/2::464,permit_5327f4d2f34112de18d29a0c4f06accc,3,pass,a5ce068db6ee2a3f9d86fd3608dd125e2dda3119155ef8e90ec194bdd2a2e7b9,5ff0753cf6f8c874ffb722d69f98d2dbd1a4ca482761d0a622a6e548761f3f04,6a39b8fb5ea92472f27a2b8b305abe517547f20a3cd824f4de73fb7e0f4b7934,e05cebc18c2dab444215fb826377edb0480db72e2bf33ed776afbbc2a1d7f150,3,1,0.000414,0.0017911429999912798,0.20399999999790452,0.5177803,0.7311736,0.737141,primary,False
r116,evaluation_15,ecrc,round_robin,normal,HumanEval/152,HumanEval/152::38,permit_766cac81e9878c9e73a91c4ad81d6c3c,4,pass,3431cdb7cc28bf265573d9f2a61ac0f4a5f4fcd12ec91e107c16d0cac2c4ea0b,318b66f5f6fdf4f3696d065da5a0f101937ad40c6bbca683caae1ee2c61df21b,b55ad71f470f8dbc3ff9d88063f0c9323ceb9037e20ea7cc852eb40bcd82b6b8,e05cebc18c2dab444215fb826377edb0480db72e2bf33ed776afbbc2a1d7f150,4,1,0.0,0.002187634999927468,0.20399999999790452,0.7676362,0.9763783,0.9815549,primary,False
r116,evaluation_15,ecrc,round_robin,normal,HumanEval/10,HumanEval/10::41,permit_d65989c3d762250af97c191282d25f60,5,fail,b6e0bb95768f7236c3bfe5d682b811d7e7dde5d5a59ab38b0f8c6394502a077f,ef9ea2b7a8fa27c48ff968464acc560c9ad9f63f387f4425eef45020dc85b0fb,8ed1f1e7d98af11f081c8721fff6c8761721bca17312125ad76e6f2aec77198a,e05cebc18c2dab444215fb826377edb0480db72e2bf33ed776afbbc2a1d7f150,5,1,0.00042199999999999996,0.0021793769999476353,0.20399999999790452,1.0176265,1.2227583,1.2277333,primary,False
r116,evaluation_15,ecrc,round_robin,normal,HumanEval/139,HumanEval/139::50,permit_50deb35f620d187c2b9b43d936dcb2ac,6,pass,67fe1824a53e642a3e6d842a3bb10ac50f00fa28d688beefa2889b3b5e011e8d,eae3b029382112e1397398e292aca2a12a04533629ac62ff13404b7c31f97363,62bc9d1047eb5858d8845c70d2b1a83e333ff27d956113a27880f004742861fb,e05cebc18c2dab444215fb826377edb0480db72e2bf33ed776afbbc2a1d7f150,6,1,0.0,0.002004878000093413,0.20399999999790452,1.2678931,1.4783578,1.4833938,primary,False
r116,evaluation_15,ecrc,round_robin,normal,HumanEval/90,HumanEval/90::203,permit_d8917bc518f3bafb0d4e2e17e538caa2,7,pass,c43e5cdde16e6ec92acf194984fddfe1e884dcd33028a4c5effb01c125ce277f,d65ca83b4ed4954a0ba36b576075b7abeae18f22278e560d305fd67b559ac27a,73fc10fa016bbc8b6c50589c13ad3cf144d7f31cb5abd484b2354c972b62228b,e05cebc18c2dab444215fb826377edb0480db72e2bf33ed776afbbc2a1d7f150,7,1,0.001389,0.0021943560000181606,0.20399999999790452,1.520041,1.7259158,1.7307233,primary,False
r116,evaluation_15,ecrc,round_robin,normal,HumanEval/88,HumanEval/88::0,permit_cae4c01e313c5dd5f76474865379e081,8,fail,e6b2e2f97f356ae83a77a2f64e5d3ba9eb48d81c051d37cb5f0c4c27ac4432c6,517cebe5ede91adf65320c0bf8c174d141da9c5c57e5baa533c65d119f5087c9,93f1fd720c6d153bbcab3aab67d4b10f4bd62bd3deb88f1fe09e54f74df3f1a5,e05cebc18c2dab444215fb826377edb0480db72e2bf33ed776afbbc2a1d7f150,8,1,0.00039,0.0021681059999991703,0.20399999999790452,1.7707736,1.9786168,1.98368,primary,False
r116,evaluation_15,ecrc,round_robin,normal,HumanEval/10,HumanEval/10::258,permit_7a6d44f8338fd464e919a10e1dfa3f07,9,fail,b759a5c7fc383fbd5ea8f8e4b5d77eb5bea0e020e280df377a7f00b15e8f506d,0d6a909afb657ed5a6ae556d9cd9ad26d2804647dd8a1744815cd27670ed9ece,8ed1f1e7d98af11f081c8721fff6c8761721bca17312125ad76e6f2aec77198a,e05cebc18c2dab444215fb826377edb0480db72e2bf33ed776afbbc2a1d7f150,9,1,1.495725,1.5000622279999334,1.7039999999979045,2.0190877,3.7267621,3.7320092,primary,False
r116,evaluation_15,ecrc,round_robin,normal,HumanEval/88,HumanEval/88::315,permit_e202901dc5619f9cb65008c93c622b92,10,pass,c62d2a56cb7020b7a9a14032367ccbe4a8e285400edac3a65140cfae22230e6e,13e4fa37bbd751e888537b365bb3a0b5c4c2e7b5abc8c2d6c8972724957e527f,93f1fd720c6d153bbcab3aab67d4b10f4bd62bd3deb88f1fe09e54f74df3f1a5,e05cebc18c2dab444215fb826377edb0480db72e2bf33ed776afbbc2a1d7f150,10,1,0.0,0.002156585000079758,0.20399999999790452,3.7665652,3.9715908,3.9764243,primary,False
r116,evaluation_15,ecrc,round_robin,normal,HumanEval/10,HumanEval/10::146,permit_b32eaee836d3994418a027d46ab4d1b0,11,fail,aaeddd3722d2ba4c11ba94d60dafd9ebe8728bab17f777d22792f2712235bb81,26d35d069047690fbee0dcfdbde74e6a3450f512adaaf3214c13ad28df3c3df0,8ed1f1e7d98af11f081c8721fff6c8761721bca17312125ad76e6f2aec77198a,e05cebc18c2dab444215fb826377edb0480db72e2bf33ed776afbbc2a1d7f150,11,1,0.0009379999999999999,0.002261689999954797,0.20399999999790452,4.0177054,4.2268291,4.2314756,primary,False
r116,evaluation_15,ecrc,round_robin,normal,HumanEval/10,HumanEval/10::259,permit_5da61601aa57a4cb7622c13216b51dc0,12,fail,b0d4e4d7efabf278e7aa30ea10843fbbfb0bba003a9c3ea65dc51e055a88dd14,3b31e1ad74ec9f04c634bf5f6a6883abbcb96134c8f216097b1cc5eb85733883,8ed1f1e7d98af11f081c8721fff6c8761721bca17312125ad76e6f2aec77198a,e05cebc18c2dab444215fb826377edb0480db72e2bf33ed776afbbc2a1d7f150,12,1,0.0,0.002013293999993948,0.21899999998277053,4.2482848,4.45671,4.4614005,primary,False
r117,evaluation_15,ordinary,depth_first,response_loss,HumanEval/66,HumanEval/66::68,ordinary-permit-227b6c68c5f1d14834495e9a520c0700,1,pass,95c5355bd938861d7b61ea4724eed2cc0e9b7769533bcb5c7f95cc50adfaf5b9,cea7a94ce575636df94bb080d92116603325847a4fdab1318697410092135ba9,b4070be2953c9340eed279afea505fc164fcb3d050889fc9d712e8caa60ac39c,e05cebc18c2dab444215fb826377edb0480db72e2bf33ed776afbbc2a1d7f150,1,1,0.0,0.001968819000012445,0.20399999999790452,0.0152235,0.2238511,0.2288255,primary,False
r117,evaluation_15,ordinary,depth_first,response_loss,HumanEval/7,HumanEval/7::114,ordinary-permit-7ac7f8cd1add80b8da4a42d723f3fc22,2,pass,a12c2635c8c5759fe8fc619c4e297f16911fbbd736988b443210959e32bacdbe,9448404955150d7a49103de0f80203e046b12f24af8e05347f01cefcd31d056d,151e83d8e61801a06d5b4c6813497111954a8e53235d8c484027bfefd057f751,e05cebc18c2dab444215fb826377edb0480db72e2bf33ed776afbbc2a1d7f150,2,1,0.0,0.0021842270000433928,0.20399999999790452,0.26508,0.4735742,0.4781852,primary,False
r117,evaluation_15,ordinary,depth_first,response_loss,HumanEval/2,HumanEval/2::464,ordinary-permit-217125fcc7c4be9566f0bc17239fe62b,3,pass,95e5a5f6d7b5b5fc823ea589c9ad993fbf2825d9287abe576c2bed1b6349ba91,5ff0753cf6f8c874ffb722d69f98d2dbd1a4ca482761d0a622a6e548761f3f04,6a39b8fb5ea92472f27a2b8b305abe517547f20a3cd824f4de73fb7e0f4b7934,e05cebc18c2dab444215fb826377edb0480db72e2bf33ed776afbbc2a1d7f150,3,1,0.0,0.0019552330001033624,0.21900000001187436,0.5135951,0.7206647,0.725522,primary,False
r117,evaluation_15,ordinary,depth_first,response_loss,HumanEval/152,HumanEval/152::38,ordinary-permit-87914fcf3ef90f43939b306c848e9dc0,4,pass,b1b229619e8a4cfe2a49f288574fa39adac74db00cf79840dfe2bff61d8f3fb2,318b66f5f6fdf4f3696d065da5a0f101937ad40c6bbca683caae1ee2c61df21b,b55ad71f470f8dbc3ff9d88063f0c9323ceb9037e20ea7cc852eb40bcd82b6b8,e05cebc18c2dab444215fb826377edb0480db72e2bf33ed776afbbc2a1d7f150,4,1,0.0018419999999999999,0.0021899329999541806,0.21900000001187436,0.7631839,0.9715047,1.9952536,primary,True
r117,evaluation_15,ordinary,depth_first,response_loss,HumanEval/10,HumanEval/10::41,ordinary-permit-8f8a66a396c73668b83572b6b75641a8,5,fail,c376fe451ba754c08b31e81ebb2ec9189ca05735750c7292189626ead4bbaec2,ef9ea2b7a8fa27c48ff968464acc560c9ad9f63f387f4425eef45020dc85b0fb,8ed1f1e7d98af11f081c8721fff6c8761721bca17312125ad76e6f2aec77198a,e05cebc18c2dab444215fb826377edb0480db72e2bf33ed776afbbc2a1d7f150,5,1,4.7e-05,0.0018010570000797088,0.20300000000861473,2.0075416,2.2160351,2.2206701,primary,False
r117,evaluation_15,ordinary,depth_first,response_loss,HumanEval/10,HumanEval/10::258,ordinary-permit-822f3d1627bac86a478c95ea71e2cdf4,6,fail,01f0fb8c4a1551e71837b875543ce59167d88c7abab280be02e931c6861ed34f,0d6a909afb657ed5a6ae556d9cd9ad26d2804647dd8a1744815cd27670ed9ece,8ed1f1e7d98af11f081c8721fff6c8761721bca17312125ad76e6f2aec77198a,e05cebc18c2dab444215fb826377edb0480db72e2bf33ed776afbbc2a1d7f150,6,1,1.480896,1.4822287469999083,1.687999999994645,2.2448709,3.9333122,3.9382001,primary,False
r117,evaluation_15,ordinary,depth_first,response_loss,HumanEval/10,HumanEval/10::146,ordinary-permit-727ab54a5a24509fe4a3ecb65246625e,7,fail,9ffc55c9d345f2d0d58aa528874b28b4a9729ad03a838e437399e3dc8e2a6f9c,26d35d069047690fbee0dcfdbde74e6a3450f512adaaf3214c13ad28df3c3df0,8ed1f1e7d98af11f081c8721fff6c8761721bca17312125ad76e6f2aec77198a,e05cebc18c2dab444215fb826377edb0480db72e2bf33ed776afbbc2a1d7f150,7,1,0.001101,0.001994927999930951,0.21900000001187436,3.9634705,4.1719103,4.1763144,primary,False
r117,evaluation_15,ordinary,depth_first,response_loss,HumanEval/10,HumanEval/10::259,ordinary-permit-dcdb09b1f62760531ad6f42e1ba15e0a,8,fail,031f6b32fdc41a8993aa13ddc682968da8f945955c6bca12776b147f39654a98,3b31e1ad74ec9f04c634bf5f6a6883abbcb96134c8f216097b1cc5eb85733883,8ed1f1e7d98af11f081c8721fff6c8761721bca17312125ad76e6f2aec77198a,e05cebc18c2dab444215fb826377edb0480db72e2bf33ed776afbbc2a1d7f150,8,1,0.001326,0.002153117999910137,0.21900000001187436,4.2149452,4.4224815,5.4495492,drain,True
r118,evaluation_15,ecrc,depth_first,response_loss,HumanEval/66,HumanEval/66::68,permit_ab39c278885dbac3f010bfefe5d4ff8c,1,pass,47b2eac215affa29dec422c043054a7949e643cd8e1db40602b9e7cedd34bcb6,cea7a94ce575636df94bb080d92116603325847a4fdab1318697410092135ba9,b4070be2953c9340eed279afea505fc164fcb3d050889fc9d712e8caa60ac39c,e05cebc18c2dab444215fb826377edb0480db72e2bf33ed776afbbc2a1d7f150,1,1,0.000768,0.0022583379999332465,0.23499999998603016,0.0313846,0.2555354,0.260675,primary,False
r118,evaluation_15,ecrc,depth_first,response_loss,HumanEval/7,HumanEval/7::114,permit_c3da3f5081305b23344a03a841040f3c,2,pass,0682a4504e59654e93780e6140a4bee4dddf7ed6c340897b5a7d841c7b5d09bc,9448404955150d7a49103de0f80203e046b12f24af8e05347f01cefcd31d056d,151e83d8e61801a06d5b4c6813497111954a8e53235d8c484027bfefd057f751,e05cebc18c2dab444215fb826377edb0480db72e2bf33ed776afbbc2a1d7f150,2,1,9.2e-05,0.0026119379999727244,0.21899999998277053,0.295056,0.5095788,0.5149959,primary,False
r118,evaluation_15,ecrc,depth_first,response_loss,HumanEval/2,HumanEval/2::464,permit_5327f4d2f34112de18d29a0c4f06accc,3,pass,6864113054343dda699489768e898f06192fb28f118237aeda33c35fdecae28e,5ff0753cf6f8c874ffb722d69f98d2dbd1a4ca482761d0a622a6e548761f3f04,6a39b8fb5ea92472f27a2b8b305abe517547f20a3cd824f4de73fb7e0f4b7934,e05cebc18c2dab444215fb826377edb0480db72e2bf33ed776afbbc2a1d7f150,3,1,0.0,0.00234299800001736,0.20300000000861473,0.5448318,0.7532793,0.7583532,primary,False
r118,evaluation_15,ecrc,depth_first,response_loss,HumanEval/152,HumanEval/152::38,permit_766cac81e9878c9e73a91c4ad81d6c3c,4,pass,e79f3994041d0f80e24a50df662b460ddb323d52ce909337d32853afbf2350de,318b66f5f6fdf4f3696d065da5a0f101937ad40c6bbca683caae1ee2c61df21b,b55ad71f470f8dbc3ff9d88063f0c9323ceb9037e20ea7cc852eb40bcd82b6b8,e05cebc18c2dab444215fb826377edb0480db72e2bf33ed776afbbc2a1d7f150,4,1,0.0,0.0021238569999013635,0.21899999998277053,0.7945397,1.0107625,2.0334635,primary,True
r118,evaluation_15,ecrc,depth_first,response_loss,HumanEval/10,HumanEval/10::41,permit_d65989c3d762250af97c191282d25f60,5,fail,393122bc1e2bee7b4254345edf58ee1452b3784d24c3f8127153cbd6aeace043,ef9ea2b7a8fa27c48ff968464acc560c9ad9f63f387f4425eef45020dc85b0fb,8ed1f1e7d98af11f081c8721fff6c8761721bca17312125ad76e6f2aec77198a,e05cebc18c2dab444215fb826377edb0480db72e2bf33ed776afbbc2a1d7f150,5,1,0.0,0.0018753819999801635,0.21799999999348074,2.064124,2.2777829,2.283048,primary,False
r118,evaluation_15,ecrc,depth_first,response_loss,HumanEval/10,HumanEval/10::258,permit_7a6d44f8338fd464e919a10e1dfa3f07,6,fail,1e066ec6b8d9fc658cb6fdd0965a87f6cc0362d37fc811f9717425bc6291526e,0d6a909afb657ed5a6ae556d9cd9ad26d2804647dd8a1744815cd27670ed9ece,8ed1f1e7d98af11f081c8721fff6c8761721bca17312125ad76e6f2aec77198a,e05cebc18c2dab444215fb826377edb0480db72e2bf33ed776afbbc2a1d7f150,6,1,1.5094400000000001,1.511785021000037,1.7030000000086147,2.315112,4.0345357,4.03921,primary,False
r118,evaluation_15,ecrc,depth_first,response_loss,HumanEval/10,HumanEval/10::146,permit_b32eaee836d3994418a027d46ab4d1b0,7,fail,fdfea8653a4c5040b5d5d5a56110078b2646e7bb0fcfa26d22bbc96a86b94c45,26d35d069047690fbee0dcfdbde74e6a3450f512adaaf3214c13ad28df3c3df0,8ed1f1e7d98af11f081c8721fff6c8761721bca17312125ad76e6f2aec77198a,e05cebc18c2dab444215fb826377edb0480db72e2bf33ed776afbbc2a1d7f150,7,1,0.0,0.0021583280000641025,0.21900000001187436,4.0772175,4.2889095,4.2942992,primary,False
r118,evaluation_15,ecrc,depth_first,response_loss,HumanEval/10,HumanEval/10::259,permit_5da61601aa57a4cb7622c13216b51dc0,8,fail,a031243f185490b568018048f421462918b7faa74865d9822a1e5138d1b5e181,3b31e1ad74ec9f04c634bf5f6a6883abbcb96134c8f216097b1cc5eb85733883,8ed1f1e7d98af11f081c8721fff6c8761721bca17312125ad76e6f2aec77198a,e05cebc18c2dab444215fb826377edb0480db72e2bf33ed776afbbc2a1d7f150,8,1,0.0,0.0020409749999998894,0.21900000001187436,4.3280584,4.5385389,5.5643686,drain,True
r119,evaluation_15,ecrc,round_robin,response_loss,HumanEval/66,HumanEval/66::68,permit_ab39c278885dbac3f010bfefe5d4ff8c,1,pass,b033f268e823f5822d6b05eea477c1d43379bef17a9a4367744ee76a98629c0c,cea7a94ce575636df94bb080d92116603325847a4fdab1318697410092135ba9,b4070be2953c9340eed279afea505fc164fcb3d050889fc9d712e8caa60ac39c,e05cebc18c2dab444215fb826377edb0480db72e2bf33ed776afbbc2a1d7f150,1,1,0.0,0.0019388529999559978,0.21899999998277053,0.0311007,0.2408036,0.2463681,primary,False
r119,evaluation_15,ecrc,round_robin,response_loss,HumanEval/7,HumanEval/7::114,permit_c3da3f5081305b23344a03a841040f3c,2,pass,6f3a1766ca70ad234cc0b3ab139030d0b27698411d80882dce535c68adcbd9e7,9448404955150d7a49103de0f80203e046b12f24af8e05347f01cefcd31d056d,151e83d8e61801a06d5b4c6813497111954a8e53235d8c484027bfefd057f751,e05cebc18c2dab444215fb826377edb0480db72e2bf33ed776afbbc2a1d7f150,2,1,0.00033999999999999997,0.002284841999994569,0.2029999999795109,0.2789514,0.4832168,0.4881188,primary,False
r119,evaluation_15,ecrc,round_robin,response_loss,HumanEval/2,HumanEval/2::464,permit_5327f4d2f34112de18d29a0c4f06accc,3,pass,340814a6a68012f82ed886ba4e41e63f794da2f167307767c3b2f6a780f03ce5,5ff0753cf6f8c874ffb722d69f98d2dbd1a4ca482761d0a622a6e548761f3f04,6a39b8fb5ea92472f27a2b8b305abe517547f20a3cd824f4de73fb7e0f4b7934,e05cebc18c2dab444215fb826377edb0480db72e2bf33ed776afbbc2a1d7f150,3,1,0.0,0.0018519629999218523,0.21899999998277053,0.5293742,0.7374825,0.7424182,primary,False
r119,evaluation_15,ecrc,round_robin,response_loss,HumanEval/152,HumanEval/152::38,permit_766cac81e9878c9e73a91c4ad81d6c3c,4,pass,e637b3e59d8be9958d5299491d070151443b2512f9e19e5980b0bab074a7ac1c,318b66f5f6fdf4f3696d065da5a0f101937ad40c6bbca683caae1ee2c61df21b,b55ad71f470f8dbc3ff9d88063f0c9323ceb9037e20ea7cc852eb40bcd82b6b8,e05cebc18c2dab444215fb826377edb0480db72e2bf33ed776afbbc2a1d7f150,4,1,0.0,0.0019034609999835084,0.21899999998277053,0.7791101,0.9910862,2.0180623,primary,True
r119,evaluation_15,ecrc,round_robin,response_loss,HumanEval/10,HumanEval/10::41,permit_d65989c3d762250af97c191282d25f60,5,fail,33ca2cca141b5c7683f1d5ddd836f3eb7a2d32a31c07b9b9ec0e77bb397e3b2f,ef9ea2b7a8fa27c48ff968464acc560c9ad9f63f387f4425eef45020dc85b0fb,8ed1f1e7d98af11f081c8721fff6c8761721bca17312125ad76e6f2aec77198a,e05cebc18c2dab444215fb826377edb0480db72e2bf33ed776afbbc2a1d7f150,5,1,0.001091,0.002214127999991433,0.20399999999790452,2.0480977,2.2585081,2.2636608,primary,False
r119,evaluation_15,ecrc,round_robin,response_loss,HumanEval/139,HumanEval/139::50,permit_50deb35f620d187c2b9b43d936dcb2ac,6,pass,684c6d714056a04b3ffba7a9b785beabd09b1c7cc6f8ce80b0c7a933834f304c,eae3b029382112e1397398e292aca2a12a04533629ac62ff13404b7c31f97363,62bc9d1047eb5858d8845c70d2b1a83e333ff27d956113a27880f004742861fb,e05cebc18c2dab444215fb826377edb0480db72e2bf33ed776afbbc2a1d7f150,6,1,0.0,0.002155125999934171,0.20399999999790452,2.2998084,2.5080657,2.5133996,primary,False
r119,evaluation_15,ecrc,round_robin,response_loss,HumanEval/90,HumanEval/90::203,permit_d8917bc518f3bafb0d4e2e17e538caa2,7,pass,e876048a1c2b4862303528775c45f8b59c86ce9f17ac1503489d53eb135ad8b5,d65ca83b4ed4954a0ba36b576075b7abeae18f22278e560d305fd67b559ac27a,73fc10fa016bbc8b6c50589c13ad3cf144d7f31cb5abd484b2354c972b62228b,e05cebc18c2dab444215fb826377edb0480db72e2bf33ed776afbbc2a1d7f150,7,1,0.000563,0.0020982839999987846,0.2029999999795109,2.5281453,2.7313368,2.7363901,primary,False
r119,evaluation_15,ecrc,round_robin,response_loss,HumanEval/88,HumanEval/88::0,permit_cae4c01e313c5dd5f76474865379e081,8,fail,a22efd348651392651ade2f2d4c0d3fff77d95e27148fa35417e35478c353f7c,517cebe5ede91adf65320c0bf8c174d141da9c5c57e5baa533c65d119f5087c9,93f1fd720c6d153bbcab3aab67d4b10f4bd62bd3deb88f1fe09e54f74df3f1a5,e05cebc18c2dab444215fb826377edb0480db72e2bf33ed776afbbc2a1d7f150,8,1,0.0,0.002309125000010681,0.2029999999795109,2.7730429,2.980758,4.0001658,primary,True
r119,evaluation_15,ecrc,round_robin,response_loss,HumanEval/10,HumanEval/10::258,permit_7a6d44f8338fd464e919a10e1dfa3f07,9,fail,042d5b14971c5d901389e8040d92042b2818b3aeaba543712424d40d89d7c324,0d6a909afb657ed5a6ae556d9cd9ad26d2804647dd8a1744815cd27670ed9ece,8ed1f1e7d98af11f081c8721fff6c8761721bca17312125ad76e6f2aec77198a,e05cebc18c2dab444215fb826377edb0480db72e2bf33ed776afbbc2a1d7f150,9,1,1.48826,1.4908377080000719,1.702999999979511,4.0307048,5.7290269,5.7335609,primary,False
r120,evaluation_15,ordinary,round_robin,response_loss,HumanEval/66,HumanEval/66::68,ordinary-permit-227b6c68c5f1d14834495e9a520c0700,1,pass,ae62d9162a91ffa5ba3c5ab539b9885ecf7cedae9672530c296bb03bf775e8b6,cea7a94ce575636df94bb080d92116603325847a4fdab1318697410092135ba9,b4070be2953c9340eed279afea505fc164fcb3d050889fc9d712e8caa60ac39c,e05cebc18c2dab444215fb826377edb0480db72e2bf33ed776afbbc2a1d7f150,1,1,0.001259,0.0019960699999046483,0.20399999999790452,0.0379842,0.2444358,0.2487113,primary,False
r120,evaluation_15,ordinary,round_robin,response_loss,HumanEval/7,HumanEval/7::114,ordinary-permit-7ac7f8cd1add80b8da4a42d723f3fc22,2,pass,c2dbb3f5ae86b5390634e35e34306fda0e3a3c1a8f3942db9ce6a4ecdaae5dce,9448404955150d7a49103de0f80203e046b12f24af8e05347f01cefcd31d056d,151e83d8e61801a06d5b4c6813497111954a8e53235d8c484027bfefd057f751,e05cebc18c2dab444215fb826377edb0480db72e2bf33ed776afbbc2a1d7f150,2,1,0.0,0.0019485750000285407,0.20300000000861473,0.2720003,0.4799657,0.484689,primary,False
r120,evaluation_15,ordinary,round_robin,response_loss,HumanEval/2,HumanEval/2::464,ordinary-permit-217125fcc7c4be9566f0bc17239fe62b,3,pass,375cf48da8ef76fdaf8d873370d0fdefcc9a57f08052c3754df9d5c33e9c8910,5ff0753cf6f8c874ffb722d69f98d2dbd1a4ca482761d0a622a6e548761f3f04,6a39b8fb5ea92472f27a2b8b305abe517547f20a3cd824f4de73fb7e0f4b7934,e05cebc18c2dab444215fb826377edb0480db72e2bf33ed776afbbc2a1d7f150,3,1,0.001036,0.0018338029999540595,0.20300000000861473,0.5225856,0.7295016,0.7342682,primary,False
r120,evaluation_15,ordinary,round_robin,response_loss,HumanEval/152,HumanEval/152::38,ordinary-permit-87914fcf3ef90f43939b306c848e9dc0,4,pass,41a82c77e81b46687e6ab94f414a557e6c6acea179f5d34e81f1dfd304571167,318b66f5f6fdf4f3696d065da5a0f101937ad40c6bbca683caae1ee2c61df21b,b55ad71f470f8dbc3ff9d88063f0c9323ceb9037e20ea7cc852eb40bcd82b6b8,e05cebc18c2dab444215fb826377edb0480db72e2bf33ed776afbbc2a1d7f150,4,1,0.000461,0.0022250399999848014,0.20300000000861473,0.7715287,0.9782171,2.0053816,primary,True
r120,evaluation_15,ordinary,round_robin,response_loss,HumanEval/10,HumanEval/10::41,ordinary-permit-8f8a66a396c73668b83572b6b75641a8,5,fail,70becf37f1abbe2b3b6518f60c8aa39b53cd3c63a3b8ba2e6bab333ffe38ba5f,ef9ea2b7a8fa27c48ff968464acc560c9ad9f63f387f4425eef45020dc85b0fb,8ed1f1e7d98af11f081c8721fff6c8761721bca17312125ad76e6f2aec77198a,e05cebc18c2dab444215fb826377edb0480db72e2bf33ed776afbbc2a1d7f150,5,1,0.0,0.0021224440000651157,0.21900000001187436,2.0369516,2.2481858,2.2530541,primary,False
r120,evaluation_15,ordinary,round_robin,response_loss,HumanEval/139,HumanEval/139::50,ordinary-permit-a5d7e7a032bbd586b52f5f2227526efb,6,pass,94c9fd469196085fff407101cc133b4861eb8453ac2af63173778606de21023d,eae3b029382112e1397398e292aca2a12a04533629ac62ff13404b7c31f97363,62bc9d1047eb5858d8845c70d2b1a83e333ff27d956113a27880f004742861fb,e05cebc18c2dab444215fb826377edb0480db72e2bf33ed776afbbc2a1d7f150,6,1,0.0,0.002136908000011317,0.20399999999790452,2.2863876,2.4955923,2.5004814,primary,False
r120,evaluation_15,ordinary,round_robin,response_loss,HumanEval/90,HumanEval/90::203,ordinary-permit-1861cf135283f3c42034f42fb57c79ad,7,pass,3cd38539d0812ae2fd3d8aefb09fe0c879cbb6254ca2951b35073387461e1646,d65ca83b4ed4954a0ba36b576075b7abeae18f22278e560d305fd67b559ac27a,73fc10fa016bbc8b6c50589c13ad3cf144d7f31cb5abd484b2354c972b62228b,e05cebc18c2dab444215fb826377edb0480db72e2bf33ed776afbbc2a1d7f150,7,1,0.0,0.00225687400006791,0.21900000001187436,2.5233719,2.7317795,2.736144,primary,False
r120,evaluation_15,ordinary,round_robin,response_loss,HumanEval/88,HumanEval/88::0,ordinary-permit-012f8ecdd9d5e1c96fda5f21323eed74,8,fail,eded4dde733a921fa66d3ade245593398584ac43c24a51d71720f8f285034cd1,517cebe5ede91adf65320c0bf8c174d141da9c5c57e5baa533c65d119f5087c9,93f1fd720c6d153bbcab3aab67d4b10f4bd62bd3deb88f1fe09e54f74df3f1a5,e05cebc18c2dab444215fb826377edb0480db72e2bf33ed776afbbc2a1d7f150,8,1,0.0,0.0020564250000916218,0.2029999999795109,2.7497316,2.9561481,3.980993,primary,True
r120,evaluation_15,ordinary,round_robin,response_loss,HumanEval/10,HumanEval/10::258,ordinary-permit-822f3d1627bac86a478c95ea71e2cdf4,9,fail,b91cb58a0ec687198c7a5a4bc9c1b73399c3569334062b744787223795e57f98,0d6a909afb657ed5a6ae556d9cd9ad26d2804647dd8a1744815cd27670ed9ece,8ed1f1e7d98af11f081c8721fff6c8761721bca17312125ad76e6f2aec77198a,e05cebc18c2dab444215fb826377edb0480db72e2bf33ed776afbbc2a1d7f150,9,1,1.4803229999999998,1.4824322480000092,1.687000000005355,4.0112161,5.7001373,5.7044531,primary,False
r121,evaluation_16,ordinary,round_robin,response_loss,HumanEval/80,HumanEval/80::480,ordinary-permit-3a3f4fd014106a823c1380223fb37ec4,1,fail,eaf6694d9bac903bf425c757b3ef7b7865aad168f4f228b61a07f9b8617b0a35,f9f9a1a81953271accc2d2c24b5dfc8011660c36265776c97b05f83586751e77,34e4875039a3de487e4e9908a81de8c5ca56aa1ea81d885efd2fafd54cb4d033,e05cebc18c2dab444215fb826377edb0480db72e2bf33ed776afbbc2a1d7f150,1,1,0.0015199999999999999,0.0022169389999362465,0.21899999998277053,0.0271809,0.2367809,0.2418887,primary,False
r121,evaluation_16,ordinary,round_robin,response_loss,HumanEval/57,HumanEval/57::318,ordinary-permit-00230b004f401bc5fd8b76058e9c7d8d,2,pass,850d2936c8b506a7affc3e5fd32e61c300c2f91c4d61270389bb8e329c6bd755,e14136e6dd0bfe67d051c4d163bb388a1d96cf088be8fee6f63c3cbea8d70067,bf657f12f0c19f1746226e36d3fbdb7bc937b36eca525f2d4bdfb4b12e5333a5,e05cebc18c2dab444215fb826377edb0480db72e2bf33ed776afbbc2a1d7f150,2,1,0.0,0.0019956050000473624,0.2029999999795109,0.276134,0.4809255,0.485617,primary,False
r121,evaluation_16,ordinary,round_robin,response_loss,HumanEval/163,HumanEval/163::166,ordinary-permit-6b194619ef3773e0dd95fc97fb990295,3,fail,6798fcd00f283b3ee32fbcc90dfc798eb05171b67266378d3f992122c8d22cb4,25313853eec477baa23cb5a835fff53b5a9a34fc4c6b818891a24267f897611f,9bb2b63208b764da7bbda37fe28bf41807ab33b70af01de9a5f2b208eddb565e,e05cebc18c2dab444215fb826377edb0480db72e2bf33ed776afbbc2a1d7f150,3,1,0.000714,0.0019809110000323926,0.20300000000861473,0.5103298,0.7158356,0.7205003,primary,False
r121,evaluation_16,ordinary,round_robin,response_loss,HumanEval/130,HumanEval/130::375,ordinary-permit-7b99f3569229059399b2284541d05ccb,4,fail,0eff34607f7b3003365b328be7171fad961d496d88a85a405d888e6d77adbeed,e3b0c44298fc1c149afbf4c8996fb92427ae41e4649b934ca495991b7852b855,9361a1eb6c37b3027ce93a07c16487ed84ee2c80eb7ffcee7f9c4a5b21d1b92a,e05cebc18c2dab444215fb826377edb0480db72e2bf33ed776afbbc2a1d7f150,4,1,0.000452,0.002014850000023216,0.21900000001187436,0.7454148,0.9528009,1.9722492,primary,True
r121,evaluation_16,ordinary,round_robin,response_loss,HumanEval/39,HumanEval/39::440,ordinary-permit-790bfda601dd94f6a1d51d24bd3c5eda,5,fail,4f733cb79ef62eea2be0f1ed1cac6c8bb9577503b0019ddb49fa4902e6e51999,0f58295f587b7071af07b62a94507c216f26ca417e7a378498bd35f2f4e23af2,c47576f016a2575e8c434bd4d2c7c120c0c6f06ac2b7e2d06125b5cac605ee0b,e05cebc18c2dab444215fb826377edb0480db72e2bf33ed776afbbc2a1d7f150,5,1,0.0,0.002074317999927189,0.20300000000861473,2.0033699,2.2116284,2.216173,primary,False
r121,evaluation_16,ordinary,round_robin,response_loss,HumanEval/81,HumanEval/81::16,ordinary-permit-c552ccacebea98c8566a5e1683236ee3,6,pass,a5df421d976a7ef26a3cea84067393dd289940ca3eeba9deefc2b49daec93509,d2a5f43ee2c58cce7a704f295670c7eb9d2302c98fbf4a2209bc048ff1397e63,cbed46920d6d1d17148ed7dbda008b67083d3d30b1d13ca470ad1f301ccc79b4,e05cebc18c2dab444215fb826377edb0480db72e2bf33ed776afbbc2a1d7f150,6,1,0.0,0.0022423020000132965,0.20300000000861473,2.2536132,2.4634746,2.4688658,primary,False
r121,evaluation_16,ordinary,round_robin,response_loss,HumanEval/95,HumanEval/95::385,ordinary-permit-0d105ede065b6ff57734478f1c070395,7,pass,8ffb2a253dbc4545993e6318c7fc3f5d1c8527ab13563d01fcfc2971defb2768,f35607b010aea0aff3f56f8f488b55e83001308dea4369edbfc9362639963ae9,6a31e8aa83fd37d0861325cbda8f1ecfed005b156e2fd7129e0b34dd04a41300,e05cebc18c2dab444215fb826377edb0480db72e2bf33ed776afbbc2a1d7f150,7,1,0.0,0.0023234469999806606,0.20300000000861473,2.5038648,2.7105929,2.7151648,primary,False
r121,evaluation_16,ordinary,round_robin,response_loss,HumanEval/40,HumanEval/40::263,ordinary-permit-16a8c29accf2dba79cf74bfe0c8ac157,8,fail,52d39fa28008ca46370275a00f6ef2400f2d8cb36455f85f803acc7d808b74d0,a83e9b5ff7a61273da3d6329931281bb66cc47b35475b4ab507a7f83942bccff,ab1c582b6e6be39a9882bc9fabb59290643e6af9c4ef3b605d87a33bd27bf6dd,e05cebc18c2dab444215fb826377edb0480db72e2bf33ed776afbbc2a1d7f150,8,1,0.001174,0.0021794080000745453,0.20300000000861473,2.7533166,2.9573349,3.9820536,primary,True
r121,evaluation_16,ordinary,round_robin,response_loss,HumanEval/80,HumanEval/80::383,ordinary-permit-f78916fbbcff0fc154bc07ec152e52a3,9,fail,26dc7b49fd2bae46cf885e42afa6460a31eed638723b82ebe55cf8c1cdf8207b,fba1d90d53d80219f4ebddf60a1912c2e3d8a78ae4f77ff1fc3b2e9946bb76ce,34e4875039a3de487e4e9908a81de8c5ca56aa1ea81d885efd2fafd54cb4d033,e05cebc18c2dab444215fb826377edb0480db72e2bf33ed776afbbc2a1d7f150,9,1,0.0006619999999999999,0.0021828689999665585,0.21799999999348074,4.0134074,4.2229941,4.2272798,primary,False
r121,evaluation_16,ordinary,round_robin,response_loss,HumanEval/163,HumanEval/163::89,ordinary-permit-1c6d33cc5217e0e24e62942d061df99b,10,fail,c2dc2c60467681d2f40a2cbcfa9c2f1e6073ccb2c2f0e7fbb5decdfb0556fa78,363c45aaf2562dc77aa8b191ba844e8c1ed97bc19731c2e61cada7b2f2fc5128,9bb2b63208b764da7bbda37fe28bf41807ab33b70af01de9a5f2b208eddb565e,e05cebc18c2dab444215fb826377edb0480db72e2bf33ed776afbbc2a1d7f150,10,1,0.0,0.0018686290000005101,0.2029999999795109,4.2677831,4.4781675,4.483323,primary,False
r121,evaluation_16,ordinary,round_robin,response_loss,HumanEval/130,HumanEval/130::395,ordinary-permit-8baed83c38c867a2249ade35c3578fcc,11,fail,3d440054e207a9e9966bf28a4100aff109cccf40aaade138de6e0586a7e679f0,6828b4341fe844dd30610835271ecdefcbaa05fba783f9f3456423dc2a28ec59,9361a1eb6c37b3027ce93a07c16487ed84ee2c80eb7ffcee7f9c4a5b21d1b92a,e05cebc18c2dab444215fb826377edb0480db72e2bf33ed776afbbc2a1d7f150,11,1,0.0,0.0021513550000236137,0.2029999999795109,4.5159812,4.7264207,4.7313275,primary,False
r121,evaluation_16,ordinary,round_robin,response_loss,HumanEval/39,HumanEval/39::377,ordinary-permit-41e6a92453dbc9c54dcb2cb56849004a,12,pass,08c6a6530fda3c34cc1b022e5b88580da3c9b1840a66599927f67cfc45b1919d,7af5803c8194910cf326e00cc6a5a053ced3f7f025ec380f57405b0a6f662230,c47576f016a2575e8c434bd4d2c7c120c0c6f06ac2b7e2d06125b5cac605ee0b,e05cebc18c2dab444215fb826377edb0480db72e2bf33ed776afbbc2a1d7f150,12,1,0.0024419999999999997,0.0030104769999752534,0.2029999999795109,4.7657036,4.9730023,6.0012109,drain,True
r122,evaluation_16,ecrc,round_robin,response_loss,HumanEval/80,HumanEval/80::480,permit_d72e488da4be1f9c219b228ed5ce814a,1,fail,6f6e32aa7f2c407cb9cd5da61f97abe22a4e41795bedab1dfd367da4e65cb299,f9f9a1a81953271accc2d2c24b5dfc8011660c36265776c97b05f83586751e77,34e4875039a3de487e4e9908a81de8c5ca56aa1ea81d885efd2fafd54cb4d033,e05cebc18c2dab444215fb826377edb0480db72e2bf33ed776afbbc2a1d7f150,1,1,0.001375,0.0017455859999699896,0.20300000000861473,0.0162815,0.225814,0.2312136,primary,False
r122,evaluation_16,ecrc,round_robin,response_loss,HumanEval/57,HumanEval/57::318,permit_14ebddd617adf5c611d0a06b663ddbf5,2,pass,96afe9fa4e16042f1bdcf12e338b30cd0ef706dedbc4fd8262dc6f6baf595be6,e14136e6dd0bfe67d051c4d163bb388a1d96cf088be8fee6f63c3cbea8d70067,bf657f12f0c19f1746226e36d3fbdb7bc937b36eca525f2d4bdfb4b12e5333a5,e05cebc18c2dab444215fb826377edb0480db72e2bf33ed776afbbc2a1d7f150,2,1,0.000646,0.0019308170000158498,0.20300000000861473,0.2701731,0.4781885,0.4833405,primary,False
r122,evaluation_16,ecrc,round_robin,response_loss,HumanEval/163,HumanEval/163::166,permit_65d6b148adb30d8fe5fb6fc65ff842d4,3,fail,dfb0d95249fd783f286b98280c7e41bb189e737ede1000d762d451afcbbcc2db,25313853eec477baa23cb5a835fff53b5a9a34fc4c6b818891a24267f897611f,9bb2b63208b764da7bbda37fe28bf41807ab33b70af01de9a5f2b208eddb565e,e05cebc18c2dab444215fb826377edb0480db72e2bf33ed776afbbc2a1d7f150,3,1,0.0,0.001875217000019802,0.20300000000861473,0.5231108,0.7325696,0.7383323,primary,False
r122,evaluation_16,ecrc,round_robin,response_loss,HumanEval/130,HumanEval/130::375,permit_c3e5e7c29f5cc59733477afd7e5343fe,4,fail,7fcd57eee8e58eefffdeecfa78f3242647a869060243dc94e4f4717cd768ba6c,e3b0c44298fc1c149afbf4c8996fb92427ae41e4649b934ca495991b7852b855,9361a1eb6c37b3027ce93a07c16487ed84ee2c80eb7ffcee7f9c4a5b21d1b92a,e05cebc18c2dab444215fb826377edb0480db72e2bf33ed776afbbc2a1d7f150,4,1,0.001681,0.0023373779999928956,0.20300000000861473,0.772595,0.9814921,2.0125819,primary,True
r122,evaluation_16,ecrc,round_robin,response_loss,HumanEval/39,HumanEval/39::440,permit_8be29075e727bf22beda35f1bea8f51d,5,fail,eec1a340f099d97136ad933dd6554bf50becb0edd90cc975c52a5702e0de7539,0f58295f587b7071af07b62a94507c216f26ca417e7a378498bd35f2f4e23af2,c47576f016a2575e8c434bd4d2c7c120c0c6f06ac2b7e2d06125b5cac605ee0b,e05cebc18c2dab444215fb826377edb0480db72e2bf33ed776afbbc2a1d7f150,5,1,0.0,0.001966755000012199,0.2029999999795109,2.0416423,2.2477524,2.2525718,primary,False
r122,evaluation_16,ecrc,round_robin,response_loss,HumanEval/81,HumanEval/81::16,permit_f74aeea7f258855c97277148325f2ad0,6,pass,33f4425caab461e979b48585214b97ee88aaf14a0c88529cd59480134c5634ae,d2a5f43ee2c58cce7a704f295670c7eb9d2302c98fbf4a2209bc048ff1397e63,cbed46920d6d1d17148ed7dbda008b67083d3d30b1d13ca470ad1f301ccc79b4,e05cebc18c2dab444215fb826377edb0480db72e2bf33ed776afbbc2a1d7f150,6,1,0.001612,0.0024661449999712204,0.2029999999795109,2.2902304,2.4987946,2.5042132,primary,False
r122,evaluation_16,ecrc,round_robin,response_loss,HumanEval/95,HumanEval/95::385,permit_058cf595955f35841afd5defae9b620a,7,pass,88ad402d2438e585855818e2f59b5840525516d57639adef538b8b212cdfe83a,f35607b010aea0aff3f56f8f488b55e83001308dea4369edbfc9362639963ae9,6a31e8aa83fd37d0861325cbda8f1ecfed005b156e2fd7129e0b34dd04a41300,e05cebc18c2dab444215fb826377edb0480db72e2bf33ed776afbbc2a1d7f150,7,1,0.0006439999999999999,0.001962375999937649,0.2029999999795109,2.5399707,2.7429909,2.7489875,primary,False
r122,evaluation_16,ecrc,round_robin,response_loss,HumanEval/40,HumanEval/40::263,permit_9f726bbaf1cf9592eee0f9b9e64feb00,8,fail,6587ea32e2339a7f1a0c018456469098894fa267fd1f7a92e943c7bae55dee04,a83e9b5ff7a61273da3d6329931281bb66cc47b35475b4ab507a7f83942bccff,ab1c582b6e6be39a9882bc9fabb59290643e6af9c4ef3b605d87a33bd27bf6dd,e05cebc18c2dab444215fb826377edb0480db72e2bf33ed776afbbc2a1d7f150,8,1,0.00033999999999999997,0.0020635089999814227,0.20300000000861473,2.7663406,2.9780806,4.0025672,primary,True
r122,evaluation_16,ecrc,round_robin,response_loss,HumanEval/80,HumanEval/80::383,permit_3f1e61450ef9b5d35e16126fbf021c7c,9,fail,d924ae20b473d749356fbccbf1598da773735963732681c00712e95c6f89d748,fba1d90d53d80219f4ebddf60a1912c2e3d8a78ae4f77ff1fc3b2e9946bb76ce,34e4875039a3de487e4e9908a81de8c5ca56aa1ea81d885efd2fafd54cb4d033,e05cebc18c2dab444215fb826377edb0480db72e2bf33ed776afbbc2a1d7f150,9,1,0.0,0.0019398250000222106,0.20300000000861473,4.0193683,4.2261899,4.2310551,primary,False
r122,evaluation_16,ecrc,round_robin,response_loss,HumanEval/163,HumanEval/163::89,permit_28ca844cd4cd4ecf45cca53ab37490eb,10,fail,8b6ea8ef597e066a3c70bcc1ad66813429b61506377f24eb6c6d71a8e6e149df,363c45aaf2562dc77aa8b191ba844e8c1ed97bc19731c2e61cada7b2f2fc5128,9bb2b63208b764da7bbda37fe28bf41807ab33b70af01de9a5f2b208eddb565e,e05cebc18c2dab444215fb826377edb0480db72e2bf33ed776afbbc2a1d7f150,10,1,2.8e-05,0.0018821549999756826,0.20399999999790452,4.2488399,4.4558349,4.4617502,primary,False
r122,evaluation_16,ecrc,round_robin,response_loss,HumanEval/130,HumanEval/130::395,permit_d65383f39af4a316b892c7448a1d4385,11,fail,b435b5630b9319ecd284110042762a76d00d9c4356ffcd99153d1f9077ca87f0,6828b4341fe844dd30610835271ecdefcbaa05fba783f9f3456423dc2a28ec59,9361a1eb6c37b3027ce93a07c16487ed84ee2c80eb7ffcee7f9c4a5b21d1b92a,e05cebc18c2dab444215fb826377edb0480db72e2bf33ed776afbbc2a1d7f150,11,1,0.000771,0.002151891000039541,0.20300000000861473,4.4908691,4.6993449,4.7045245,primary,False
r122,evaluation_16,ecrc,round_robin,response_loss,HumanEval/39,HumanEval/39::377,permit_f96e164a3988312ae1f87c08c4b92964,12,pass,94fb5c8ac4b8fb2d8b68eb68b877468bdc2642b555f0d1d6097af359b36fcf75,7af5803c8194910cf326e00cc6a5a053ced3f7f025ec380f57405b0a6f662230,c47576f016a2575e8c434bd4d2c7c120c0c6f06ac2b7e2d06125b5cac605ee0b,e05cebc18c2dab444215fb826377edb0480db72e2bf33ed776afbbc2a1d7f150,12,1,0.001236,0.0029447319999462707,0.20300000000861473,4.7411605,4.9470476,5.9566439,drain,True
r123,evaluation_16,ecrc,depth_first,response_loss,HumanEval/80,HumanEval/80::480,permit_d72e488da4be1f9c219b228ed5ce814a,1,fail,3dfd2f02e77351e6fca0e13bdf2f7de1608299a968be7d9e4ad4f0c5e99d45ae,f9f9a1a81953271accc2d2c24b5dfc8011660c36265776c97b05f83586751e77,34e4875039a3de487e4e9908a81de8c5ca56aa1ea81d885efd2fafd54cb4d033,e05cebc18c2dab444215fb826377edb0480db72e2bf33ed776afbbc2a1d7f150,1,1,0.0008939999999999999,0.002252650000059475,0.20300000000861473,0.0321787,0.238092,0.2430638,primary,False
r123,evaluation_16,ecrc,depth_first,response_loss,HumanEval/80,HumanEval/80::383,permit_3f1e61450ef9b5d35e16126fbf021c7c,2,fail,cda545151b5d852408271abc23d11d057a5a65e3099782958474ffa12e6ddbeb,fba1d90d53d80219f4ebddf60a1912c2e3d8a78ae4f77ff1fc3b2e9946bb76ce,34e4875039a3de487e4e9908a81de8c5ca56aa1ea81d885efd2fafd54cb4d033,e05cebc18c2dab444215fb826377edb0480db72e2bf33ed776afbbc2a1d7f150,2,1,0.0,0.0019429449999961435,0.20300000000861473,0.2833278,0.487354,0.4923883,primary,False
r123,evaluation_16,ecrc,depth_first,response_loss,HumanEval/80,HumanEval/80::243,permit_56bd26b5b9483fd517a71fb602e09f2e,3,pass,a7d3ea94cb3eab62fca3bf567aabbc155be9507b6ed80066be76aa1ee42805ae,91bfd0b570403ee1c460aae049d72d93625a76cf341187f87791e53e616576fc,34e4875039a3de487e4e9908a81de8c5ca56aa1ea81d885efd2fafd54cb4d033,e05cebc18c2dab444215fb826377edb0480db72e2bf33ed776afbbc2a1d7f150,3,1,2.6e-05,0.0020732849999376413,0.20399999999790452,0.5091316,0.7163368,0.7220038,primary,False
r123,evaluation_16,ecrc,depth_first,response_loss,HumanEval/57,HumanEval/57::318,permit_14ebddd617adf5c611d0a06b663ddbf5,4,pass,8f457b9fd071083b8602fe3a6f768e8c2ace65eefab567cfc1714cdbd47f5b28,e14136e6dd0bfe67d051c4d163bb388a1d96cf088be8fee6f63c3cbea8d70067,bf657f12f0c19f1746226e36d3fbdb7bc937b36eca525f2d4bdfb4b12e5333a5,e05cebc18c2dab444215fb826377edb0480db72e2bf33ed776afbbc2a1d7f150,4,1,0.0,0.002087214000084714,0.2029999999795109,0.7380395,0.9431625,1.9741547,primary,True
r123,evaluation_16,ecrc,depth_first,response_loss,HumanEval/163,HumanEval/163::166,permit_65d6b148adb30d8fe5fb6fc65ff842d4,5,fail,ce9b520993addbdc69de019e315f8c4026c62376fc93356fc0b4dda688a69d60,25313853eec477baa23cb5a835fff53b5a9a34fc4c6b818891a24267f897611f,9bb2b63208b764da7bbda37fe28bf41807ab33b70af01de9a5f2b208eddb565e,e05cebc18c2dab444215fb826377edb0480db72e2bf33ed776afbbc2a1d7f150,5,1,0.0,0.0021470550000231015,0.20300000000861473,2.0047951,2.2126013,2.2179785,primary,False
r123,evaluation_16,ecrc,depth_first,response_loss,HumanEval/163,HumanEval/163::89,permit_28ca844cd4cd4ecf45cca53ab37490eb,6,fail,3af3b2e801dcede53ed05e14eac178f9a518cc4a566434e3df26033ce9e351f1,363c45aaf2562dc77aa8b191ba844e8c1ed97bc19731c2e61cada7b2f2fc5128,9bb2b63208b764da7bbda37fe28bf41807ab33b70af01de9a5f2b208eddb565e,e05cebc18c2dab444215fb826377edb0480db72e2bf33ed776afbbc2a1d7f150,6,1,0.0014399999999999999,0.002041442000063398,0.20399999999790452,2.2580344,2.4699486,2.4752498,primary,False
r123,evaluation_16,ecrc,depth_first,response_loss,HumanEval/163,HumanEval/163::27,permit_2de3c7f4f5ff86167f83690e4b69e156,7,fail,fd7432951161d002a292d66f00cc764fa8cf72d4284beb747534c2ba0403a6e3,5a5bc55b921e5d4acc1d017f19b607f67c54623bf1bf87f1325882fd216da3f1,9bb2b63208b764da7bbda37fe28bf41807ab33b70af01de9a5f2b208eddb565e,e05cebc18c2dab444215fb826377edb0480db72e2bf33ed776afbbc2a1d7f150,7,1,0.0,0.002152787999989414,0.20399999999790452,2.50905,2.715239,2.7205172,primary,False
r123,evaluation_16,ecrc,depth_first,response_loss,HumanEval/163,HumanEval/163::239,permit_7b18b8893440ae6fb7bc1c3a41af145f,8,fail,141de48c7d8919df6280b82767d11e18a3fb0a207df5f657514a55cf6ee0f8b1,a14df94929c69bc635f4e3ab04550250dcf79b2631ff76984eab143dac4c67f9,9bb2b63208b764da7bbda37fe28bf41807ab33b70af01de9a5f2b208eddb565e,e05cebc18c2dab444215fb826377edb0480db72e2bf33ed776afbbc2a1d7f150,8,1,0.001175,0.002124804999994012,0.20399999999790452,2.7600554,2.9656315,3.9753156,primary,True
r123,evaluation_16,ecrc,depth_first,response_loss,HumanEval/130,HumanEval/130::375,permit_c3e5e7c29f5cc59733477afd7e5343fe,9,fail,224d63c3d22ab6d9f37556f7b44bf220fd104bd68ee83064ca206cf8c3480af7,e3b0c44298fc1c149afbf4c8996fb92427ae41e4649b934ca495991b7852b855,9361a1eb6c37b3027ce93a07c16487ed84ee2c80eb7ffcee7f9c4a5b21d1b92a,e05cebc18c2dab444215fb826377edb0480db72e2bf33ed776afbbc2a1d7f150,9,1,0.0,0.0018643569999312604,0.21900000001187436,4.0033665,4.214866,4.2196896,primary,False
r123,evaluation_16,ecrc,depth_first,response_loss,HumanEval/130,HumanEval/130::395,permit_d65383f39af4a316b892c7448a1d4385,10,fail,db55909c48e169f5c24ae8a93b9cb486b91ab1600f6646dfb48a0bc6683ff111,6828b4341fe844dd30610835271ecdefcbaa05fba783f9f3456423dc2a28ec59,9361a1eb6c37b3027ce93a07c16487ed84ee2c80eb7ffcee7f9c4a5b21d1b92a,e05cebc18c2dab444215fb826377edb0480db72e2bf33ed776afbbc2a1d7f150,10,1,0.000611,0.0019762830000900067,0.20300000000861473,4.2549343,4.4621621,4.4676393,primary,False
r123,evaluation_16,ecrc,depth_first,response_loss,HumanEval/130,HumanEval/130::407,permit_12b0ceebacd144971700f6a854a24b82,11,fail,6f24de3ec1bdae2861d4b5a06e77fddb1098a6228cc4f6b69cfa8c42bda71036,422aff179bbcf51448e65d60c77c74f04910332409e607aef2a28cbcc9ac2048,9361a1eb6c37b3027ce93a07c16487ed84ee2c80eb7ffcee7f9c4a5b21d1b92a,e05cebc18c2dab444215fb826377edb0480db72e2bf33ed776afbbc2a1d7f150,11,1,0.0,0.0019376149999743575,0.20399999999790452,4.5077091,4.7162482,4.7207238,primary,False
r123,evaluation_16,ecrc,depth_first,response_loss,HumanEval/130,HumanEval/130::162,permit_289b892fea1f591f50a04de79713ad96,12,fail,40726ba76dbd5299998f16d94866895a3c202c50c307a0cadb7aac84ea802179,e900307b6b52a9cc5c7bdf403405b43db1820ea439380c9b6432512f1bad1448,9361a1eb6c37b3027ce93a07c16487ed84ee2c80eb7ffcee7f9c4a5b21d1b92a,e05cebc18c2dab444215fb826377edb0480db72e2bf33ed776afbbc2a1d7f150,12,1,0.0,0.00217761499993685,0.20399999999790452,4.7597069,4.9717279,5.9996469,drain,True
r124,evaluation_16,ordinary,depth_first,response_loss,HumanEval/80,HumanEval/80::480,ordinary-permit-3a3f4fd014106a823c1380223fb37ec4,1,fail,9b63817492b27abdf6f250fa1423cc693b36f4c04d0bd95a2a29d51df5f05745,f9f9a1a81953271accc2d2c24b5dfc8011660c36265776c97b05f83586751e77,34e4875039a3de487e4e9908a81de8c5ca56aa1ea81d885efd2fafd54cb4d033,e05cebc18c2dab444215fb826377edb0480db72e2bf33ed776afbbc2a1d7f150,1,1,0.0011279999999999999,0.0018443479999632473,0.20300000000861473,0.0318261,0.2415922,0.2462824,primary,False
r124,evaluation_16,ordinary,depth_first,response_loss,HumanEval/80,HumanEval/80::383,ordinary-permit-f78916fbbcff0fc154bc07ec152e52a3,2,fail,05ee611e24ff4faffa5c0d2fd74fb188f216fa123d2118ab3ffbe7e9be13cd50,fba1d90d53d80219f4ebddf60a1912c2e3d8a78ae4f77ff1fc3b2e9946bb76ce,34e4875039a3de487e4e9908a81de8c5ca56aa1ea81d885efd2fafd54cb4d033,e05cebc18c2dab444215fb826377edb0480db72e2bf33ed776afbbc2a1d7f150,2,1,0.0,0.0023165829999243215,0.20300000000861473,0.2847195,0.4918732,0.4972169,primary,False
r124,evaluation_16,ordinary,depth_first,response_loss,HumanEval/80,HumanEval/80::243,ordinary-permit-fd1f4fd48ed0624350268084b656269e,3,pass,3150e9ce6b77b4dfe8f69e614b445e43a8529638dd8e05141a57a9a6896d6946,91bfd0b570403ee1c460aae049d72d93625a76cf341187f87791e53e616576fc,34e4875039a3de487e4e9908a81de8c5ca56aa1ea81d885efd2fafd54cb4d033,e05cebc18c2dab444215fb826377edb0480db72e2bf33ed776afbbc2a1d7f150,3,1,0.000663,0.001969299999927898,0.20300000000861473,0.5343768,0.7444436,0.7496439,primary,False
r124,evaluation_16,ordinary,depth_first,response_loss,HumanEval/57,HumanEval/57::318,ordinary-permit-00230b004f401bc5fd8b76058e9c7d8d,4,pass,dac4b97c4613d9d2fcdcb11d01437adc8419593ff58a64c728fd2d05e2b484fe,e14136e6dd0bfe67d051c4d163bb388a1d96cf088be8fee6f63c3cbea8d70067,bf657f12f0c19f1746226e36d3fbdb7bc937b36eca525f2d4bdfb4b12e5333a5,e05cebc18c2dab444215fb826377edb0480db72e2bf33ed776afbbc2a1d7f150,4,1,0.0,0.0019430690000490358,0.20300000000861473,0.7847415,0.9906569,2.0185741,primary,True
r124,evaluation_16,ordinary,depth_first,response_loss,HumanEval/163,HumanEval/163::166,ordinary-permit-6b194619ef3773e0dd95fc97fb990295,5,fail,e5106f89b12a60e77e996f3d9527970f3bf2d3e0ac89301a25ae7dacc8ff17be,25313853eec477baa23cb5a835fff53b5a9a34fc4c6b818891a24267f897611f,9bb2b63208b764da7bbda37fe28bf41807ab33b70af01de9a5f2b208eddb565e,e05cebc18c2dab444215fb826377edb0480db72e2bf33ed776afbbc2a1d7f150,5,1,0.0,0.0021392720000221743,0.20300000000861473,2.0489287,2.2551105,2.2601571,primary,False
r124,evaluation_16,ordinary,depth_first,response_loss,HumanEval/163,HumanEval/163::89,ordinary-permit-1c6d33cc5217e0e24e62942d061df99b,6,fail,3b8438d3d9c379d6d644d93d3b72070bb12b0a5350ad4a10dfd7a5cce7191501,363c45aaf2562dc77aa8b191ba844e8c1ed97bc19731c2e61cada7b2f2fc5128,9bb2b63208b764da7bbda37fe28bf41807ab33b70af01de9a5f2b208eddb565e,e05cebc18c2dab444215fb826377edb0480db72e2bf33ed776afbbc2a1d7f150,6,1,0.001223,0.002033420999964619,0.20300000000861473,2.2986634,2.5042085,2.5092014,primary,False
r124,evaluation_16,ordinary,depth_first,response_loss,HumanEval/163,HumanEval/163::27,ordinary-permit-acd28c0a3a6c4b48485d49d9be8fe854,7,fail,e1a9919e491983a470c2a57ca93ea1273cf76fbb8620634a5cedae5da9a27f2a,5a5bc55b921e5d4acc1d017f19b607f67c54623bf1bf87f1325882fd216da3f1,9bb2b63208b764da7bbda37fe28bf41807ab33b70af01de9a5f2b208eddb565e,e05cebc18c2dab444215fb826377edb0480db72e2bf33ed776afbbc2a1d7f150,7,1,0.0012439999999999999,0.0025552800000241405,0.20300000000861473,2.534684,2.7406853,2.7454644,primary,False
r124,evaluation_16,ordinary,depth_first,response_loss,HumanEval/163,HumanEval/163::239,ordinary-permit-f5dd85785b650cb9391770c38b728d98,8,fail,7a8aca477d3838c178e2fdaa6c2da1a2f01ba9715f053f8d9aa57d1e506327bf,a14df94929c69bc635f4e3ab04550250dcf79b2631ff76984eab143dac4c67f9,9bb2b63208b764da7bbda37fe28bf41807ab33b70af01de9a5f2b208eddb565e,e05cebc18c2dab444215fb826377edb0480db72e2bf33ed776afbbc2a1d7f150,8,1,0.0,0.0020503019999296157,0.2029999999795109,2.7688834,2.9772667,4.0045344,primary,True
r124,evaluation_16,ordinary,depth_first,response_loss,HumanEval/130,HumanEval/130::375,ordinary-permit-7b99f3569229059399b2284541d05ccb,9,fail,db36bf3d0a20919122c886e4938bf5ab046537de54b71a5cf06e8635549f520a,e3b0c44298fc1c149afbf4c8996fb92427ae41e4649b934ca495991b7852b855,9361a1eb6c37b3027ce93a07c16487ed84ee2c80eb7ffcee7f9c4a5b21d1b92a,e05cebc18c2dab444215fb826377edb0480db72e2bf33ed776afbbc2a1d7f150,9,1,0.0012749999999999999,0.0020922830000245085,0.20300000000861473,4.0351898,4.244449,4.2486781,primary,False
r124,evaluation_16,ordinary,depth_first,response_loss,HumanEval/130,HumanEval/130::395,ordinary-permit-8baed83c38c867a2249ade35c3578fcc,10,fail,1861188f9d61936eae0775258681c680b61e0401843554e5a2b90b13f5a31954,6828b4341fe844dd30610835271ecdefcbaa05fba783f9f3456423dc2a28ec59,9361a1eb6c37b3027ce93a07c16487ed84ee2c80eb7ffcee7f9c4a5b21d1b92a,e05cebc18c2dab444215fb826377edb0480db72e2bf33ed776afbbc2a1d7f150,10,1,0.0006299999999999999,0.0021909690000256887,0.2029999999795109,4.26241,4.4685013,4.4736167,primary,False
r124,evaluation_16,ordinary,depth_first,response_loss,HumanEval/130,HumanEval/130::407,ordinary-permit-4a159959641043e3112296b2c8e38748,11,fail,96863f10c89949f59262e361275df0e00abc031fa9278761ab8474bca771791f,422aff179bbcf51448e65d60c77c74f04910332409e607aef2a28cbcc9ac2048,9361a1eb6c37b3027ce93a07c16487ed84ee2c80eb7ffcee7f9c4a5b21d1b92a,e05cebc18c2dab444215fb826377edb0480db72e2bf33ed776afbbc2a1d7f150,11,1,0.000352,0.0023415700001123696,0.20300000000861473,4.505851,4.7134217,4.7179067,primary,False
r124,evaluation_16,ordinary,depth_first,response_loss,HumanEval/130,HumanEval/130::162,ordinary-permit-6f7e754bac2f99c9dbc52591625b2b96,12,fail,9d8369e3a170ff5ffb8a9e589b1bd26caa7b8c548866a2d7a779ec98e4e6d6bf,e900307b6b52a9cc5c7bdf403405b43db1820ea439380c9b6432512f1bad1448,9361a1eb6c37b3027ce93a07c16487ed84ee2c80eb7ffcee7f9c4a5b21d1b92a,e05cebc18c2dab444215fb826377edb0480db72e2bf33ed776afbbc2a1d7f150,12,1,0.0,0.00236557600010201,0.20300000000861473,4.7567016,4.9627244,5.9721121,drain,True
r125,evaluation_16,ecrc,round_robin,normal,HumanEval/80,HumanEval/80::480,permit_d72e488da4be1f9c219b228ed5ce814a,1,fail,c4a032e45d4319236c22d155ed87789ba10838222ae943e9e58cab0ed68c239e,f9f9a1a81953271accc2d2c24b5dfc8011660c36265776c97b05f83586751e77,34e4875039a3de487e4e9908a81de8c5ca56aa1ea81d885efd2fafd54cb4d033,e05cebc18c2dab444215fb826377edb0480db72e2bf33ed776afbbc2a1d7f150,1,1,0.0,0.0020343939999065697,0.21799999999348074,0.0170937,0.2253809,0.2305713,primary,False
r125,evaluation_16,ecrc,round_robin,normal,HumanEval/57,HumanEval/57::318,permit_14ebddd617adf5c611d0a06b663ddbf5,2,pass,6c5507a64df34985f9dac3910d9487636ab49db213024a410e1e6a4de9e78913,e14136e6dd0bfe67d051c4d163bb388a1d96cf088be8fee6f63c3cbea8d70067,bf657f12f0c19f1746226e36d3fbdb7bc937b36eca525f2d4bdfb4b12e5333a5,e05cebc18c2dab444215fb826377edb0480db72e2bf33ed776afbbc2a1d7f150,2,1,0.000683,0.001918550000027608,0.21799999999348074,0.2651452,0.474326,0.4791953,primary,False
r125,evaluation_16,ecrc,round_robin,normal,HumanEval/163,HumanEval/163::166,permit_65d6b148adb30d8fe5fb6fc65ff842d4,3,fail,29cc16e4fcbb8d65e8cb9298bb7bf6ce122a149b39018ea227a80c5cc047d1ac,25313853eec477baa23cb5a835fff53b5a9a34fc4c6b818891a24267f897611f,9bb2b63208b764da7bbda37fe28bf41807ab33b70af01de9a5f2b208eddb565e,e05cebc18c2dab444215fb826377edb0480db72e2bf33ed776afbbc2a1d7f150,3,1,0.0,0.002065852999976414,0.1879999999946449,0.5175064,0.7206538,0.7260713,primary,False
r125,evaluation_16,ecrc,round_robin,normal,HumanEval/130,HumanEval/130::375,permit_c3e5e7c29f5cc59733477afd7e5343fe,4,fail,c7b1a442347a6ffc3e502439febbf76723dcdf4f53d11182b22c09f98678a1f1,e3b0c44298fc1c149afbf4c8996fb92427ae41e4649b934ca495991b7852b855,9361a1eb6c37b3027ce93a07c16487ed84ee2c80eb7ffcee7f9c4a5b21d1b92a,e05cebc18c2dab444215fb826377edb0480db72e2bf33ed776afbbc2a1d7f150,4,1,0.0,0.0021986760000345384,0.2029999999795109,0.7549696,0.9607681,0.9659062,primary,False
r125,evaluation_16,ecrc,round_robin,normal,HumanEval/39,HumanEval/39::440,permit_8be29075e727bf22beda35f1bea8f51d,5,fail,da081d3113bbe9b7e23df7dc45c5dee17afd21cb39f224641eb1d3e0e6d34ff4,0f58295f587b7071af07b62a94507c216f26ca417e7a378498bd35f2f4e23af2,c47576f016a2575e8c434bd4d2c7c120c0c6f06ac2b7e2d06125b5cac605ee0b,e05cebc18c2dab444215fb826377edb0480db72e2bf33ed776afbbc2a1d7f150,5,1,0.0011949999999999999,0.001945024000065132,0.20399999999790452,0.980654,1.1865798,1.1921668,primary,False
r125,evaluation_16,ecrc,round_robin,normal,HumanEval/81,HumanEval/81::16,permit_f74aeea7f258855c97277148325f2ad0,6,pass,a3d26a1f461957592b4e793e2d35f4fdb82b6b9ec7e874f669d57cff488d743d,d2a5f43ee2c58cce7a704f295670c7eb9d2302c98fbf4a2209bc048ff1397e63,cbed46920d6d1d17148ed7dbda008b67083d3d30b1d13ca470ad1f301ccc79b4,e05cebc18c2dab444215fb826377edb0480db72e2bf33ed776afbbc2a1d7f150,6,1,0.0014839999999999999,0.002085924999960298,0.20399999999790452,1.2243275,1.4299086,1.4346802,primary,False
r125,evaluation_16,ecrc,round_robin,normal,HumanEval/95,HumanEval/95::385,permit_058cf595955f35841afd5defae9b620a,7,pass,66b9663b0689d236a2e69fa30f51b1c490c210e3ddfd85e9307d33650ba19467,f35607b010aea0aff3f56f8f488b55e83001308dea4369edbfc9362639963ae9,6a31e8aa83fd37d0861325cbda8f1ecfed005b156e2fd7129e0b34dd04a41300,e05cebc18c2dab444215fb826377edb0480db72e2bf33ed776afbbc2a1d7f150,7,1,0.001093,0.0022395859999733148,0.20399999999790452,1.4721929,1.6791885,1.6839654,primary,False
r125,evaluation_16,ecrc,round_robin,normal,HumanEval/40,HumanEval/40::263,permit_9f726bbaf1cf9592eee0f9b9e64feb00,8,fail,c3ff3c82f106d2b59a98064af6bb969c2e1ccd4b3c0dea59dcb36c34ec5ffcca,a83e9b5ff7a61273da3d6329931281bb66cc47b35475b4ab507a7f83942bccff,ab1c582b6e6be39a9882bc9fabb59290643e6af9c4ef3b605d87a33bd27bf6dd,e05cebc18c2dab444215fb826377edb0480db72e2bf33ed776afbbc2a1d7f150,8,1,0.000466,0.0027347889999873587,0.20399999999790452,1.7212448,1.9312953,1.9376239,primary,False
r125,evaluation_16,ecrc,round_robin,normal,HumanEval/80,HumanEval/80::383,permit_3f1e61450ef9b5d35e16126fbf021c7c,9,fail,03e948fbe5fe824ef7cd4d3068470946fd67d40bacb1c34290e47336becc81a0,fba1d90d53d80219f4ebddf60a1912c2e3d8a78ae4f77ff1fc3b2e9946bb76ce,34e4875039a3de487e4e9908a81de8c5ca56aa1ea81d885efd2fafd54cb4d033,e05cebc18c2dab444215fb826377edb0480db72e2bf33ed776afbbc2a1d7f150,9,1,0.001566,0.0021797040000137713,0.20300000000861473,1.9565947,2.1754099,2.1812318,primary,False
r125,evaluation_16,ecrc,round_robin,normal,HumanEval/163,HumanEval/163::89,permit_28ca844cd4cd4ecf45cca53ab37490eb,10,fail,b2df67109f5341e00bffd79f8177d86ee1bf643761524ff3eaafc7827edb9b12,363c45aaf2562dc77aa8b191ba844e8c1ed97bc19731c2e61cada7b2f2fc5128,9bb2b63208b764da7bbda37fe28bf41807ab33b70af01de9a5f2b208eddb565e,e05cebc18c2dab444215fb826377edb0480db72e2bf33ed776afbbc2a1d7f150,10,1,0.0,0.002144708000059836,0.21899999998277053,2.1974004,2.4104049,2.4154983,primary,False
r125,evaluation_16,ecrc,round_robin,normal,HumanEval/130,HumanEval/130::395,permit_d65383f39af4a316b892c7448a1d4385,11,fail,38d301aa25b0c3ed2193a2370803630bf8cc5df6fa980fdc9286892fa761077c,6828b4341fe844dd30610835271ecdefcbaa05fba783f9f3456423dc2a28ec59,9361a1eb6c37b3027ce93a07c16487ed84ee2c80eb7ffcee7f9c4a5b21d1b92a,e05cebc18c2dab444215fb826377edb0480db72e2bf33ed776afbbc2a1d7f150,11,1,0.0,0.002250591999995777,0.2029999999795109,2.4420589,2.6466719,2.6522284,primary,False
r125,evaluation_16,ecrc,round_robin,normal,HumanEval/39,HumanEval/39::377,permit_f96e164a3988312ae1f87c08c4b92964,12,pass,7ee1888a57d742d9c8355d38d266ac5467c21f4104b38165d3fd998b925d5d32,7af5803c8194910cf326e00cc6a5a053ced3f7f025ec380f57405b0a6f662230,c47576f016a2575e8c434bd4d2c7c120c0c6f06ac2b7e2d06125b5cac605ee0b,e05cebc18c2dab444215fb826377edb0480db72e2bf33ed776afbbc2a1d7f150,12,1,0.000444,0.0031346920000032696,0.2029999999795109,2.6920069,2.9009044,2.905865,primary,False
r125,evaluation_16,ecrc,round_robin,normal,HumanEval/40,HumanEval/40::363,permit_987c2e9f4762cd69b18e1425843dd154,13,fail,162605b46d6fa3d976b72b4a866d732d608ae97918f69f7e127ad377c23fef3f,2a456d14493a929fc49cd555fa19928ab039e163eb5de99f62e241d3b968b730,ab1c582b6e6be39a9882bc9fabb59290643e6af9c4ef3b605d87a33bd27bf6dd,e05cebc18c2dab444215fb826377edb0480db72e2bf33ed776afbbc2a1d7f150,13,1,0.0,0.0018334429998958512,0.2029999999795109,2.9422107,3.1516779,3.1566534,primary,False
r125,evaluation_16,ecrc,round_robin,normal,HumanEval/80,HumanEval/80::243,permit_56bd26b5b9483fd517a71fb602e09f2e,14,pass,714d25caafe048cf9559aa050727e7956c6ef580b564291995399e9d5f7d9f65,91bfd0b570403ee1c460aae049d72d93625a76cf341187f87791e53e616576fc,34e4875039a3de487e4e9908a81de8c5ca56aa1ea81d885efd2fafd54cb4d033,e05cebc18c2dab444215fb826377edb0480db72e2bf33ed776afbbc2a1d7f150,14,1,0.0,0.001830917999996018,0.2029999999795109,3.1916219,3.4011634,3.4059744,primary,False
r125,evaluation_16,ecrc,round_robin,normal,HumanEval/163,HumanEval/163::27,permit_2de3c7f4f5ff86167f83690e4b69e156,15,fail,42012997205688281449ef6755ae6a99ab4c4c2b5f19de92af87eda67f18cc30,5a5bc55b921e5d4acc1d017f19b607f67c54623bf1bf87f1325882fd216da3f1,9bb2b63208b764da7bbda37fe28bf41807ab33b70af01de9a5f2b208eddb565e,e05cebc18c2dab444215fb826377edb0480db72e2bf33ed776afbbc2a1d7f150,15,1,0.000493,0.002379216000008455,0.2029999999795109,3.4417595,3.6480795,3.65315,primary,False
r125,evaluation_16,ecrc,round_robin,normal,HumanEval/130,HumanEval/130::407,permit_12b0ceebacd144971700f6a854a24b82,16,fail,25c09f0d281c81ee795df279aa7ead283781b6c33ad5aafb43ca685a90d48ad1,422aff179bbcf51448e65d60c77c74f04910332409e607aef2a28cbcc9ac2048,9361a1eb6c37b3027ce93a07c16487ed84ee2c80eb7ffcee7f9c4a5b21d1b92a,e05cebc18c2dab444215fb826377edb0480db72e2bf33ed776afbbc2a1d7f150,16,1,0.0,0.0022330900000042675,0.21900000001187436,3.6677182,3.8803738,3.8856435,primary,False
r126,evaluation_16,ordinary,round_robin,normal,HumanEval/80,HumanEval/80::480,ordinary-permit-3a3f4fd014106a823c1380223fb37ec4,1,fail,c932ffdfd4281c9fe4112477b231c37770a50d66bd6a44b1a18668a6ff7105ba,f9f9a1a81953271accc2d2c24b5dfc8011660c36265776c97b05f83586751e77,34e4875039a3de487e4e9908a81de8c5ca56aa1ea81d885efd2fafd54cb4d033,e05cebc18c2dab444215fb826377edb0480db72e2bf33ed776afbbc2a1d7f150,1,1,0.0,0.0022314309999273974,0.2029999999795109,0.0145872,0.2302692,0.2359073,primary,False
r126,evaluation_16,ordinary,round_robin,normal,HumanEval/57,HumanEval/57::318,ordinary-permit-00230b004f401bc5fd8b76058e9c7d8d,2,pass,3a890103b9a216030432a13ecfa6008c182595c4eb6b000ce2874a30846c487b,e14136e6dd0bfe67d051c4d163bb388a1d96cf088be8fee6f63c3cbea8d70067,bf657f12f0c19f1746226e36d3fbdb7bc937b36eca525f2d4bdfb4b12e5333a5,e05cebc18c2dab444215fb826377edb0480db72e2bf33ed776afbbc2a1d7f150,2,1,0.001403,0.002205327000069701,0.2029999999795109,0.2626283,0.4695807,0.4746116,primary,False
r126,evaluation_16,ordinary,round_robin,normal,HumanEval/163,HumanEval/163::166,ordinary-permit-6b194619ef3773e0dd95fc97fb990295,3,fail,d3659333547ec33f4218b29c32d75c8d1219d019517013fd0e12b9e90a4b7854,25313853eec477baa23cb5a835fff53b5a9a34fc4c6b818891a24267f897611f,9bb2b63208b764da7bbda37fe28bf41807ab33b70af01de9a5f2b208eddb565e,e05cebc18c2dab444215fb826377edb0480db72e2bf33ed776afbbc2a1d7f150,3,1,0.0,0.0018280020000247532,0.20300000000861473,0.4978398,0.7034064,0.7080406,primary,False
r126,evaluation_16,ordinary,round_robin,normal,HumanEval/130,HumanEval/130::375,ordinary-permit-7b99f3569229059399b2284541d05ccb,4,fail,087d5169ef714f68b6edfb7b1a5831f3d3f172da07ac2b4687a4ef8a70087671,e3b0c44298fc1c149afbf4c8996fb92427ae41e4649b934ca495991b7852b855,9361a1eb6c37b3027ce93a07c16487ed84ee2c80eb7ffcee7f9c4a5b21d1b92a,e05cebc18c2dab444215fb826377edb0480db72e2bf33ed776afbbc2a1d7f150,4,1,0.0017699999999999999,0.0022625899999866306,0.20300000000861473,0.7469594,0.9570937,0.9624372,primary,False
r126,evaluation_16,ordinary,round_robin,normal,HumanEval/39,HumanEval/39::440,ordinary-permit-790bfda601dd94f6a1d51d24bd3c5eda,5,fail,6dd1024343b00d1be2ad34647e4fa0521ad64c90d7bccf669a1407d9204f2a25,0f58295f587b7071af07b62a94507c216f26ca417e7a378498bd35f2f4e23af2,c47576f016a2575e8c434bd4d2c7c120c0c6f06ac2b7e2d06125b5cac605ee0b,e05cebc18c2dab444215fb826377edb0480db72e2bf33ed776afbbc2a1d7f150,5,1,0.0017749999999999999,0.0022726129999455225,0.20300000000861473,0.9966944,1.2057968,1.2109532,primary,False
r126,evaluation_16,ordinary,round_robin,normal,HumanEval/81,HumanEval/81::16,ordinary-permit-c552ccacebea98c8566a5e1683236ee3,6,pass,f03bf8b17c18122ab42d58a7e84628b6fabedd2e3f6f86472a44206e2cf7fc88,d2a5f43ee2c58cce7a704f295670c7eb9d2302c98fbf4a2209bc048ff1397e63,cbed46920d6d1d17148ed7dbda008b67083d3d30b1d13ca470ad1f301ccc79b4,e05cebc18c2dab444215fb826377edb0480db72e2bf33ed776afbbc2a1d7f150,6,1,0.0,0.0019573230000560216,0.20300000000861473,1.2478904,1.4564636,1.461932,primary,False
r126,evaluation_16,ordinary,round_robin,normal,HumanEval/95,HumanEval/95::385,ordinary-permit-0d105ede065b6ff57734478f1c070395,7,pass,4d70f58f91fba437565d6619a0aa9d4e47f9e6961bdf276680e105960e4ec5f6,f35607b010aea0aff3f56f8f488b55e83001308dea4369edbfc9362639963ae9,6a31e8aa83fd37d0861325cbda8f1ecfed005b156e2fd7129e0b34dd04a41300,e05cebc18c2dab444215fb826377edb0480db72e2bf33ed776afbbc2a1d7f150,7,1,0.0,0.002310837000095489,0.20300000000861473,1.4967468,1.7042351,1.709217,primary,False
r126,evaluation_16,ordinary,round_robin,normal,HumanEval/40,HumanEval/40::263,ordinary-permit-16a8c29accf2dba79cf74bfe0c8ac157,8,fail,3ccc272b45e7b3ed92bdfd1b12138644a26a6552c4e6ef571c509e58bcfdfe19,a83e9b5ff7a61273da3d6329931281bb66cc47b35475b4ab507a7f83942bccff,ab1c582b6e6be39a9882bc9fabb59290643e6af9c4ef3b605d87a33bd27bf6dd,e05cebc18c2dab444215fb826377edb0480db72e2bf33ed776afbbc2a1d7f150,8,1,0.000816,0.002084898000020985,0.20300000000861473,1.7471376,1.9551294,1.960516,primary,False
r126,evaluation_16,ordinary,round_robin,normal,HumanEval/80,HumanEval/80::383,ordinary-permit-f78916fbbcff0fc154bc07ec152e52a3,9,fail,8fd7b6a005e63e57f4d5becdaf6d0ef83c18606b2d2a326714298fccc7e95d2b,fba1d90d53d80219f4ebddf60a1912c2e3d8a78ae4f77ff1fc3b2e9946bb76ce,34e4875039a3de487e4e9908a81de8c5ca56aa1ea81d885efd2fafd54cb4d033,e05cebc18c2dab444215fb826377edb0480db72e2bf33ed776afbbc2a1d7f150,9,1,0.0,0.001783347000014146,0.21900000001187436,1.9950431,2.203206,2.2080207,primary,False
r126,evaluation_16,ordinary,round_robin,normal,HumanEval/163,HumanEval/163::89,ordinary-permit-1c6d33cc5217e0e24e62942d061df99b,10,fail,078263d9b469926abf3378591e82a252db1f46f7b660207b2961b06576a4dc68,363c45aaf2562dc77aa8b191ba844e8c1ed97bc19731c2e61cada7b2f2fc5128,9bb2b63208b764da7bbda37fe28bf41807ab33b70af01de9a5f2b208eddb565e,e05cebc18c2dab444215fb826377edb0480db72e2bf33ed776afbbc2a1d7f150,10,1,0.0,0.002194136000071012,0.20300000000861473,2.2452234,2.4537557,2.4599224,primary,False
r126,evaluation_16,ordinary,round_robin,normal,HumanEval/130,HumanEval/130::395,ordinary-permit-8baed83c38c867a2249ade35c3578fcc,11,fail,ae32a089bc2791489e724eef24da8bbd384e4346edd685fee7aef7573b445e7b,6828b4341fe844dd30610835271ecdefcbaa05fba783f9f3456423dc2a28ec59,9361a1eb6c37b3027ce93a07c16487ed84ee2c80eb7ffcee7f9c4a5b21d1b92a,e05cebc18c2dab444215fb826377edb0480db72e2bf33ed776afbbc2a1d7f150,11,1,0.0,0.0019402550000222618,0.20300000000861473,2.4968339,2.703038,2.7076361,primary,False
r126,evaluation_16,ordinary,round_robin,normal,HumanEval/39,HumanEval/39::377,ordinary-permit-41e6a92453dbc9c54dcb2cb56849004a,12,pass,ac106d8acce42ffabe19175c67e47b5d11a1a4238c19e6e7522b790b9ca41459,7af5803c8194910cf326e00cc6a5a053ced3f7f025ec380f57405b0a6f662230,c47576f016a2575e8c434bd4d2c7c120c0c6f06ac2b7e2d06125b5cac605ee0b,e05cebc18c2dab444215fb826377edb0480db72e2bf33ed776afbbc2a1d7f150,12,1,0.001333,0.0033196880000332385,0.20300000000861473,2.7315598,2.9432322,2.9484783,primary,False
r126,evaluation_16,ordinary,round_robin,normal,HumanEval/40,HumanEval/40::363,ordinary-permit-dd3888a0783f6e6ec7e9b49420a9f3f0,13,fail,26a96d9ebeb78556109e0a10e17cb6c46a50d40b54399e45166a4f267dbe2abf,2a456d14493a929fc49cd555fa19928ab039e163eb5de99f62e241d3b968b730,ab1c582b6e6be39a9882bc9fabb59290643e6af9c4ef3b605d87a33bd27bf6dd,e05cebc18c2dab444215fb826377edb0480db72e2bf33ed776afbbc2a1d7f150,13,1,0.0,0.0021108679999315427,0.20300000000861473,2.9830332,3.1919709,3.1964716,primary,False
r126,evaluation_16,ordinary,round_robin,normal,HumanEval/80,HumanEval/80::243,ordinary-permit-fd1f4fd48ed0624350268084b656269e,14,pass,f1a705eaf5036f078a535992283adf16ed113296bc59d19891566f768bb733f8,91bfd0b570403ee1c460aae049d72d93625a76cf341187f87791e53e616576fc,34e4875039a3de487e4e9908a81de8c5ca56aa1ea81d885efd2fafd54cb4d033,e05cebc18c2dab444215fb826377edb0480db72e2bf33ed776afbbc2a1d7f150,14,1,0.0006749999999999999,0.0023736220000500907,0.21900000001187436,3.2407812,3.4517015,3.4566547,primary,False
r126,evaluation_16,ordinary,round_robin,normal,HumanEval/163,HumanEval/163::27,ordinary-permit-acd28c0a3a6c4b48485d49d9be8fe854,15,fail,3582f6cbce5a7e0e685f0431a1ebb9ada2c85fd602bd155f8442d3dbfb6825bb,5a5bc55b921e5d4acc1d017f19b607f67c54623bf1bf87f1325882fd216da3f1,9bb2b63208b764da7bbda37fe28bf41807ab33b70af01de9a5f2b208eddb565e,e05cebc18c2dab444215fb826377edb0480db72e2bf33ed776afbbc2a1d7f150,15,1,8.2e-05,0.0022782790000519526,0.20300000000861473,3.4697394,3.7001739,3.7050574,primary,False
r126,evaluation_16,ordinary,round_robin,normal,HumanEval/130,HumanEval/130::407,ordinary-permit-4a159959641043e3112296b2c8e38748,16,fail,fdcdea35bb3564b6b55fb534bdd13f565260b4b9b15543c4fa29b79e58dfeb43,422aff179bbcf51448e65d60c77c74f04910332409e607aef2a28cbcc9ac2048,9361a1eb6c37b3027ce93a07c16487ed84ee2c80eb7ffcee7f9c4a5b21d1b92a,e05cebc18c2dab444215fb826377edb0480db72e2bf33ed776afbbc2a1d7f150,16,1,0.0013319999999999999,0.002235763999919982,0.21900000001187436,3.7190338,3.9354632,3.9405697,primary,False
r127,evaluation_16,ordinary,depth_first,normal,HumanEval/80,HumanEval/80::480,ordinary-permit-3a3f4fd014106a823c1380223fb37ec4,1,fail,5d19b0e6ae626ebc56d8d59fb204d3cdaa2164ca2e87456441530b2dc52c839f,f9f9a1a81953271accc2d2c24b5dfc8011660c36265776c97b05f83586751e77,34e4875039a3de487e4e9908a81de8c5ca56aa1ea81d885efd2fafd54cb4d033,e05cebc18c2dab444215fb826377edb0480db72e2bf33ed776afbbc2a1d7f150,1,1,0.0,0.002057177999972737,0.2029999999795109,0.0252602,0.2508682,0.2977484,primary,False
r127,evaluation_16,ordinary,depth_first,normal,HumanEval/80,HumanEval/80::383,ordinary-permit-f78916fbbcff0fc154bc07ec152e52a3,2,fail,e46678cadd17ce61561d3f7b5b4c527f78f813af44ba76f4de55b9f44fd927d0,fba1d90d53d80219f4ebddf60a1912c2e3d8a78ae4f77ff1fc3b2e9946bb76ce,34e4875039a3de487e4e9908a81de8c5ca56aa1ea81d885efd2fafd54cb4d033,e05cebc18c2dab444215fb826377edb0480db72e2bf33ed776afbbc2a1d7f150,2,1,0.0005499999999999999,0.0021686520000230303,0.2029999999795109,0.337641,0.5466131,0.5514823,primary,False
r127,evaluation_16,ordinary,depth_first,normal,HumanEval/80,HumanEval/80::243,ordinary-permit-fd1f4fd48ed0624350268084b656269e,3,pass,95dedefbc2bba8849bdbf09db6740438d9ae5eefa1534b17bc985ea3fd4d35d5,91bfd0b570403ee1c460aae049d72d93625a76cf341187f87791e53e616576fc,34e4875039a3de487e4e9908a81de8c5ca56aa1ea81d885efd2fafd54cb4d033,e05cebc18c2dab444215fb826377edb0480db72e2bf33ed776afbbc2a1d7f150,3,1,0.0,0.0021469110000680303,0.20300000000861473,0.5953123,0.8040737,0.8088454,primary,False
r127,evaluation_16,ordinary,depth_first,normal,HumanEval/57,HumanEval/57::318,ordinary-permit-00230b004f401bc5fd8b76058e9c7d8d,4,pass,4fd92ae58798226d92ac0c6c3b20df1ec12611766b86112c2483d921623856ee,e14136e6dd0bfe67d051c4d163bb388a1d96cf088be8fee6f63c3cbea8d70067,bf657f12f0c19f1746226e36d3fbdb7bc937b36eca525f2d4bdfb4b12e5333a5,e05cebc18c2dab444215fb826377edb0480db72e2bf33ed776afbbc2a1d7f150,4,1,4.6e-05,0.0019588649998922847,0.21900000001187436,0.8603323,1.0666007,1.0708358,primary,False
r127,evaluation_16,ordinary,depth_first,normal,HumanEval/163,HumanEval/163::166,ordinary-permit-6b194619ef3773e0dd95fc97fb990295,5,fail,ee2db61106da9612fb3327ad5826f21bceb3269b4dba75d3c09a148e782f5800,25313853eec477baa23cb5a835fff53b5a9a34fc4c6b818891a24267f897611f,9bb2b63208b764da7bbda37fe28bf41807ab33b70af01de9a5f2b208eddb565e,e05cebc18c2dab444215fb826377edb0480db72e2bf33ed776afbbc2a1d7f150,5,1,0.0,0.0018439330000319387,0.21900000001187436,1.1101911,1.3151477,1.327864,primary,False
r127,evaluation_16,ordinary,depth_first,normal,HumanEval/163,HumanEval/163::89,ordinary-permit-1c6d33cc5217e0e24e62942d061df99b,6,fail,d1e040e790063e7c338b1ec3da6efb5bf18fdb6d974a71e4c584b92404845009,363c45aaf2562dc77aa8b191ba844e8c1ed97bc19731c2e61cada7b2f2fc5128,9bb2b63208b764da7bbda37fe28bf41807ab33b70af01de9a5f2b208eddb565e,e05cebc18c2dab444215fb826377edb0480db72e2bf33ed776afbbc2a1d7f150,6,1,0.00018199999999999998,0.0018612199999097356,0.20300000000861473,1.3616301,1.5658376,1.5825778,primary,False
r127,evaluation_16,ordinary,depth_first,normal,HumanEval/163,HumanEval/163::27,ordinary-permit-acd28c0a3a6c4b48485d49d9be8fe854,7,fail,7de1121549eeca479a49e4a39a324da7f824f4be03fc2413af4555868278b8ec,5a5bc55b921e5d4acc1d017f19b607f67c54623bf1bf87f1325882fd216da3f1,9bb2b63208b764da7bbda37fe28bf41807ab33b70af01de9a5f2b208eddb565e,e05cebc18c2dab444215fb826377edb0480db72e2bf33ed776afbbc2a1d7f150,7,1,0.001045,0.0019249560000389465,0.20300000000861473,1.6134163,1.8221111,1.8263912,primary,False
r127,evaluation_16,ordinary,depth_first,normal,HumanEval/163,HumanEval/163::239,ordinary-permit-f5dd85785b650cb9391770c38b728d98,8,fail,b3311d6a07f2cfe42b4670a4763ea60d80cc85161743c95b76974e889daa4dc3,a14df94929c69bc635f4e3ab04550250dcf79b2631ff76984eab143dac4c67f9,9bb2b63208b764da7bbda37fe28bf41807ab33b70af01de9a5f2b208eddb565e,e05cebc18c2dab444215fb826377edb0480db72e2bf33ed776afbbc2a1d7f150,8,1,0.0,0.0018404570000711828,0.20300000000861473,1.8490202,2.0669521,2.0813273,primary,False
r127,evaluation_16,ordinary,depth_first,normal,HumanEval/130,HumanEval/130::375,ordinary-permit-7b99f3569229059399b2284541d05ccb,9,fail,8c230157d1cfa93257b3ce311cec498bdee30f99d1dbab9649b3f42961dc5837,e3b0c44298fc1c149afbf4c8996fb92427ae41e4649b934ca495991b7852b855,9361a1eb6c37b3027ce93a07c16487ed84ee2c80eb7ffcee7f9c4a5b21d1b92a,e05cebc18c2dab444215fb826377edb0480db72e2bf33ed776afbbc2a1d7f150,9,1,0.0,0.002009962999977688,0.20300000000861473,2.1151819,2.3309016,2.3358126,primary,False
r127,evaluation_16,ordinary,depth_first,normal,HumanEval/130,HumanEval/130::395,ordinary-permit-8baed83c38c867a2249ade35c3578fcc,10,fail,6dc54de487bd31c6f49d0a4a50388a5abd275db4f8c51a4a8ee0436eac8c31a0,6828b4341fe844dd30610835271ecdefcbaa05fba783f9f3456423dc2a28ec59,9361a1eb6c37b3027ce93a07c16487ed84ee2c80eb7ffcee7f9c4a5b21d1b92a,e05cebc18c2dab444215fb826377edb0480db72e2bf33ed776afbbc2a1d7f150,10,1,0.0,0.0019579629999952886,0.20300000000861473,2.3653237,2.5816471,2.5905559,primary,False
r127,evaluation_16,ordinary,depth_first,normal,HumanEval/130,HumanEval/130::407,ordinary-permit-4a159959641043e3112296b2c8e38748,11,fail,ad4df13140ee5a970b88af7a2f267369ffba88240baa2c42b826e191dfa6d775,422aff179bbcf51448e65d60c77c74f04910332409e607aef2a28cbcc9ac2048,9361a1eb6c37b3027ce93a07c16487ed84ee2c80eb7ffcee7f9c4a5b21d1b92a,e05cebc18c2dab444215fb826377edb0480db72e2bf33ed776afbbc2a1d7f150,11,1,0.001964,0.002375399000015932,0.21900000001187436,2.603488,2.822457,2.8274061,primary,False
r127,evaluation_16,ordinary,depth_first,normal,HumanEval/130,HumanEval/130::162,ordinary-permit-6f7e754bac2f99c9dbc52591625b2b96,12,fail,89c3be32f7f96842aaa516c4eb2c6e3eb9de14c72f608b1a154bc16f8f9d1431,e900307b6b52a9cc5c7bdf403405b43db1820ea439380c9b6432512f1bad1448,9361a1eb6c37b3027ce93a07c16487ed84ee2c80eb7ffcee7f9c4a5b21d1b92a,e05cebc18c2dab444215fb826377edb0480db72e2bf33ed776afbbc2a1d7f150,12,1,0.0,0.0023951160000024174,0.20300000000861473,2.854075,3.0635179,3.06811,primary,False
r127,evaluation_16,ordinary,depth_first,normal,HumanEval/39,HumanEval/39::440,ordinary-permit-790bfda601dd94f6a1d51d24bd3c5eda,13,fail,4433ffeceeeebf1c9725e312bd7720f39e72a4b7d0914f872a6013696cbad8d0,0f58295f587b7071af07b62a94507c216f26ca417e7a378498bd35f2f4e23af2,c47576f016a2575e8c434bd4d2c7c120c0c6f06ac2b7e2d06125b5cac605ee0b,e05cebc18c2dab444215fb826377edb0480db72e2bf33ed776afbbc2a1d7f150,13,1,0.0,0.0021269839999149553,0.21900000001187436,3.1021224,3.3167574,3.3213623,primary,False
r127,evaluation_16,ordinary,depth_first,normal,HumanEval/39,HumanEval/39::377,ordinary-permit-41e6a92453dbc9c54dcb2cb56849004a,14,pass,b40cee8eae30d90298823519f9b557a890c806f6e6237b99b83cb64c0238a2c1,7af5803c8194910cf326e00cc6a5a053ced3f7f025ec380f57405b0a6f662230,c47576f016a2575e8c434bd4d2c7c120c0c6f06ac2b7e2d06125b5cac605ee0b,e05cebc18c2dab444215fb826377edb0480db72e2bf33ed776afbbc2a1d7f150,14,1,0.001174,0.00307461299996703,0.20300000000861473,3.3665464,3.5747544,3.5792786,primary,False
r127,evaluation_16,ordinary,depth_first,normal,HumanEval/81,HumanEval/81::16,ordinary-permit-c552ccacebea98c8566a5e1683236ee3,15,pass,8b4cae542c9490781e52e6993d4010159961dcb905d61ddb85741df997841a03,d2a5f43ee2c58cce7a704f295670c7eb9d2302c98fbf4a2209bc048ff1397e63,cbed46920d6d1d17148ed7dbda008b67083d3d30b1d13ca470ad1f301ccc79b4,e05cebc18c2dab444215fb826377edb0480db72e2bf33ed776afbbc2a1d7f150,15,1,0.0,0.0019323300000451127,0.21900000001187436,3.6019441,3.8251079,3.8290973,primary,False
r127,evaluation_16,ordinary,depth_first,normal,HumanEval/95,HumanEval/95::385,ordinary-permit-0d105ede065b6ff57734478f1c070395,16,pass,3fcf8ad9c362c93cff707bb76876ec2067ca892c69fef1a82cf3a96089913140,f35607b010aea0aff3f56f8f488b55e83001308dea4369edbfc9362639963ae9,6a31e8aa83fd37d0861325cbda8f1ecfed005b156e2fd7129e0b34dd04a41300,e05cebc18c2dab444215fb826377edb0480db72e2bf33ed776afbbc2a1d7f150,16,1,0.000327,0.002101409999909265,0.20300000000861473,3.8668153,4.0742782,4.0979944,primary,False
r128,evaluation_16,ecrc,depth_first,normal,HumanEval/80,HumanEval/80::480,permit_d72e488da4be1f9c219b228ed5ce814a,1,fail,b5d22d3410b65669a6034d02eb3c8216e34eec82fe304f26fa301749c495a80b,f9f9a1a81953271accc2d2c24b5dfc8011660c36265776c97b05f83586751e77,34e4875039a3de487e4e9908a81de8c5ca56aa1ea81d885efd2fafd54cb4d033,e05cebc18c2dab444215fb826377edb0480db72e2bf33ed776afbbc2a1d7f150,1,1,0.0,0.0019699659999332653,0.20399999999790452,0.0363979,0.2446147,0.248856,primary,False
r128,evaluation_16,ecrc,depth_first,normal,HumanEval/80,HumanEval/80::383,permit_3f1e61450ef9b5d35e16126fbf021c7c,2,fail,8360db27b0781ae8a424bcabde8827cacca29ea030e30ae80706dbfe4748c21a,fba1d90d53d80219f4ebddf60a1912c2e3d8a78ae4f77ff1fc3b2e9946bb76ce,34e4875039a3de487e4e9908a81de8c5ca56aa1ea81d885efd2fafd54cb4d033,e05cebc18c2dab444215fb826377edb0480db72e2bf33ed776afbbc2a1d7f150,2,1,0.0,0.0019031049999966854,0.20399999999790452,0.2860268,0.5005082,0.5094654,primary,False
r128,evaluation_16,ecrc,depth_first,normal,HumanEval/80,HumanEval/80::243,permit_56bd26b5b9483fd517a71fb602e09f2e,3,pass,eac7156aa38c7a157d87b1261355ad202ad3c8b2f2d87d71f452133f2f6b7e78,91bfd0b570403ee1c460aae049d72d93625a76cf341187f87791e53e616576fc,34e4875039a3de487e4e9908a81de8c5ca56aa1ea81d885efd2fafd54cb4d033,e05cebc18c2dab444215fb826377edb0480db72e2bf33ed776afbbc2a1d7f150,3,1,0.001333,0.0019468030000098224,0.21900000001187436,0.5372803,0.7601357,0.7689793,primary,False
r128,evaluation_16,ecrc,depth_first,normal,HumanEval/57,HumanEval/57::318,permit_14ebddd617adf5c611d0a06b663ddbf5,4,pass,1c9c245b0d75f25789546451cabfd4a784187bd2ba47cbce9322b2781824407e,e14136e6dd0bfe67d051c4d163bb388a1d96cf088be8fee6f63c3cbea8d70067,bf657f12f0c19f1746226e36d3fbdb7bc937b36eca525f2d4bdfb4b12e5333a5,e05cebc18c2dab444215fb826377edb0480db72e2bf33ed776afbbc2a1d7f150,4,1,0.0,0.002001090000021577,0.21899999998277053,0.8049366,1.0200879,1.0395109,primary,False
r128,evaluation_16,ecrc,depth_first,normal,HumanEval/163,HumanEval/163::166,permit_65d6b148adb30d8fe5fb6fc65ff842d4,5,fail,cc25966a331c663131b043a9c72be6d4cce5464ca322f116e5d462073f4a6a83,25313853eec477baa23cb5a835fff53b5a9a34fc4c6b818891a24267f897611f,9bb2b63208b764da7bbda37fe28bf41807ab33b70af01de9a5f2b208eddb565e,e05cebc18c2dab444215fb826377edb0480db72e2bf33ed776afbbc2a1d7f150,5,1,0.001594,0.0020339920000651546,0.21799999999348074,1.0719734,1.285627,1.2998652,primary,False
r128,evaluation_16,ecrc,depth_first,normal,HumanEval/163,HumanEval/163::89,permit_28ca844cd4cd4ecf45cca53ab37490eb,6,fail,d1121a7658bb3b54b0ba9d4bfd5559c990e68cf3d4f23851497d73259639c3c1,363c45aaf2562dc77aa8b191ba844e8c1ed97bc19731c2e61cada7b2f2fc5128,9bb2b63208b764da7bbda37fe28bf41807ab33b70af01de9a5f2b208eddb565e,e05cebc18c2dab444215fb826377edb0480db72e2bf33ed776afbbc2a1d7f150,6,1,0.001344,0.002009636000025239,0.21900000001187436,1.3382555,1.5523435,1.5578193,primary,False
r128,evaluation_16,ecrc,depth_first,normal,HumanEval/163,HumanEval/163::27,permit_2de3c7f4f5ff86167f83690e4b69e156,7,fail,e477bb87c6a296d07733212a4c74f1bba592ebc554dee1995228a3e90bdf7d74,5a5bc55b921e5d4acc1d017f19b607f67c54623bf1bf87f1325882fd216da3f1,9bb2b63208b764da7bbda37fe28bf41807ab33b70af01de9a5f2b208eddb565e,e05cebc18c2dab444215fb826377edb0480db72e2bf33ed776afbbc2a1d7f150,7,1,0.0,0.002176763000079518,0.21900000001187436,1.5881664,1.8136656,1.8181431,primary,False
r128,evaluation_16,ecrc,depth_first,normal,HumanEval/163,HumanEval/163::239,permit_7b18b8893440ae6fb7bc1c3a41af145f,8,fail,a68359c7580eb57b2d88a02cbe2fafd05cb47b4c18291eedd7a1a8cf403c694c,a14df94929c69bc635f4e3ab04550250dcf79b2631ff76984eab143dac4c67f9,9bb2b63208b764da7bbda37fe28bf41807ab33b70af01de9a5f2b208eddb565e,e05cebc18c2dab444215fb826377edb0480db72e2bf33ed776afbbc2a1d7f150,8,1,0.0,0.001809201000014582,0.21900000001187436,1.8556307,2.0640416,2.0825531,primary,False
r128,evaluation_16,ecrc,depth_first,normal,HumanEval/130,HumanEval/130::375,permit_c3e5e7c29f5cc59733477afd7e5343fe,9,fail,9273832db496ca515a3666f4631c1591e46e2a2d2c66d14dc65855a957172266,e3b0c44298fc1c149afbf4c8996fb92427ae41e4649b934ca495991b7852b855,9361a1eb6c37b3027ce93a07c16487ed84ee2c80eb7ffcee7f9c4a5b21d1b92a,e05cebc18c2dab444215fb826377edb0480db72e2bf33ed776afbbc2a1d7f150,9,1,0.0,0.0019398279999904844,0.20300000000861473,2.1216975,2.3269328,2.3323063,primary,False
r128,evaluation_16,ecrc,depth_first,normal,HumanEval/130,HumanEval/130::395,permit_d65383f39af4a316b892c7448a1d4385,10,fail,89e9bac711b2ad92790d4b1f611f550e246ea780caab8f6ec1a28b1db1dfe2e9,6828b4341fe844dd30610835271ecdefcbaa05fba783f9f3456423dc2a28ec59,9361a1eb6c37b3027ce93a07c16487ed84ee2c80eb7ffcee7f9c4a5b21d1b92a,e05cebc18c2dab444215fb826377edb0480db72e2bf33ed776afbbc2a1d7f150,10,1,0.0,0.002256183000099554,0.21799999999348074,2.3715904,2.5832467,2.5907724,primary,False
r128,evaluation_16,ecrc,depth_first,normal,HumanEval/130,HumanEval/130::407,permit_12b0ceebacd144971700f6a854a24b82,11,fail,1a2bfbcaab19845e7996f3ccafc2aff794077add83cf074d5a53a1e9745ebb83,422aff179bbcf51448e65d60c77c74f04910332409e607aef2a28cbcc9ac2048,9361a1eb6c37b3027ce93a07c16487ed84ee2c80eb7ffcee7f9c4a5b21d1b92a,e05cebc18c2dab444215fb826377edb0480db72e2bf33ed776afbbc2a1d7f150,11,1,0.0012749999999999999,0.0023694330000125774,0.21799999999348074,2.6214621,2.833884,2.8751968,primary,False
r128,evaluation_16,ecrc,depth_first,normal,HumanEval/130,HumanEval/130::162,permit_289b892fea1f591f50a04de79713ad96,12,fail,575cca9476689c39d109e4d892c5ec1fd511933d6006206834ecfec2d7ce7041,e900307b6b52a9cc5c7bdf403405b43db1820ea439380c9b6432512f1bad1448,9361a1eb6c37b3027ce93a07c16487ed84ee2c80eb7ffcee7f9c4a5b21d1b92a,e05cebc18c2dab444215fb826377edb0480db72e2bf33ed776afbbc2a1d7f150,12,1,0.000529,0.0024881069999764804,0.235000000015134,2.9937438,3.2032287,3.2082571,primary,False
r128,evaluation_16,ecrc,depth_first,normal,HumanEval/39,HumanEval/39::440,permit_8be29075e727bf22beda35f1bea8f51d,13,fail,e864b7f54cb56c42798077ffe94c18502acd828a4b504ed05381fbf2ac424880,0f58295f587b7071af07b62a94507c216f26ca417e7a378498bd35f2f4e23af2,c47576f016a2575e8c434bd4d2c7c120c0c6f06ac2b7e2d06125b5cac605ee0b,e05cebc18c2dab444215fb826377edb0480db72e2bf33ed776afbbc2a1d7f150,13,1,0.0,0.0020716149999771005,0.21799999999348074,3.2475325,3.4630526,3.4674415,primary,False
r128,evaluation_16,ecrc,depth_first,normal,HumanEval/39,HumanEval/39::377,permit_f96e164a3988312ae1f87c08c4b92964,14,pass,daeb913e3406d7489aacfdafbafa9956e14303cfdee4b243113fe1c6c8e37c90,7af5803c8194910cf326e00cc6a5a053ced3f7f025ec380f57405b0a6f662230,c47576f016a2575e8c434bd4d2c7c120c0c6f06ac2b7e2d06125b5cac605ee0b,e05cebc18c2dab444215fb826377edb0480db72e2bf33ed776afbbc2a1d7f150,14,1,0.001401,0.002928928000073938,0.21799999999348074,3.4976783,3.7117562,3.7220531,primary,False
r128,evaluation_16,ecrc,depth_first,normal,HumanEval/81,HumanEval/81::16,permit_f74aeea7f258855c97277148325f2ad0,15,pass,befbd637d644adbea1f9aa0c60bcf87607e5638b40e222d93ba9a21f093d5ac5,d2a5f43ee2c58cce7a704f295670c7eb9d2302c98fbf4a2209bc048ff1397e63,cbed46920d6d1d17148ed7dbda008b67083d3d30b1d13ca470ad1f301ccc79b4,e05cebc18c2dab444215fb826377edb0480db72e2bf33ed776afbbc2a1d7f150,15,1,4.2999999999999995e-05,0.0020147559999941222,0.21899999998277053,3.7638214,4.0009721,4.0056015,primary,False
r128,evaluation_16,ecrc,depth_first,normal,HumanEval/95,HumanEval/95::385,permit_058cf595955f35841afd5defae9b620a,16,pass,ab3f049bad507b055e129ab1b723f6c7470944a12ae96f4b5fa525d7949e29b7,f35607b010aea0aff3f56f8f488b55e83001308dea4369edbfc9362639963ae9,6a31e8aa83fd37d0861325cbda8f1ecfed005b156e2fd7129e0b34dd04a41300,e05cebc18c2dab444215fb826377edb0480db72e2bf33ed776afbbc2a1d7f150,16,1,0.000192,0.002119264000043586,0.20300000000861473,4.0192222,4.2270249,4.2321363,primary,False
r129,evaluation_17,ecrc,depth_first,normal,HumanEval/115,HumanEval/115::188,permit_c5e0d0695590a8d36bad15391f738def,1,fail,e23ff85dc6570a4096160c4c9d8743b4e9cb89afa5e0cc78084dd4fac4d38802,0efccbb8a1f35aa458fcd16bc403abe63fbc1044a645a8bf7b796b1e7af8ef2d,4c4204e3db20aff8037d8a59d958949667cc53c3beb00f3a790e927c4b1dea69,e05cebc18c2dab444215fb826377edb0480db72e2bf33ed776afbbc2a1d7f150,1,1,0.0,0.001937575000056313,0.21899999998277053,0.0299025,0.2387401,0.2436352,primary,False
r129,evaluation_17,ecrc,depth_first,normal,HumanEval/115,HumanEval/115::192,permit_1189979326f6eb764d89d00507c3bf9f,2,fail,1105bc0a04dbd23b7070e370e88b8947d34e990d3b4ecb3c78cecc32452a4c1a,10fd70e33ffd105b5bb9287b4b4d31dbad3fa50f9630e8fa93c34405144fff6d,4c4204e3db20aff8037d8a59d958949667cc53c3beb00f3a790e927c4b1dea69,e05cebc18c2dab444215fb826377edb0480db72e2bf33ed776afbbc2a1d7f150,2,1,0.0,0.0025219530000413215,0.20300000000861473,0.2800176,0.4841219,0.4885568,primary,False
r129,evaluation_17,ecrc,depth_first,normal,HumanEval/115,HumanEval/115::485,permit_dd966228dbc5344ec35c30eb1d82b6ec,3,fail,e0b17d9e56fed66126db4908a75ac81c4978449fa5c2530b904db91a2739899d,073faffcd35031f25de374dabc1f1ee468e9d2f556495aa1a8484d26f807340a,4c4204e3db20aff8037d8a59d958949667cc53c3beb00f3a790e927c4b1dea69,e05cebc18c2dab444215fb826377edb0480db72e2bf33ed776afbbc2a1d7f150,3,1,0.001035,0.0022418569999445026,0.20300000000861473,0.5262031,0.734359,0.7398534,primary,False
r129,evaluation_17,ecrc,depth_first,normal,HumanEval/115,HumanEval/115::71,permit_e5b77547a09efd3e154ac12493dd1f31,4,pass,8235ddfa448093811826c554b536fbf20dbcdf11c6c4a6321107a35ef080a0ab,7fa5d53d16d4f49065a4023caa6303dca366aeca3dd15e08757db3dea0181442,4c4204e3db20aff8037d8a59d958949667cc53c3beb00f3a790e927c4b1dea69,e05cebc18c2dab444215fb826377edb0480db72e2bf33ed776afbbc2a1d7f150,4,1,0.0,0.0019033739999940735,0.20399999999790452,0.7562211,0.9714053,0.9764449,primary,False
r129,evaluation_17,ecrc,depth_first,normal,HumanEval/159,HumanEval/159::54,permit_52ea290cb8550a19d31c2cae4d92e855,5,fail,d4603e8d25369ebef7679b2890b1204546ed2c02659e6aefa9b33f1b7a6d9060,5325466574d9c6323fe9b57875281a1ddcb8320a65d28ef18932dee493be7689,25bb67e89c0aca13a3ae58dd999ad79fe8e13bbb773cb823cbaa7d329580b385,e05cebc18c2dab444215fb826377edb0480db72e2bf33ed776afbbc2a1d7f150,5,1,0.0,0.0020970520000673787,0.21900000001187436,1.0105132,1.2294164,1.2340774,primary,False
r129,evaluation_17,ecrc,depth_first,normal,HumanEval/159,HumanEval/159::143,permit_727060af1e9c073818503e67beec2feb,6,fail,f508e8c034821df4a554c3e3c4908e02f270d526c48f9df39584ebe3b74f402d,5a6d2b13937ee3e94e3e3c61722778e8a83edf38dcba4987d9893847f04290ad,25bb67e89c0aca13a3ae58dd999ad79fe8e13bbb773cb823cbaa7d329580b385,e05cebc18c2dab444215fb826377edb0480db72e2bf33ed776afbbc2a1d7f150,6,1,0.0,0.002159495999990213,0.21900000001187436,1.2609756,1.4782106,1.4831718,primary,False
r129,evaluation_17,ecrc,depth_first,normal,HumanEval/159,HumanEval/159::159,permit_79c113cfee059566b0d3abe96db0c963,7,fail,4d3d0634b1f6985b74d3ac6f6bd4744cc6441616d9b3c86bd331a811945f34bd,3973387e8463e6142e7b97f6a02b1448438a5bcb68f5c5486360d55fd59ed7f0,25bb67e89c0aca13a3ae58dd999ad79fe8e13bbb773cb823cbaa7d329580b385,e05cebc18c2dab444215fb826377edb0480db72e2bf33ed776afbbc2a1d7f150,7,1,0.0,0.0019295050000209812,0.20399999999790452,1.5107516,1.7180431,1.7228397,primary,False
r129,evaluation_17,ecrc,depth_first,normal,HumanEval/159,HumanEval/159::26,permit_086381b3af2eb54ca122038e7348343a,8,fail,11275d05237d192ea04a10e3ebb969430637e20f11ec69656171cc916355ee30,3d8247ebf9ec2417a155fd668e930c877d599afc3d4f1f316cf959f5cf35f532,25bb67e89c0aca13a3ae58dd999ad79fe8e13bbb773cb823cbaa7d329580b385,e05cebc18c2dab444215fb826377edb0480db72e2bf33ed776afbbc2a1d7f150,8,1,0.0,0.0019013220000942965,0.20399999999790452,1.7611484,1.9678863,1.9728647,primary,False
r129,evaluation_17,ecrc,depth_first,normal,HumanEval/75,HumanEval/75::259,permit_3194cde832fd60b8a642269aea28c4eb,9,fail,1c1a46cd1af7ab7513ee9894b1efee0a0425d862753256c5e15079584a7fa55c,ccd6716fb5a6f08f1b6adcb507b7b4422d1710f97946f411576c60128518920e,8a071b42e9a9950bed4840c776ec9bedd9a9e99efca26c3c32dd7beb972d8aa5,e05cebc18c2dab444215fb826377edb0480db72e2bf33ed776afbbc2a1d7f150,9,1,0.0,0.0019658479999407064,0.21900000001187436,2.0065079,2.2142508,2.2193384,primary,False
r129,evaluation_17,ecrc,depth_first,normal,HumanEval/75,HumanEval/75::132,permit_8c5ba9034716ed6b1b5a31a82512b6e6,10,fail,d0d4bdabd8ed966570e2d3f53dad98fee44d29de53dbf986cdc70d18f11d5de9,a9f6c5f068349378e482f5ee6519e0d2916efcf58a9bec776118ab8bb0acfdcf,8a071b42e9a9950bed4840c776ec9bedd9a9e99efca26c3c32dd7beb972d8aa5,e05cebc18c2dab444215fb826377edb0480db72e2bf33ed776afbbc2a1d7f150,10,1,0.0,0.002288675999920997,0.21900000001187436,2.2645414,2.4711332,2.4755337,primary,False
r129,evaluation_17,ecrc,depth_first,normal,HumanEval/75,HumanEval/75::225,permit_7762f0353ecd514904cbdee66532b816,11,fail,a6f2992c0bdc6c62ca2e471e0b1a9a08cdd7fcfd74e8b4997152c9a1f786fa74,6a275a0ac5afe54d12e036c26ff208bdb252abe7ae7340d9d850dd63704ada4c,8a071b42e9a9950bed4840c776ec9bedd9a9e99efca26c3c32dd7beb972d8aa5,e05cebc18c2dab444215fb826377edb0480db72e2bf33ed776afbbc2a1d7f150,11,1,0.001121,0.0019393440001067574,0.21899999998277053,2.5302374,2.7367348,2.7411693,primary,False
r129,evaluation_17,ecrc,depth_first,normal,HumanEval/75,HumanEval/75::424,permit_19accaf43778ad84544f2d6478685442,12,pass,fecb7fbc1fefb4b78926cdffdabac7431646f1fba39835392d4052acb1895b92,c7af013e49b919e8168a476fea3324eaed80d817054c3dc43603a1081c8c39da,8a071b42e9a9950bed4840c776ec9bedd9a9e99efca26c3c32dd7beb972d8aa5,e05cebc18c2dab444215fb826377edb0480db72e2bf33ed776afbbc2a1d7f150,12,1,0.0,0.0022093960000120205,0.21899999998277053,2.7802418,2.9918408,2.9973765,primary,False
r129,evaluation_17,ecrc,depth_first,normal,HumanEval/28,HumanEval/28::66,permit_ade4b4b60e11386b62347ee34742acc2,13,pass,ed171b33f3abb4d4485163d12de43745e095d79c9aa6bcaf1d9b8c5a0f78a794,12f190607f2601bcb920c8df5faa11397ccaa6ca1454f3044389570a45d4b821,c9c52e750ee61d91b96fe2998f6ee85753e2c50f2ef4172936b7d4156fc86446,e05cebc18c2dab444215fb826377edb0480db72e2bf33ed776afbbc2a1d7f150,13,1,0.0,0.0021773639999764782,0.21899999998277053,3.028676,3.2471395,3.252347,primary,False
r129,evaluation_17,ecrc,depth_first,normal,HumanEval/114,HumanEval/114::466,permit_7da450a5e434a957fd8c70809984ad8b,14,pass,8205ea3946b10dd445ede2e8add4d02f8bd1fa8a66d77d0f839f47406a330aa2,3030640aa091a35c316d14d364c46b2abb877a2d4c62bec9a13be229a72ea7a5,9b3e7fefefcfc35a1d0d1cbaf07a9613a733b7767e266122a30488d45e482a47,e05cebc18c2dab444215fb826377edb0480db72e2bf33ed776afbbc2a1d7f150,14,1,0.0,0.0019193710000990905,0.20300000000861473,3.2663732,3.482453,3.4868423,primary,False
r129,evaluation_17,ecrc,depth_first,normal,HumanEval/119,HumanEval/119::211,permit_ff2a46599b9122a1273e724cc97b1fdb,15,fail,00ee4c0483da46dcb22e291440569ea522bd42d47210e94251b4f21b55be36b1,43174e0847cfa28dcfc73a14c7f19a582079edd8efee46f4236528558f7e648c,ebfff0666c1afaec8dc435fef9785d604f9de082e1a6cfdbfd917feb514b9b00,e05cebc18c2dab444215fb826377edb0480db72e2bf33ed776afbbc2a1d7f150,15,1,0.000192,0.0020653520000450953,0.23499999998603016,3.5120275,3.747727,3.7525722,primary,False
r129,evaluation_17,ecrc,depth_first,normal,HumanEval/119,HumanEval/119::260,permit_601bfaff03119ae6e759d00d3d0fbf6c,16,fail,08c52a11f0805770b50b4c02ce5e9b556812b6b0edaf93b85850486447932c00,f1c993d173f7827e3e3e0fa9082a6a30ac303e9da85faf598b18a5a3688640a7,ebfff0666c1afaec8dc435fef9785d604f9de082e1a6cfdbfd917feb514b9b00,e05cebc18c2dab444215fb826377edb0480db72e2bf33ed776afbbc2a1d7f150,16,1,0.001302,0.002044898999997713,0.21899999998277053,3.7784641,3.9886676,3.9932861,primary,False
r130,evaluation_17,ordinary,depth_first,normal,HumanEval/115,HumanEval/115::188,ordinary-permit-20a7ba6737ca893c69735826aa88cd65,1,fail,9f6b5ad7b8ba24315c38ae2b835782b8c2a769e15d1947ff3d495d9819774aa4,0efccbb8a1f35aa458fcd16bc403abe63fbc1044a645a8bf7b796b1e7af8ef2d,4c4204e3db20aff8037d8a59d958949667cc53c3beb00f3a790e927c4b1dea69,e05cebc18c2dab444215fb826377edb0480db72e2bf33ed776afbbc2a1d7f150,1,1,0.0,0.0021972419999656267,0.20300000000861473,0.03932,0.2451916,0.2494601,primary,False
r130,evaluation_17,ordinary,depth_first,normal,HumanEval/115,HumanEval/115::192,ordinary-permit-e66d1c246047d21ce1c3235a1b50d7a5,2,fail,4703a452f813529b30f10a79dbca80a7cd8ba2d43db96defa7b71568fe4ed491,10fd70e33ffd105b5bb9287b4b4d31dbad3fa50f9630e8fa93c34405144fff6d,4c4204e3db20aff8037d8a59d958949667cc53c3beb00f3a790e927c4b1dea69,e05cebc18c2dab444215fb826377edb0480db72e2bf33ed776afbbc2a1d7f150,2,1,0.0,0.0023238919999357677,0.21900000001187436,0.2765856,0.4834247,0.487976,primary,False
r130,evaluation_17,ordinary,depth_first,normal,HumanEval/115,HumanEval/115::485,ordinary-permit-2f460db0f1b0c1dad88e739a1e54aae3,3,fail,2f30bc10598703cf27fa15fcffaed86e5d199dba76734dbf16c0b6ff66a9760b,073faffcd35031f25de374dabc1f1ee468e9d2f556495aa1a8484d26f807340a,4c4204e3db20aff8037d8a59d958949667cc53c3beb00f3a790e927c4b1dea69,e05cebc18c2dab444215fb826377edb0480db72e2bf33ed776afbbc2a1d7f150,3,1,0.0,0.0022746280000092156,0.20300000000861473,0.5260597,0.7320732,0.7363258,primary,False
r130,evaluation_17,ordinary,depth_first,normal,HumanEval/115,HumanEval/115::71,ordinary-permit-1d4c57529fa67bfde8dbce056ff9b662,4,pass,bf87a159d461685513bbf712b7668edca610a0f3099bb4b1f7ad357597bbce68,7fa5d53d16d4f49065a4023caa6303dca366aeca3dd15e08757db3dea0181442,4c4204e3db20aff8037d8a59d958949667cc53c3beb00f3a790e927c4b1dea69,e05cebc18c2dab444215fb826377edb0480db72e2bf33ed776afbbc2a1d7f150,4,1,0.0009609999999999999,0.0021437000000332773,0.2029999999795109,0.7604011,0.965385,0.9696046,primary,False
r130,evaluation_17,ordinary,depth_first,normal,HumanEval/159,HumanEval/159::54,ordinary-permit-b421f9d5e9a33a01b7b126909c1462d3,5,fail,418015fd2aa8d63c5aed1646bce9acf69e7cdd89c7bd129d34b726cdbb5c8918,5325466574d9c6323fe9b57875281a1ddcb8320a65d28ef18932dee493be7689,25bb67e89c0aca13a3ae58dd999ad79fe8e13bbb773cb823cbaa7d329580b385,e05cebc18c2dab444215fb826377edb0480db72e2bf33ed776afbbc2a1d7f150,5,1,0.0008669999999999999,0.0021278899999970236,0.2029999999795109,0.9987439,1.2119169,1.2166979,primary,False
r130,evaluation_17,ordinary,depth_first,normal,HumanEval/159,HumanEval/159::143,ordinary-permit-97645bc638075a9c1d010c223ca9cfc6,6,fail,172bb15368314bf135b20f83a8724a4ba4eaccd20a51ce5145c132c8c63cf7c2,5a6d2b13937ee3e94e3e3c61722778e8a83edf38dcba4987d9893847f04290ad,25bb67e89c0aca13a3ae58dd999ad79fe8e13bbb773cb823cbaa7d329580b385,e05cebc18c2dab444215fb826377edb0480db72e2bf33ed776afbbc2a1d7f150,6,1,0.0,0.0020447729999659714,0.2029999999795109,1.2483496,1.4541014,1.4585973,primary,False
r130,evaluation_17,ordinary,depth_first,normal,HumanEval/159,HumanEval/159::159,ordinary-permit-33cdce5e2ddab5918bf2712cd82edabd,7,fail,edf5892bd42f5c31607f84d4cd5f4fd7b22ade55580118a45647a639c90dd17c,3973387e8463e6142e7b97f6a02b1448438a5bcb68f5c5486360d55fd59ed7f0,25bb67e89c0aca13a3ae58dd999ad79fe8e13bbb773cb823cbaa7d329580b385,e05cebc18c2dab444215fb826377edb0480db72e2bf33ed776afbbc2a1d7f150,7,1,0.000664,0.002014446000089265,0.20300000000861473,1.4848543,1.688336,1.6925905,primary,False
r130,evaluation_17,ordinary,depth_first,normal,HumanEval/159,HumanEval/159::26,ordinary-permit-2661e628dc75be567f257b49775e3aec,8,fail,f1a3ffea6295f2ed0180139a48ef08c6ea03b2bf810d56cb587b97c9b70640a5,3d8247ebf9ec2417a155fd668e930c877d599afc3d4f1f316cf959f5cf35f532,25bb67e89c0aca13a3ae58dd999ad79fe8e13bbb773cb823cbaa7d329580b385,e05cebc18c2dab444215fb826377edb0480db72e2bf33ed776afbbc2a1d7f150,8,1,0.001258,0.0020217889999685212,0.20399999999790452,1.7199494,1.9254622,1.9302163,primary,False
r130,evaluation_17,ordinary,depth_first,normal,HumanEval/75,HumanEval/75::259,ordinary-permit-51c0a0eb47a665f93897833c1dd2adb0,9,fail,e2fdd2b6f9bdcc812425a21a6fb6e99c372d1f38a951c7b1ebc991e993b4e42e,ccd6716fb5a6f08f1b6adcb507b7b4422d1710f97946f411576c60128518920e,8a071b42e9a9950bed4840c776ec9bedd9a9e99efca26c3c32dd7beb972d8aa5,e05cebc18c2dab444215fb826377edb0480db72e2bf33ed776afbbc2a1d7f150,9,1,0.001302,0.0021300739999787766,0.20300000000861473,1.9546145,2.1611759,2.1659074,primary,False
r130,evaluation_17,ordinary,depth_first,normal,HumanEval/75,HumanEval/75::132,ordinary-permit-c3f62ea59ead7e8755944b5f61e30a4f,10,fail,7d013ae3e09d07803dbef042a74ac1cb0367608fb676f40405557de01d075810,a9f6c5f068349378e482f5ee6519e0d2916efcf58a9bec776118ab8bb0acfdcf,8a071b42e9a9950bed4840c776ec9bedd9a9e99efca26c3c32dd7beb972d8aa5,e05cebc18c2dab444215fb826377edb0480db72e2bf33ed776afbbc2a1d7f150,10,1,0.0,0.0020963700000038443,0.2029999999795109,2.1925527,2.3988818,2.4031418,primary,False
r130,evaluation_17,ordinary,depth_first,normal,HumanEval/75,HumanEval/75::225,ordinary-permit-ab75d145f0afb740244e22eeb6332b53,11,fail,435b7ca2582eda6eb53f96b95c2202425fe8a82d87eb5410c73111e1242a3ce1,6a275a0ac5afe54d12e036c26ff208bdb252abe7ae7340d9d850dd63704ada4c,8a071b42e9a9950bed4840c776ec9bedd9a9e99efca26c3c32dd7beb972d8aa5,e05cebc18c2dab444215fb826377edb0480db72e2bf33ed776afbbc2a1d7f150,11,1,0.001802,0.002194665999923018,0.20300000000861473,2.4273373,2.6360419,2.6403424,primary,False
r130,evaluation_17,ordinary,depth_first,normal,HumanEval/75,HumanEval/75::424,ordinary-permit-5898e5897cc0591202e836429a4a2cb8,12,pass,ba23aa12ed846bda980d05e684576e38faafe070dc442001b796e4cd7b359c27,c7af013e49b919e8168a476fea3324eaed80d817054c3dc43603a1081c8c39da,8a071b42e9a9950bed4840c776ec9bedd9a9e99efca26c3c32dd7beb972d8aa5,e05cebc18c2dab444215fb826377edb0480db72e2bf33ed776afbbc2a1d7f150,12,1,0.000699,0.002150613000026169,0.20300000000861473,2.6624507,2.8686653,2.873002,primary,False
r130,evaluation_17,ordinary,depth_first,normal,HumanEval/28,HumanEval/28::66,ordinary-permit-8d372870648f3d27effe7d284cf3b769,13,pass,ed6a8f25d2a18c2d1e20270e3da169012f63f6892cf78183ff8c639f1dd316d4,12f190607f2601bcb920c8df5faa11397ccaa6ca1454f3044389570a45d4b821,c9c52e750ee61d91b96fe2998f6ee85753e2c50f2ef4172936b7d4156fc86446,e05cebc18c2dab444215fb826377edb0480db72e2bf33ed776afbbc2a1d7f150,13,1,0.0,0.002379507000000558,0.21900000001187436,2.9121298,3.1238083,3.1285947,primary,False
r130,evaluation_17,ordinary,depth_first,normal,HumanEval/114,HumanEval/114::466,ordinary-permit-fe315870ebe8ae90dc5717dfe1afc70e,14,pass,7641ebe62e6d6e032dcf2fc7008fc086033ec70b54463abacb98ed77bd73f92f,3030640aa091a35c316d14d364c46b2abb877a2d4c62bec9a13be229a72ea7a5,9b3e7fefefcfc35a1d0d1cbaf07a9613a733b7767e266122a30488d45e482a47,e05cebc18c2dab444215fb826377edb0480db72e2bf33ed776afbbc2a1d7f150,14,1,0.0,0.0018346150000070338,0.21900000001187436,3.1636989,3.3754859,3.379806,primary,False
r130,evaluation_17,ordinary,depth_first,normal,HumanEval/119,HumanEval/119::211,ordinary-permit-2d455712ba35de37a6c8cdbe0153a0d9,15,fail,6835bf42f32eea12891a003478a10576bf94f86a528d01d7987eb5236b19cb1b,43174e0847cfa28dcfc73a14c7f19a582079edd8efee46f4236528558f7e648c,ebfff0666c1afaec8dc435fef9785d604f9de082e1a6cfdbfd917feb514b9b00,e05cebc18c2dab444215fb826377edb0480db72e2bf33ed776afbbc2a1d7f150,15,1,0.0,0.0019128280000586528,0.20300000000861473,3.3913087,3.5981718,3.602271,primary,False
r130,evaluation_17,ordinary,depth_first,normal,HumanEval/119,HumanEval/119::260,ordinary-permit-e1a8b39c5abc1ee6d8ac075ad99358d4,16,fail,0e5b0f6db5b5f2fb54be34a38375b415cdfa5ea0b051b1c0aa87fd76f081bce3,f1c993d173f7827e3e3e0fa9082a6a30ac303e9da85faf598b18a5a3688640a7,ebfff0666c1afaec8dc435fef9785d604f9de082e1a6cfdbfd917feb514b9b00,e05cebc18c2dab444215fb826377edb0480db72e2bf33ed776afbbc2a1d7f150,16,1,0.0,0.0020095559999617763,0.21799999999348074,3.6327745,3.8420776,3.846136,primary,False
r131,evaluation_17,ordinary,round_robin,normal,HumanEval/115,HumanEval/115::188,ordinary-permit-20a7ba6737ca893c69735826aa88cd65,1,fail,82f752fa458426a7a7f87317cd401c21f291228e7652ec34313c7c334bba8c5d,0efccbb8a1f35aa458fcd16bc403abe63fbc1044a645a8bf7b796b1e7af8ef2d,4c4204e3db20aff8037d8a59d958949667cc53c3beb00f3a790e927c4b1dea69,e05cebc18c2dab444215fb826377edb0480db72e2bf33ed776afbbc2a1d7f150,1,1,0.000279,0.0021621699999059274,0.20300000000861473,0.0246766,0.2332572,0.237293,primary,False
r131,evaluation_17,ordinary,round_robin,normal,HumanEval/159,HumanEval/159::54,ordinary-permit-b421f9d5e9a33a01b7b126909c1462d3,2,fail,1a3ad1120313d79e035c28f86cc6f637f5085a6ac66c5adee6f479314f5c66dc,5325466574d9c6323fe9b57875281a1ddcb8320a65d28ef18932dee493be7689,25bb67e89c0aca13a3ae58dd999ad79fe8e13bbb773cb823cbaa7d329580b385,e05cebc18c2dab444215fb826377edb0480db72e2bf33ed776afbbc2a1d7f150,2,1,0.0,0.002095328999985213,0.20300000000861473,0.2598201,0.4678199,0.4723332,primary,False
r131,evaluation_17,ordinary,round_robin,normal,HumanEval/75,HumanEval/75::259,ordinary-permit-51c0a0eb47a665f93897833c1dd2adb0,3,fail,d9d475a278c86373cf3e914bc34b4c404baefb9a5965f5a7b2c444541332a134,ccd6716fb5a6f08f1b6adcb507b7b4422d1710f97946f411576c60128518920e,8a071b42e9a9950bed4840c776ec9bedd9a9e99efca26c3c32dd7beb972d8aa5,e05cebc18c2dab444215fb826377edb0480db72e2bf33ed776afbbc2a1d7f150,3,1,0.0,0.0019008010000334252,0.21799999999348074,0.5070697,0.7146475,0.7184745,primary,False
r131,evaluation_17,ordinary,round_robin,normal,HumanEval/28,HumanEval/28::66,ordinary-permit-8d372870648f3d27effe7d284cf3b769,4,pass,cd214f28a54ca3f3cf9fffa5f528df367178288ad9123a6e7bc4e257de0d29c8,12f190607f2601bcb920c8df5faa11397ccaa6ca1454f3044389570a45d4b821,c9c52e750ee61d91b96fe2998f6ee85753e2c50f2ef4172936b7d4156fc86446,e05cebc18c2dab444215fb826377edb0480db72e2bf33ed776afbbc2a1d7f150,4,1,0.0,0.0022309849999828657,0.20300000000861473,0.7404523,0.946762,0.9511605,primary,False
r131,evaluation_17,ordinary,round_robin,normal,HumanEval/114,HumanEval/114::466,ordinary-permit-fe315870ebe8ae90dc5717dfe1afc70e,5,pass,3ab1ea4cbe6084d35b6aa56c2024bfa251f88cb7d584cfa183201e3865a96886,3030640aa091a35c316d14d364c46b2abb877a2d4c62bec9a13be229a72ea7a5,9b3e7fefefcfc35a1d0d1cbaf07a9613a733b7767e266122a30488d45e482a47,e05cebc18c2dab444215fb826377edb0480db72e2bf33ed776afbbc2a1d7f150,5,1,0.0,0.0022124910000229647,0.20399999999790452,0.9649632,1.171169,1.1756945,primary,False
r131,evaluation_17,ordinary,round_robin,normal,HumanEval/119,HumanEval/119::211,ordinary-permit-2d455712ba35de37a6c8cdbe0153a0d9,6,fail,78db101fd9cc93f281d656614b80560e127e80639efa4276b083e5ae6090526c,43174e0847cfa28dcfc73a14c7f19a582079edd8efee46f4236528558f7e648c,ebfff0666c1afaec8dc435fef9785d604f9de082e1a6cfdbfd917feb514b9b00,e05cebc18c2dab444215fb826377edb0480db72e2bf33ed776afbbc2a1d7f150,6,1,0.0,0.0021966770000290126,0.21900000001187436,1.2042597,1.4172554,1.4217195,primary,False
r131,evaluation_17,ordinary,round_robin,normal,HumanEval/116,HumanEval/116::212,ordinary-permit-d157bba299b91acc85f9c49742f94975,7,pass,79a9c516c2994491f1da89a3707b973fb718508eb37c80853f7154a86e5e2a01,3584462e1e812b91226d5f14ffae604b35ffe546e7e426158f6ec3b6fba92a04,91dd1025178ddcd19a9fbf8389f77205cfc91279bd7f97456cdfc058d71aa42c,e05cebc18c2dab444215fb826377edb0480db72e2bf33ed776afbbc2a1d7f150,7,1,0.0,0.0018929999999954816,0.20300000000861473,1.4522019,1.659861,1.6637967,primary,False
r131,evaluation_17,ordinary,round_robin,normal,HumanEval/102,HumanEval/102::84,ordinary-permit-a711883947c081b9455a1e23c81a1787,8,fail,b6750f0f22b5ab502256dd7b9465bbe504e987d597be62bd65c2a3ed9bdef9ad,2bdc3d5b2240beae88fd24f77e29741b54bb1259073035f046e5c1b8f8af3487,adad7143b0937ce02184d565baffda6b2a7d8fbaaf33400e5784a9abdaa9132e,e05cebc18c2dab444215fb826377edb0480db72e2bf33ed776afbbc2a1d7f150,8,1,0.00104,0.002356564000024264,0.2029999999795109,1.6862659,1.8936226,1.8980439,primary,False
r131,evaluation_17,ordinary,round_robin,normal,HumanEval/115,HumanEval/115::192,ordinary-permit-e66d1c246047d21ce1c3235a1b50d7a5,9,fail,c070278fda4e092d6a7951a5d010f083c5ca12abb527fef02da0e005c7778e48,10fd70e33ffd105b5bb9287b4b4d31dbad3fa50f9630e8fa93c34405144fff6d,4c4204e3db20aff8037d8a59d958949667cc53c3beb00f3a790e927c4b1dea69,e05cebc18c2dab444215fb826377edb0480db72e2bf33ed776afbbc2a1d7f150,9,1,0.000337,0.0023227499999620704,0.20300000000861473,1.9212776,2.1294257,2.1333546,primary,False
r131,evaluation_17,ordinary,round_robin,normal,HumanEval/159,HumanEval/159::143,ordinary-permit-97645bc638075a9c1d010c223ca9cfc6,10,fail,1194ffeeff2184cc8fd08eedcd7b79bd4b09ab7091e657c57dc1e63c4a914385,5a6d2b13937ee3e94e3e3c61722778e8a83edf38dcba4987d9893847f04290ad,25bb67e89c0aca13a3ae58dd999ad79fe8e13bbb773cb823cbaa7d329580b385,e05cebc18c2dab444215fb826377edb0480db72e2bf33ed776afbbc2a1d7f150,10,1,2.9999999999999997e-05,0.0021179520000487173,0.20300000000861473,2.1554633,2.3630759,2.3669642,primary,False
r131,evaluation_17,ordinary,round_robin,normal,HumanEval/75,HumanEval/75::132,ordinary-permit-c3f62ea59ead7e8755944b5f61e30a4f,11,fail,869f9b56191d03d8621a0fb8bb24b53febb871688e284118eb383bef394c276c,a9f6c5f068349378e482f5ee6519e0d2916efcf58a9bec776118ab8bb0acfdcf,8a071b42e9a9950bed4840c776ec9bedd9a9e99efca26c3c32dd7beb972d8aa5,e05cebc18c2dab444215fb826377edb0480db72e2bf33ed776afbbc2a1d7f150,11,1,0.0,0.0020669099999395257,0.20300000000861473,2.3900711,2.5989801,2.6032881,primary,False
r131,evaluation_17,ordinary,round_robin,normal,HumanEval/119,HumanEval/119::260,ordinary-permit-e1a8b39c5abc1ee6d8ac075ad99358d4,12,fail,1a3df795e2f594abd9cab351c88ca36c9d7a27613349b06d1cd4697a95f711b1,f1c993d173f7827e3e3e0fa9082a6a30ac303e9da85faf598b18a5a3688640a7,ebfff0666c1afaec8dc435fef9785d604f9de082e1a6cfdbfd917feb514b9b00,e05cebc18c2dab444215fb826377edb0480db72e2bf33ed776afbbc2a1d7f150,12,1,0.0,0.0018621220000341054,0.2029999999795109,2.6251894,2.8316982,2.8355889,primary,False
r131,evaluation_17,ordinary,round_robin,normal,HumanEval/102,HumanEval/102::381,ordinary-permit-c1126fe1137c29fbdbe9639393161ee6,13,fail,849878a97448e7bce8832dd709db0a1f56ce72f375762053445a33c338a55872,faee87ffcf3e7ca7542bc26e24cb171a5db2e9d2a5a85052b305bc672cc8349f,adad7143b0937ce02184d565baffda6b2a7d8fbaaf33400e5784a9abdaa9132e,e05cebc18c2dab444215fb826377edb0480db72e2bf33ed776afbbc2a1d7f150,13,1,0.0010819999999999998,0.0018930740000087098,0.20300000000861473,2.8585441,3.0638482,3.0682819,primary,False
r131,evaluation_17,ordinary,round_robin,normal,HumanEval/115,HumanEval/115::485,ordinary-permit-2f460db0f1b0c1dad88e739a1e54aae3,14,fail,11cf7c5741f1f787912c5ff5da50f03ca38b2dabd22512d7633d5b9ffc8b5337,073faffcd35031f25de374dabc1f1ee468e9d2f556495aa1a8484d26f807340a,4c4204e3db20aff8037d8a59d958949667cc53c3beb00f3a790e927c4b1dea69,e05cebc18c2dab444215fb826377edb0480db72e2bf33ed776afbbc2a1d7f150,14,1,0.0,0.002160783000022093,0.20399999999790452,3.0929444,3.3001275,3.3041275,primary,False
r131,evaluation_17,ordinary,round_robin,normal,HumanEval/159,HumanEval/159::159,ordinary-permit-33cdce5e2ddab5918bf2712cd82edabd,15,fail,4553022b97f22d2de57b6b243efc23e2f7a83eb4c4b15f312bfef276fd8d05d0,3973387e8463e6142e7b97f6a02b1448438a5bcb68f5c5486360d55fd59ed7f0,25bb67e89c0aca13a3ae58dd999ad79fe8e13bbb773cb823cbaa7d329580b385,e05cebc18c2dab444215fb826377edb0480db72e2bf33ed776afbbc2a1d7f150,15,1,0.0,0.002151475000005121,0.20300000000861473,3.3285625,3.5388432,3.5438711,primary,False
r131,evaluation_17,ordinary,round_robin,normal,HumanEval/75,HumanEval/75::225,ordinary-permit-ab75d145f0afb740244e22eeb6332b53,16,fail,a3b071acf2df4906be4394a46ec85974c785dd69806129cd82531852f07cb250,6a275a0ac5afe54d12e036c26ff208bdb252abe7ae7340d9d850dd63704ada4c,8a071b42e9a9950bed4840c776ec9bedd9a9e99efca26c3c32dd7beb972d8aa5,e05cebc18c2dab444215fb826377edb0480db72e2bf33ed776afbbc2a1d7f150,16,1,0.001545,0.00211174999992636,0.21900000001187436,3.5785051,3.7914829,3.7960417,primary,False
r132,evaluation_17,ecrc,round_robin,normal,HumanEval/115,HumanEval/115::188,permit_c5e0d0695590a8d36bad15391f738def,1,fail,6afa138662b70bb799d0b02a4757502b6582916d388c3ab8b20f7c6b1b70075d,0efccbb8a1f35aa458fcd16bc403abe63fbc1044a645a8bf7b796b1e7af8ef2d,4c4204e3db20aff8037d8a59d958949667cc53c3beb00f3a790e927c4b1dea69,e05cebc18c2dab444215fb826377edb0480db72e2bf33ed776afbbc2a1d7f150,1,1,0.000932,0.0019769239999050114,0.20300000000861473,0.0272063,0.2339052,0.2385884,primary,False
r132,evaluation_17,ecrc,round_robin,normal,HumanEval/159,HumanEval/159::54,permit_52ea290cb8550a19d31c2cae4d92e855,2,fail,b8dfc0d737c9472a02f61af34a6019ae8d9b9b78392971f0f3878210ff49c00d,5325466574d9c6323fe9b57875281a1ddcb8320a65d28ef18932dee493be7689,25bb67e89c0aca13a3ae58dd999ad79fe8e13bbb773cb823cbaa7d329580b385,e05cebc18c2dab444215fb826377edb0480db72e2bf33ed776afbbc2a1d7f150,2,1,0.0,0.002150341999936245,0.20300000000861473,0.27459,0.4867297,0.4916001,primary,False
r132,evaluation_17,ecrc,round_robin,normal,HumanEval/75,HumanEval/75::259,permit_3194cde832fd60b8a642269aea28c4eb,3,fail,594103c76b2fddf05f625a43a6f16c5c8da870e09758f6d83d0c161d5900f521,ccd6716fb5a6f08f1b6adcb507b7b4422d1710f97946f411576c60128518920e,8a071b42e9a9950bed4840c776ec9bedd9a9e99efca26c3c32dd7beb972d8aa5,e05cebc18c2dab444215fb826377edb0480db72e2bf33ed776afbbc2a1d7f150,3,1,3.6e-05,0.0021999269999923854,0.20300000000861473,0.525244,0.7346954,0.7391913,primary,False
r132,evaluation_17,ecrc,round_robin,normal,HumanEval/28,HumanEval/28::66,permit_ade4b4b60e11386b62347ee34742acc2,4,pass,1c45153b1a1c993e541b8d1b49d9a04c9aac4ddd48ad00452799111f25b87cfe,12f190607f2601bcb920c8df5faa11397ccaa6ca1454f3044389570a45d4b821,c9c52e750ee61d91b96fe2998f6ee85753e2c50f2ef4172936b7d4156fc86446,e05cebc18c2dab444215fb826377edb0480db72e2bf33ed776afbbc2a1d7f150,4,1,0.0,0.0019674059999488236,0.20399999999790452,0.7551761,0.9616217,0.9665489,primary,False
r132,evaluation_17,ecrc,round_robin,normal,HumanEval/114,HumanEval/114::466,permit_7da450a5e434a957fd8c70809984ad8b,5,pass,b551600b6582abcf9209b1081168a604402d4c9c1a8629e74cf93826741502c7,3030640aa091a35c316d14d364c46b2abb877a2d4c62bec9a13be229a72ea7a5,9b3e7fefefcfc35a1d0d1cbaf07a9613a733b7767e266122a30488d45e482a47,e05cebc18c2dab444215fb826377edb0480db72e2bf33ed776afbbc2a1d7f150,5,1,0.0,0.0020634369999470437,0.20300000000861473,0.9928589,1.1956304,1.2008281,primary,False
r132,evaluation_17,ecrc,round_robin,normal,HumanEval/119,HumanEval/119::211,permit_ff2a46599b9122a1273e724cc97b1fdb,6,fail,2b174b811cd6fb873a136a532fd6b595df00809b82104080c22af18d15760179,43174e0847cfa28dcfc73a14c7f19a582079edd8efee46f4236528558f7e648c,ebfff0666c1afaec8dc435fef9785d604f9de082e1a6cfdbfd917feb514b9b00,e05cebc18c2dab444215fb826377edb0480db72e2bf33ed776afbbc2a1d7f150,6,1,0.0,0.002067236000016237,0.2029999999795109,1.2258865,1.4306144,1.4350066,primary,False
r132,evaluation_17,ecrc,round_robin,normal,HumanEval/116,HumanEval/116::212,permit_d972dfa343163a99a285a5e4e21ddb2a,7,pass,cc7ff2ea1822c074192d32b6143c986d7509b0c52d03dbeae365dd845aa22112,3584462e1e812b91226d5f14ffae604b35ffe546e7e426158f6ec3b6fba92a04,91dd1025178ddcd19a9fbf8389f77205cfc91279bd7f97456cdfc058d71aa42c,e05cebc18c2dab444215fb826377edb0480db72e2bf33ed776afbbc2a1d7f150,7,1,0.0,0.0021301290000792505,0.2029999999795109,1.4748867,1.6825812,1.6872576,primary,False
r132,evaluation_17,ecrc,round_robin,normal,HumanEval/102,HumanEval/102::84,permit_f208dcec1051f03ad56dbe79011cac99,8,fail,f8a7393c330714526dccdbaa61bf7b199354d61895dc97b7b31347653fbb6463,2bdc3d5b2240beae88fd24f77e29741b54bb1259073035f046e5c1b8f8af3487,adad7143b0937ce02184d565baffda6b2a7d8fbaaf33400e5784a9abdaa9132e,e05cebc18c2dab444215fb826377edb0480db72e2bf33ed776afbbc2a1d7f150,8,1,0.0007949999999999999,0.002196806000029028,0.2029999999795109,1.7245987,1.9348594,1.9396619,primary,False
r132,evaluation_17,ecrc,round_robin,normal,HumanEval/115,HumanEval/115::192,permit_1189979326f6eb764d89d00507c3bf9f,9,fail,fe9b708a8ee36d5f7fba5b890dfba0ef431f653fe7c212191fa7d3fff627bb0b,10fd70e33ffd105b5bb9287b4b4d31dbad3fa50f9630e8fa93c34405144fff6d,4c4204e3db20aff8037d8a59d958949667cc53c3beb00f3a790e927c4b1dea69,e05cebc18c2dab444215fb826377edb0480db72e2bf33ed776afbbc2a1d7f150,9,1,0.001408,0.0019934760000523966,0.20300000000861473,1.956193,2.1649749,2.1693864,primary,False
r132,evaluation_17,ecrc,round_robin,normal,HumanEval/159,HumanEval/159::143,permit_727060af1e9c073818503e67beec2feb,10,fail,ed1656c8fe782c2fec5e5238a0840245072b3ff4c30612dedc269cfe7f9a1a04,5a6d2b13937ee3e94e3e3c61722778e8a83edf38dcba4987d9893847f04290ad,25bb67e89c0aca13a3ae58dd999ad79fe8e13bbb773cb823cbaa7d329580b385,e05cebc18c2dab444215fb826377edb0480db72e2bf33ed776afbbc2a1d7f150,10,1,0.000908,0.002165492000017366,0.20300000000861473,2.1929635,2.4008868,2.4051625,primary,False
r132,evaluation_17,ecrc,round_robin,normal,HumanEval/75,HumanEval/75::132,permit_8c5ba9034716ed6b1b5a31a82512b6e6,11,fail,44c233d5535e08bae3c786cf770817695e883a0995234b4550b3027daf2a70cc,a9f6c5f068349378e482f5ee6519e0d2916efcf58a9bec776118ab8bb0acfdcf,8a071b42e9a9950bed4840c776ec9bedd9a9e99efca26c3c32dd7beb972d8aa5,e05cebc18c2dab444215fb826377edb0480db72e2bf33ed776afbbc2a1d7f150,11,1,0.0,0.0021793480000269483,0.20300000000861473,2.4439107,2.6560627,2.6611494,primary,False
r132,evaluation_17,ecrc,round_robin,normal,HumanEval/119,HumanEval/119::260,permit_601bfaff03119ae6e759d00d3d0fbf6c,12,fail,3f3ade8bd07100828ffe211a3741a6ec40bd405b5013449f6674c218ddb85930,f1c993d173f7827e3e3e0fa9082a6a30ac303e9da85faf598b18a5a3688640a7,ebfff0666c1afaec8dc435fef9785d604f9de082e1a6cfdbfd917feb514b9b00,e05cebc18c2dab444215fb826377edb0480db72e2bf33ed776afbbc2a1d7f150,12,1,0.000129,0.0021825640000088242,0.20300000000861473,2.6942833,2.8990876,2.9039557,primary,False
r132,evaluation_17,ecrc,round_robin,normal,HumanEval/102,HumanEval/102::381,permit_d3269b5349945319a7b586df73cf6843,13,fail,d9f651e57fe8ec57ecf5cb073cb1df03578607fd9661dcd9ccaf4dafb99dd86f,faee87ffcf3e7ca7542bc26e24cb171a5db2e9d2a5a85052b305bc672cc8349f,adad7143b0937ce02184d565baffda6b2a7d8fbaaf33400e5784a9abdaa9132e,e05cebc18c2dab444215fb826377edb0480db72e2bf33ed776afbbc2a1d7f150,13,1,0.000664,0.002056410000022879,0.20300000000861473,2.944416,3.1584428,3.163605,primary,False
r132,evaluation_17,ecrc,round_robin,normal,HumanEval/115,HumanEval/115::485,permit_dd966228dbc5344ec35c30eb1d82b6ec,14,fail,461c11ecb0acc82d8600da0899b313c440918bbcd30cda1fce27e2109508e507,073faffcd35031f25de374dabc1f1ee468e9d2f556495aa1a8484d26f807340a,4c4204e3db20aff8037d8a59d958949667cc53c3beb00f3a790e927c4b1dea69,e05cebc18c2dab444215fb826377edb0480db72e2bf33ed776afbbc2a1d7f150,14,1,0.0,0.0021515699999099525,0.20300000000861473,3.1921633,3.4068694,3.4121265,primary,False
r132,evaluation_17,ecrc,round_robin,normal,HumanEval/159,HumanEval/159::159,permit_79c113cfee059566b0d3abe96db0c963,15,fail,b090e8153f3d9a430d477b0392c96524abc6d11ec7455e8dfb9d721a7761474c,3973387e8463e6142e7b97f6a02b1448438a5bcb68f5c5486360d55fd59ed7f0,25bb67e89c0aca13a3ae58dd999ad79fe8e13bbb773cb823cbaa7d329580b385,e05cebc18c2dab444215fb826377edb0480db72e2bf33ed776afbbc2a1d7f150,15,1,0.0,0.00208669899996039,0.20300000000861473,3.4280648,3.6358365,3.6402921,primary,False
r132,evaluation_17,ecrc,round_robin,normal,HumanEval/75,HumanEval/75::225,permit_7762f0353ecd514904cbdee66532b816,16,fail,81d73636906c1c85d87ef282e929792ac91f286c22332e45463f922bbc9aab51,6a275a0ac5afe54d12e036c26ff208bdb252abe7ae7340d9d850dd63704ada4c,8a071b42e9a9950bed4840c776ec9bedd9a9e99efca26c3c32dd7beb972d8aa5,e05cebc18c2dab444215fb826377edb0480db72e2bf33ed776afbbc2a1d7f150,16,1,0.0005949999999999999,0.002202291999992667,0.20300000000861473,3.6780907,3.8897797,3.8946934,primary,False
r133,evaluation_17,ordinary,depth_first,response_loss,HumanEval/115,HumanEval/115::188,ordinary-permit-20a7ba6737ca893c69735826aa88cd65,1,fail,77e6a6b97ba4348573957941dbef6f9854efdf66cb3f255fa2a86e25d2d0843f,0efccbb8a1f35aa458fcd16bc403abe63fbc1044a645a8bf7b796b1e7af8ef2d,4c4204e3db20aff8037d8a59d958949667cc53c3beb00f3a790e927c4b1dea69,e05cebc18c2dab444215fb826377edb0480db72e2bf33ed776afbbc2a1d7f150,1,1,0.001883,0.00223022399995898,0.21900000001187436,0.0144187,0.2278333,0.2324354,primary,False
r133,evaluation_17,ordinary,depth_first,response_loss,HumanEval/115,HumanEval/115::192,ordinary-permit-e66d1c246047d21ce1c3235a1b50d7a5,2,fail,d1509d21d80e8bb660eafdaa69d581caa0800118de975c6e6032fefe377f82aa,10fd70e33ffd105b5bb9287b4b4d31dbad3fa50f9630e8fa93c34405144fff6d,4c4204e3db20aff8037d8a59d958949667cc53c3beb00f3a790e927c4b1dea69,e05cebc18c2dab444215fb826377edb0480db72e2bf33ed776afbbc2a1d7f150,2,1,0.0,0.00218508800003292,0.20300000000861473,0.2454802,0.4564559,0.4605251,primary,False
r133,evaluation_17,ordinary,depth_first,response_loss,HumanEval/115,HumanEval/115::485,ordinary-permit-2f460db0f1b0c1dad88e739a1e54aae3,3,fail,5eb4fab4d1bd7a8fb18033f73d298b920e05dec256385a32ea050cfd9e107021,073faffcd35031f25de374dabc1f1ee468e9d2f556495aa1a8484d26f807340a,4c4204e3db20aff8037d8a59d958949667cc53c3beb00f3a790e927c4b1dea69,e05cebc18c2dab444215fb826377edb0480db72e2bf33ed776afbbc2a1d7f150,3,1,0.0,0.002159029000040391,0.2029999999795109,0.4842248,0.6917795,0.6958111,primary,False
r133,evaluation_17,ordinary,depth_first,response_loss,HumanEval/115,HumanEval/115::71,ordinary-permit-1d4c57529fa67bfde8dbce056ff9b662,4,pass,f1dcd2b45a2186709ab2b79b9f0ebef81c9ddb9b79be7b56f21c99328282bfb5,7fa5d53d16d4f49065a4023caa6303dca366aeca3dd15e08757db3dea0181442,4c4204e3db20aff8037d8a59d958949667cc53c3beb00f3a790e927c4b1dea69,e05cebc18c2dab444215fb826377edb0480db72e2bf33ed776afbbc2a1d7f150,4,1,0.0,0.0019530689999101014,0.21899999998277053,0.7171812,0.9287669,1.9378971,primary,True
r133,evaluation_17,ordinary,depth_first,response_loss,HumanEval/159,HumanEval/159::54,ordinary-permit-b421f9d5e9a33a01b7b126909c1462d3,5,fail,4b5a8b106263ab96c097106086b364c458135d2bb0ce082da86f0730aaa25d0b,5325466574d9c6323fe9b57875281a1ddcb8320a65d28ef18932dee493be7689,25bb67e89c0aca13a3ae58dd999ad79fe8e13bbb773cb823cbaa7d329580b385,e05cebc18c2dab444215fb826377edb0480db72e2bf33ed776afbbc2a1d7f150,5,1,0.0,0.0020260069999267216,0.23399999999674037,1.970131,2.2034555,2.2079439,primary,False
r133,evaluation_17,ordinary,depth_first,response_loss,HumanEval/159,HumanEval/159::143,ordinary-permit-97645bc638075a9c1d010c223ca9cfc6,6,fail,3cd38ffbd85d893e53fd7fd8371976072d5625293db0e1a5d84581aff6234155,5a6d2b13937ee3e94e3e3c61722778e8a83edf38dcba4987d9893847f04290ad,25bb67e89c0aca13a3ae58dd999ad79fe8e13bbb773cb823cbaa7d329580b385,e05cebc18c2dab444215fb826377edb0480db72e2bf33ed776afbbc2a1d7f150,6,1,0.0012879999999999999,0.002145372999962092,0.21799999999348074,2.2351026,2.4592419,2.4637205,primary,False
r133,evaluation_17,ordinary,depth_first,response_loss,HumanEval/159,HumanEval/159::159,ordinary-permit-33cdce5e2ddab5918bf2712cd82edabd,7,fail,e06df6e91b00beabc59c57ef03772aa620f60e64e01191c2dca96a6638ff5fe8,3973387e8463e6142e7b97f6a02b1448438a5bcb68f5c5486360d55fd59ed7f0,25bb67e89c0aca13a3ae58dd999ad79fe8e13bbb773cb823cbaa7d329580b385,e05cebc18c2dab444215fb826377edb0480db72e2bf33ed776afbbc2a1d7f150,7,1,0.0,0.002103489999967678,0.21900000001187436,2.4891317,2.7098372,2.7144415,primary,False
r133,evaluation_17,ordinary,depth_first,response_loss,HumanEval/159,HumanEval/159::26,ordinary-permit-2661e628dc75be567f257b49775e3aec,8,fail,14a521e8879a57cc2d93d800edeffefac8609b13a6d0735cade2dd885e62de42,3d8247ebf9ec2417a155fd668e930c877d599afc3d4f1f316cf959f5cf35f532,25bb67e89c0aca13a3ae58dd999ad79fe8e13bbb773cb823cbaa7d329580b385,e05cebc18c2dab444215fb826377edb0480db72e2bf33ed776afbbc2a1d7f150,8,1,0.001782,0.0024721219999719324,0.20300000000861473,2.7410668,2.9535167,3.9848222,primary,True
r133,evaluation_17,ordinary,depth_first,response_loss,HumanEval/75,HumanEval/75::259,ordinary-permit-51c0a0eb47a665f93897833c1dd2adb0,9,fail,54fe312bb97c2b8c5c81b7cd87255aff8d9e406c93d2668e6c6b68fbf7e60e06,ccd6716fb5a6f08f1b6adcb507b7b4422d1710f97946f411576c60128518920e,8a071b42e9a9950bed4840c776ec9bedd9a9e99efca26c3c32dd7beb972d8aa5,e05cebc18c2dab444215fb826377edb0480db72e2bf33ed776afbbc2a1d7f150,9,1,0.000326,0.0022776439999461218,0.20300000000861473,4.000331,4.2062669,4.2107627,primary,False
r133,evaluation_17,ordinary,depth_first,response_loss,HumanEval/75,HumanEval/75::132,ordinary-permit-c3f62ea59ead7e8755944b5f61e30a4f,10,fail,f934ed79d1dd49858e8456033e3cd98a3346ec651d0d1ec7e9c7c31c149322ac,a9f6c5f068349378e482f5ee6519e0d2916efcf58a9bec776118ab8bb0acfdcf,8a071b42e9a9950bed4840c776ec9bedd9a9e99efca26c3c32dd7beb972d8aa5,e05cebc18c2dab444215fb826377edb0480db72e2bf33ed776afbbc2a1d7f150,10,1,0.0,0.002335296999945058,0.2029999999795109,4.2260753,4.438072,4.4426814,primary,False
r133,evaluation_17,ordinary,depth_first,response_loss,HumanEval/75,HumanEval/75::225,ordinary-permit-ab75d145f0afb740244e22eeb6332b53,11,fail,bc82ef77f316d7d4c4a97e1715170c9c9d4e65b87268f8f0e614cdba7bb27dd2,6a275a0ac5afe54d12e036c26ff208bdb252abe7ae7340d9d850dd63704ada4c,8a071b42e9a9950bed4840c776ec9bedd9a9e99efca26c3c32dd7beb972d8aa5,e05cebc18c2dab444215fb826377edb0480db72e2bf33ed776afbbc2a1d7f150,11,1,0.0,0.002203241999950478,0.2029999999795109,4.4803958,4.6883507,4.6923178,primary,False
r133,evaluation_17,ordinary,depth_first,response_loss,HumanEval/75,HumanEval/75::424,ordinary-permit-5898e5897cc0591202e836429a4a2cb8,12,pass,f1690c8629f945da7fa2a47b8173b1a7cf43e251ed8008791c1e104050144cb2,c7af013e49b919e8168a476fea3324eaed80d817054c3dc43603a1081c8c39da,8a071b42e9a9950bed4840c776ec9bedd9a9e99efca26c3c32dd7beb972d8aa5,e05cebc18c2dab444215fb826377edb0480db72e2bf33ed776afbbc2a1d7f150,12,1,0.0,0.002243649999968511,0.2029999999795109,4.7301575,4.9358691,5.9688195,drain,True
r134,evaluation_17,ecrc,depth_first,response_loss,HumanEval/115,HumanEval/115::188,permit_c5e0d0695590a8d36bad15391f738def,1,fail,1ff47c028372eedcd5c40e073c5c2d80315fdaa98544e5f14a03b395dfe2f80e,0efccbb8a1f35aa458fcd16bc403abe63fbc1044a645a8bf7b796b1e7af8ef2d,4c4204e3db20aff8037d8a59d958949667cc53c3beb00f3a790e927c4b1dea69,e05cebc18c2dab444215fb826377edb0480db72e2bf33ed776afbbc2a1d7f150,1,1,0.0005329999999999999,0.0018575789999886183,0.20300000000861473,0.0336991,0.2396742,0.2443246,primary,False
r134,evaluation_17,ecrc,depth_first,response_loss,HumanEval/115,HumanEval/115::192,permit_1189979326f6eb764d89d00507c3bf9f,2,fail,aa9d6ca082d3b9d3e3e18df01bd174f7b631caea829d91c6a7ff93ca14478e78,10fd70e33ffd105b5bb9287b4b4d31dbad3fa50f9630e8fa93c34405144fff6d,4c4204e3db20aff8037d8a59d958949667cc53c3beb00f3a790e927c4b1dea69,e05cebc18c2dab444215fb826377edb0480db72e2bf33ed776afbbc2a1d7f150,2,1,0.0,0.0022483589999637843,0.20300000000861473,0.2830228,0.490344,0.4954331,primary,False
r134,evaluation_17,ecrc,depth_first,response_loss,HumanEval/115,HumanEval/115::485,permit_dd966228dbc5344ec35c30eb1d82b6ec,3,fail,3b520a2f6416955b208435786b42d7815f2b7b619ba96b0a501d541061c5171a,073faffcd35031f25de374dabc1f1ee468e9d2f556495aa1a8484d26f807340a,4c4204e3db20aff8037d8a59d958949667cc53c3beb00f3a790e927c4b1dea69,e05cebc18c2dab444215fb826377edb0480db72e2bf33ed776afbbc2a1d7f150,3,1,0.0,0.0021606029999929888,0.20300000000861473,0.5129412,0.722354,0.7275906,primary,False
r134,evaluation_17,ecrc,depth_first,response_loss,HumanEval/115,HumanEval/115::71,permit_e5b77547a09efd3e154ac12493dd1f31,4,pass,a54a5653f1188f18af15bd2d4f26a86d9446ac686f0132822c55c694ed02b272,7fa5d53d16d4f49065a4023caa6303dca366aeca3dd15e08757db3dea0181442,4c4204e3db20aff8037d8a59d958949667cc53c3beb00f3a790e927c4b1dea69,e05cebc18c2dab444215fb826377edb0480db72e2bf33ed776afbbc2a1d7f150,4,1,0.0,0.001991993000046932,0.21900000001187436,0.7662572,0.9750589,2.0051337,primary,True
r134,evaluation_17,ecrc,depth_first,response_loss,HumanEval/159,HumanEval/159::54,permit_52ea290cb8550a19d31c2cae4d92e855,5,fail,6a30f5592e7475366e9000f46a7f10b821924befb76ca843315997a6214418d8,5325466574d9c6323fe9b57875281a1ddcb8320a65d28ef18932dee493be7689,25bb67e89c0aca13a3ae58dd999ad79fe8e13bbb773cb823cbaa7d329580b385,e05cebc18c2dab444215fb826377edb0480db72e2bf33ed776afbbc2a1d7f150,5,1,0.000753,0.0021543959999235085,0.20300000000861473,2.0298779,2.2358104,2.2407635,primary,False
r134,evaluation_17,ecrc,depth_first,response_loss,HumanEval/159,HumanEval/159::143,permit_727060af1e9c073818503e67beec2feb,6,fail,ed0bf2c73d77ded16a241cf1c9a3c627c9b5c84ca01d060e84dbcc61448af9ca,5a6d2b13937ee3e94e3e3c61722778e8a83edf38dcba4987d9893847f04290ad,25bb67e89c0aca13a3ae58dd999ad79fe8e13bbb773cb823cbaa7d329580b385,e05cebc18c2dab444215fb826377edb0480db72e2bf33ed776afbbc2a1d7f150,6,1,0.0,0.0019491020000259596,0.20300000000861473,2.2650277,2.4698008,2.4748682,primary,False
r134,evaluation_17,ecrc,depth_first,response_loss,HumanEval/159,HumanEval/159::159,permit_79c113cfee059566b0d3abe96db0c963,7,fail,a8329730b479ff0efa42e7d685dfc65bc83b0a00d0d003c7dc98e89c6367dc83,3973387e8463e6142e7b97f6a02b1448438a5bcb68f5c5486360d55fd59ed7f0,25bb67e89c0aca13a3ae58dd999ad79fe8e13bbb773cb823cbaa7d329580b385,e05cebc18c2dab444215fb826377edb0480db72e2bf33ed776afbbc2a1d7f150,7,1,0.001344,0.0020681969999714056,0.20300000000861473,2.5019248,2.7108417,2.7158288,primary,False
r134,evaluation_17,ecrc,depth_first,response_loss,HumanEval/159,HumanEval/159::26,permit_086381b3af2eb54ca122038e7348343a,8,fail,0a0d7cf8570fda1fbac2d93fc432ccc48abf118df07e54e1b2ce992c542d58f4,3d8247ebf9ec2417a155fd668e930c877d599afc3d4f1f316cf959f5cf35f532,25bb67e89c0aca13a3ae58dd999ad79fe8e13bbb773cb823cbaa7d329580b385,e05cebc18c2dab444215fb826377edb0480db72e2bf33ed776afbbc2a1d7f150,8,1,0.0,0.0018082249999906708,0.21900000001187436,2.7532089,2.9632848,3.993791,primary,True
r134,evaluation_17,ecrc,depth_first,response_loss,HumanEval/75,HumanEval/75::259,permit_3194cde832fd60b8a642269aea28c4eb,9,fail,5b081c211151de0146abe5b6b9b4bfa17fdef8e4e747e22c2fe48219deae320f,ccd6716fb5a6f08f1b6adcb507b7b4422d1710f97946f411576c60128518920e,8a071b42e9a9950bed4840c776ec9bedd9a9e99efca26c3c32dd7beb972d8aa5,e05cebc18c2dab444215fb826377edb0480db72e2bf33ed776afbbc2a1d7f150,9,1,0.0,0.002110587999936797,0.20300000000861473,4.0183532,4.224366,4.2289821,primary,False
r134,evaluation_17,ecrc,depth_first,response_loss,HumanEval/75,HumanEval/75::132,permit_8c5ba9034716ed6b1b5a31a82512b6e6,10,fail,b232c785fe5c933c2c550e1c2173369fa3aa52c12be2f47fcb353241a559ac02,a9f6c5f068349378e482f5ee6519e0d2916efcf58a9bec776118ab8bb0acfdcf,8a071b42e9a9950bed4840c776ec9bedd9a9e99efca26c3c32dd7beb972d8aa5,e05cebc18c2dab444215fb826377edb0480db72e2bf33ed776afbbc2a1d7f150,10,1,0.0,0.0020907050000005256,0.20300000000861473,4.2692245,4.4732677,4.4779851,primary,False
r134,evaluation_17,ecrc,depth_first,response_loss,HumanEval/75,HumanEval/75::225,permit_7762f0353ecd514904cbdee66532b816,11,fail,71f25f54845af4fb1b31b1866694de6f63ba6a12d246a731e486cd92051e871d,6a275a0ac5afe54d12e036c26ff208bdb252abe7ae7340d9d850dd63704ada4c,8a071b42e9a9950bed4840c776ec9bedd9a9e99efca26c3c32dd7beb972d8aa5,e05cebc18c2dab444215fb826377edb0480db72e2bf33ed776afbbc2a1d7f150,11,1,0.0,0.0018606239999598984,0.20300000000861473,4.5175682,4.7253611,4.7299359,primary,False
r134,evaluation_17,ecrc,depth_first,response_loss,HumanEval/75,HumanEval/75::424,permit_19accaf43778ad84544f2d6478685442,12,pass,5d46bccf813eb322ab25191ca357c885241cd97f11a9c9c9b2ff74aa1ad5af81,c7af013e49b919e8168a476fea3324eaed80d817054c3dc43603a1081c8c39da,8a071b42e9a9950bed4840c776ec9bedd9a9e99efca26c3c32dd7beb972d8aa5,e05cebc18c2dab444215fb826377edb0480db72e2bf33ed776afbbc2a1d7f150,12,1,0.0012469999999999998,0.002221017000010761,0.21900000001187436,4.7709996,4.9793122,6.018954,drain,True
r135,evaluation_17,ecrc,round_robin,response_loss,HumanEval/115,HumanEval/115::188,permit_c5e0d0695590a8d36bad15391f738def,1,fail,1cb86118887a57cf147a38585c4c505ad7758bdf01df2c26db9317a47979812f,0efccbb8a1f35aa458fcd16bc403abe63fbc1044a645a8bf7b796b1e7af8ef2d,4c4204e3db20aff8037d8a59d958949667cc53c3beb00f3a790e927c4b1dea69,e05cebc18c2dab444215fb826377edb0480db72e2bf33ed776afbbc2a1d7f150,1,1,0.0,0.002194497000004958,0.21900000001187436,0.0178704,0.2293153,0.2344582,primary,False
r135,evaluation_17,ecrc,round_robin,response_loss,HumanEval/159,HumanEval/159::54,permit_52ea290cb8550a19d31c2cae4d92e855,2,fail,f209fcf936b7efc6e686c881ce9f380e438b087131b56161640ed957d63ab481,5325466574d9c6323fe9b57875281a1ddcb8320a65d28ef18932dee493be7689,25bb67e89c0aca13a3ae58dd999ad79fe8e13bbb773cb823cbaa7d329580b385,e05cebc18c2dab444215fb826377edb0480db72e2bf33ed776afbbc2a1d7f150,2,1,0.0,0.002063924000026418,0.20300000000861473,0.2607122,0.4649007,0.4698631,primary,False
r135,evaluation_17,ecrc,round_robin,response_loss,HumanEval/75,HumanEval/75::259,permit_3194cde832fd60b8a642269aea28c4eb,3,fail,759d6a91bb2cc3e87c3ae76852fa4e58e2786708b13cd239fb14c1c76f67c47f,ccd6716fb5a6f08f1b6adcb507b7b4422d1710f97946f411576c60128518920e,8a071b42e9a9950bed4840c776ec9bedd9a9e99efca26c3c32dd7beb972d8aa5,e05cebc18c2dab444215fb826377edb0480db72e2bf33ed776afbbc2a1d7f150,3,1,0.000962,0.00252180099994348,0.2029999999795109,0.496781,0.7022776,0.7066726,primary,False
r135,evaluation_17,ecrc,round_robin,response_loss,HumanEval/28,HumanEval/28::66,permit_ade4b4b60e11386b62347ee34742acc2,4,pass,67cd776971c645e202deda77eddde4f0786238f6acc15dd276c5b4a44bf1ea4a,12f190607f2601bcb920c8df5faa11397ccaa6ca1454f3044389570a45d4b821,c9c52e750ee61d91b96fe2998f6ee85753e2c50f2ef4172936b7d4156fc86446,e05cebc18c2dab444215fb826377edb0480db72e2bf33ed776afbbc2a1d7f150,4,1,0.0,0.0019650469999987763,0.20300000000861473,0.7330507,0.9411735,1.9787666,primary,True
r135,evaluation_17,ecrc,round_robin,response_loss,HumanEval/114,HumanEval/114::466,permit_7da450a5e434a957fd8c70809984ad8b,5,pass,c52d22fb9b99a7165f00f2c9e8840e4f5be832e534a79c8500953615b8b7e018,3030640aa091a35c316d14d364c46b2abb877a2d4c62bec9a13be229a72ea7a5,9b3e7fefefcfc35a1d0d1cbaf07a9613a733b7767e266122a30488d45e482a47,e05cebc18c2dab444215fb826377edb0480db72e2bf33ed776afbbc2a1d7f150,5,1,0.0,0.0018751720000409478,0.25,2.0157726,2.2681389,2.2733545,primary,False
r135,evaluation_17,ecrc,round_robin,response_loss,HumanEval/119,HumanEval/119::211,permit_ff2a46599b9122a1273e724cc97b1fdb,6,fail,9dedbf969f5fd82844f4c28e4d0f316b86bafd0e42247e60be8436788ef212f9,43174e0847cfa28dcfc73a14c7f19a582079edd8efee46f4236528558f7e648c,ebfff0666c1afaec8dc435fef9785d604f9de082e1a6cfdbfd917feb514b9b00,e05cebc18c2dab444215fb826377edb0480db72e2bf33ed776afbbc2a1d7f150,6,1,0.00021099999999999998,0.0022424080000291724,0.21899999998277053,2.299478,2.5114374,2.5169374,primary,False
r135,evaluation_17,ecrc,round_robin,response_loss,HumanEval/116,HumanEval/116::212,permit_d972dfa343163a99a285a5e4e21ddb2a,7,pass,88f54cf77d5a40b773a9140bd8aa33a19d001ddd04856bcdf0626f96f2ed6a20,3584462e1e812b91226d5f14ffae604b35ffe546e7e426158f6ec3b6fba92a04,91dd1025178ddcd19a9fbf8389f77205cfc91279bd7f97456cdfc058d71aa42c,e05cebc18c2dab444215fb826377edb0480db72e2bf33ed776afbbc2a1d7f150,7,1,0.0,0.0021516150000024936,0.20300000000861473,2.5514384,2.7557686,2.7602418,primary,False
r135,evaluation_17,ecrc,round_robin,response_loss,HumanEval/102,HumanEval/102::84,permit_f208dcec1051f03ad56dbe79011cac99,8,fail,5ad485c6a944f1d92ec31086ecffe65c3c223a64c2a9335b17f2e5fc91e4dbb0,2bdc3d5b2240beae88fd24f77e29741b54bb1259073035f046e5c1b8f8af3487,adad7143b0937ce02184d565baffda6b2a7d8fbaaf33400e5784a9abdaa9132e,e05cebc18c2dab444215fb826377edb0480db72e2bf33ed776afbbc2a1d7f150,8,1,0.0,0.0019670060000862577,0.20399999999790452,2.7757996,2.9793463,3.9949805,primary,True
r135,evaluation_17,ecrc,round_robin,response_loss,HumanEval/115,HumanEval/115::192,permit_1189979326f6eb764d89d00507c3bf9f,9,fail,083daf8a2de0c0fd696a6a153ac52285cab1491ef330c465392273f508f1b14d,10fd70e33ffd105b5bb9287b4b4d31dbad3fa50f9630e8fa93c34405144fff6d,4c4204e3db20aff8037d8a59d958949667cc53c3beb00f3a790e927c4b1dea69,e05cebc18c2dab444215fb826377edb0480db72e2bf33ed776afbbc2a1d7f150,9,1,0.0,0.0019255959999782135,0.20399999999790452,4.0335541,4.2406538,4.2450541,primary,False
r135,evaluation_17,ecrc,round_robin,response_loss,HumanEval/159,HumanEval/159::143,permit_727060af1e9c073818503e67beec2feb,10,fail,e12fc9ac3a2334ca5d22313dfcc3f1b6b8f2e3fb524840de33e76d5228be6afc,5a6d2b13937ee3e94e3e3c61722778e8a83edf38dcba4987d9893847f04290ad,25bb67e89c0aca13a3ae58dd999ad79fe8e13bbb773cb823cbaa7d329580b385,e05cebc18c2dab444215fb826377edb0480db72e2bf33ed776afbbc2a1d7f150,10,1,0.00104,0.002010579000057078,0.20399999999790452,4.2824233,4.4889198,4.4936515,primary,False
r135,evaluation_17,ecrc,round_robin,response_loss,HumanEval/75,HumanEval/75::132,permit_8c5ba9034716ed6b1b5a31a82512b6e6,11,fail,458ca4e710041c9c435a919d05f0c0b5bdd113f4e52bbb7c9a56f310fb8628fd,a9f6c5f068349378e482f5ee6519e0d2916efcf58a9bec776118ab8bb0acfdcf,8a071b42e9a9950bed4840c776ec9bedd9a9e99efca26c3c32dd7beb972d8aa5,e05cebc18c2dab444215fb826377edb0480db72e2bf33ed776afbbc2a1d7f150,11,1,0.001116,0.002382302000000891,0.20399999999790452,4.5330885,4.7393971,4.7441742,primary,False
r135,evaluation_17,ecrc,round_robin,response_loss,HumanEval/119,HumanEval/119::260,permit_601bfaff03119ae6e759d00d3d0fbf6c,12,fail,e35c119e6554f964ec745cd4cfe7f86e66b52dccf68d43537daa055b2802ee89,f1c993d173f7827e3e3e0fa9082a6a30ac303e9da85faf598b18a5a3688640a7,ebfff0666c1afaec8dc435fef9785d604f9de082e1a6cfdbfd917feb514b9b00,e05cebc18c2dab444215fb826377edb0480db72e2bf33ed776afbbc2a1d7f150,12,1,0.0,0.0019579480000402327,0.20399999999790452,4.7831675,4.9860562,6.0116889,drain,True
r136,evaluation_17,ordinary,round_robin,response_loss,HumanEval/115,HumanEval/115::188,ordinary-permit-20a7ba6737ca893c69735826aa88cd65,1,fail,a95a38ea5cb467d91bc03f43a944ba615a00dbb76988ae084a752a371a0162d8,0efccbb8a1f35aa458fcd16bc403abe63fbc1044a645a8bf7b796b1e7af8ef2d,4c4204e3db20aff8037d8a59d958949667cc53c3beb00f3a790e927c4b1dea69,e05cebc18c2dab444215fb826377edb0480db72e2bf33ed776afbbc2a1d7f150,1,1,0.0,0.0018894880000743797,0.2029999999795109,0.0247994,0.2347671,0.2390832,primary,False
r136,evaluation_17,ordinary,round_robin,response_loss,HumanEval/159,HumanEval/159::54,ordinary-permit-b421f9d5e9a33a01b7b126909c1462d3,2,fail,7a44b9497fb4e0974f616ff199d63e2e81e19e788495c4da466b59a6c0a071ad,5325466574d9c6323fe9b57875281a1ddcb8320a65d28ef18932dee493be7689,25bb67e89c0aca13a3ae58dd999ad79fe8e13bbb773cb823cbaa7d329580b385,e05cebc18c2dab444215fb826377edb0480db72e2bf33ed776afbbc2a1d7f150,2,1,0.0,0.0020782970000254863,0.2029999999795109,0.273189,0.4755621,0.4803539,primary,False
r136,evaluation_17,ordinary,round_robin,response_loss,HumanEval/75,HumanEval/75::259,ordinary-permit-51c0a0eb47a665f93897833c1dd2adb0,3,fail,94383fe68f7e7ef036e88c3d13c5d48f06c00a569a7d7b739cec17a1f8aab963,ccd6716fb5a6f08f1b6adcb507b7b4422d1710f97946f411576c60128518920e,8a071b42e9a9950bed4840c776ec9bedd9a9e99efca26c3c32dd7beb972d8aa5,e05cebc18c2dab444215fb826377edb0480db72e2bf33ed776afbbc2a1d7f150,3,1,0.0,0.002107432000002518,0.20300000000861473,0.5101713,0.7161313,0.7201597,primary,False
r136,evaluation_17,ordinary,round_robin,response_loss,HumanEval/28,HumanEval/28::66,ordinary-permit-8d372870648f3d27effe7d284cf3b769,4,pass,f784bb67a77eb953c7e7ffe455264dd406eb768a93b65202b25289d2e69b2b81,12f190607f2601bcb920c8df5faa11397ccaa6ca1454f3044389570a45d4b821,c9c52e750ee61d91b96fe2998f6ee85753e2c50f2ef4172936b7d4156fc86446,e05cebc18c2dab444215fb826377edb0480db72e2bf33ed776afbbc2a1d7f150,4,1,0.0,0.0021135880000429097,0.20399999999790452,0.7457983,0.9529386,1.9708414,primary,True
r136,evaluation_17,ordinary,round_robin,response_loss,HumanEval/114,HumanEval/114::466,ordinary-permit-fe315870ebe8ae90dc5717dfe1afc70e,5,pass,9f57a214fb1d2b2dc9eca1e7ddd02926a87605c913c5d40544b296c16c52bef4,3030640aa091a35c316d14d364c46b2abb877a2d4c62bec9a13be229a72ea7a5,9b3e7fefefcfc35a1d0d1cbaf07a9613a733b7767e266122a30488d45e482a47,e05cebc18c2dab444215fb826377edb0480db72e2bf33ed776afbbc2a1d7f150,5,1,0.0,0.00220621799996934,0.20300000000861473,2.0026029,2.2081072,2.2122962,primary,False
r136,evaluation_17,ordinary,round_robin,response_loss,HumanEval/119,HumanEval/119::211,ordinary-permit-2d455712ba35de37a6c8cdbe0153a0d9,6,fail,cc119d2a52ea9762bcc36d2b2c2071c81851fbe1e2d43c30ee0358b70b5deea8,43174e0847cfa28dcfc73a14c7f19a582079edd8efee46f4236528558f7e648c,ebfff0666c1afaec8dc435fef9785d604f9de082e1a6cfdbfd917feb514b9b00,e05cebc18c2dab444215fb826377edb0480db72e2bf33ed776afbbc2a1d7f150,6,1,0.000723,0.0019662340000650147,0.20399999999790452,2.2381695,2.4435631,2.4479014,primary,False
r136,evaluation_17,ordinary,round_robin,response_loss,HumanEval/116,HumanEval/116::212,ordinary-permit-d157bba299b91acc85f9c49742f94975,7,pass,85d93222de19be55fd8f98db9c810b4e58ab2b767013485c3564872d19f931bb,3584462e1e812b91226d5f14ffae604b35ffe546e7e426158f6ec3b6fba92a04,91dd1025178ddcd19a9fbf8389f77205cfc91279bd7f97456cdfc058d71aa42c,e05cebc18c2dab444215fb826377edb0480db72e2bf33ed776afbbc2a1d7f150,7,1,0.0,0.0020268389999955616,0.20300000000861473,2.4830128,2.6855778,2.6899359,primary,False
r136,evaluation_17,ordinary,round_robin,response_loss,HumanEval/102,HumanEval/102::84,ordinary-permit-a711883947c081b9455a1e23c81a1787,8,fail,a4955ab1a2520a1e09e7043be5828b64dd2da66fb921105e676561bdc6ab53fe,2bdc3d5b2240beae88fd24f77e29741b54bb1259073035f046e5c1b8f8af3487,adad7143b0937ce02184d565baffda6b2a7d8fbaaf33400e5784a9abdaa9132e,e05cebc18c2dab444215fb826377edb0480db72e2bf33ed776afbbc2a1d7f150,8,1,0.0,0.002020447000063541,0.2029999999795109,2.7155894,2.9198283,3.9363224,primary,True
r136,evaluation_17,ordinary,round_robin,response_loss,HumanEval/115,HumanEval/115::192,ordinary-permit-e66d1c246047d21ce1c3235a1b50d7a5,9,fail,ec9c051abd6eb4ab8d85aec433a9ba3ba3ed639e6bf0f2f3017b879c61a218df,10fd70e33ffd105b5bb9287b4b4d31dbad3fa50f9630e8fa93c34405144fff6d,4c4204e3db20aff8037d8a59d958949667cc53c3beb00f3a790e927c4b1dea69,e05cebc18c2dab444215fb826377edb0480db72e2bf33ed776afbbc2a1d7f150,9,1,0.001139,0.001918823999972119,0.20300000000861473,3.9695244,4.1761711,4.1801537,primary,False
r136,evaluation_17,ordinary,round_robin,response_loss,HumanEval/159,HumanEval/159::143,ordinary-permit-97645bc638075a9c1d010c223ca9cfc6,10,fail,fb7c474d962f4fb32f92809fb7358573eac01bf635ab512c81dba05bcd0bc208,5a6d2b13937ee3e94e3e3c61722778e8a83edf38dcba4987d9893847f04290ad,25bb67e89c0aca13a3ae58dd999ad79fe8e13bbb773cb823cbaa7d329580b385,e05cebc18c2dab444215fb826377edb0480db72e2bf33ed776afbbc2a1d7f150,10,1,0.0,0.0021727690000261646,0.2029999999795109,4.204479,4.4148798,4.4191225,primary,False
r136,evaluation_17,ordinary,round_robin,response_loss,HumanEval/75,HumanEval/75::132,ordinary-permit-c3f62ea59ead7e8755944b5f61e30a4f,11,fail,487f72157734fe08cdafea72b47ed35e60fb39698e5c6455532b2cfb9e7df666,a9f6c5f068349378e482f5ee6519e0d2916efcf58a9bec776118ab8bb0acfdcf,8a071b42e9a9950bed4840c776ec9bedd9a9e99efca26c3c32dd7beb972d8aa5,e05cebc18c2dab444215fb826377edb0480db72e2bf33ed776afbbc2a1d7f150,11,1,0.0,0.0021838720000459944,0.21799999999348074,4.4546227,4.6640233,4.6678056,primary,False
r136,evaluation_17,ordinary,round_robin,response_loss,HumanEval/119,HumanEval/119::260,ordinary-permit-e1a8b39c5abc1ee6d8ac075ad99358d4,12,fail,ebd33e144516b79a8dc63ac4d677c402138f31429b266debc8d17671acda38e5,f1c993d173f7827e3e3e0fa9082a6a30ac303e9da85faf598b18a5a3688640a7,ebfff0666c1afaec8dc435fef9785d604f9de082e1a6cfdbfd917feb514b9b00,e05cebc18c2dab444215fb826377edb0480db72e2bf33ed776afbbc2a1d7f150,12,1,0.0,0.001787936000027912,0.20300000000861473,4.6799543,4.8830425,5.890714,drain,True
r137,evaluation_18,ordinary,round_robin,response_loss,HumanEval/140,HumanEval/140::12,ordinary-permit-b6e2deb70186557ea94c4dcb3c9bc188,1,fail,c7afcba372adfcb3af6e0e27c55850d17540680a1b3b89f356f5d303d327a196,5890800295c67ba02fbf7c0697d645cf223f3d35507c4e23a44eb4e8624b954e,7983607a80061b5a7d3363a919220cd05381479e07a6cc04b6851f6b54f8af14,e05cebc18c2dab444215fb826377edb0480db72e2bf33ed776afbbc2a1d7f150,1,1,0.001125,0.0020953550000513133,0.20300000000861473,0.028208,0.2387877,0.2429855,primary,False
r137,evaluation_18,ordinary,round_robin,response_loss,HumanEval/149,HumanEval/149::83,ordinary-permit-bc8bb39466b808628467e6084413fb86,2,pass,f7b38933823ba159dc31edf3cd98818b90a78dedcad563b4ea401377606db185,d6b5fa59f1e76ff93280c285ad763072692f768e92c730630800421dd1edaa63,776e739165e0750e8bff934f466cdcc017ed963f4c3ba3204952f40706dc1a21,e05cebc18c2dab444215fb826377edb0480db72e2bf33ed776afbbc2a1d7f150,2,1,0.001313,0.0025643879999961428,0.20300000000861473,0.278719,0.4873386,0.4917082,primary,False
r137,evaluation_18,ordinary,round_robin,response_loss,HumanEval/11,HumanEval/11::12,ordinary-permit-89721255faf1202ba1535ed96cbaf882,3,pass,0fe66a534df84b3f8225adbe1fc1fa61bc03f8ffe2d0c6472775854177c125f2,ab6bfc570778677dd1707434903fab3a92f393e1f3f409873ced824ca43bae56,9ea2b295d58b76a76f454b3418d5adce7332027a37f52bd497c393dd1413f6ab,e05cebc18c2dab444215fb826377edb0480db72e2bf33ed776afbbc2a1d7f150,3,1,0.0,0.001896902999988015,0.20300000000861473,0.5140373,0.7242736,0.7284886,primary,False
r137,evaluation_18,ordinary,round_robin,response_loss,HumanEval/52,HumanEval/52::101,ordinary-permit-f11bb6ec9418864fc02640aa59b683b1,4,pass,d6c7189fbc053f19b81f7a11f884b4baa44abbd4b30792974dbd994abf007e69,51bc98b7297444beca5f887dc4dfdb540b1f1ca00f6fd9b412b0282831695bdf,e167a215c787c0c7d925ca497e622566a30d9130d8a74a7b7af227f29d4578d4,e05cebc18c2dab444215fb826377edb0480db72e2bf33ed776afbbc2a1d7f150,4,1,0.0,0.0019864629999801764,0.20300000000861473,0.7642033,0.9732435,1.9989582,primary,True
r137,evaluation_18,ordinary,round_robin,response_loss,HumanEval/157,HumanEval/157::172,ordinary-permit-2ece25a0ce04c4f723f289f562c33c12,5,pass,262d3c332d79637b98d91cfdbfee593f4c6d24400cc6c02dd7a92b9e9aa715bb,289baddff13e4d033a59819467b517dd5be736f63dc48b93415a39d53cdd5c14,67272f704387d5c137ad9e44ea4eeb354f1b173c06bd6c3065135932814fb889,e05cebc18c2dab444215fb826377edb0480db72e2bf33ed776afbbc2a1d7f150,5,1,0.0,0.0017777870000372786,0.20300000000861473,2.0126213,2.222753,2.2270732,primary,False
r137,evaluation_18,ordinary,round_robin,response_loss,HumanEval/148,HumanEval/148::233,ordinary-permit-d2c767609e8f30b78337e2e34dc92688,6,pass,8a14e0b9b813ff36758fb85d70ed021062245459123f72d8e14536741de02a18,0c2f687d6bd48adcf22b4f843a15b8b8889e084fd1b40e7abcbf72d3ed68d58e,f47f40319453933e285b58233385d904c2c7a3d016f7420048a78b8c611fd786,e05cebc18c2dab444215fb826377edb0480db72e2bf33ed776afbbc2a1d7f150,6,1,5.9999999999999995e-05,0.0022903580000956936,0.20300000000861473,2.2516086,2.4569158,2.4611356,primary,False
r137,evaluation_18,ordinary,round_robin,response_loss,HumanEval/123,HumanEval/123::476,ordinary-permit-2ec3b967d4295b93f6c0f360cb1ddba4,7,pass,5f55743ae3c1efe951ac7867a61dd924c6c6f64bb96886b906c30458d1e95658,a69eeeeed70d79d0c7d59a9f2e388f63d66afcffda44dc04efc0e07dcce9ab7e,585d6b2613866e9581a5c6c7ced030af9ef25f8c7c038eb80c242055898a5048,e05cebc18c2dab444215fb826377edb0480db72e2bf33ed776afbbc2a1d7f150,7,1,0.0,0.0021105079999870213,0.2029999999795109,2.4856247,2.6929564,2.697415,primary,False
r137,evaluation_18,ordinary,round_robin,response_loss,HumanEval/26,HumanEval/26::27,ordinary-permit-eefcc0c380f3a044f09662c0591361c5,8,pass,7155a639bb94325584f61ed58a9923f7c8f522ceeb6a25ec7ffadd96dd6ba1e4,301757e71505a09df1d46feac2f7dd50c7bba2e1074da8e72f815850afa6a671,d9a75aa0af439c70f86bbc9ae8557567b4a3428b7496984ed86a91efc0eb5287,e05cebc18c2dab444215fb826377edb0480db72e2bf33ed776afbbc2a1d7f150,8,1,0.0,0.002241591000029075,0.21899999998277053,2.7216814,2.927914,3.9693773,primary,True
r137,evaluation_18,ordinary,round_robin,response_loss,HumanEval/140,HumanEval/140::69,ordinary-permit-7652cf10cffa2501ba19291ab814a5ef,9,fail,8d3bde031a03ab3c0a3e95ee648231b55225463e4f34d7c87ebf02f920663fc0,424de47e3bcd89fd07974a39797978c0f8e7b1ef00db401e4e0c32980fb70bea,7983607a80061b5a7d3363a919220cd05381479e07a6cc04b6851f6b54f8af14,e05cebc18c2dab444215fb826377edb0480db72e2bf33ed776afbbc2a1d7f150,9,1,0.0,0.0019891270000016448,0.20300000000861473,3.9921125,4.2045903,4.2096318,primary,False
r137,evaluation_18,ordinary,round_robin,response_loss,HumanEval/140,HumanEval/140::61,ordinary-permit-7ee51a41e5251f5b01676fda4e97b96b,10,fail,d318197cd2a55d171c60f15150bbe3c657cf68ecdea885e139b72073b1f79bfe,7303be657b03f9c36e46d96f68025c34aedd16cafa1812813a7cb41c052233fe,7983607a80061b5a7d3363a919220cd05381479e07a6cc04b6851f6b54f8af14,e05cebc18c2dab444215fb826377edb0480db72e2bf33ed776afbbc2a1d7f150,10,1,0.000217,0.00191390500003763,0.20300000000861473,4.240452,4.4510117,4.4555797,primary,False
r137,evaluation_18,ordinary,round_robin,response_loss,HumanEval/140,HumanEval/140::249,ordinary-permit-fa1ca500df44977ccdc350ba1d06683f,11,fail,ca09499a4290e5942480d949755363f186498a0bc70fc6463e0b48f9f9636019,2aeef90cd5cc91e393682dcf28b66416f055cb158ae59af2e9182f87a7541192,7983607a80061b5a7d3363a919220cd05381479e07a6cc04b6851f6b54f8af14,e05cebc18c2dab444215fb826377edb0480db72e2bf33ed776afbbc2a1d7f150,11,1,0.001727,0.002189596999983223,0.21799999999348074,4.4878063,4.6981047,4.7019897,primary,False
r138,evaluation_18,ecrc,round_robin,response_loss,HumanEval/140,HumanEval/140::12,permit_6680b3515a75fb216ba307edb381c4af,1,fail,1e990bad77dbb521a32e0eb1d2c6ed66caf7e72d8603b253c5d47730bef1c8fa,5890800295c67ba02fbf7c0697d645cf223f3d35507c4e23a44eb4e8624b954e,7983607a80061b5a7d3363a919220cd05381479e07a6cc04b6851f6b54f8af14,e05cebc18c2dab444215fb826377edb0480db72e2bf33ed776afbbc2a1d7f150,1,1,0.001366,0.0019827250000616914,0.20300000000861473,0.0379233,0.2481581,0.253551,primary,False
r138,evaluation_18,ecrc,round_robin,response_loss,HumanEval/149,HumanEval/149::83,permit_83fd5bf15bd354bb5aab99b9bbe63ec4,2,pass,7be6f285456f692e76ab3002eb1a85993d81b72f088de77f65ae8f73cac690fa,d6b5fa59f1e76ff93280c285ad763072692f768e92c730630800421dd1edaa63,776e739165e0750e8bff934f466cdcc017ed963f4c3ba3204952f40706dc1a21,e05cebc18c2dab444215fb826377edb0480db72e2bf33ed776afbbc2a1d7f150,2,1,0.0,0.0022770719999698485,0.20300000000861473,0.2995127,0.5068162,0.511912,primary,False
r138,evaluation_18,ecrc,round_robin,response_loss,HumanEval/11,HumanEval/11::12,permit_149b409017653bc6e68777d3e5af834c,3,pass,6a5b68e9bd737d9297ab91504c028f0a1c14a40a074072afe585b83db3fdce12,ab6bfc570778677dd1707434903fab3a92f393e1f3f409873ced824ca43bae56,9ea2b295d58b76a76f454b3418d5adce7332027a37f52bd497c393dd1413f6ab,e05cebc18c2dab444215fb826377edb0480db72e2bf33ed776afbbc2a1d7f150,3,1,0.0,0.002159247999998115,0.21799999999348074,0.5510662,0.7583035,0.7626162,primary,False
r138,evaluation_18,ecrc,round_robin,response_loss,HumanEval/52,HumanEval/52::101,permit_54cd5e5097b32871c926f986ef2716e2,4,pass,46396a7e87d88ce3b245c4d1d9ebe2cdbc845cc8afdc19a25eac7dc5649f8b1e,51bc98b7297444beca5f887dc4dfdb540b1f1ca00f6fd9b412b0282831695bdf,e167a215c787c0c7d925ca497e622566a30d9130d8a74a7b7af227f29d4578d4,e05cebc18c2dab444215fb826377edb0480db72e2bf33ed776afbbc2a1d7f150,4,1,0.000946,0.002031648000070163,0.21900000001187436,0.7863126,0.9922772,2.0188058,primary,True
r138,evaluation_18,ecrc,round_robin,response_loss,HumanEval/157,HumanEval/157::172,permit_a5c3c034b81b504d341e6bafac674a6b,5,pass,18354c8846d03583f748ded6f87fa2bc65ecf60b500d1debecc07af71660c841,289baddff13e4d033a59819467b517dd5be736f63dc48b93415a39d53cdd5c14,67272f704387d5c137ad9e44ea4eeb354f1b173c06bd6c3065135932814fb889,e05cebc18c2dab444215fb826377edb0480db72e2bf33ed776afbbc2a1d7f150,5,1,0.0,0.002029024000080426,0.20300000000861473,2.0496049,2.2547873,2.2592,primary,False
r138,evaluation_18,ecrc,round_robin,response_loss,HumanEval/148,HumanEval/148::233,permit_c6af0d252a636057d9e61a8e2028ff2d,6,pass,46f0721edf89e1b4a42076bfd964e8e93f5f6df37bd417390d989f1a05c2e41e,0c2f687d6bd48adcf22b4f843a15b8b8889e084fd1b40e7abcbf72d3ed68d58e,f47f40319453933e285b58233385d904c2c7a3d016f7420048a78b8c611fd786,e05cebc18c2dab444215fb826377edb0480db72e2bf33ed776afbbc2a1d7f150,6,1,0.0,0.001957016999995176,0.20300000000861473,2.2832289,2.4883159,2.4928294,primary,False
r138,evaluation_18,ecrc,round_robin,response_loss,HumanEval/123,HumanEval/123::476,permit_1500a653543b6fc42d377cb6ededc503,7,pass,c5f30a6abb783428138fe0aeef2219950f4b61bf21bba05eb93b3f469d391bb5,a69eeeeed70d79d0c7d59a9f2e388f63d66afcffda44dc04efc0e07dcce9ab7e,585d6b2613866e9581a5c6c7ced030af9ef25f8c7c038eb80c242055898a5048,e05cebc18c2dab444215fb826377edb0480db72e2bf33ed776afbbc2a1d7f150,7,1,0.0,0.001829010000051312,0.20300000000861473,2.5319866,2.7381361,2.7425145,primary,False
r138,evaluation_18,ecrc,round_robin,response_loss,HumanEval/26,HumanEval/26::27,permit_3ac42512c0ef463fd6de0a20bd4c7812,8,pass,f3514b269208261a41e1c9fc8567ad673430639ae80cb2d9d195c315b2554d07,301757e71505a09df1d46feac2f7dd50c7bba2e1074da8e72f815850afa6a671,d9a75aa0af439c70f86bbc9ae8557567b4a3428b7496984ed86a91efc0eb5287,e05cebc18c2dab444215fb826377edb0480db72e2bf33ed776afbbc2a1d7f150,8,1,0.000183,0.002128211000012925,0.20300000000861473,2.7815526,2.9860045,4.0035226,primary,True
r138,evaluation_18,ecrc,round_robin,response_loss,HumanEval/140,HumanEval/140::69,permit_343aa1f2d34e0ba2355ae1a3880db19c,9,fail,ca313b45213fbf0eda1f1202647acf0eaf80fe41b99b317049ef9d0020b7e323,424de47e3bcd89fd07974a39797978c0f8e7b1ef00db401e4e0c32980fb70bea,7983607a80061b5a7d3363a919220cd05381479e07a6cc04b6851f6b54f8af14,e05cebc18c2dab444215fb826377edb0480db72e2bf33ed776afbbc2a1d7f150,9,1,0.0,0.0019904910000150267,0.21900000001187436,4.0353147,4.2426067,4.2476034,primary,False
r138,evaluation_18,ecrc,round_robin,response_loss,HumanEval/140,HumanEval/140::61,permit_aca4c4678b83949d653cf032f0c53676,10,fail,8f1b1789ee0cc5e1c37b7c4e401c14159e5a9a6ed679a5bae7dfd40723d34c90,7303be657b03f9c36e46d96f68025c34aedd16cafa1812813a7cb41c052233fe,7983607a80061b5a7d3363a919220cd05381479e07a6cc04b6851f6b54f8af14,e05cebc18c2dab444215fb826377edb0480db72e2bf33ed776afbbc2a1d7f150,10,1,0.00087,0.0020974469999828216,0.21900000001187436,4.2862962,4.4923793,4.4972401,primary,False
r138,evaluation_18,ecrc,round_robin,response_loss,HumanEval/140,HumanEval/140::249,permit_848cabd653923f0a128a74241237a6e3,11,fail,3074f306530e662f3a524c10ef260734bfeb880f35a472680ebf014dcb8b41b2,2aeef90cd5cc91e393682dcf28b66416f055cb158ae59af2e9182f87a7541192,7983607a80061b5a7d3363a919220cd05381479e07a6cc04b6851f6b54f8af14,e05cebc18c2dab444215fb826377edb0480db72e2bf33ed776afbbc2a1d7f150,11,1,0.0,0.0017434620000358336,0.20300000000861473,4.5379451,4.7460891,4.750158,primary,False
r139,evaluation_18,ecrc,depth_first,response_loss,HumanEval/140,HumanEval/140::12,permit_6680b3515a75fb216ba307edb381c4af,1,fail,c6b8c62942d1bade499ff55e4991436c7733bf0de19e0a8166ec617bbb633fb5,5890800295c67ba02fbf7c0697d645cf223f3d35507c4e23a44eb4e8624b954e,7983607a80061b5a7d3363a919220cd05381479e07a6cc04b6851f6b54f8af14,e05cebc18c2dab444215fb826377edb0480db72e2bf33ed776afbbc2a1d7f150,1,1,0.0,0.0018759129999352808,0.21899999998277053,0.0400075,0.2465952,0.2509711,primary,False
r139,evaluation_18,ecrc,depth_first,response_loss,HumanEval/140,HumanEval/140::69,permit_343aa1f2d34e0ba2355ae1a3880db19c,2,fail,03312ab3e85faa811c841d2ba1c4c3e3a2dbecd3591544c404b37332cebba2f2,424de47e3bcd89fd07974a39797978c0f8e7b1ef00db401e4e0c32980fb70bea,7983607a80061b5a7d3363a919220cd05381479e07a6cc04b6851f6b54f8af14,e05cebc18c2dab444215fb826377edb0480db72e2bf33ed776afbbc2a1d7f150,2,1,0.0,0.0019907590000229902,0.21900000001187436,0.3046696,0.513046,0.5182949,primary,False
r139,evaluation_18,ecrc,depth_first,response_loss,HumanEval/140,HumanEval/140::61,permit_aca4c4678b83949d653cf032f0c53676,3,fail,32402196015b3617285e28d13c358e63d73ecdd8e5e3c946c7e6a768f8594681,7303be657b03f9c36e46d96f68025c34aedd16cafa1812813a7cb41c052233fe,7983607a80061b5a7d3363a919220cd05381479e07a6cc04b6851f6b54f8af14,e05cebc18c2dab444215fb826377edb0480db72e2bf33ed776afbbc2a1d7f150,3,1,0.0,0.0017478710000204956,0.20300000000861473,0.5530111,0.7597234,0.7642628,primary,False
r139,evaluation_18,ecrc,depth_first,response_loss,HumanEval/140,HumanEval/140::249,permit_848cabd653923f0a128a74241237a6e3,4,fail,3f9c56a88c3293070ba12d27151fc79fc87d4dbc5d3ebc9675710ca649bbf75b,2aeef90cd5cc91e393682dcf28b66416f055cb158ae59af2e9182f87a7541192,7983607a80061b5a7d3363a919220cd05381479e07a6cc04b6851f6b54f8af14,e05cebc18c2dab444215fb826377edb0480db72e2bf33ed776afbbc2a1d7f150,4,1,0.001402,0.002046529999915947,0.20300000000861473,0.8002119,1.0090852,2.0441865,primary,True
r139,evaluation_18,ecrc,depth_first,response_loss,HumanEval/149,HumanEval/149::83,permit_83fd5bf15bd354bb5aab99b9bbe63ec4,5,pass,535fc0f3db842e283a388c62c6f32ce554047733b42ffd91482a4201a1927752,d6b5fa59f1e76ff93280c285ad763072692f768e92c730630800421dd1edaa63,776e739165e0750e8bff934f466cdcc017ed963f4c3ba3204952f40706dc1a21,e05cebc18c2dab444215fb826377edb0480db72e2bf33ed776afbbc2a1d7f150,5,1,0.0007329999999999999,0.002034012999956758,0.20399999999790452,2.0600941,2.2648566,2.2700695,primary,False
r139,evaluation_18,ecrc,depth_first,response_loss,HumanEval/11,HumanEval/11::12,permit_149b409017653bc6e68777d3e5af834c,6,pass,9055b3b235892df2f4a45c4bb5bfa04f5df31ccb5e8b4b1ef2c337202235513e,ab6bfc570778677dd1707434903fab3a92f393e1f3f409873ced824ca43bae56,9ea2b295d58b76a76f454b3418d5adce7332027a37f52bd497c393dd1413f6ab,e05cebc18c2dab444215fb826377edb0480db72e2bf33ed776afbbc2a1d7f150,6,1,0.0,0.0021101470000530753,0.20300000000861473,2.3015285,2.5063113,2.5105605,primary,False
r139,evaluation_18,ecrc,depth_first,response_loss,HumanEval/52,HumanEval/52::101,permit_54cd5e5097b32871c926f986ef2716e2,7,pass,e9cd22607686a839496ad41cb3587fcc06bccd7a8a8cf941555ce3a25ae60e59,51bc98b7297444beca5f887dc4dfdb540b1f1ca00f6fd9b412b0282831695bdf,e167a215c787c0c7d925ca497e622566a30d9130d8a74a7b7af227f29d4578d4,e05cebc18c2dab444215fb826377edb0480db72e2bf33ed776afbbc2a1d7f150,7,1,0.0,0.002342155999940587,0.20300000000861473,2.5506768,2.7552198,2.7602007,primary,False
r139,evaluation_18,ecrc,depth_first,response_loss,HumanEval/157,HumanEval/157::172,permit_a5c3c034b81b504d341e6bafac674a6b,8,pass,0958b0703beb2c370ee1d8e86db9a423cea58de631e466f45eaeea7cdc7b2480,289baddff13e4d033a59819467b517dd5be736f63dc48b93415a39d53cdd5c14,67272f704387d5c137ad9e44ea4eeb354f1b173c06bd6c3065135932814fb889,e05cebc18c2dab444215fb826377edb0480db72e2bf33ed776afbbc2a1d7f150,8,1,0.000543,0.0020250060000535086,0.2029999999795109,2.7858994,2.9896275,3.9974643,primary,True
r139,evaluation_18,ecrc,depth_first,response_loss,HumanEval/148,HumanEval/148::233,permit_c6af0d252a636057d9e61a8e2028ff2d,9,pass,70957aaae5810490e6de660f0be51503a5976dd76953a0fae671f80830095b3a,0c2f687d6bd48adcf22b4f843a15b8b8889e084fd1b40e7abcbf72d3ed68d58e,f47f40319453933e285b58233385d904c2c7a3d016f7420048a78b8c611fd786,e05cebc18c2dab444215fb826377edb0480db72e2bf33ed776afbbc2a1d7f150,9,1,0.0007059999999999999,0.0022596800000656003,0.2029999999795109,4.0354506,4.2414157,4.2456215,primary,False
r139,evaluation_18,ecrc,depth_first,response_loss,HumanEval/123,HumanEval/123::476,permit_1500a653543b6fc42d377cb6ededc503,10,pass,4aac898689cca016d508a880d9ac0c2dd14e3c8e893b8a2c91a3017a0ceb778e,a69eeeeed70d79d0c7d59a9f2e388f63d66afcffda44dc04efc0e07dcce9ab7e,585d6b2613866e9581a5c6c7ced030af9ef25f8c7c038eb80c242055898a5048,e05cebc18c2dab444215fb826377edb0480db72e2bf33ed776afbbc2a1d7f150,10,1,0.00029,0.00188982899999246,0.20300000000861473,4.2609635,4.4647736,4.4694578,primary,False
r139,evaluation_18,ecrc,depth_first,response_loss,HumanEval/26,HumanEval/26::27,permit_3ac42512c0ef463fd6de0a20bd4c7812,11,pass,e2d6229941f424c3d27c439a08021ee69d8b30f26cbb5cd60e8cddf320cbf67b,301757e71505a09df1d46feac2f7dd50c7bba2e1074da8e72f815850afa6a671,d9a75aa0af439c70f86bbc9ae8557567b4a3428b7496984ed86a91efc0eb5287,e05cebc18c2dab444215fb826377edb0480db72e2bf33ed776afbbc2a1d7f150,11,1,0.001366,0.0023133909999160096,0.20300000000861473,4.5030298,4.7093875,4.7143192,primary,False
r140,evaluation_18,ordinary,depth_first,response_loss,HumanEval/140,HumanEval/140::12,ordinary-permit-b6e2deb70186557ea94c4dcb3c9bc188,1,fail,5b356afb99d1304d86fe8693b9712d11bc0fd547b4f0687a21ab92beb7f84a21,5890800295c67ba02fbf7c0697d645cf223f3d35507c4e23a44eb4e8624b954e,7983607a80061b5a7d3363a919220cd05381479e07a6cc04b6851f6b54f8af14,e05cebc18c2dab444215fb826377edb0480db72e2bf33ed776afbbc2a1d7f150,1,1,0.0,0.0020173099999283295,0.20300000000861473,0.0315809,0.2376768,0.2416305,primary,False
r140,evaluation_18,ordinary,depth_first,response_loss,HumanEval/140,HumanEval/140::69,ordinary-permit-7652cf10cffa2501ba19291ab814a5ef,2,fail,c9bc92f5777bd7edc1165cd1eeaa7575349c1f465d5c45f0d0b52801d95ed19c,424de47e3bcd89fd07974a39797978c0f8e7b1ef00db401e4e0c32980fb70bea,7983607a80061b5a7d3363a919220cd05381479e07a6cc04b6851f6b54f8af14,e05cebc18c2dab444215fb826377edb0480db72e2bf33ed776afbbc2a1d7f150,2,1,0.0,0.0020447729999659714,0.20300000000861473,0.2651339,0.4695661,0.4739733,primary,False
r140,evaluation_18,ordinary,depth_first,response_loss,HumanEval/140,HumanEval/140::61,ordinary-permit-7ee51a41e5251f5b01676fda4e97b96b,3,fail,60c4220afa7e5fce470a2fee47aacebb52fdbb30abf6e2c2472be61edab387a2,7303be657b03f9c36e46d96f68025c34aedd16cafa1812813a7cb41c052233fe,7983607a80061b5a7d3363a919220cd05381479e07a6cc04b6851f6b54f8af14,e05cebc18c2dab444215fb826377edb0480db72e2bf33ed776afbbc2a1d7f150,3,1,0.0,0.00213678800002981,0.21799999999348074,0.4875447,0.6981378,0.7026131,primary,False
r140,evaluation_18,ordinary,depth_first,response_loss,HumanEval/140,HumanEval/140::249,ordinary-permit-fa1ca500df44977ccdc350ba1d06683f,4,fail,be76244c55546ca452fa9ffc67fb2900e352203fee3e195b56b5e898aa57e123,2aeef90cd5cc91e393682dcf28b66416f055cb158ae59af2e9182f87a7541192,7983607a80061b5a7d3363a919220cd05381479e07a6cc04b6851f6b54f8af14,e05cebc18c2dab444215fb826377edb0480db72e2bf33ed776afbbc2a1d7f150,4,1,0.001156,0.002055202999940775,0.2029999999795109,0.7352613,0.9395818,1.9710563,primary,True
r140,evaluation_18,ordinary,depth_first,response_loss,HumanEval/149,HumanEval/149::83,ordinary-permit-bc8bb39466b808628467e6084413fb86,5,pass,55c556117d6e5af604c9194f7fb8d4703181d25e1ee87d1b0dcd7e01200015cb,d6b5fa59f1e76ff93280c285ad763072692f768e92c730630800421dd1edaa63,776e739165e0750e8bff934f466cdcc017ed963f4c3ba3204952f40706dc1a21,e05cebc18c2dab444215fb826377edb0480db72e2bf33ed776afbbc2a1d7f150,5,1,0.001699,0.00225190499998007,0.20300000000861473,2.0086538,2.2125311,2.2171617,primary,False
r140,evaluation_18,ordinary,depth_first,response_loss,HumanEval/11,HumanEval/11::12,ordinary-permit-89721255faf1202ba1535ed96cbaf882,6,pass,718e3185c3aff4febf8daa518afde71f04aa276dadc73a8d764925e018b8b1c8,ab6bfc570778677dd1707434903fab3a92f393e1f3f409873ced824ca43bae56,9ea2b295d58b76a76f454b3418d5adce7332027a37f52bd497c393dd1413f6ab,e05cebc18c2dab444215fb826377edb0480db72e2bf33ed776afbbc2a1d7f150,6,1,0.0009549999999999999,0.0019222010000703449,0.20300000000861473,2.24588,2.4534013,2.4573803,primary,False
r140,evaluation_18,ordinary,depth_first,response_loss,HumanEval/52,HumanEval/52::101,ordinary-permit-f11bb6ec9418864fc02640aa59b683b1,7,pass,ddcb1826c1ffa1072e184d5473ffdaf7de1701140a548152106338f3c0942c89,51bc98b7297444beca5f887dc4dfdb540b1f1ca00f6fd9b412b0282831695bdf,e167a215c787c0c7d925ca497e622566a30d9130d8a74a7b7af227f29d4578d4,e05cebc18c2dab444215fb826377edb0480db72e2bf33ed776afbbc2a1d7f150,7,1,0.001139,0.0020547010000200316,0.20300000000861473,2.4697224,2.6766301,2.6809058,primary,False
r140,evaluation_18,ordinary,depth_first,response_loss,HumanEval/157,HumanEval/157::172,ordinary-permit-2ece25a0ce04c4f723f289f562c33c12,8,pass,a7c990fd13e38a7f3e5062193154977642832384006ee5643557ced82b409dac,289baddff13e4d033a59819467b517dd5be736f63dc48b93415a39d53cdd5c14,67272f704387d5c137ad9e44ea4eeb354f1b173c06bd6c3065135932814fb889,e05cebc18c2dab444215fb826377edb0480db72e2bf33ed776afbbc2a1d7f150,8,1,0.0012389999999999999,0.0018633700000236786,0.21899999998277053,2.7184931,2.9290167,3.9613013,primary,True
r140,evaluation_18,ordinary,depth_first,response_loss,HumanEval/148,HumanEval/148::233,ordinary-permit-d2c767609e8f30b78337e2e34dc92688,9,pass,85c83b234c79501de3d7b345eba1f24612caf741422242164563f05870dba739,0c2f687d6bd48adcf22b4f843a15b8b8889e084fd1b40e7abcbf72d3ed68d58e,f47f40319453933e285b58233385d904c2c7a3d016f7420048a78b8c611fd786,e05cebc18c2dab444215fb826377edb0480db72e2bf33ed776afbbc2a1d7f150,9,1,0.0,0.0020002730000214797,0.20300000000861473,3.9959503,4.2065882,4.2103475,primary,False
r140,evaluation_18,ordinary,depth_first,response_loss,HumanEval/123,HumanEval/123::476,ordinary-permit-2ec3b967d4295b93f6c0f360cb1ddba4,10,pass,89e274fafbea9111836830bb39486a4650ac80d6c47f884be28d78ebc1bacc36,a69eeeeed70d79d0c7d59a9f2e388f63d66afcffda44dc04efc0e07dcce9ab7e,585d6b2613866e9581a5c6c7ced030af9ef25f8c7c038eb80c242055898a5048,e05cebc18c2dab444215fb826377edb0480db72e2bf33ed776afbbc2a1d7f150,10,1,0.0,0.0018236040000374487,0.2029999999795109,4.2332528,4.4388097,4.4429405,primary,False
r140,evaluation_18,ordinary,depth_first,response_loss,HumanEval/26,HumanEval/26::27,ordinary-permit-eefcc0c380f3a044f09662c0591361c5,11,pass,99f341de9f49a4b1f436c24a2e7250870912121c7f1672628acfa240e08d8541,301757e71505a09df1d46feac2f7dd50c7bba2e1074da8e72f815850afa6a671,d9a75aa0af439c70f86bbc9ae8557567b4a3428b7496984ed86a91efc0eb5287,e05cebc18c2dab444215fb826377edb0480db72e2bf33ed776afbbc2a1d7f150,11,1,0.0,0.002081458000020575,0.20300000000861473,4.4682452,4.6754647,4.6796135,primary,False
r141,evaluation_18,ecrc,round_robin,normal,HumanEval/140,HumanEval/140::12,permit_6680b3515a75fb216ba307edb381c4af,1,fail,8456c77bc762008baaf7de5a7bb4423a23b93c9b8d7771801590d44731166780,5890800295c67ba02fbf7c0697d645cf223f3d35507c4e23a44eb4e8624b954e,7983607a80061b5a7d3363a919220cd05381479e07a6cc04b6851f6b54f8af14,e05cebc18c2dab444215fb826377edb0480db72e2bf33ed776afbbc2a1d7f150,1,1,0.0,0.0018453110000109518,0.20300000000861473,0.0333892,0.2439118,0.2493877,primary,False
r141,evaluation_18,ecrc,round_robin,normal,HumanEval/149,HumanEval/149::83,permit_83fd5bf15bd354bb5aab99b9bbe63ec4,2,pass,e9c5526c5983d3e678f17b4ba003d75a5f1f0bf363d3f3b6270ca0f701d2f338,d6b5fa59f1e76ff93280c285ad763072692f768e92c730630800421dd1edaa63,776e739165e0750e8bff934f466cdcc017ed963f4c3ba3204952f40706dc1a21,e05cebc18c2dab444215fb826377edb0480db72e2bf33ed776afbbc2a1d7f150,2,1,0.0,0.0022402429999601736,0.20300000000861473,0.2825167,0.4887668,0.4935164,primary,False
r141,evaluation_18,ecrc,round_robin,normal,HumanEval/11,HumanEval/11::12,permit_149b409017653bc6e68777d3e5af834c,3,pass,62a0fa84f5cb2011c47e63a72e5d9b8e4bb6236ce6c1f7a201d4481c334bf982,ab6bfc570778677dd1707434903fab3a92f393e1f3f409873ced824ca43bae56,9ea2b295d58b76a76f454b3418d5adce7332027a37f52bd497c393dd1413f6ab,e05cebc18c2dab444215fb826377edb0480db72e2bf33ed776afbbc2a1d7f150,3,1,0.0,0.0021104180000293127,0.20300000000861473,0.532841,0.7402384,0.7449407,primary,False
r141,evaluation_18,ecrc,round_robin,normal,HumanEval/52,HumanEval/52::101,permit_54cd5e5097b32871c926f986ef2716e2,4,pass,ecf4ba018fb4bc78fbba6b32aab4c9f6b0609d54e8a21c4e2458ed0eda74b80c,51bc98b7297444beca5f887dc4dfdb540b1f1ca00f6fd9b412b0282831695bdf,e167a215c787c0c7d925ca497e622566a30d9130d8a74a7b7af227f29d4578d4,e05cebc18c2dab444215fb826377edb0480db72e2bf33ed776afbbc2a1d7f150,4,1,0.000919,0.0018996480000623706,0.20300000000861473,0.7803883,0.9859594,0.9904618,primary,False
r141,evaluation_18,ecrc,round_robin,normal,HumanEval/157,HumanEval/157::172,permit_a5c3c034b81b504d341e6bafac674a6b,5,pass,db6c1dc98eb689bfa898ea4fc611d9bff867b51bfe73d716124ad59218883b13,289baddff13e4d033a59819467b517dd5be736f63dc48b93415a39d53cdd5c14,67272f704387d5c137ad9e44ea4eeb354f1b173c06bd6c3065135932814fb889,e05cebc18c2dab444215fb826377edb0480db72e2bf33ed776afbbc2a1d7f150,5,1,0.0008039999999999999,0.0019154969999135574,0.2029999999795109,1.0165626,1.221669,1.2264564,primary,False
r141,evaluation_18,ecrc,round_robin,normal,HumanEval/148,HumanEval/148::233,permit_c6af0d252a636057d9e61a8e2028ff2d,6,pass,fd5e67af3eb0f4cbccbd2304413c47036882f1c700a4629fce02a8373aaaf0d2,0c2f687d6bd48adcf22b4f843a15b8b8889e084fd1b40e7abcbf72d3ed68d58e,f47f40319453933e285b58233385d904c2c7a3d016f7420048a78b8c611fd786,e05cebc18c2dab444215fb826377edb0480db72e2bf33ed776afbbc2a1d7f150,6,1,0.0,0.002015687000039179,0.20300000000861473,1.2513401,1.4598183,1.4644806,primary,False
r141,evaluation_18,ecrc,round_robin,normal,HumanEval/123,HumanEval/123::476,permit_1500a653543b6fc42d377cb6ededc503,7,pass,285169bdbb823424b3be827555bf36e3be3ed0dee09533b702c1d0f8c496a7a1,a69eeeeed70d79d0c7d59a9f2e388f63d66afcffda44dc04efc0e07dcce9ab7e,585d6b2613866e9581a5c6c7ced030af9ef25f8c7c038eb80c242055898a5048,e05cebc18c2dab444215fb826377edb0480db72e2bf33ed776afbbc2a1d7f150,7,1,0.0,0.0020940169999903446,0.20300000000861473,1.5006027,1.71014,1.7326814,primary,False
r141,evaluation_18,ecrc,round_robin,normal,HumanEval/26,HumanEval/26::27,permit_3ac42512c0ef463fd6de0a20bd4c7812,8,pass,0d2d48ca9f40533ddeddedafc52467ed451ff8204c3ab1eaf899b42cf07eedf9,301757e71505a09df1d46feac2f7dd50c7bba2e1074da8e72f815850afa6a671,d9a75aa0af439c70f86bbc9ae8557567b4a3428b7496984ed86a91efc0eb5287,e05cebc18c2dab444215fb826377edb0480db72e2bf33ed776afbbc2a1d7f150,8,1,0.0,0.0023592250000774584,0.21799999999348074,1.7658205,1.9850894,1.9902102,primary,False
r141,evaluation_18,ecrc,round_robin,normal,HumanEval/140,HumanEval/140::69,permit_343aa1f2d34e0ba2355ae1a3880db19c,9,fail,0160d4989382c5dc3f5dc2a6fa8c9f4af64a0607a5179e211cd2d34d5135d1d6,424de47e3bcd89fd07974a39797978c0f8e7b1ef00db401e4e0c32980fb70bea,7983607a80061b5a7d3363a919220cd05381479e07a6cc04b6851f6b54f8af14,e05cebc18c2dab444215fb826377edb0480db72e2bf33ed776afbbc2a1d7f150,9,1,0.001207,0.0021042350000470833,0.2029999999795109,2.0150211,2.2213509,2.2262576,primary,False
r141,evaluation_18,ecrc,round_robin,normal,HumanEval/140,HumanEval/140::61,permit_aca4c4678b83949d653cf032f0c53676,10,fail,0a147fce1b69ad9ee53fd7f67d3ffbaf5c8a2cf9e0638d28b9d3e2925db7700b,7303be657b03f9c36e46d96f68025c34aedd16cafa1812813a7cb41c052233fe,7983607a80061b5a7d3363a919220cd05381479e07a6cc04b6851f6b54f8af14,e05cebc18c2dab444215fb826377edb0480db72e2bf33ed776afbbc2a1d7f150,10,1,0.0,0.0019147259999954258,0.20300000000861473,2.2503721,2.4609169,2.4659031,primary,False
r141,evaluation_18,ecrc,round_robin,normal,HumanEval/140,HumanEval/140::249,permit_848cabd653923f0a128a74241237a6e3,11,fail,0a5c20409635d402faec11963c714fde641ca9ea43e2ceaef26a34f00accc876,2aeef90cd5cc91e393682dcf28b66416f055cb158ae59af2e9182f87a7541192,7983607a80061b5a7d3363a919220cd05381479e07a6cc04b6851f6b54f8af14,e05cebc18c2dab444215fb826377edb0480db72e2bf33ed776afbbc2a1d7f150,11,1,0.0,0.0017230619999963892,0.20300000000861473,2.4996199,2.704265,2.7269021,primary,False
r142,evaluation_18,ordinary,round_robin,normal,HumanEval/140,HumanEval/140::12,ordinary-permit-b6e2deb70186557ea94c4dcb3c9bc188,1,fail,a19a97c7866086a57dc5c39371be65d5c5ee1b661792c04902f01167864953a7,5890800295c67ba02fbf7c0697d645cf223f3d35507c4e23a44eb4e8624b954e,7983607a80061b5a7d3363a919220cd05381479e07a6cc04b6851f6b54f8af14,e05cebc18c2dab444215fb826377edb0480db72e2bf33ed776afbbc2a1d7f150,1,1,0.001746,0.0021014159999594995,0.2029999999795109,0.0128287,0.2239245,0.2283104,primary,False
r142,evaluation_18,ordinary,round_robin,normal,HumanEval/149,HumanEval/149::83,ordinary-permit-bc8bb39466b808628467e6084413fb86,2,pass,2c34f29f404cb01d906d483fc5cf83d2ef4289164058418bab5a95da5dfc318d,d6b5fa59f1e76ff93280c285ad763072692f768e92c730630800421dd1edaa63,776e739165e0750e8bff934f466cdcc017ed963f4c3ba3204952f40706dc1a21,e05cebc18c2dab444215fb826377edb0480db72e2bf33ed776afbbc2a1d7f150,2,1,0.0,0.002100562999999056,0.2029999999795109,0.2616374,0.4711022,0.4755428,primary,False
r142,evaluation_18,ordinary,round_robin,normal,HumanEval/11,HumanEval/11::12,ordinary-permit-89721255faf1202ba1535ed96cbaf882,3,pass,d5a368b8b47b3a2fb605095407df83d6da059c173f1568c4bbfee8664642dd23,ab6bfc570778677dd1707434903fab3a92f393e1f3f409873ced824ca43bae56,9ea2b295d58b76a76f454b3418d5adce7332027a37f52bd497c393dd1413f6ab,e05cebc18c2dab444215fb826377edb0480db72e2bf33ed776afbbc2a1d7f150,3,1,0.0008089999999999999,0.0021781159999818556,0.2029999999795109,0.5110696,0.7164349,0.7210857,primary,False
r142,evaluation_18,ordinary,round_robin,normal,HumanEval/52,HumanEval/52::101,ordinary-permit-f11bb6ec9418864fc02640aa59b683b1,4,pass,818984f30acd649ba4ff0369c9e015a8a0b819e6ffc163c275434cc17dcff3e4,51bc98b7297444beca5f887dc4dfdb540b1f1ca00f6fd9b412b0282831695bdf,e167a215c787c0c7d925ca497e622566a30d9130d8a74a7b7af227f29d4578d4,e05cebc18c2dab444215fb826377edb0480db72e2bf33ed776afbbc2a1d7f150,4,1,0.00022899999999999998,0.0018377599999439553,0.2029999999795109,0.7629676,0.9692051,0.9736329,primary,False
r142,evaluation_18,ordinary,round_robin,normal,HumanEval/157,HumanEval/157::172,ordinary-permit-2ece25a0ce04c4f723f289f562c33c12,5,pass,277e5d5381a1be637cfb866a63ec7f0ff78e4796d0e2de8cbf52f785780ad056,289baddff13e4d033a59819467b517dd5be736f63dc48b93415a39d53cdd5c14,67272f704387d5c137ad9e44ea4eeb354f1b173c06bd6c3065135932814fb889,e05cebc18c2dab444215fb826377edb0480db72e2bf33ed776afbbc2a1d7f150,5,1,4.7e-05,0.0018536810000568948,0.20300000000861473,0.9958777,1.2007893,1.2052618,primary,False
r142,evaluation_18,ordinary,round_robin,normal,HumanEval/148,HumanEval/148::233,ordinary-permit-d2c767609e8f30b78337e2e34dc92688,6,pass,95023ec22e263aeca0621ef8f5d39db083fcfec1e1a99c13c102c8a996da09e1,0c2f687d6bd48adcf22b4f843a15b8b8889e084fd1b40e7abcbf72d3ed68d58e,f47f40319453933e285b58233385d904c2c7a3d016f7420048a78b8c611fd786,e05cebc18c2dab444215fb826377edb0480db72e2bf33ed776afbbc2a1d7f150,6,1,0.00034399999999999996,0.001993258999959835,0.20300000000861473,1.2167462,1.4202881,1.4244229,primary,False
r142,evaluation_18,ordinary,round_robin,normal,HumanEval/123,HumanEval/123::476,ordinary-permit-2ec3b967d4295b93f6c0f360cb1ddba4,7,pass,791ea6bc890bc25f7a414afd4a70bcc718197b4de719f36959b28bd25265f0b3,a69eeeeed70d79d0c7d59a9f2e388f63d66afcffda44dc04efc0e07dcce9ab7e,585d6b2613866e9581a5c6c7ced030af9ef25f8c7c038eb80c242055898a5048,e05cebc18c2dab444215fb826377edb0480db72e2bf33ed776afbbc2a1d7f150,7,1,0.0,0.0018709240000589489,0.20300000000861473,1.4625404,1.6691957,1.6918984,primary,False
r142,evaluation_18,ordinary,round_robin,normal,HumanEval/26,HumanEval/26::27,ordinary-permit-eefcc0c380f3a044f09662c0591361c5,8,pass,88950a0556051cf8f70b3a19c21e9f5b7b94e22f19b598908f26df5ac06b2636,301757e71505a09df1d46feac2f7dd50c7bba2e1074da8e72f815850afa6a671,d9a75aa0af439c70f86bbc9ae8557567b4a3428b7496984ed86a91efc0eb5287,e05cebc18c2dab444215fb826377edb0480db72e2bf33ed776afbbc2a1d7f150,8,1,0.0,0.0021201399999881687,0.20399999999790452,1.729391,1.938506,1.9428141,primary,False
r142,evaluation_18,ordinary,round_robin,normal,HumanEval/140,HumanEval/140::69,ordinary-permit-7652cf10cffa2501ba19291ab814a5ef,9,fail,c089396819669f50a05b2cae7f766d5dd3404d6f73e2eff0378477b28c1e23ac,424de47e3bcd89fd07974a39797978c0f8e7b1ef00db401e4e0c32980fb70bea,7983607a80061b5a7d3363a919220cd05381479e07a6cc04b6851f6b54f8af14,e05cebc18c2dab444215fb826377edb0480db72e2bf33ed776afbbc2a1d7f150,9,1,0.001204,0.0019138650000058988,0.20399999999790452,1.9795773,2.1878457,2.1920848,primary,False
r142,evaluation_18,ordinary,round_robin,normal,HumanEval/140,HumanEval/140::61,ordinary-permit-7ee51a41e5251f5b01676fda4e97b96b,10,fail,136914155922eae1b56216f23c4b40476d34efdb38eaf6ffab78b2ffed74477c,7303be657b03f9c36e46d96f68025c34aedd16cafa1812813a7cb41c052233fe,7983607a80061b5a7d3363a919220cd05381479e07a6cc04b6851f6b54f8af14,e05cebc18c2dab444215fb826377edb0480db72e2bf33ed776afbbc2a1d7f150,10,1,0.0,0.0020251790000429537,0.20300000000861473,2.2152335,2.4226568,2.4268553,primary,False
r142,evaluation_18,ordinary,round_robin,normal,HumanEval/140,HumanEval/140::249,ordinary-permit-fa1ca500df44977ccdc350ba1d06683f,11,fail,d1cd28d7a94d35a23513be6001b0e3ba968bdfcd3ddd7490433a8f79aa8273c3,2aeef90cd5cc91e393682dcf28b66416f055cb158ae59af2e9182f87a7541192,7983607a80061b5a7d3363a919220cd05381479e07a6cc04b6851f6b54f8af14,e05cebc18c2dab444215fb826377edb0480db72e2bf33ed776afbbc2a1d7f150,11,1,0.0,0.002061731000026157,0.20300000000861473,2.4685731,2.6748784,2.6795069,primary,False
r143,evaluation_18,ordinary,depth_first,normal,HumanEval/140,HumanEval/140::12,ordinary-permit-b6e2deb70186557ea94c4dcb3c9bc188,1,fail,ecaab562d4ac686d49ed26f26e837801c2dfb66bcea1569e72ad557d55571907,5890800295c67ba02fbf7c0697d645cf223f3d35507c4e23a44eb4e8624b954e,7983607a80061b5a7d3363a919220cd05381479e07a6cc04b6851f6b54f8af14,e05cebc18c2dab444215fb826377edb0480db72e2bf33ed776afbbc2a1d7f150,1,1,0.0,0.0019249859999490582,0.20399999999790452,0.0255076,0.2359696,0.2404443,primary,False
r143,evaluation_18,ordinary,depth_first,normal,HumanEval/140,HumanEval/140::69,ordinary-permit-7652cf10cffa2501ba19291ab814a5ef,2,fail,3bcb08ecf5048b4943ab50683c759735947432ed79ae656c46e94519de6d32bc,424de47e3bcd89fd07974a39797978c0f8e7b1ef00db401e4e0c32980fb70bea,7983607a80061b5a7d3363a919220cd05381479e07a6cc04b6851f6b54f8af14,e05cebc18c2dab444215fb826377edb0480db72e2bf33ed776afbbc2a1d7f150,2,1,0.0,0.001763660000051459,0.20399999999790452,0.2771253,0.4872245,0.4914694,primary,False
r143,evaluation_18,ordinary,depth_first,normal,HumanEval/140,HumanEval/140::61,ordinary-permit-7ee51a41e5251f5b01676fda4e97b96b,3,fail,e518657abd8cf0a236eef6dd06e0f64988da258086d6e9483dd6f3b135fb04b5,7303be657b03f9c36e46d96f68025c34aedd16cafa1812813a7cb41c052233fe,7983607a80061b5a7d3363a919220cd05381479e07a6cc04b6851f6b54f8af14,e05cebc18c2dab444215fb826377edb0480db72e2bf33ed776afbbc2a1d7f150,3,1,0.0,0.001877175000004172,0.20300000000861473,0.5436682,0.7531454,0.7575105,primary,False
r143,evaluation_18,ordinary,depth_first,normal,HumanEval/140,HumanEval/140::249,ordinary-permit-fa1ca500df44977ccdc350ba1d06683f,4,fail,d724227a2bc5db36ce29ec4ee9e8c564f3b710e5893f7fb6ec33f26fdaed0230,2aeef90cd5cc91e393682dcf28b66416f055cb158ae59af2e9182f87a7541192,7983607a80061b5a7d3363a919220cd05381479e07a6cc04b6851f6b54f8af14,e05cebc18c2dab444215fb826377edb0480db72e2bf33ed776afbbc2a1d7f150,4,1,0.0,0.002124299999991308,0.20399999999790452,0.780669,0.9862579,0.990507,primary,False
r143,evaluation_18,ordinary,depth_first,normal,HumanEval/149,HumanEval/149::83,ordinary-permit-bc8bb39466b808628467e6084413fb86,5,pass,8794a98904b5a292725f40b0f41375fb380479245541b4d390fa13c7d1fbcf58,d6b5fa59f1e76ff93280c285ad763072692f768e92c730630800421dd1edaa63,776e739165e0750e8bff934f466cdcc017ed963f4c3ba3204952f40706dc1a21,e05cebc18c2dab444215fb826377edb0480db72e2bf33ed776afbbc2a1d7f150,5,1,0.0,0.0021645959999432307,0.21900000001187436,1.0154093,1.2255802,1.229892,primary,False
r143,evaluation_18,ordinary,depth_first,normal,HumanEval/11,HumanEval/11::12,ordinary-permit-89721255faf1202ba1535ed96cbaf882,6,pass,77ab4c7f9167a303ae07c45dec725b86445ad4b1d60781fd72ca660a63efd8b5,ab6bfc570778677dd1707434903fab3a92f393e1f3f409873ced824ca43bae56,9ea2b295d58b76a76f454b3418d5adce7332027a37f52bd497c393dd1413f6ab,e05cebc18c2dab444215fb826377edb0480db72e2bf33ed776afbbc2a1d7f150,6,1,0.0,0.0020327050000332747,0.21900000001187436,1.2641229,1.473772,1.4958963,primary,False
r143,evaluation_18,ordinary,depth_first,normal,HumanEval/52,HumanEval/52::101,ordinary-permit-f11bb6ec9418864fc02640aa59b683b1,7,pass,a615d1c58582fcb91f7877a4dc73192608296485c8ed0f585e692080a691dc5a,51bc98b7297444beca5f887dc4dfdb540b1f1ca00f6fd9b412b0282831695bdf,e167a215c787c0c7d925ca497e622566a30d9130d8a74a7b7af227f29d4578d4,e05cebc18c2dab444215fb826377edb0480db72e2bf33ed776afbbc2a1d7f150,7,1,0.0,0.0019847889999482504,0.20399999999790452,1.529087,1.7365965,1.7409241,primary,False
r143,evaluation_18,ordinary,depth_first,normal,HumanEval/157,HumanEval/157::172,ordinary-permit-2ece25a0ce04c4f723f289f562c33c12,8,pass,94092f9fc47c7d0c68f6ba8cbe7bb8f1b7f8df04cef7a8f1c127c36bfdb0774e,289baddff13e4d033a59819467b517dd5be736f63dc48b93415a39d53cdd5c14,67272f704387d5c137ad9e44ea4eeb354f1b173c06bd6c3065135932814fb889,e05cebc18c2dab444215fb826377edb0480db72e2bf33ed776afbbc2a1d7f150,8,1,0.000683,0.002020361000063531,0.20399999999790452,1.7780834,1.9845514,1.9890501,primary,False
r143,evaluation_18,ordinary,depth_first,normal,HumanEval/148,HumanEval/148::233,ordinary-permit-d2c767609e8f30b78337e2e34dc92688,9,pass,68a2b42444106f4391d3474bcaff8dd51b78c4fb115df63d984144391f636c95,0c2f687d6bd48adcf22b4f843a15b8b8889e084fd1b40e7abcbf72d3ed68d58e,f47f40319453933e285b58233385d904c2c7a3d016f7420048a78b8c611fd786,e05cebc18c2dab444215fb826377edb0480db72e2bf33ed776afbbc2a1d7f150,9,1,0.0,0.0020393229999626783,0.20300000000861473,2.0125937,2.2223119,2.2263993,primary,False
r143,evaluation_18,ordinary,depth_first,normal,HumanEval/123,HumanEval/123::476,ordinary-permit-2ec3b967d4295b93f6c0f360cb1ddba4,10,pass,978653cb5c279998106ee66cf6ae87c91b43015ae81f78937e7d16520946b4ea,a69eeeeed70d79d0c7d59a9f2e388f63d66afcffda44dc04efc0e07dcce9ab7e,585d6b2613866e9581a5c6c7ced030af9ef25f8c7c038eb80c242055898a5048,e05cebc18c2dab444215fb826377edb0480db72e2bf33ed776afbbc2a1d7f150,10,1,0.0,0.0020758459999115075,0.20300000000861473,2.2614466,2.4689693,2.4916818,primary,False
r143,evaluation_18,ordinary,depth_first,normal,HumanEval/26,HumanEval/26::27,ordinary-permit-eefcc0c380f3a044f09662c0591361c5,11,pass,548dc8e033432b51868f4abc4bc6684b8a81368bf77cc2ce4402d49f6b3b5411,301757e71505a09df1d46feac2f7dd50c7bba2e1074da8e72f815850afa6a671,d9a75aa0af439c70f86bbc9ae8557567b4a3428b7496984ed86a91efc0eb5287,e05cebc18c2dab444215fb826377edb0480db72e2bf33ed776afbbc2a1d7f150,11,1,0.001689,0.0022728800000777483,0.20399999999790452,2.5282423,2.7346832,2.7395716,primary,False
r144,evaluation_18,ecrc,depth_first,normal,HumanEval/140,HumanEval/140::12,permit_6680b3515a75fb216ba307edb381c4af,1,fail,3979c9275cdff57f17107f4e649f8ed12b699dedd51aa27d0c08754a622a4c1e,5890800295c67ba02fbf7c0697d645cf223f3d35507c4e23a44eb4e8624b954e,7983607a80061b5a7d3363a919220cd05381479e07a6cc04b6851f6b54f8af14,e05cebc18c2dab444215fb826377edb0480db72e2bf33ed776afbbc2a1d7f150,1,1,0.001578,0.0019742489999998725,0.20300000000861473,0.0252074,0.2288963,0.2334808,primary,False
r144,evaluation_18,ecrc,depth_first,normal,HumanEval/140,HumanEval/140::69,permit_343aa1f2d34e0ba2355ae1a3880db19c,2,fail,9984c529c695c3d5d49a198664632684d4a46c08f0466a6aa18047cbe1911445,424de47e3bcd89fd07974a39797978c0f8e7b1ef00db401e4e0c32980fb70bea,7983607a80061b5a7d3363a919220cd05381479e07a6cc04b6851f6b54f8af14,e05cebc18c2dab444215fb826377edb0480db72e2bf33ed776afbbc2a1d7f150,2,1,0.000484,0.001992393000023185,0.23499999998603016,0.2602833,0.4880555,0.4938465,primary,False
r144,evaluation_18,ecrc,depth_first,normal,HumanEval/140,HumanEval/140::61,permit_aca4c4678b83949d653cf032f0c53676,3,fail,aaa8beddd9c8b7b5669fa73923a4f56ad6702b2fc2afd77c8c1a712a4501a1b4,7303be657b03f9c36e46d96f68025c34aedd16cafa1812813a7cb41c052233fe,7983607a80061b5a7d3363a919220cd05381479e07a6cc04b6851f6b54f8af14,e05cebc18c2dab444215fb826377edb0480db72e2bf33ed776afbbc2a1d7f150,3,1,0.0,0.0020216890000028798,0.20300000000861473,0.5252702,0.7316797,0.7363754,primary,False
r144,evaluation_18,ecrc,depth_first,normal,HumanEval/140,HumanEval/140::249,permit_848cabd653923f0a128a74241237a6e3,4,fail,647b0be09b5e9261d8a7c8dbf316b37685b47aaf9f41ce3936c58ba5525934a8,2aeef90cd5cc91e393682dcf28b66416f055cb158ae59af2e9182f87a7541192,7983607a80061b5a7d3363a919220cd05381479e07a6cc04b6851f6b54f8af14,e05cebc18c2dab444215fb826377edb0480db72e2bf33ed776afbbc2a1d7f150,4,1,0.0,0.0020937699999876713,0.20300000000861473,0.7747179,0.9831294,0.987933,primary,False
r144,evaluation_18,ecrc,depth_first,normal,HumanEval/149,HumanEval/149::83,permit_83fd5bf15bd354bb5aab99b9bbe63ec4,5,pass,0694d3dffdfc7aeddd6585cc254298a17dcd547a408954e40c4464ebada056dd,d6b5fa59f1e76ff93280c285ad763072692f768e92c730630800421dd1edaa63,776e739165e0750e8bff934f466cdcc017ed963f4c3ba3204952f40706dc1a21,e05cebc18c2dab444215fb826377edb0480db72e2bf33ed776afbbc2a1d7f150,5,1,0.000213,0.0019516260000500552,0.20300000000861473,1.0241992,1.2333292,1.2377386,primary,False
r144,evaluation_18,ecrc,depth_first,normal,HumanEval/11,HumanEval/11::12,permit_149b409017653bc6e68777d3e5af834c,6,pass,4a3091748ae17aa55588a2298142402e60ce2c0c0177530c1b6e2a8621eb232d,ab6bfc570778677dd1707434903fab3a92f393e1f3f409873ced824ca43bae56,9ea2b295d58b76a76f454b3418d5adce7332027a37f52bd497c393dd1413f6ab,e05cebc18c2dab444215fb826377edb0480db72e2bf33ed776afbbc2a1d7f150,6,1,0.0,0.0020741089999773976,0.2029999999795109,1.2891863,1.4938926,1.4985433,primary,False
r144,evaluation_18,ecrc,depth_first,normal,HumanEval/52,HumanEval/52::101,permit_54cd5e5097b32871c926f986ef2716e2,7,pass,24ae1d0af411d879a1db0b0464680852b1ae2f83456b383c3341a23ad14d6795,51bc98b7297444beca5f887dc4dfdb540b1f1ca00f6fd9b412b0282831695bdf,e167a215c787c0c7d925ca497e622566a30d9130d8a74a7b7af227f29d4578d4,e05cebc18c2dab444215fb826377edb0480db72e2bf33ed776afbbc2a1d7f150,7,1,0.0,0.0019818639999584775,0.2029999999795109,1.5375377,1.7477354,1.7524686,primary,False
r144,evaluation_18,ecrc,depth_first,normal,HumanEval/157,HumanEval/157::172,permit_a5c3c034b81b504d341e6bafac674a6b,8,pass,42d37d7468c70acf14119ee2ad945fd6bae0fdb18a9214f11d1f4f8b9a2e1149,289baddff13e4d033a59819467b517dd5be736f63dc48b93415a39d53cdd5c14,67272f704387d5c137ad9e44ea4eeb354f1b173c06bd6c3065135932814fb889,e05cebc18c2dab444215fb826377edb0480db72e2bf33ed776afbbc2a1d7f150,8,1,0.0,0.002021138000031897,0.2029999999795109,1.78723,1.9935268,1.9987341,primary,False
r144,evaluation_18,ecrc,depth_first,normal,HumanEval/148,HumanEval/148::233,permit_c6af0d252a636057d9e61a8e2028ff2d,9,pass,9912dbf24f2732196c3b9ceeda71b24e83a5afee4b438da0ab4d917351b7b15e,0c2f687d6bd48adcf22b4f843a15b8b8889e084fd1b40e7abcbf72d3ed68d58e,f47f40319453933e285b58233385d904c2c7a3d016f7420048a78b8c611fd786,e05cebc18c2dab444215fb826377edb0480db72e2bf33ed776afbbc2a1d7f150,9,1,0.000936,0.0019630620000725685,0.20300000000861473,2.0244069,2.2324938,2.2370876,primary,False
r144,evaluation_18,ecrc,depth_first,normal,HumanEval/123,HumanEval/123::476,permit_1500a653543b6fc42d377cb6ededc503,10,pass,e9fc4c8472438058400efde4f20f7f9c92e58dfd6a7047736c054adb6c75ad08,a69eeeeed70d79d0c7d59a9f2e388f63d66afcffda44dc04efc0e07dcce9ab7e,585d6b2613866e9581a5c6c7ced030af9ef25f8c7c038eb80c242055898a5048,e05cebc18c2dab444215fb826377edb0480db72e2bf33ed776afbbc2a1d7f150,10,1,0.000445,0.0021267170000101032,0.21799999999348074,2.2931598,2.5012534,2.5066384,primary,False
r144,evaluation_18,ecrc,depth_first,normal,HumanEval/26,HumanEval/26::27,permit_3ac42512c0ef463fd6de0a20bd4c7812,11,pass,9beaf026e43a252af55291631af75ceaed16bb2fc064c82a0b307622b305ef7c,301757e71505a09df1d46feac2f7dd50c7bba2e1074da8e72f815850afa6a671,d9a75aa0af439c70f86bbc9ae8557567b4a3428b7496984ed86a91efc0eb5287,e05cebc18c2dab444215fb826377edb0480db72e2bf33ed776afbbc2a1d7f150,11,1,0.0,0.002242452000018602,0.21799999999348074,2.5419081,2.7517993,2.7572643,primary,False
